0,1,2,3,4,5,6
,,,,,,
2019-01-01,-5.072357177734375,-6.057708740234375,-7.506927490234375,-6.170989990234375,-3.184661865234375,-7.595794677734375
2019-01-02,-9.648651123046877,-11.260955810546877,-12.006072998046877,-10.218963623046877,-8.623260498046875,-13.097869873046877
2019-01-03,-10.065093994140623,-11.633453369140623,-14.093414306640623,-10.541656494140623,-10.979156494140623,-15.856109619140623
2019-01-04,-4.096771240234375,-4.466888427734375,-6.680755615234375,-5.253997802734375,-4.491302490234375,-9.090911865234377
2019-01-05,-7.2803955078125,-8.6475830078125,-9.8839111328125,-8.2540283203125,-6.7628173828125,-10.0909423828125
2019-01-06,-15.01611328125,-13.86865234375,-16.76806640625,-14.66064453125,-12.22509765625,-18.22509765625
2019-01-07,-5.034942626953125,-5.381622314453125,-6.496856689453125,-5.402130126953125,-4.020294189453125,-6.981231689453125
2019-01-08,-3.111480712890625,-3.889801025390625,-5.145660400390625,-3.581207275390625,-2.859527587890625,-7.293121337890625
2019-01-09,-4.82464599609375,-6.23187255859375,-7.80413818359375,-7.13909912109375,-6.44573974609375,-8.23284912109375
2019-01-10,-7.7227783203125,-9.3057861328125,-13.8262939453125,-11.3790283203125,-10.9786376953125,-11.0001220703125
2019-01-11,-7.018218994140625,-5.652984619140625,-12.298492431640623,-10.127593994140623,-8.925445556640625,-11.772125244140623
2019-01-12,-9.881744384765623,-6.171783447265625,-9.778228759765623,-11.369049072265623,-8.862213134765625,-10.519439697265623
2019-01-13,-9.682952880859377,-7.405609130859375,-9.871429443359377,-9.546234130859377,-4.660491943359375,-8.636077880859375
2019-01-14,-11.039886474609377,-6.513519287109375,-14.541839599609377,-13.639495849609377,-14.406097412109377,-10.754730224609377
2019-01-15,-8.815093994140625,-6.759429931640625,-7.111968994140625,-10.136383056640623,-4.126617431640625,-8.729156494140625
2019-01-16,-4.62884521484375,-0.19329833984375,-0.09368896484375,-4.32025146484375,0.86138916015625,-2.03411865234375
2019-01-17,-2.389739990234375,-3.378021240234375,-1.816497802734375,-2.022552490234375,1.454986572265625,-1.374114990234375
2019-01-18,-0.456146240234375,-1.570404052734375,-0.260833740234375,-1.769622802734375,2.139556884765625,-1.489349365234375
2019-01-19,-7.124664306640625,-4.589508056640625,-4.033843994140625,-6.168609619140625,-2.165679931640625,-3.556304931640625
2019-01-20,-2.544281005859375,-2.206390380859375,-3.347015380859375,-3.260101318359375,0.133453369140625,-4.326507568359375
2019-01-21,-0.230377197265625,-0.084869384765625,-0.170806884765625,-0.199127197265625,0.634857177734375,-2.103424072265625
2019-01-22,-7.8092041015625,-3.0318603515625,-3.6011962890625,-3.0103759765625,-0.7515869140625,-2.8551025390625
2019-01-23,-4.286895751953125,-5.585723876953125,-6.179473876953125,-4.314239501953125,-3.554473876953125,-5.245880126953125
2019-01-24,-7.800323486328125,-8.614776611328125,-9.338409423828123,-8.445831298828125,-5.078643798828125,-8.538604736328125
2019-01-25,-12.236541748046877,-10.033416748046877,-11.777557373046877,-10.513885498046877,-4.495330810546875,-7.912322998046875
2019-01-26,-3.82452392578125,0.78680419921875,-2.64483642578125,-6.03839111328125,0.62860107421875,-3.75225830078125
2019-01-27,-5.462005615234375,-0.916107177734375,-2.786224365234375,-2.128997802734375,0.832916259765625,-1.553802490234375
2019-01-28,-4.788848876953125,-2.373809814453125,-6.894317626953125,-5.733184814453125,-4.693145751953125,-2.887481689453125
2019-01-29,-5.599517822265625,-2.926666259765625,-4.003814697265625,-4.884674072265625,-0.456939697265625,-3.872955322265625
2019-01-30,-8.857086181640625,-3.907867431640625,-4.633453369140625,-5.759429931640625,-1.206695556640625,-5.447906494140625
2019-01-31,3.735076904296875,4.729217529296875,3.224334716796875,2.170623779296875,4.381561279296875,2.240936279296875
2019-03-01,-2.61456298828125,-3.95928955078125,-3.76495361328125,-0.93487548828125,-1.51788330078125,-3.57159423828125
2019-03-02,-4.02191162109375,-2.22210693359375,-6.01800537109375,-5.59613037109375,-4.57269287109375,-5.99652099609375
2019-03-03,-2.287017822265625,0.262786865234375,-1.961822509765625,-2.415924072265625,-0.325103759765625,-2.190338134765625
2019-03-04,-1.98150634765625,0.21673583984375,-2.63189697265625,-1.43756103515625,2.50872802734375,-0.08111572265625
2019-03-05,-1.262298583984375,1.005279541015625,-0.355072021484375,-2.143157958984375,0.772857666015625,-1.522064208984375
2019-03-06,3.305419921875,5.359130859375,1.197021484375,0.656005859375,5.638427734375,0.872802734375
2019-03-07,0.157135009765625,1.468658447265625,0.070220947265625,0.181549072265625,2.910064697265625,1.005767822265625
2019-03-08,-1.080596923828125,0.145965576171875,-0.408721923828125,-0.081573486328125,4.060028076171875,0.125457763671875
2019-03-09,2.895172119140625,3.417633056640625,1.541656494140625,2.004547119140625,4.683258056640625,0.742828369140625
2019-03-10,-3.129608154296875,-4.260467529296875,-5.419647216796875,-4.088592529296875,-0.545623779296875,-3.047576904296875
2019-03-11,-6.595367431640625,-4.741851806640625,-8.494781494140625,-7.275054931640625,-3.800445556640625,-8.789703369140625
2019-03-12,-5.679962158203125,-3.865509033203125,-6.997344970703125,-10.108673095703123,0.221405029296875,-4.935821533203125
2019-03-13,-7.70330810546875,-5.30877685546875,-5.91326904296875,-3.58807373046875,-3.77557373046875,-4.95330810546875
2019-03-14,-4.007598876953125,-2.409942626953125,-3.844512939453125,-5.973419189453125,-1.145294189453125,-5.649200439453125
2019-03-15,-0.0599365234375,0.5445556640625,-0.7767333984375,-1.4027099609375,1.4254150390625,-0.7991943359375
2019-03-16,-0.070953369140625,4.025726318359375,-0.426422119140625,-1.396148681640625,6.125335693359375,-0.650054931640625
2019-03-17,0.275970458984375,1.870697021484375,1.243743896484375,0.884368896484375,5.541595458984375,-0.606842041015625
2019-03-18,2.688385009765625,1.448150634765625,0.338775634765625,2.165924072265625,0.356353759765625,1.568267822265625
2019-03-19,1.967987060546875,0.506072998046875,-0.260528564453125,1.154510498046875,2.586151123046875,-1.692169189453125
2019-03-20,-1.3291015625,-1.0400390625,-2.3857421875,-1.4990234375,1.2841796875,-2.3779296875
2019-03-21,-0.462249755859375,1.581695556640625,-1.811859130859375,-0.680999755859375,2.137359619140625,-2.559906005859375
2019-03-22,2.405181884765625,3.482330322265625,-0.756927490234375,0.933502197265625,2.800689697265625,-1.782318115234375
2019-03-23,-1.440460205078125,2.796844482421875,-2.142608642578125,-1.550811767578125,3.446258544921875,-0.067413330078125
2019-03-24,1.302459716796875,-0.199493408203125,-0.117462158203125,1.610076904296875,-0.587188720703125,-3.103790283203125
2019-03-25,-0.127471923828125,-1.156768798828125,-1.823760986328125,-0.180206298828125,1.440887451171875,-2.084503173828125
2019-03-26,-2.116912841796875,-2.526092529296875,-3.350311279296875,-3.106170654296875,0.222930908203125,-4.532928466796875
2019-03-27,-1.369903564453125,-1.767364501953125,-4.403106689453125,-3.313262939453125,0.288299560546875,-5.589630126953125
2019-03-28,1.044219970703125,0.989532470703125,-1.906951904296875,0.745391845703125,0.624298095703125,-2.784881591796875
2019-03-29,-0.141143798828125,4.365692138671875,-1.049346923828125,0.514129638671875,1.017059326171875,-2.322784423828125
2019-03-30,0.805023193359375,3.722991943359375,-0.843414306640625,0.889007568359375,1.423187255859375,-1.918609619140625
2019-03-31,3.177459716796875,4.078826904296875,0.688201904296875,3.381561279296875,1.863983154296875,0.336639404296875
2019-04-01,2.062591552734375,4.124114990234375,-0.824127197265625,0.646575927734375,4.932708740234375,0.203216552734375
2019-04-02,1.828887939453125,3.048614501953125,-0.859588623046875,2.047637939453125,2.762481689453125,-0.029510498046875
2019-04-03,3.373931884765625,3.551666259765625,2.316314697265625,0.822174072265625,5.554595947265625,2.268463134765625
2019-04-04,1.29730224609375,4.14984130859375,-0.82379150390625,0.74359130859375,2.58343505859375,2.70159912109375
2019-04-05,4.275177001953125,3.667755126953125,1.702911376953125,1.498809814453125,3.667755126953125,0.834747314453125
2019-04-06,6.252227783203125,5.201446533203125,4.064727783203125,5.374298095703125,5.046173095703125,1.822540283203125
2019-04-07,6.028717041015625,5.651763916015625,2.918365478515625,4.388092041015625,3.651763916015625,0.529693603515625
2019-04-08,5.39190673828125,5.03741455078125,1.46417236328125,4.40460205078125,4.17315673828125,2.16436767578125
2019-04-09,5.6683349609375,5.0531005859375,2.6214599609375,4.3441162109375,5.0599365234375,1.6361083984375
2019-04-10,3.952850341796875,2.983123779296875,-0.178009033203125,0.100311279296875,1.560272216796875,-2.010040283203125
2019-04-11,2.998748779296875,2.409881591796875,1.551483154296875,2.599334716796875,-0.137969970703125,-0.173126220703125
2019-04-12,4.356964111328125,2.705596923828125,2.198760986328125,3.879425048828125,3.040557861328125,1.181182861328125
2019-04-13,4.252349853515625,3.142974853515625,0.871490478515625,2.150787353515625,2.219146728515625,0.671295166015625
2019-04-14,3.779083251953125,3.281036376953125,1.307403564453125,3.439239501953125,1.945098876953125,-0.500213623046875
2019-04-15,-0.141387939453125,2.093963623046875,-2.108184814453125,-0.032012939453125,-0.970489501953125,-3.320098876953125
2019-04-16,2.540924072265625,2.394439697265625,-1.488372802734375,0.665924072265625,0.029205322265625,-1.361419677734375
2019-04-17,2.797271728515625,2.812896728515625,-0.525970458984375,0.628326416015625,0.928131103515625,-0.920501708984375
2019-04-18,4.146514892578125,5.110382080078125,1.209991455078125,2.549835205078125,0.949249267578125,-1.332000732421875
2019-04-19,1.276336669921875,1.754852294921875,-0.111358642578125,0.112274169921875,1.659149169921875,-3.010772705078125
2019-04-20,0.948822021484375,2.834564208984375,-1.891021728515625,-0.539459228515625,3.050384521484375,-1.897857666015625
2019-04-21,4.709503173828125,5.073760986328125,3.306182861328125,3.797393798828125,6.262237548828125,3.397003173828125
2019-04-22,8.803680419921875,7.512664794921875,5.896453857421875,6.644500732421875,8.930633544921875,4.560516357421875
2019-04-23,5.757293701171875,8.857879638671875,3.738739013671875,3.490692138671875,6.924285888671875,1.998504638671875
2019-04-24,6.087921142578125,8.663116455078125,4.050811767578125,5.288116455078125,8.330108642578125,3.162139892578125
2019-04-25,8.148529052734375,11.258880615234377,7.118255615234375,6.439544677734375,13.168060302734377,4.372161865234375
2019-04-26,3.051544189453125,3.989044189453125,0.050567626953125,0.658966064453125,3.612091064453125,-0.150604248046875
2019-04-27,3.915618896484375,4.492767333984375,1.525970458984375,3.651947021484375,7.514251708984375,0.863861083984375
2019-04-28,2.072113037109375,3.257659912109375,1.094573974609375,4.543792724609375,6.360198974609375,1.170745849609375
2019-04-29,2.653656005859375,2.750823974609375,1.151702880859375,1.143402099609375,4.535980224609375,0.880218505859375
2019-04-30,3.5458984375,3.9404296875,-1.31640625,1.3251953125,2.6142578125,-0.3486328125
2019-05-01,2.443450927734375,4.672943115234375,1.762786865234375,1.844818115234375,5.407318115234375,1.878997802734375
2019-05-02,3.079803466796875,5.522186279296875,3.141326904296875,1.095428466796875,5.688201904296875,0.314178466796875
2019-05-03,6.840118408203125,6.591094970703125,3.472930908203125,6.001251220703125,6.723907470703125,3.223907470703125
2019-05-04,4.195526123046875,5.027557373046875,3.949432373046875,4.530487060546875,7.333221435546875,2.688690185546875
2019-05-05,1.489471435546875,0.271697998046875,-0.393341064453125,0.711151123046875,2.220916748046875,-0.586700439453125
2019-05-06,1.501556396484375,1.551361083984375,-3.178131103515625,-0.721099853515625,0.384368896484375,-3.455474853515625
2019-05-07,1.253143310546875,3.110565185546875,0.338104248046875,0.351776123046875,2.362518310546875,-1.350372314453125
2019-05-08,2.526153564453125,4.357208251953125,3.357208251953125,3.760528564453125,7.540802001953125,3.199005126953125
2019-05-09,3.984375,4.3681640625,2.6142578125,4.10546875,3.58203125,-0.0830078125
2019-05-10,5.99591064453125,8.44122314453125,3.97735595703125,4.89727783203125,6.34747314453125,0.80450439453125
2019-05-11,6.249053955078125,7.763702392578125,5.778350830078125,6.942413330078125,7.957061767578125,5.565460205078125
2019-05-12,3.539459228515625,5.140045166015625,3.046295166015625,3.057037353515625,5.473052978515625,2.290435791015625
2019-05-13,3.860260009765625,3.591705322265625,2.396392822265625,4.229400634765625,5.142486572265625,1.734283447265625
2019-05-14,4.9034423828125,4.8038330078125,0.5557861328125,2.7471923828125,2.4991455078125,2.9307861328125
2019-05-15,4.14642333984375,4.11322021484375,1.28900146484375,3.05755615234375,1.54974365234375,1.84759521484375
2019-05-16,4.35107421875,5.93212890625,2.92626953125,3.72021484375,4.50732421875,2.48388671875
2019-05-17,5.370269775390625,7.830230712890625,4.202301025390625,4.830230712890625,6.866363525390625,2.140777587890625
2019-05-18,5.168914794921875,7.595672607421875,6.604461669921875,6.068328857421875,9.575164794921877,3.984344482421875
2019-05-19,3.190216064453125,5.101348876953125,3.242950439453125,2.459747314453125,6.341583251953125,1.633575439453125
2019-05-20,7.097930908203125,7.998321533203125,5.627227783203125,5.008087158203125,8.310821533203125,3.354766845703125
2019-05-21,6.701690673828125,8.483917236328125,3.193878173828125,4.771026611328125,4.461456298828125,1.892120361328125
2019-05-22,8.722625732421875,8.434539794921875,6.236297607421875,7.620086669921875,7.574188232421875,3.862274169921875
2019-05-23,6.1099853515625,6.7545166015625,4.0250244140625,6.0787353515625,5.8834228515625,3.0142822265625
2019-05-24,7.670166015625,6.983642578125,5.694580078125,7.397705078125,7.089111328125,3.916259765625
2019-05-25,11.526153564453123,11.053497314453123,9.248809814453123,11.163848876953123,9.638458251953123,10.060333251953123
2019-05-26,9.214752197265623,10.899322509765623,7.416900634765625,8.501861572265625,10.731353759765623,9.332916259765623
2019-05-27,8.047821044921875,9.897430419921877,7.560516357421875,6.897430419921875,10.882781982421877,6.291961669921875
2019-05-28,7.45135498046875,8.69842529296875,6.27947998046875,6.65447998046875,9.54315185546875,5.16131591796875
2019-05-29,9.105255126953123,8.151153564453125,4.842559814453125,7.542755126953125,4.335723876953125,3.242950439453125
2019-05-30,9.00018310546875,8.35076904296875,7.26483154296875,7.75311279296875,6.99627685546875,4.26971435546875
2019-05-31,6.413421630859375,6.004241943359375,5.223968505859375,5.441741943359375,7.087249755859375,5.879241943359375
2019-06-01,10.750091552734377,10.140716552734377,8.572357177734375,9.113372802734377,9.922943115234377,7.384857177734375
2019-06-02,10.05694580078125,10.62823486328125,7.94171142578125,9.57452392578125,9.81671142578125,7.56671142578125
2019-06-03,8.425811767578125,9.153350830078123,8.503936767578125,8.652374267578125,12.180694580078123,8.135772705078125
2019-06-04,10.263458251953123,10.994903564453123,8.654083251953125,8.613067626953125,11.583770751953123,7.844512939453125
2019-06-05,9.524444580078123,11.709014892578123,7.624053955078125,8.240264892578125,8.104522705078125,7.028350830078125
2019-06-06,9.365386962890623,11.440582275390623,8.232574462890625,9.271636962890623,10.213043212890623,8.460113525390625
2019-06-07,15.030426025390623,15.793121337890623,10.041168212890623,13.204254150390623,13.764801025390623,11.604644775390623
2019-06-08,12.332855224609377,13.989105224609377,10.118988037109377,12.862152099609377,13.035980224609377,9.381683349609377
2019-06-09,12.283660888671877,12.053192138671877,12.130340576171877,12.113739013671877,12.798309326171877,11.404754638671877
2019-06-10,12.227142333984377,12.236907958984377,10.861907958984377,11.496673583984377,13.007415771484377,10.038665771484377
2019-06-11,13.286773681640623,14.310211181640623,11.050445556640623,11.810211181640623,13.233062744140623,10.406890869140623
2019-06-12,14.58001708984375,15.83294677734375,11.50970458984375,14.87884521484375,13.35443115234375,12.13568115234375
2019-06-13,15.518096923828123,15.555206298828123,14.396026611328123,14.445831298828123,14.075714111328123,12.140167236328123
2019-06-14,15.7462158203125,14.4180908203125,14.2335205078125,14.3370361328125,16.0694580078125,14.6134033203125
2019-06-15,15.950653076171877,16.545379638671875,14.468231201171877,14.484832763671877,13.803192138671877,11.038543701171877
2019-06-16,14.45794677734375,14.26947021484375,12.31048583984375,13.70306396484375,14.17474365234375,11.76947021484375
2019-06-17,13.668243408203123,13.439727783203123,11.425079345703123,12.127227783203123,13.574493408203123,10.658477783203123
2019-06-18,14.038116455078123,12.651397705078123,12.203155517578123,12.143585205078123,14.238311767578123,12.731475830078123
2019-06-19,13.3948974609375,13.2923583984375,10.8187255859375,13.1976318359375,13.4232177734375,10.4837646484375
2019-06-20,14.2579345703125,13.4229736328125,12.6182861328125,13.7930908203125,13.8272705078125,10.6768798828125
2019-06-21,14.4801025390625,15.1939697265625,12.4957275390625,13.1031494140625,15.8843994140625,12.0748291015625
2019-06-22,15.13970947265625,14.62310791015625,12.15045166015625,13.40240478515625,14.59771728515625,10.03814697265625
2019-06-23,15.8056640625,14.95703125,13.896484375,15.18359375,14.8701171875,12.041015625
2019-06-24,16.240447998046875,16.152557373046875,14.538299560546877,14.430877685546877,16.050994873046875,13.285369873046877
2019-06-25,18.1329345703125,17.7091064453125,13.2921142578125,14.9884033203125,16.2667236328125,11.5596923828125
2019-06-26,17.420928955078125,17.542022705078125,14.602569580078123,15.039093017578123,14.867218017578123,12.245147705078123
2019-06-27,14.427703857421877,13.626922607421877,12.506805419921877,12.216766357421877,15.575164794921877,9.597625732421877
2019-06-28,11.896026611328123,12.000518798828123,9.959503173828123,11.260284423828123,13.125518798828123,7.982940673828125
2019-06-29,12.955841064453123,11.115020751953123,11.887481689453123,13.137481689453123,13.180450439453123,12.278106689453123
2019-06-30,14.806304931640623,15.808258056640623,13.839508056640623,14.214508056640623,16.372711181640625,13.108062744140623
2019-07-01,18.66748046875,21.78369140625,16.85693359375,18.42529296875,16.08056640625,14.27197265625
2019-07-02,15.9951171875,15.064453125,14.5888671875,14.4755859375,16.2919921875,14.935546875
2019-07-03,13.99981689453125,13.90704345703125,11.42559814453125,12.83770751953125,15.45782470703125,14.54376220703125
2019-07-04,14.63909912109375,14.33929443359375,13.21331787109375,14.79827880859375,14.00823974609375,10.92327880859375
2019-07-05,14.973846435546877,16.121307373046875,13.150604248046877,14.197479248046877,16.078338623046875,12.380096435546877
2019-07-06,16.366241455078125,16.738311767578125,13.968780517578123,14.661163330078123,17.053741455078125,12.857452392578123
2019-07-07,15.0030517578125,14.0645751953125,11.9053955078125,12.9024658203125,18.5186767578125,12.7120361328125
2019-07-08,14.62841796875,13.45654296875,13.39697265625,14.34814453125,15.83935546875,13.13623046875
2019-07-09,8.222991943359375,7.308929443359375,5.310882568359375,6.487640380859375,9.636077880859377,4.829437255859375
2019-07-10,9.27056884765625,8.76080322265625,8.17486572265625,9.58795166015625,11.43267822265625,9.58599853515625
2019-07-11,11.16021728515625,10.91314697265625,9.01177978515625,9.55572509765625,12.35162353515625,9.15533447265625
2019-07-12,11.5286865234375,10.7542724609375,9.0374755859375,10.4007568359375,11.7952880859375,8.9681396484375
2019-07-13,10.73419189453125,11.15216064453125,8.56329345703125,9.54864501953125,10.47637939453125,6.97344970703125
2019-07-14,12.238616943359377,11.231781005859377,10.141937255859377,11.030609130859377,13.675140380859377,10.304046630859377
2019-07-15,11.31060791015625,12.83795166015625,8.11431884765625,9.38580322265625,10.91412353515625,7.38385009765625
2019-07-16,10.679473876953123,10.868927001953123,9.217559814453123,10.397247314453123,10.919708251953123,7.443145751953125
2019-07-17,13.75933837890625,11.71441650390625,10.77008056640625,12.01129150390625,13.05230712890625,9.57476806640625
2019-07-18,12.4617919921875,12.0447998046875,10.8807373046875,13.0125732421875,12.9949951171875,9.8778076171875
2019-07-19,13.370574951171877,12.304168701171877,12.008270263671877,12.841278076171877,13.925262451171877,10.365692138671877
2019-07-20,15.637298583984377,15.086517333984377,14.567962646484377,14.814056396484377,14.252532958984377,13.657806396484377
2019-07-21,15.45819091796875,14.69647216796875,13.07830810546875,14.47186279296875,16.33221435546875,11.78729248046875
2019-07-22,16.59613037109375,16.16644287109375,13.22601318359375,15.04534912109375,15.47113037109375,12.56878662109375
2019-07-23,13.82421875,14.5234375,12.09375,13.212890625,14.3828125,10.748046875
2019-07-24,14.615203857421877,13.368133544921877,13.020477294921877,13.955047607421877,14.095672607421877,13.913055419921877
2019-07-25,15.567779541015623,16.168365478515625,13.680084228515623,15.987701416015623,16.232818603515625,12.953521728515623
2019-07-26,15.9881591796875,16.9197998046875,13.3846435546875,14.0194091796875,16.0291748046875,12.3065185546875
2019-07-27,13.52801513671875,14.13836669921875,11.98992919921875,14.21356201171875,16.07098388671875,12.79364013671875
2019-07-28,15.033294677734377,14.079193115234377,11.311614990234377,13.369232177734377,14.245208740234377,12.019622802734377
2019-07-29,14.95257568359375,15.06195068359375,12.37933349609375,13.98187255859375,14.47210693359375,11.66448974609375
2019-07-30,14.97747802734375,14.49407958984375,14.52435302734375,15.22650146484375,16.64739990234375,13.52923583984375
2019-07-31,16.613433837890625,16.199371337890625,14.088043212890623,15.340972900390623,15.091949462890623,13.678863525390623
2019-08-01,16.096038818359375,15.090179443359377,14.408538818359377,15.218109130859377,16.939788818359375,13.495452880859377
2019-08-02,13.332122802734377,12.610443115234377,10.829193115234377,12.236419677734377,13.477630615234377,10.602630615234377
2019-08-03,11.625762939453123,10.784942626953123,9.558380126953123,11.524200439453123,11.848419189453123,9.430450439453123
2019-08-04,11.2841796875,10.7890625,9.85546875,10.708984375,11.9013671875,9.9931640625
2019-08-05,14.217376708984377,13.584564208984377,12.702728271484377,13.649993896484377,14.716400146484377,13.013275146484377
2019-08-06,13.69635009765625,16.41998291015625,12.96002197265625,13.37213134765625,15.74029541015625,12.50885009765625
2019-08-07,18.70892333984375,20.99407958984375,13.51458740234375,17.14935302734375,15.61322021484375,13.48626708984375
2019-08-08,16.414276123046875,16.704315185546875,16.551971435546875,16.301971435546875,15.865447998046877,14.341033935546877
2019-08-09,17.41485595703125,16.18438720703125,17.22833251953125,16.41973876953125,17.26641845703125,18.51153564453125
2019-08-10,17.74468994140625,15.71148681640625,17.75933837890625,17.02886962890625,17.00640869140625,16.25152587890625
2019-08-11,17.740447998046875,17.610565185546875,17.298065185546875,15.758026123046877,19.039276123046875,20.137908935546875
2019-08-12,18.803863525390625,17.816558837890625,17.211090087890625,17.406402587890625,18.509918212890625,19.991363525390625
2019-08-13,13.761016845703123,12.866485595703123,12.993438720703123,14.134063720703123,15.768829345703123,13.472930908203123
2019-08-14,13.582000732421877,11.829071044921877,11.412078857421877,11.794891357421877,14.575164794921877,11.519500732421877
2019-08-15,10.215972900390623,9.679840087890623,8.862457275390625,9.397613525390623,11.910308837890623,8.520660400390625
2019-08-16,11.26715087890625,9.58648681640625,9.33453369140625,10.98101806640625,10.85699462890625,8.51812744140625
2019-08-17,12.99334716796875,11.66522216796875,14.06463623046875,14.07342529296875,12.87322998046875,14.89276123046875
2019-08-18,14.739471435546877,13.356658935546877,16.327362060546875,13.798065185546877,14.372283935546877,17.295135498046875
2019-08-19,15.34393310546875,13.91229248046875,16.01385498046875,13.52362060546875,15.54119873046875,16.37615966796875
2019-08-20,17.417144775390625,18.138824462890625,14.046051025390623,14.847808837890623,15.661285400390623,12.883941650390623
2019-08-21,15.21844482421875,14.79949951171875,13.37176513671875,14.67352294921875,16.22137451171875,12.43524169921875
2019-08-22,16.227447509765625,16.169830322265625,15.063385009765623,14.757720947265623,17.537017822265625,16.512603759765625
2019-08-23,16.089202880859375,15.147796630859377,14.645843505859377,15.573577880859377,15.512054443359377,16.259124755859375
2019-08-24,13.831634521484377,14.198822021484377,12.946868896484377,13.166595458984377,16.150970458984375,14.984954833984377
2019-08-25,14.1005859375,14.216796875,12.2392578125,13.623046875,15.0009765625,14.9365234375
2019-08-26,14.655426025390623,14.950347900390623,13.297027587890623,14.024566650390623,13.951324462890623,13.583160400390623
2019-08-27,15.301910400390623,14.977691650390623,13.948394775390623,13.279449462890623,14.652496337890623,15.950347900390623
2019-08-28,15.9476318359375,14.7972412109375,14.7171630859375,15.2718505859375,14.9593505859375,14.9613037109375
2019-08-29,16.84857177734375,18.57708740234375,13.75872802734375,14.60931396484375,14.96575927734375,12.02044677734375
2019-08-30,13.8194580078125,14.8634033203125,15.4766845703125,12.3223876953125,13.5206298828125,14.7218017578125
2019-08-31,12.87506103515625,12.79595947265625,12.74908447265625,11.39849853515625,14.02935791015625,14.39361572265625
2019-09-01,16.487762451171875,17.116668701171875,13.357879638671877,15.015106201171877,14.639129638671877,12.536590576171877
2019-09-02,11.49090576171875,10.57977294921875,11.09735107421875,11.90789794921875,15.71453857421875,12.18426513671875
2019-09-03,10.017852783203123,9.786407470703123,9.334259033203123,9.532501220703123,13.312774658203123,10.985626220703123
2019-09-04,13.591888427734377,13.525482177734377,13.096771240234377,14.118255615234377,14.672943115234377,12.917083740234377
2019-09-05,12.21990966796875,11.59197998046875,11.39471435546875,11.97674560546875,12.78045654296875,10.16229248046875
2019-09-06,11.462188720703123,12.091094970703123,10.304962158203123,10.246368408203123,14.362579345703123,11.250274658203123
2019-09-07,12.52642822265625,13.14361572265625,11.94927978515625,12.02740478515625,14.22857666015625,10.93951416015625
2019-09-08,10.458709716796877,9.725311279296877,8.413787841796875,9.185272216796877,10.982147216796877,7.889373779296875
2019-09-09,11.534423828125,11.282470703125,9.880126953125,11.064697265625,13.958251953125,12.643798828125
2019-09-10,13.44915771484375,12.19427490234375,11.24896240234375,12.08880615234375,12.19232177734375,12.58294677734375
2019-09-11,12.120147705078123,11.133819580078123,9.699249267578123,11.217803955078123,11.266632080078123,8.434600830078125
2019-09-12,10.725738525390623,11.586090087890623,7.901519775390625,9.552886962890623,11.002105712890623,7.035308837890625
2019-09-13,13.579864501953123,11.740997314453123,10.378692626953123,11.886505126953123,12.380645751953123,8.365997314453125
2019-09-14,10.45068359375,8.87255859375,9.51025390625,9.59130859375,12.07666015625,12.67626953125
2019-09-15,9.96038818359375,10.00433349609375,9.62152099609375,11.78265380859375,12.53851318359375,10.68597412109375
2019-09-16,10.150360107421877,11.744110107421877,9.957977294921877,9.944305419921877,12.704071044921877,9.021453857421877
2019-09-17,7.465972900390625,6.717926025390625,7.073394775390625,8.297027587890625,12.616363525390623,7.930816650390625
2019-09-18,5.535003662109375,5.169769287109375,3.483245849609375,5.221527099609375,8.931488037109375,4.275238037109375
2019-09-19,3.732879638671875,2.619598388671875,1.741668701171875,2.812957763671875,5.927215576171875,2.635223388671875
2019-09-20,4.530303955078125,4.170928955078125,4.707061767578125,3.638702392578125,7.163116455078125,6.545928955078125
2019-09-21,8.62042236328125,9.90362548828125,7.18389892578125,8.34698486328125,9.86456298828125,7.74835205078125
2019-09-22,10.310699462890623,10.576324462890623,10.801910400390623,10.046051025390623,14.034332275390623,10.095855712890623
2019-09-23,9.74066162109375,9.49652099609375,9.55023193359375,10.58245849609375,10.60784912109375,9.64886474609375
2019-09-24,10.466400146484377,10.154876708984377,9.605072021484377,9.915618896484377,11.424407958984377,8.362884521484375
2019-09-25,9.44061279296875,7.85369873046875,8.72869873046875,9.40545654296875,10.62225341796875,9.36737060546875
2019-09-26,7.35260009765625,9.43951416015625,7.02252197265625,6.69439697265625,10.38482666015625,8.23052978515625
2019-09-27,8.378631591796875,12.199920654296877,7.849334716796875,10.034881591796877,10.985076904296877,7.895233154296875
2019-09-28,9.018951416015623,11.587310791015623,8.804107666015625,8.381256103515625,12.986724853515623,8.252349853515625
2019-09-29,10.569671630859377,13.259124755859377,7.603851318359375,9.989593505859377,8.823577880859375,7.475921630859375
2019-09-30,7.834075927734375,11.355560302734377,7.210052490234375,7.680755615234375,9.020599365234377,6.878997802734375
2019-10-01,9.489532470703123,12.520782470703123,10.119415283203123,8.560821533203125,13.107696533203123,9.829376220703123
2019-10-02,4.50238037109375,3.24066162109375,2.10198974609375,3.51605224609375,6.63519287109375,3.63909912109375
2019-10-03,4.156280517578125,2.453155517578125,2.907257080078125,4.458038330078125,7.954132080078125,4.452178955078125
2019-10-04,4.786285400390625,4.131988525390625,2.614410400390625,4.135894775390625,5.422027587890625,1.566558837890625
2019-10-05,3.685791015625,2.784423828125,1.985595703125,3.442626953125,4.636962890625,0.647705078125
2019-10-06,1.626007080078125,0.492218017578125,-0.045867919921875,0.765655517578125,3.955108642578125,-0.169891357421875
2019-10-07,1.564300537109375,4.448089599609375,2.943206787109375,1.688323974609375,9.557464599609377,3.170745849609375
2019-10-08,6.208343505859375,10.388031005859377,8.821624755859375,7.041351318359375,12.080413818359377,9.162445068359377
2019-10-09,8.535980224609375,7.319183349609375,7.777191162109375,8.796722412109375,12.353363037109377,9.785980224609377
2019-10-10,6.1485595703125,7.2159423828125,5.2657470703125,4.4005126953125,7.8819580078125,5.3624267578125
2019-10-11,5.837127685546875,8.277557373046875,5.130096435546875,6.554901123046875,9.840057373046877,6.235565185546875
2019-10-12,5.649383544921875,7.403289794921875,5.449188232421875,7.527313232421875,7.900360107421875,7.833953857421875
2019-10-13,4.78521728515625,8.69537353515625,4.63677978515625,5.32330322265625,9.23834228515625,6.46099853515625
2019-10-14,5.001617431640625,9.852203369140623,4.996734619140625,5.318023681640625,9.888336181640623,5.741851806640625
2019-10-15,7.069427490234375,10.083099365234377,6.229583740234375,9.198333740234377,7.893646240234375,5.704193115234375
2019-10-16,7.161834716796875,7.514373779296875,4.879608154296875,5.461639404296875,7.873748779296875,6.617889404296875
2019-10-17,6.262054443359375,8.801116943359375,3.971038818359375,5.424163818359375,7.037445068359375,5.002288818359375
2019-10-18,5.82183837890625,8.57769775390625,3.63140869140625,4.70465087890625,8.11968994140625,5.42242431640625
2019-10-19,5.518157958984375,7.846282958984375,4.776947021484375,6.415618896484375,8.316009521484375,6.330657958984375
2019-10-20,8.249420166015625,10.288482666015623,9.360748291015623,8.476959228515625,7.031646728515625,10.236724853515623
2019-10-21,7.3157958984375,8.0882568359375,8.4447021484375,6.3909912109375,7.9329833984375,13.1048583984375
2019-10-22,6.007476806640625,10.383453369140623,6.431304931640625,5.226226806640625,10.122711181640623,8.889312744140625
2019-10-23,4.387908935546875,10.290252685546877,6.372283935546875,5.798065185546875,8.439666748046875,10.008026123046877
2019-10-24,6.938140869140625,9.812164306640623,8.226226806640625,6.948883056640625,6.215484619140625,12.706695556640623
2019-10-25,4.731048583984375,7.244720458984375,5.547454833984375,5.965423583984375,8.908782958984375,9.164642333984377
2019-10-26,3.358612060546875,7.506072998046875,5.831268310546875,6.989471435546875,5.552947998046875,8.114471435546875
2019-10-27,5.222076416015625,7.245513916015625,5.189849853515625,4.273834228515625,6.655670166015625,8.104888916015625
2019-10-28,8.721160888671875,7.439910888671875,5.029754638671875,5.839324951171875,6.847137451171875,5.595184326171875
2019-10-29,5.027008056640625,2.867828369140625,3.925445556640625,5.520172119140625,6.591461181640625,6.000640869140625
2019-10-30,3.744598388671875,2.606903076171875,3.184051513671875,3.846160888671875,5.770965576171875,2.361785888671875
2019-10-31,1.576507568359375,2.645843505859375,2.842132568359375,1.283538818359375,6.888031005859375,1.823577880859375
2019-11-01,8.833099365234375,10.706146240234377,7.777435302734375,8.056732177734375,9.787200927734377,6.596771240234375
2019-11-02,10.023590087890623,10.367340087890623,9.717926025390623,10.367340087890623,10.947418212890623,7.697418212890625
2019-11-03,4.267913818359375,7.637054443359375,6.567718505859375,5.377288818359375,9.263031005859377,5.519866943359375
2019-11-04,13.615234375,12.994140625,10.458984375,11.3740234375,11.4169921875,8.318359375
2019-11-05,8.669677734375,8.958740234375,7.106201171875,8.685302734375,9.789794921875,6.533935546875
2019-11-06,4.838623046875,5.593505859375,5.643310546875,6.871826171875,8.792724609375,6.529052734375
2019-11-07,5.057952880859375,6.728851318359375,5.682952880859375,4.056976318359375,8.274749755859375,4.750335693359375
2019-11-08,7.314697265625,6.998291015625,6.054931640625,7.139892578125,9.390869140625,5.581298828125
2019-11-09,1.87335205078125,3.08038330078125,3.22979736328125,2.06280517578125,6.36456298828125,4.34014892578125
2019-11-10,2.416046142578125,4.654327392578125,1.446319580078125,0.987335205078125,2.118194580078125,5.246124267578125
2019-11-11,8.067474365234375,7.834075927734375,6.142669677734375,8.306732177734375,9.841888427734377,5.375091552734375
2019-11-12,6.510772705078125,7.212921142578125,5.528350830078125,4.684600830078125,7.878936767578125,5.597686767578125
2019-11-13,1.990264892578125,3.295928955078125,1.955108642578125,0.801788330078125,4.327178955078125,0.889678955078125
2019-11-14,7.287750244140625,9.053375244140623,6.542633056640625,5.219390869140625,9.712554931640623,3.845367431640625
2019-11-15,6.70440673828125,6.83233642578125,5.51983642578125,4.29327392578125,8.83721923828125,5.97589111328125
2019-11-16,6.263275146484375,7.273040771484375,4.656829833984375,4.106048583984375,9.432220458984377,2.835540771484375
2019-11-17,0.16644287109375,2.58050537109375,-1.25738525390625,-0.26129150390625,0.95648193359375,4.70550537109375
2019-11-18,5.817657470703125,7.048126220703125,4.222930908203125,5.507110595703125,8.209259033203125,5.515899658203125
2019-11-19,2.030792236328125,4.543487548828125,3.123565673828125,0.979034423828125,5.122589111328125,1.300323486328125
2019-11-20,0.957183837890625,2.470855712890625,-0.159027099609375,0.897613525390625,3.161285400390625,-0.362152099609375
2019-11-21,0.175689697265625,3.037994384765625,-1.036224365234375,-0.176849365234375,1.324127197265625,-0.899505615234375
2019-11-22,1.67724609375,3.34716796875,0.79736328125,0.62744140625,4.30126953125,3.83642578125
2019-11-23,4.7625732421875,5.5780029296875,2.1170654296875,4.4500732421875,6.7586669921875,2.4725341796875
2019-11-24,3.803009033203125,3.606719970703125,1.649688720703125,2.993438720703125,5.809844970703125,2.002227783203125
2019-11-25,0.095306396484375,1.887298583984375,0.010345458984375,0.966400146484375,3.235931396484375,1.683197021484375
2019-11-26,5.177032470703125,7.678985595703125,3.905548095703125,4.809844970703125,7.034454345703125,5.024688720703125
2019-11-27,4.231292724609375,6.379730224609375,3.199066162109375,4.586761474609375,6.133636474609375,2.725433349609375
2019-11-28,1.172515869140625,3.031890869140625,1.776031494140625,0.671539306640625,5.737945556640625,1.518218994140625
2019-11-29,-2.1612548828125,-2.9327392578125,-4.6563720703125,-3.2969970703125,-2.8643798828125,-6.7042236328125
2019-11-30,-2.259063720703125,-1.577423095703125,-1.860626220703125,-4.302032470703125,-0.115509033203125,-0.757110595703125
2019-12-01,-0.383453369140625,-2.092437744140625,-0.788726806640625,-0.712554931640625,5.594085693359375,2.798187255859375
2019-12-02,-3.34674072265625,-4.88873291015625,-6.04888916015625,-4.59478759765625,-1.15240478515625,-6.74810791015625
2019-12-03,-9.23443603515625,-6.36724853515625,-8.75103759765625,-8.22271728515625,-4.35552978515625,-11.43756103515625
2019-12-04,-5.462890625,-5.5830078125,-2.88671875,-3.935546875,2.7158203125,-4.1845703125
2019-12-05,-0.093536376953125,2.753143310546875,2.309783935546875,1.232635498046875,5.979705810546875,2.565643310546875
2019-12-06,-1.4996337890625,1.5745849609375,1.1400146484375,0.0667724609375,4.1859130859375,-1.6431884765625
2019-12-07,-2.711395263671875,-0.245574951171875,0.608917236328125,-2.760223388671875,1.661651611328125,-4.814910888671875
2019-12-08,1.7314453125,3.5546875,1.41796875,0.66015625,4.470703125,1.40625
2019-12-09,-0.535308837890625,-1.427886962890625,-2.179840087890625,-0.594879150390625,2.322113037109375,-2.281402587890625
2019-12-10,-1.857147216796875,-1.969451904296875,-3.695037841796875,-1.854217529296875,1.689727783203125,-2.821990966796875
2019-12-11,-0.559356689453125,-0.244903564453125,-1.425567626953125,-0.656036376953125,2.410369873046875,-1.215606689453125
2019-12-12,2.416595458984375,2.658782958984375,0.881439208984375,0.925384521484375,3.987884521484375,-0.158599853515625
2019-12-13,-3.884002685546875,-1.644744873046875,-8.133026123046875,-3.664276123046875,-0.869354248046875,-4.720916748046875
2019-12-14,-2.072967529296875,1.546173095703125,-2.018280029296875,-2.873748779296875,1.294219970703125,-2.384490966796875
2019-12-15,0.317413330078125,4.185577392578125,3.554718017578125,0.918975830078125,6.801788330078125,1.852569580078125
2019-12-16,0.029144287109375,2.854339599609375,2.066253662109375,-1.265777587890625,5.823089599609375,1.112152099609375
2019-12-17,0.840362548828125,1.793487548828125,0.598175048828125,0.819854736328125,4.681182861328125,0.379425048828125
2019-12-18,3.146881103515625,4.933013916015625,2.939849853515625,0.591217041015625,6.456451416015625,2.804107666015625
2019-12-19,6.410369873046875,7.630096435546875,5.633026123046875,4.796112060546875,6.440643310546875,2.877166748046875
2019-12-20,8.732421875,8.74609375,6.9638671875,8.0283203125,8.607421875,3.9619140625
2019-12-21,3.767242431640625,3.397125244140625,2.825836181640625,3.808258056640625,4.296539306640625,1.237945556640625
2019-12-22,0.835601806640625,-0.273773193359375,-0.563812255859375,0.159820556640625,2.030914306640625,-1.316741943359375
2019-12-23,-5.935577392578125,-4.630889892578125,-6.646514892578125,-4.885772705078125,-3.805694580078125,-10.127960205078123
2019-12-24,0.636871337890625,-0.379730224609375,-1.823089599609375,-0.460784912109375,-1.160980224609375,-2.851409912109375
2019-12-25,-1.439788818359375,-2.754241943359375,-4.555999755859375,-2.801116943359375,-2.587249755859375,-4.676116943359375
2019-12-26,-3.302520751953125,-4.646270751953125,-5.320098876953125,-4.202911376953125,-5.354278564453125,-8.808380126953125
2019-12-27,-4.742889404296875,-6.843475341796875,-6.795623779296875,-6.316131591796875,-3.696990966796875,-8.464569091796875
2019-12-28,-6.976348876953125,-8.865020751953125,-9.264434814453123,-8.304473876953125,-5.649200439453125,-10.339630126953123
2019-12-29,-16.9295654296875,-16.5272216796875,-15.4451904296875,-10.4881591796875,-5.6766357421875,-13.9969482421875
2019-12-30,-6.084197998046875,-3.301971435546875,-6.204315185546875,-4.774627685546875,-2.690643310546875,-4.863494873046875
2019-12-31,-5.879974365234375,-6.518646240234375,-9.791107177734377,-7.803802490234375,-5.602630615234375,-11.092864990234377
2020-01-01,-13.394866943359377,-8.914398193359375,-12.752288818359377,-10.852874755859377,-4.348968505859375,-9.240570068359377
2020-01-02,-12.723785400390623,-6.229644775390625,-9.577301025390623,-3.514801025390625,-3.035308837890625,-3.356597900390625
2020-01-03,-2.080841064453125,-1.692169189453125,-2.468536376953125,-0.805450439453125,0.300994873046875,-2.104278564453125
2020-01-04,-6.568328857421875,-8.001922607421875,-8.623992919921875,-7.620086669921875,-4.966766357421875,-9.343719482421877
2020-01-05,-11.711273193359377,-12.691741943359377,-13.495452880859377,-10.145843505859377,-8.311859130859375,-13.259124755859377
2020-01-06,-12.353363037109377,-5.216644287109375,-10.561370849609377,-8.061370849609375,-4.723480224609375,-9.023284912109377
2020-01-07,-14.567535400390623,-12.351715087890623,-12.843902587890623,-9.662261962890623,-5.615386962890625,-7.723785400390625
2020-01-08,-13.262725830078123,-6.214874267578125,-9.424835205078123,-6.359405517578125,-1.435577392578125,-4.814483642578125
2020-01-09,-3.160858154296875,2.565704345703125,-0.435272216796875,-1.917694091796875,-0.749725341796875,4.375274658203125
2020-01-10,0.037445068359375,-0.960601806640625,-1.887359619140625,-0.917633056640625,0.367523193359375,-2.857086181640625
2020-01-11,-9.960784912109377,-4.993988037109375,-8.802581787109375,-4.375823974609375,-1.023284912109375,-4.649261474609375
2020-01-12,-9.642364501953123,-5.865997314453125,-5.729278564453125,-3.950958251953125,-1.288848876953125,-4.473419189453125
2020-01-13,-8.24932861328125,-5.79913330078125,-4.47100830078125,-3.70635986328125,-3.12237548828125,-3.67999267578125
2020-01-14,-8.750274658203125,-5.693634033203125,-3.577423095703125,-4.574493408203125,-1.374298095703125,2.393280029296875
2020-01-15,-9.0413818359375,-5.3509521484375,-4.4349365234375,-3.2366943359375,-0.9827880859375,-0.1165771484375
2020-01-16,-7.274017333984375,-4.001556396484375,-4.971282958984375,-5.068939208984375,5.711334228515625,-4.443939208984375
2020-01-17,-3.36810302734375,-3.74017333984375,-1.20111083984375,-2.22845458984375,2.15826416015625,-3.14739990234375
2020-01-18,-3.925140380859375,-5.402679443359375,-5.659515380859375,-4.042327880859375,-2.727874755859375,-6.526702880859375
2020-01-19,-4.597198486328125,-6.488800048828125,-7.366729736328125,-5.911651611328125,-3.410675048828125,-7.758331298828125
2020-01-20,-8.832763671875,-6.642333984375,-4.603271484375,-3.603271484375,-3.735107421875,-4.494873046875
2020-01-21,-5.205352783203125,-2.829376220703125,-3.422149658203125,-2.560821533203125,-0.985626220703125,-4.160430908203125
2020-01-22,-9.68182373046875,-10.61444091796875,-7.07733154296875,-6.97186279296875,-3.48358154296875,-1.86151123046875
2020-01-23,-4.799285888671875,-2.483856201171875,0.070831298828125,-1.394989013671875,2.142120361328125,-0.943817138671875
2020-01-24,-3.042327880859375,0.135406494140625,0.365875244140625,0.020172119140625,3.583648681640625,1.105133056640625
2020-01-25,0.265045166015625,1.822662353515625,0.174224853515625,0.641998291015625,2.813873291015625,0.277740478515625
2020-01-26,-2.836151123046875,-2.102752685546875,-2.148651123046875,-2.422088623046875,2.519317626953125,-2.217987060546875
2020-01-27,3.108001708984375,3.748626708984375,2.270111083984375,3.193939208984375,3.580657958984375,1.074798583984375
2020-01-28,-3.913238525390625,-5.168121337890625,-2.693511962890625,-3.101715087890625,-0.241363525390625,-3.048004150390625
2020-01-29,-4.114349365234375,-5.333099365234375,-5.481536865234375,-4.547943115234375,-2.284271240234375,-5.578216552734375
2020-01-30,-2.504730224609375,-2.102386474609375,-1.982269287109375,-2.109222412109375,1.738433837890625,-2.214691162109375
2020-01-31,-2.024383544921875,0.111358642578125,0.747100830078125,-0.834930419921875,2.363311767578125,-1.024383544921875
2020-02-01,-1.253173828125,-0.065673828125,1.707763671875,-0.346923828125,3.300537109375,-0.147705078125
2020-02-02,0.567169189453125,2.256622314453125,1.996856689453125,0.677520751953125,5.230255126953125,1.111114501953125
2020-02-03,-1.946990966796875,-3.229217529296875,-3.812225341796875,-2.916717529296875,-0.291717529296875,-4.013397216796875
2020-02-04,-6.755279541015625,-8.221099853515625,-9.542388916015623,-8.574615478515625,-6.061920166015625,-10.262115478515623
2020-02-05,-9.36700439453125,-8.25860595703125,-12.21075439453125,-12.93048095703125,-8.73614501953125,-14.16778564453125
2020-02-06,-2.0093994140625,-2.8883056640625,-4.6051025390625,-3.7545166015625,-2.9176025390625,-6.7652587890625
2020-02-07,-12.29754638671875,-9.20477294921875,-12.07684326171875,-11.78485107421875,-3.62860107421875,-8.38641357421875
2020-02-08,-8.902435302734375,-4.581146240234375,-5.484466552734375,-9.112396240234377,-2.335052490234375,-6.378997802734375
2020-02-09,2.402252197265625,4.557525634765625,2.837799072265625,3.682525634765625,4.988189697265625,1.484283447265625
2020-02-10,-1.32879638671875,-2.39715576171875,0.67120361328125,-0.69305419921875,3.88702392578125,0.58331298828125
2020-02-11,-6.564208984375,-6.595458984375,-3.932373046875,-2.847412109375,-0.681396484375,-2.638427734375
2020-02-12,-2.014312744140625,1.721038818359375,1.124359130859375,-1.211578369140625,2.747406005859375,0.028656005859375
2020-02-13,1.251678466796875,0.450897216796875,-0.803985595703125,0.490936279296875,1.744842529296875,-1.924102783203125
2020-02-14,-3.774627685546875,-4.313690185546875,-4.876190185546875,-4.624237060546875,-2.940643310546875,-4.154510498046875
2020-02-15,-3.687286376953125,-1.205841064453125,-3.900177001953125,-3.891387939453125,-0.440216064453125,-3.085723876953125
2020-02-16,-3.194305419921875,1.340850830078125,-1.966766357421875,-1.359344482421875,2.089874267578125,-1.075164794921875
2020-02-17,0.55474853515625,0.08111572265625,-0.23138427734375,0.22271728515625,1.72955322265625,-2.28900146484375
2020-02-18,0.035491943359375,-0.891265869140625,-0.299468994140625,0.219085693359375,1.532562255859375,-0.851226806640625
2020-02-19,-4.229705810546875,-5.680877685546875,-8.962127685546875,-6.373260498046875,-4.401580810546875,-7.773651123046875
2020-02-20,-2.378143310546875,-4.306854248046875,-5.117401123046875,-3.398651123046875,-3.280487060546875,-6.945526123046875
2020-02-21,-3.995697021484375,-6.084564208984375,-5.316986083984375,-4.094329833984375,-3.855072021484375,-6.639251708984375
2020-02-22,-1.21148681640625,1.22308349609375,-0.58551025390625,-0.13433837890625,0.89398193359375,-0.44000244140625
2020-02-23,-2.709930419921875,-0.343719482421875,-3.040985107421875,-3.623016357421875,-0.245086669921875,-2.533172607421875
2020-02-24,4.290863037109375,6.002777099609375,5.089691162109375,5.117034912109375,5.523284912109375,3.006683349609375
2020-02-25,1.010955810546875,0.682830810546875,-0.271270751953125,1.390838623046875,0.234588623046875,-1.697052001953125
2020-02-26,-1.262420654296875,-0.942108154296875,-2.928436279296875,-1.121795654296875,-3.670623779296875,-5.037811279296875
2020-02-27,-5.971954345703125,-5.184844970703125,-8.475860595703125,-5.182891845703125,-8.210235595703125,-7.741485595703125
2020-02-28,-5.007720947265625,-1.183502197265625,-4.637603759765625,-5.748931884765625,-0.613189697265625,-3.337799072265625
2020-02-29,3.726959228515625,3.539459228515625,4.577545166015625,3.787506103515625,4.703521728515625,2.303131103515625
2020-03-01,8.0623779296875,6.5574951171875,5.3690185546875,5.2010498046875,6.5828857421875,2.6942138671875
2020-03-02,2.180450439453125,2.083770751953125,0.223419189453125,0.907989501953125,2.369903564453125,0.104278564453125
2020-03-03,-0.568511962890625,-1.079254150390625,-1.532379150390625,-0.052886962890625,1.236175537109375,-1.215972900390625
2020-03-04,-3.013824462890625,-0.370269775390625,-4.498199462890625,-4.411285400390625,-0.506011962890625,-4.402496337890625
2020-03-05,0.996246337890625,2.064605712890625,0.514801025390625,1.714019775390625,2.450347900390625,-0.259613037109375
2020-03-06,0.592376708984375,-0.174224853515625,-0.601959228515625,0.359954833984375,2.830657958984375,-0.558013916015625
2020-03-07,-1.063323974609375,-1.871917724609375,-2.930511474609375,-1.703948974609375,0.537261962890625,-2.160003662109375
2020-03-08,0.480712890625,-1.588623046875,-2.206787109375,-0.545654296875,0.448486328125,-2.602294921875
2020-03-09,-1.311798095703125,-2.607696533203125,-4.468048095703125,-2.066680908203125,-1.916290283203125,-4.553009033203125
2020-03-10,0.48345947265625,2.00396728515625,-1.14739990234375,2.83697509765625,0.43365478515625,-0.09857177734375
2020-03-11,1.332916259765625,5.120025634765625,1.627838134765625,1.563385009765625,5.627838134765625,2.308502197265625
2020-03-12,2.921295166015625,1.600006103515625,1.452545166015625,2.148834228515625,5.118560791015625,3.251373291015625
2020-03-13,1.787994384765625,0.604400634765625,-0.236419677734375,0.550689697265625,4.943267822265625,-0.411224365234375
2020-03-14,-1.797576904296875,-3.091522216796875,-2.616912841796875,-1.444061279296875,0.018829345703125,-2.121795654296875
2020-03-15,-2.856964111328125,-0.502471923828125,-2.904815673828125,-3.484893798828125,0.388153076171875,-3.716339111328125
2020-03-16,3.27667236328125,2.99346923828125,0.15264892578125,1.51104736328125,0.06866455078125,-1.31512451171875
2020-03-17,-0.400726318359375,-0.413421630859375,-0.755218505859375,-1.904632568359375,0.279937744140625,-0.150726318359375
2020-03-18,0.134124755859375,0.802093505859375,-0.127593994140625,0.765960693359375,-1.286773681640625,-0.762359619140625
2020-03-19,-0.735198974609375,0.916168212890625,-1.501800537109375,-1.365081787109375,2.216949462890625,-0.778167724609375
2020-03-20,4.055633544921875,3.492156982421875,-2.156280517578125,1.028289794921875,1.311492919921875,-1.346710205078125
2020-03-21,-3.652740478515625,-5.058990478515625,-5.940826416015625,-4.638092041015625,-0.772857666015625,-4.952545166015625
2020-03-22,-6.22607421875,-6.97509765625,-10.21630859375,-7.19287109375,-5.31787109375,-9.07861328125
2020-03-23,-6.199798583984375,-7.750579833984375,-8.851165771484375,-7.158782958984375,-5.815032958984375,-7.941009521484375
2020-03-24,-2.508209228515625,-3.964263916015625,-4.051177978515625,-3.255279541015625,1.701751708984375,-3.550201416015625
2020-03-25,0.497772216796875,-0.005157470703125,-0.879180908203125,0.418670654296875,3.803436279296875,-1.093048095703125
2020-03-26,1.668182373046875,0.074432373046875,0.437713623046875,1.265838623046875,3.934783935546875,-0.420684814453125
2020-03-27,0.271697998046875,0.291229248046875,-0.657989501953125,2.009002685546875,1.404510498046875,-1.076934814453125
2020-03-28,-0.184600830078125,0.651336669921875,-1.077178955078125,1.080047607421875,-1.457061767578125,-1.489288330078125
2020-03-29,0.408782958984375,-1.225982666015625,-0.730865478515625,0.376556396484375,2.354095458984375,-1.185943603515625
2020-03-30,-5.27655029296875,-5.39569091796875,-7.00799560546875,-5.76873779296875,-3.39764404296875,-6.09490966796875
2020-03-31,-5.35076904296875,-9.00408935546875,-8.20916748046875,-7.33905029296875,-7.02655029296875,-8.98846435546875
2020-04-01,-6.656341552734375,-3.790130615234375,-8.968841552734375,-7.677825927734375,-4.423919677734375,-6.025482177734375
2020-04-02,2.005096435546875,1.389862060546875,-0.592559814453125,0.942596435546875,2.947479248046875,-1.102325439453125
2020-04-03,2.15557861328125,1.26690673828125,1.16632080078125,2.16046142578125,4.89190673828125,0.66339111328125
2020-04-04,-0.48809814453125,-0.02423095703125,-0.27325439453125,-1.04571533203125,1.93572998046875,0.08807373046875
2020-04-05,-1.756622314453125,-1.813262939453125,-3.045684814453125,-3.000762939453125,0.360565185546875,-3.312286376953125
2020-04-06,-2.201690673828125,-0.808135986328125,-2.160675048828125,-3.313995361328125,-0.036651611328125,-4.119659423828125
2020-04-07,-0.341217041015625,0.435150146484375,-1.388092041015625,-0.666412353515625,0.621673583984375,-3.391998291015625
2020-04-08,1.577728271484375,7.133392333984375,1.627532958984375,1.998626708984375,0.378509521484375,-1.573638916015625
2020-04-09,7.890777587890625,8.323394775390625,2.883941650390625,4.693511962890625,1.732574462890625,-0.385589599609375
2020-04-10,3.138885498046875,3.419158935546875,3.700408935546875,3.094940185546875,2.482635498046875,1.734588623046875
2020-04-11,1.742889404296875,5.036834716796875,0.709686279296875,1.279998779296875,4.443084716796875,0.026092529296875
2020-04-12,3.557220458984375,6.033782958984375,2.335540771484375,1.853118896484375,5.551361083984375,0.157806396484375
2020-04-13,-3.2762451171875,-4.6248779296875,-4.6278076171875,-3.3455810546875,-0.2713623046875,-4.1883544921875
2020-04-14,-3.637115478515625,-4.586334228515625,-6.029693603515625,-3.183990478515625,-2.462310791015625,-4.819732666015625
2020-04-15,0.769012451171875,3.264129638671875,-0.039581298828125,1.029754638671875,3.076629638671875,0.145965576171875
2020-04-16,5.291656494140625,5.782867431640625,3.084625244140625,6.292633056640625,2.762359619140625,3.016265869140625
2020-04-17,4.72149658203125,7.31719970703125,3.49395751953125,5.21368408203125,6.85626220703125,2.88751220703125
2020-04-18,9.546783447265623,8.630767822265625,5.278228759765625,8.615142822265625,7.483306884765625,3.502838134765625
2020-04-19,7.935150146484375,7.240814208984375,5.834564208984375,7.696868896484375,9.594329833984377,4.520111083984375
2020-04-20,3.70318603515625,2.21002197265625,1.61236572265625,1.87603759765625,5.27838134765625,1.12506103515625
2020-04-21,1.011383056640625,0.868804931640625,1.172515869140625,-0.986663818359375,2.604156494140625,1.480133056640625
2020-04-22,1.896575927734375,1.628021240234375,1.115325927734375,0.979583740234375,0.729583740234375,-2.165924072265625
2020-04-23,0.964111328125,3.632080078125,0.207275390625,0.812744140625,3.502197265625,-0.890380859375
2020-04-24,8.108001708984375,8.324798583984375,2.787689208984375,3.643157958984375,4.589447021484375,0.242767333984375
2020-04-25,9.007965087890623,7.118316650390625,3.661285400390625,5.809722900390625,4.371246337890625,-0.213714599609375
2020-04-26,4.8372802734375,4.8197021484375,1.1556396484375,3.2864990234375,6.0150146484375,1.1898193359375
2020-04-27,6.243011474609375,8.444183349609375,4.807464599609375,4.868011474609375,8.357269287109375,2.755706787109375
2020-04-28,4.304443359375,5.000732421875,4.350341796875,3.842529296875,7.707763671875,2.872802734375
2020-04-29,5.527618408203125,5.511993408203125,4.832305908203125,4.795196533203125,7.340118408203125,2.379180908203125
2020-04-30,5.936370849609375,6.161956787109375,5.192230224609375,5.355316162109375,8.276214599609375,3.153167724609375
2020-05-01,7.431488037109375,6.381683349609375,5.251800537109375,6.707855224609375,3.975433349609375,1.951019287109375
2020-05-02,4.573577880859375,3.264007568359375,0.771820068359375,2.166351318359375,4.311859130859375,-0.626617431640625
2020-05-03,2.700592041015625,3.294342041015625,0.222076416015625,2.757232666015625,1.537506103515625,-2.274993896484375
2020-05-04,9.422271728515623,8.126373291015625,6.805084228515625,7.492584228515625,8.507232666015625,3.758209228515625
2020-05-05,3.651031494140625,2.530914306640625,0.294586181640625,1.295562744140625,3.420562744140625,-2.465179443359375
2020-05-06,3.346832275390625,4.545074462890625,1.741363525390625,2.058746337890625,2.432769775390625,-1.933441162109375
2020-05-07,3.381256103515625,5.051177978515625,2.995513916015625,4.077545166015625,6.150787353515625,1.439849853515625
2020-05-08,4.453582763671875,6.994598388671875,3.683074951171875,4.703582763671875,6.074676513671875,1.448699951171875
2020-05-09,9.204071044921877,9.364227294921877,6.578094482421875,7.975555419921875,9.981414794921877,4.810516357421875
2020-05-10,9.095458984375,10.525146484375,8.813232421875,9.512451171875,11.288818359375,4.567138671875
2020-05-11,7.110260009765625,7.370025634765625,5.937408447265625,6.341705322265625,7.556549072265625,1.558502197265625
2020-05-12,12.884063720703123,14.820587158203123,10.297149658203123,9.571563720703123,15.458282470703123,7.511993408203125
2020-05-13,12.797454833984377,17.546478271484375,14.478118896484377,13.321868896484377,19.29354858398437,7.565032958984375
2020-05-14,12.51593017578125,13.64483642578125,10.91046142578125,11.35968017578125,17.16632080078125,4.77764892578125
2020-05-15,12.74041748046875,12.86151123046875,11.78045654296875,12.52362060546875,19.63690185546875,9.94744873046875
2020-05-16,12.4503173828125,11.2423095703125,13.3897705078125,13.6329345703125,13.8692626953125,14.0430908203125
2020-05-17,11.809539794921877,12.241180419921877,12.673797607421877,13.857391357421877,14.151336669921877,13.223602294921877
2020-05-18,12.066619873046877,13.594940185546877,10.899627685546877,12.434783935546877,13.474822998046877,10.825408935546877
2020-05-19,11.02001953125,9.05517578125,9.13232421875,10.29443359375,11.86181640625,8.89794921875
2020-05-20,5.882598876953125,5.206817626953125,3.576934814453125,3.287872314453125,6.875762939453125,1.414825439453125
2020-05-21,5.011077880859375,4.185882568359375,3.377288818359375,4.244476318359375,5.199554443359375,0.898773193359375
2020-05-22,7.503448486328125,9.200714111328123,7.646026611328125,7.506378173828125,9.930206298828123,6.042510986328125
2020-05-23,6.462738037109375,6.368988037109375,5.842620849609375,7.197113037109375,9.933441162109377,6.210784912109375
2020-05-24,6.831512451171875,5.610809326171875,4.601043701171875,6.041473388671875,6.462371826171875,4.388153076171875
2020-05-25,5.837127685546875,5.233612060546875,3.915252685546875,5.414276123046875,6.436737060546875,3.430877685546875
2020-05-26,6.881805419921875,6.146453857421875,4.278289794921875,5.659149169921875,6.717742919921875,4.422821044921875
2020-05-27,6.3009033203125,5.7598876953125,3.6700439453125,5.2725830078125,6.0303955078125,1.8135986328125
2020-05-28,5.3958740234375,5.1058349609375,3.4202880859375,4.9144287109375,5.4818115234375,1.7952880859375
2020-05-29,7.91094970703125,6.75372314453125,5.99493408203125,6.98126220703125,8.58087158203125,5.09063720703125
2020-05-30,6.27276611328125,4.87628173828125,4.60089111328125,6.05596923828125,7.45245361328125,4.39678955078125
2020-05-31,6.00286865234375,6.43450927734375,4.49993896484375,5.23822021484375,6.40032958984375,3.59857177734375
2020-06-01,3.8597412109375,4.6790771484375,1.7562255859375,3.0775146484375,4.7952880859375,1.7357177734375
2020-06-02,6.343902587890625,6.979644775390625,4.896636962890625,4.518707275390625,7.592926025390625,4.113433837890625
2020-06-03,12.2044677734375,11.2249755859375,8.9241943359375,9.7933349609375,10.6859130859375,6.8236083984375
2020-06-04,7.8843994140625,9.4879150390625,5.5709228515625,7.1422119140625,12.5211181640625,8.5377197265625
2020-06-05,11.556304931640623,9.893218994140623,8.694976806640625,9.621734619140623,12.558258056640623,6.655914306640625
2020-06-06,10.025543212890623,10.689605712890623,9.174957275390623,8.690582275390625,9.148590087890623,6.630035400390625
2020-06-07,9.9730224609375,10.7435302734375,8.0189208984375,9.0355224609375,10.6224365234375,7.5384521484375
2020-06-08,9.80145263671875,9.19696044921875,9.73114013671875,8.69012451171875,11.26824951171875,7.59051513671875
2020-06-09,6.691162109375,7.562255859375,7.081787109375,6.365966796875,9.161865234375,4.815185546875
2020-06-10,8.472442626953125,8.701934814453125,5.123809814453125,6.147247314453125,7.732208251953125,4.143341064453125
2020-06-11,10.42987060546875,12.00799560546875,7.19940185546875,8.66522216796875,11.04510498046875,7.81951904296875
2020-06-12,11.508209228515623,12.964263916015623,10.938873291015623,11.037506103515623,13.303131103515623,10.358795166015623
2020-06-13,10.171539306640623,11.005523681640623,9.996734619140623,10.134429931640623,12.371734619140623,8.860992431640625
2020-06-14,11.36785888671875,11.23211669921875,8.25360107421875,9.43817138671875,10.38739013671875,9.18035888671875
2020-06-15,11.33148193359375,10.82855224609375,9.32855224609375,10.80218505859375,11.34417724609375,8.60296630859375
2020-06-16,11.750701904296877,11.374725341796877,9.876678466796877,10.017303466796877,12.499725341796877,9.429412841796877
2020-06-17,8.825958251953125,10.380645751953123,8.079864501953125,9.172637939453123,11.717559814453123,8.291778564453125
2020-06-18,10.885162353515623,11.129302978515623,7.987701416015625,9.541412353515623,9.082427978515623,7.032623291015625
2020-06-19,9.42620849609375,9.35589599609375,8.22698974609375,8.81488037109375,10.07171630859375,6.88421630859375
2020-06-20,12.053558349609377,10.808441162109377,9.855316162109377,11.213714599609377,10.103363037109377,8.913909912109375
2020-06-21,13.43975830078125,13.06768798828125,10.99249267578125,11.90069580078125,13.15655517578125,10.60089111328125
2020-06-22,12.80950927734375,11.54974365234375,11.24114990234375,12.26556396484375,13.27728271484375,11.33685302734375
2020-06-23,12.4189453125,12.1181640625,10.8037109375,12.427734375,13.4072265625,10.5234375
2020-06-24,13.18902587890625,12.13629150390625,11.60406494140625,11.63726806640625,12.49371337890625,10.89312744140625
2020-06-25,13.415985107421877,13.546844482421877,11.625946044921877,11.445281982421877,12.914031982421877,11.911102294921877
2020-06-26,14.347564697265623,13.362213134765623,12.408111572265623,12.611236572265623,14.653228759765623,11.336822509765623
2020-06-27,13.427215576171877,14.051239013671877,12.161590576171877,13.395965576171877,13.296356201171877,10.488739013671877
2020-06-28,13.335052490234377,15.848724365234377,11.595794677734377,13.443450927734377,14.657318115234377,11.578216552734377
2020-06-29,15.5374755859375,15.4583740234375,13.7874755859375,13.4896240234375,15.2288818359375,13.0794677734375
2020-06-30,16.589935302734375,15.378997802734377,14.236419677734377,15.235443115234377,14.888763427734377,12.368255615234377
2020-07-01,14.218353271484377,14.493743896484377,11.581634521484377,13.325775146484377,15.956634521484377,12.547454833984377
2020-07-02,15.851409912109377,14.915863037109377,13.396331787109377,14.192230224609377,14.912933349609377,12.416839599609377
2020-07-03,16.233856201171875,13.891082763671877,12.058074951171877,13.605926513671877,15.038543701171877,11.612762451171877
2020-07-04,16.026336669921875,14.193328857421877,11.902313232421877,14.452117919921877,15.384735107421877,11.282196044921877
2020-07-05,13.374755859375,13.441162109375,11.727294921875,12.652099609375,14.175537109375,10.393310546875
2020-07-06,9.4117431640625,8.8424072265625,7.8599853515625,8.8482666015625,10.9029541015625,6.2750244140625
2020-07-07,10.326202392578123,9.750030517578123,10.420928955078123,9.259796142578123,12.181671142578123,10.828155517578123
2020-07-08,12.07904052734375,10.47357177734375,11.67864990234375,11.37982177734375,12.40814208984375,12.01556396484375
2020-07-09,15.0364990234375,15.2474365234375,13.7718505859375,12.6165771484375,15.4437255859375,12.7581787109375
2020-07-10,16.880279541015625,16.171295166015625,13.095123291015623,16.728912353515625,14.912506103515623,11.584381103515623
2020-07-11,11.104705810546877,10.139862060546877,9.691619873046877,10.491424560546877,13.376190185546877,9.934783935546877
2020-07-12,9.5946044921875,8.4920654296875,6.9871826171875,7.1170654296875,10.4569091796875,7.9305419921875
2020-07-13,10.003662109375,9.517333984375,8.786865234375,10.918701171875,12.121826171875,11.400146484375
2020-07-14,11.843536376953123,11.457794189453123,10.053497314453123,11.248809814453123,13.846466064453123,9.789825439453123
2020-07-15,12.565887451171877,11.662567138671877,11.638153076171877,13.391082763671877,12.686981201171877,11.841278076171877
2020-07-16,12.51971435546875,11.29022216796875,11.43670654296875,12.45330810546875,15.18182373046875,10.92791748046875
2020-07-17,10.93475341796875,9.80682373046875,7.16912841796875,9.68182373046875,11.04803466796875,7.97088623046875
2020-07-18,9.412384033203123,9.553985595703123,7.185821533203125,9.185821533203123,9.311798095703123,6.578399658203125
2020-07-19,11.7392578125,11.7626953125,9.7060546875,11.6259765625,11.7119140625,8.853515625
2020-07-20,12.853515625,12.8369140625,11.4169921875,12.6201171875,12.837890625,9.6943359375
2020-07-21,14.324005126953123,13.338653564453123,13.815216064453123,14.277130126953123,13.750762939453123,11.124786376953123
2020-07-22,15.042999267578123,14.875030517578123,13.065460205078123,13.885772705078123,14.870147705078123,15.549835205078123
2020-07-23,13.69000244140625,15.02496337890625,12.09136962890625,12.43414306640625,15.90484619140625,11.73004150390625
2020-07-24,14.63677978515625,13.32427978515625,11.06646728515625,11.71685791015625,14.30181884765625,11.03131103515625
2020-07-25,13.96258544921875,12.62567138671875,11.01043701171875,12.74188232421875,13.39129638671875,10.44500732421875
2020-07-26,12.487274169921877,12.577117919921877,11.390594482421877,13.497039794921877,14.234344482421877,10.749969482421877
2020-07-27,13.1387939453125,12.4757080078125,12.8653564453125,14.0430908203125,13.7891845703125,12.5802001953125
2020-07-28,17.022674560546875,16.990447998046875,17.142791748046875,16.821502685546875,15.748260498046877,15.557830810546877
2020-07-29,17.937896728515625,17.492584228515625,16.176177978515625,17.865631103515625,17.271881103515625,14.480865478515623
2020-07-30,17.765655517578125,16.663116455078125,15.252960205078123,16.297882080078125,17.058624267578125,13.323272705078123
2020-07-31,14.8505859375,14.2666015625,12.1015625,13.2705078125,15.69140625,11.6298828125
2020-08-01,12.03875732421875,11.50360107421875,11.59149169921875,11.04656982421875,13.19012451171875,13.54266357421875
2020-08-02,14.84326171875,17.33056640625,13.71435546875,13.54345703125,16.45263671875,12.94091796875
2020-08-03,16.183837890625,16.451416015625,14.412353515625,14.671142578125,15.755126953125,13.204345703125
2020-08-04,15.08514404296875,14.25408935546875,13.36346435546875,14.29022216796875,13.99041748046875,11.43377685546875
2020-08-05,13.303497314453123,15.238067626953123,11.478302001953123,13.283966064453123,14.879669189453123,11.157012939453123
2020-08-06,14.778594970703123,13.335235595703123,12.820587158203123,13.697540283203123,15.495391845703123,11.326446533203123
2020-08-07,14.99468994140625,15.25445556640625,12.60894775390625,13.66558837890625,15.82379150390625,11.60699462890625
2020-08-08,14.057891845703123,12.913360595703123,11.944610595703123,12.633087158203123,14.861602783203123,12.546173095703123
2020-08-09,14.452056884765623,14.122955322265623,11.993072509765623,13.476470947265623,14.216705322265623,10.954986572265623
2020-08-10,15.400726318359377,15.378265380859377,13.487640380859377,13.978851318359377,14.386077880859377,11.418304443359377
2020-08-11,15.238525390625,14.794189453125,12.725830078125,13.606689453125,15.091064453125,12.446533203125
2020-08-12,14.538299560546877,14.845916748046877,12.759979248046877,12.991424560546877,16.396697998046875,12.002166748046877
2020-08-13,14.424957275390623,15.675933837890623,12.115386962890623,12.675933837890623,16.355621337890625,12.500152587890623
2020-08-14,14.771392822265623,14.558502197265623,12.686431884765623,13.384674072265623,15.416900634765623,11.335845947265623
2020-08-15,14.063201904296877,13.480194091796877,12.810272216796877,13.067108154296877,14.758514404296877,13.122772216796877
2020-08-16,13.89117431640625,14.62457275390625,12.52886962890625,14.36285400390625,15.08551025390625,11.25933837890625
2020-08-17,13.567535400390623,13.411285400390623,11.238433837890623,12.002105712890623,13.928863525390623,10.641754150390623
2020-08-18,12.2330322265625,12.8209228515625,9.4654541015625,10.7554931640625,11.7994384765625,8.4293212890625
2020-08-19,11.557769775390623,12.556793212890623,10.002105712890623,11.471832275390623,12.158355712890623,8.468902587890625
2020-08-20,12.178436279296877,11.036834716796877,11.108123779296877,12.348358154296877,12.332733154296877,11.237030029296877
2020-08-21,15.370025634765623,14.243072509765623,14.359283447265623,15.403228759765623,14.950103759765623,13.439361572265623
2020-08-22,15.7220458984375,15.9095458984375,13.4652099609375,14.5384521484375,16.0433349609375,13.9935302734375
2020-08-23,14.704254150390623,14.148590087890623,13.077301025390623,13.320465087890623,15.341949462890623,12.279449462890623
2020-08-24,13.681549072265623,12.557525634765623,12.145416259765623,13.785064697265623,14.021392822265623,11.416900634765623
2020-08-25,11.648895263671877,13.348114013671877,10.668426513671877,13.007293701171877,13.016082763671877,10.340301513671877
2020-08-26,13.385040283203123,13.486602783203123,12.611602783203123,12.200469970703123,13.571563720703123,13.875274658203123
2020-08-27,13.438873291015623,16.078521728515625,12.570709228515623,12.345123291015623,15.773834228515623,11.960357666015623
2020-08-28,12.16241455078125,16.38311767578125,10.91339111328125,11.12823486328125,15.13507080078125,12.05792236328125
2020-08-29,14.243621826171877,16.708465576171875,12.902801513671877,12.114715576171877,15.469207763671877,12.525848388671877
2020-08-30,15.568084716796877,18.618865966796875,14.328826904296877,14.058319091796877,17.585662841796875,15.266326904296877
2020-08-31,12.602569580078123,11.018585205078123,10.487335205078123,11.484405517578123,11.426788330078123,9.387725830078123
2020-09-01,11.962615966796877,10.577850341796877,9.391326904296877,11.180389404296877,11.604217529296877,10.743865966796877
2020-09-02,13.524566650390623,11.483551025390623,9.122222900390623,10.639801025390623,11.734527587890623,8.630035400390625
2020-09-03,8.890228271484375,9.559173583984377,7.095306396484375,8.934173583984375,10.776947021484377,5.831634521484375
2020-09-04,10.416961669921877,9.673797607421877,10.062469482421877,10.166961669921877,11.407196044921877,12.337860107421877
2020-09-05,11.36480712890625,14.28277587890625,9.48101806640625,10.58355712890625,12.62652587890625,9.40386962890625
2020-09-06,15.0274658203125,14.7159423828125,12.8927001953125,13.8721923828125,14.4063720703125,11.0772705078125
2020-09-07,11.65045166015625,11.06842041015625,11.02252197265625,11.28912353515625,14.67193603515625,12.73345947265625
2020-09-08,12.074798583984377,10.627532958984377,11.198822021484377,11.858978271484377,13.441009521484377,11.229095458984377
2020-09-09,11.821258544921877,11.425750732421877,11.690399169921877,11.826141357421877,14.411102294921877,10.393524169921877
2020-09-10,12.00347900390625,12.59234619140625,11.74468994140625,11.15289306640625,13.66656494140625,13.56695556640625
2020-09-11,12.630706787109377,14.282073974609377,11.529144287109377,12.308441162109377,14.099456787109377,11.646331787109377
2020-09-12,13.277191162109377,14.254730224609377,11.189300537109377,12.282073974609377,14.703948974609377,13.288909912109377
2020-09-13,12.758575439453123,13.192169189453123,11.400177001953123,11.489044189453123,14.835723876953123,12.782012939453123
2020-09-14,11.940826416015623,11.175201416015623,11.254302978515623,10.699615478515623,14.212310791015623,13.658599853515623
2020-09-15,13.052093505859377,11.264984130859377,11.240570068359377,12.126312255859377,13.304046630859377,13.585296630859377
2020-09-16,14.695098876953123,13.820098876953123,11.747833251953123,13.117950439453123,16.098419189453125,10.807403564453123
2020-09-17,11.181304931640623,9.596343994140623,7.041656494140625,8.146148681640625,11.952789306640623,7.294586181640625
2020-09-18,9.809722900390623,8.243316650390625,9.995269775390623,9.135894775390623,11.290191650390623,10.450347900390623
2020-09-19,11.381500244140623,9.981109619140623,10.869781494140623,9.916656494140623,13.461578369140623,11.781890869140623
2020-09-20,11.478729248046877,10.699432373046877,9.433807373046877,10.506072998046877,12.559783935546877,11.976776123046877
2020-09-21,10.72760009765625,11.89556884765625,11.38092041015625,10.48052978515625,13.99420166015625,11.13580322265625
2020-09-22,10.68426513671875,11.36102294921875,10.91766357421875,10.35809326171875,13.97528076171875,10.54852294921875
2020-09-23,10.03607177734375,11.24603271484375,10.78509521484375,9.99407958984375,13.12396240234375,9.91400146484375
2020-09-24,14.001312255859377,13.050140380859377,12.819671630859377,12.648773193359377,16.391937255859375,10.752288818359377
2020-09-25,5.694061279296875,5.398162841796875,4.186248779296875,4.181365966796875,6.355194091796875,2.972381591796875
2020-09-26,10.749969482421877,10.506805419921877,9.412078857421877,9.749969482421877,11.417938232421877,7.695281982421875
2020-09-27,8.75140380859375,8.95355224609375,7.24945068359375,8.96429443359375,9.98968505859375,7.32269287109375
2020-09-28,5.9404296875,5.9365234375,3.982421875,4.7373046875,4.4462890625,1.0390625
2020-09-29,6.092926025390625,7.076324462890625,2.625152587890625,3.763824462890625,5.903472900390625,2.191558837890625
2020-09-30,5.846893310546875,6.624237060546875,7.383026123046875,5.791229248046875,9.678924560546877,5.391815185546875
2020-10-01,9.480682373046877,12.410369873046877,10.333221435546877,8.953338623046875,13.985565185546877,10.878143310546877
2020-10-02,18.285186767578125,17.271514892578125,14.497100830078123,13.031280517578123,16.819366455078125,12.535186767578123
2020-10-03,11.486602783203123,14.985626220703123,11.025665283203123,13.333282470703123,13.378204345703123,10.583282470703123
2020-10-04,11.629425048828123,13.293487548828123,10.618682861328123,11.297393798828123,13.418487548828123,10.594268798828123
2020-10-05,6.94915771484375,8.91693115234375,8.03314208984375,6.27923583984375,8.76849365234375,7.19232177734375
2020-10-06,7.931793212890625,6.890777587890625,6.324371337890625,7.268707275390625,9.483551025390623,6.302886962890625
2020-10-07,6.432342529296875,5.596405029296875,2.871795654296875,5.454803466796875,5.281951904296875,3.562225341796875
2020-10-08,3.9862060546875,4.0565185546875,3.5906982421875,5.0897216796875,6.8778076171875,3.6746826171875
2020-10-09,3.96746826171875,5.47821044921875,5.22137451171875,4.12957763671875,6.34246826171875,3.40301513671875
2020-10-10,8.000640869140625,9.800445556640623,7.652984619140625,6.846343994140625,10.853179931640623,6.503570556640625
2020-10-11,4.930572509765625,4.060455322265625,3.003814697265625,7.129791259765625,9.583892822265623,6.945220947265625
2020-10-12,2.0592041015625,2.5045166015625,2.6578369140625,2.4693603515625,5.6627197265625,2.9586181640625
2020-10-13,5.350006103515625,6.670318603515625,5.613677978515625,5.648834228515625,9.893951416015623,5.891998291015625
2020-10-14,6.38677978515625,7.98736572265625,5.53521728515625,7.81256103515625,9.36627197265625,6.80084228515625
2020-10-15,2.045196533203125,4.420196533203125,2.713165283203125,2.327423095703125,5.787384033203125,2.440704345703125
2020-10-16,5.190460205078125,5.025421142578125,3.110382080078125,2.695343017578125,5.452178955078125,0.032257080078125
2020-10-17,0.722503662109375,0.500823974609375,0.449066162109375,0.197113037109375,2.975433349609375,1.789886474609375
2020-10-18,0.181488037109375,0.409027099609375,0.552581787109375,-0.943511962890625,0.621917724609375,0.153167724609375
2020-10-19,-0.154693603515625,3.108001708984375,-0.143951416015625,-1.346099853515625,2.154876708984375,-0.769927978515625
2020-10-20,0.230072021484375,4.480072021484375,0.279876708984375,-0.489654541015625,3.711517333984375,2.455657958984375
2020-10-21,1.478912353515625,5.148834228515625,2.088287353515625,1.330474853515625,6.153717041015625,6.681060791015625
2020-10-22,4.044281005859375,7.644866943359375,5.051116943359375,3.157562255859375,8.896820068359375,5.616546630859375
2020-10-23,7.524749755859375,7.504241943359375,5.961273193359375,7.376312255859375,8.301116943359375,5.927093505859375
2020-10-24,4.843475341796875,6.025115966796875,5.447967529296875,3.999725341796875,7.947967529296875,4.515350341796875
2020-10-25,4.042083740234375,5.892669677734375,5.601654052734375,3.420013427734375,6.714935302734375,2.740325927734375
2020-10-26,2.18731689453125,5.44708251953125,2.02227783203125,4.64923095703125,3.73126220703125,3.42852783203125
2020-10-27,6.858123779296875,7.423553466796875,3.594451904296875,4.696990966796875,4.547576904296875,2.491912841796875
2020-10-28,7.088592529296875,6.491912841796875,5.765350341796875,6.651092529296875,7.902069091796875,4.425506591796875
2020-10-29,4.725616455078125,5.699249267578125,1.560577392578125,3.140655517578125,4.806671142578125,1.293975830078125
2020-10-30,9.12646484375,7.40869140625,6.54736328125,8.16357421875,5.52587890625,5.49169921875
2020-10-31,2.126617431640625,4.970367431640625,2.023101806640625,3.202789306640625,4.520172119140625,2.858062744140625
2020-11-01,5.02850341796875,7.52752685546875,4.12127685546875,6.98651123046875,5.60369873046875,3.60858154296875
2020-11-02,6.29827880859375,8.11761474609375,5.85198974609375,7.41253662109375,7.42523193359375,7.14691162109375
2020-11-03,9.534515380859377,8.946624755859375,6.655609130859375,8.737640380859375,9.127288818359377,8.036468505859375
2020-11-04,7.559295654296875,6.656951904296875,6.286834716796875,7.463592529296875,7.886444091796875,5.907928466796875
2020-11-05,6.357757568359375,5.052093505859375,4.207366943359375,5.790374755859375,5.476898193359375,3.278656005859375
2020-11-06,0.879302978515625,2.749420166015625,0.776763916015625,-0.108001708984375,3.037506103515625,4.362701416015625
2020-11-07,1.538909912109375,4.704925537109375,2.846527099609375,2.566253662109375,2.761566162109375,6.073089599609375
2020-11-08,1.261474609375,2.169677734375,2.795654296875,-0.078369140625,2.461669921875,4.291748046875
2020-11-09,3.568878173828125,2.813018798828125,-0.116668701171875,0.334503173828125,2.899932861328125,-0.996551513671875
2020-11-10,0.206817626953125,1.473419189453125,-0.466033935546875,0.388458251953125,2.093536376953125,-1.318572998046875
2020-11-11,2.095733642578125,4.106475830078125,2.242218017578125,1.738311767578125,4.107452392578125,0.631866455078125
2020-11-12,-1.569854736328125,-0.005401611328125,-0.920440673828125,0.947723388671875,1.470184326171875,-0.007354736328125
2020-11-13,0.526031494140625,1.617828369140625,0.538726806640625,0.063140869140625,2.590484619140625,0.537750244140625
2020-11-14,-0.902679443359375,2.973297119140625,-0.767913818359375,-1.504241943359375,3.185211181640625,0.197906494140625
2020-11-15,1.441558837890625,3.835113525390625,3.030426025390625,0.091949462890625,6.889801025390625,2.332183837890625
2020-11-16,4.32110595703125,3.59259033203125,2.78302001953125,4.03302001953125,6.82110595703125,3.05841064453125
2020-11-17,0.700592041015625,1.890045166015625,-0.855072021484375,1.170318603515625,1.976959228515625,-0.205657958984375
2020-11-18,-1.873443603515625,0.134368896484375,-1.173248291015625,-2.652740478515625,0.643157958984375,-0.021881103515625
2020-11-19,-0.15966796875,-1.93701171875,-1.73583984375,-1.10595703125,2.80029296875,-1.50146484375
2020-11-20,-2.048736572265625,-3.341705322265625,-4.160064697265625,-2.896392822265625,-0.216705322265625,-4.544830322265625
2020-11-21,-3.389251708984375,-1.681243896484375,-4.139251708984375,-3.210540771484375,1.969146728515625,-0.585540771484375
2020-11-22,1.919708251953125,1.834747314453125,1.141387939453125,2.098419189453125,0.612091064453125,3.885528564453125
2020-11-23,-3.641387939453125,-2.972442626953125,-3.293731689453125,-2.356231689453125,-0.070098876953125,-4.324005126953125
2020-11-24,-2.881805419921875,-2.184539794921875,-1.949188232421875,-1.985321044921875,-0.261688232421875,3.965850830078125
2020-11-25,-3.350616455078125,-0.808624267578125,-1.899444580078125,-3.242218017578125,1.839813232421875,0.906219482421875
2020-11-26,-4.404327392578125,0.214813232421875,-3.097686767578125,-4.084014892578125,1.282196044921875,-1.396514892578125
2020-11-27,-3.718231201171875,-0.033660888671875,-1.635223388671875,-1.869598388671875,4.095245361328125,1.632354736328125
2020-11-28,-1.967803955078125,-3.334991455078125,-3.414093017578125,-2.410186767578125,1.542938232421875,-2.422882080078125
2020-11-29,-5.127838134765625,-5.645416259765625,-8.531158447265625,-7.290924072265625,-4.202056884765625,-7.789947509765625
2020-11-30,-6.05682373046875,-5.64276123046875,-4.59100341796875,-5.72088623046875,-0.79217529296875,-3.24432373046875
2020-12-01,-0.1845703125,0.2509765625,-0.2451171875,-1.7548828125,4.2802734375,-0.599609375
2020-12-02,-0.338958740234375,0.918853759765625,1.744049072265625,0.250885009765625,5.008697509765625,0.041900634765625
2020-12-03,0.802398681640625,2.515289306640625,1.830718994140625,0.501617431640625,3.316070556640625,0.308258056640625
2020-12-04,0.524200439453125,2.498809814453125,-0.338104248046875,-0.742401123046875,3.410919189453125,2.126739501953125
2020-12-05,4.06011962890625,5.21441650390625,2.35406494140625,3.87750244140625,6.81695556640625,1.17437744140625
2020-12-06,-0.64642333984375,1.29888916015625,0.05084228515625,-0.39739990234375,2.76275634765625,-1.22454833984375
2020-12-07,3.016326904296875,3.067108154296875,1.031951904296875,1.219451904296875,5.574920654296875,0.707733154296875
2020-12-08,-0.651824951171875,0.986846923828125,-0.721160888671875,-0.317840576171875,2.792510986328125,-0.189910888671875
2020-12-09,-1.567474365234375,-1.133880615234375,-1.519622802734375,-1.788177490234375,0.971588134765625,-3.426849365234375
2020-12-10,-1.208831787109375,-0.247894287109375,-0.734222412109375,0.720855712890625,2.994293212890625,-1.144378662109375
2020-12-11,0.871307373046875,1.290252685546875,1.597869873046875,1.232635498046875,2.924041748046875,0.209197998046875
2020-12-12,0.713348388671875,-0.384307861328125,-1.442901611328125,-0.263214111328125,1.779754638671875,-1.983917236328125
2020-12-13,-0.413604736328125,-1.281768798828125,-3.664581298828125,-1.748565673828125,-0.935089111328125,-4.745635986328125
2020-12-14,-4.498870849609375,-1.627777099609375,-3.989105224609375,-3.784027099609375,0.275543212890625,-4.785003662109375
2020-12-15,-2.83056640625,-0.02880859375,-3.94384765625,-2.18310546875,0.40869140625,-3.53759765625
2020-12-16,-2.852935791015625,-0.080474853515625,-3.156646728515625,-1.129302978515625,-1.716217041015625,-4.659576416015625
2020-12-17,-3.043060302734375,-2.244232177734375,-4.203216552734375,-3.718841552734375,-2.204193115234375,-5.967864990234375
2020-12-18,-4.25018310546875,0.03692626953125,-3.75604248046875,-2.54608154296875,0.16876220703125,-2.17010498046875
2020-12-19,-3.60296630859375,-2.87054443359375,-1.41253662109375,-0.64398193359375,4.27789306640625,0.96441650390625
2020-12-20,-2.850921630859375,-1.222991943359375,-3.515960693359375,-1.732757568359375,0.573883056640625,-2.515960693359375
2020-12-21,-2.5814208984375,1.0914306640625,-2.1097412109375,-1.7825927734375,-0.7825927734375,-3.3646240234375
2020-12-22,-1.28228759765625,0.22650146484375,0.82904052734375,-0.83502197265625,2.62591552734375,-0.58502197265625
2020-12-23,3.032623291015625,6.272857666015625,4.947662353515625,4.633209228515625,6.073638916015625,2.673248291015625
2020-12-24,1.796905517578125,2.981475830078125,2.706085205078125,2.143585205078125,4.269561767578125,0.762725830078125
2020-12-25,-3.738189697265625,-4.885650634765625,-6.151275634765625,-4.424713134765625,0.756927490234375,-3.449127197265625
2020-12-26,0.82843017578125,0.87921142578125,-0.39129638671875,-0.11102294921875,0.76593017578125,-2.31903076171875
2020-12-27,2.496063232421875,4.065399169921875,2.461883544921875,3.874969482421875,5.506805419921875,-0.106475830078125
2020-12-28,1.624542236328125,2.790557861328125,3.608917236328125,2.580596923828125,5.693878173828125,2.072784423828125
2020-12-29,2.128204345703125,2.144805908203125,0.687774658203125,1.836212158203125,3.624298095703125,0.201446533203125
2020-12-30,-3.201812744140625,-2.586578369140625,-1.976226806640625,-5.033843994140625,0.431976318359375,-3.262359619140625
2020-12-31,-3.222381591796875,-1.559295654296875,-2.787811279296875,-7.794647216796875,1.407501220703125,-3.832733154296875
2021-01-01,0.324859619140625,1.640289306640625,-4.180999755859375,-2.271820068359375,1.207672119140625,-1.236663818359375
2021-01-02,0.183258056640625,1.402008056640625,0.195953369140625,0.152984619140625,2.644195556640625,-1.521820068359375
2021-01-03,-1.733551025390625,-1.125152587890625,-2.527496337890625,-0.828277587890625,1.541839599609375,-1.795074462890625
2021-01-04,-0.34637451171875,0.34698486328125,-0.02117919921875,-0.47430419921875,2.53936767578125,-1.56414794921875
2021-01-05,0.785552978515625,0.652740478515625,-0.196868896484375,0.666412353515625,2.030670166015625,-1.589447021484375
2021-01-06,-1.877960205078125,-0.612335205078125,-1.038116455078125,-0.492218017578125,2.840789794921875,-0.206085205078125
2021-01-07,-1.03070068359375,-2.14202880859375,-1.24163818359375,-1.51019287109375,2.31109619140625,1.00347900390625
2021-01-08,-3.624176025390625,-4.724761962890625,-3.681793212890625,-3.881988525390625,1.980316162109375,-2.890777587890625
2021-01-09,-3.568878173828125,-4.751495361328125,-4.023956298828125,-3.331573486328125,4.238739013671875,-0.400909423828125
2021-01-10,-3.593536376953125,-3.811309814453125,-2.729278564453125,-2.292755126953125,3.614471435546875,-0.641387939453125
2021-01-11,-3.197723388671875,-3.872528076171875,-3.400848388671875,-2.449676513671875,1.573760986328125,-1.930145263671875
2021-01-12,-13.410369873046877,-11.159393310546877,-11.292205810546877,-10.077362060546877,-6.193572998046875,-10.224822998046877
2021-01-13,-8.94775390625,-8.06982421875,-9.66748046875,-8.82275390625,-8.65478515625,-10.45654296875
2021-01-14,-8.50433349609375,-8.77288818359375,-11.23870849609375,-9.79632568359375,-9.51898193359375,-12.02288818359375
2021-01-15,-12.401092529296877,-12.030975341796877,-14.686248779296877,-12.627655029296877,-15.358123779296877,-15.001678466796877
2021-01-16,-9.388580322265623,-10.352447509765623,-11.109283447265623,-9.762603759765623,-13.769439697265623,-12.941314697265623
2021-01-17,-12.615631103515623,-11.755279541015623,-16.019927978515625,-16.733795166015625,-13.268951416015623,-18.34120178222656
2021-01-18,-12.381591796875,-7.789794921875,-8.703857421875,-10.679443359375,-3.191162109375,-9.736083984375
2021-01-19,-1.850738525390625,0.451019287109375,-0.319488525390625,-1.409332275390625,1.347503662109375,-1.500152587890625
2021-01-20,0.55242919921875,4.11590576171875,2.37664794921875,0.64324951171875,3.08074951171875,-0.63018798828125
2021-01-21,3.555755615234375,4.662200927734375,2.723724365234375,2.941497802734375,3.385833740234375,0.306732177734375
2021-01-22,-0.558258056640625,0.339202880859375,-0.260406494140625,-0.643218994140625,1.426116943359375,-1.902984619140625
2021-01-23,1.384552001953125,1.334747314453125,0.295684814453125,0.440216064453125,2.708770751953125,-1.697479248046875
2021-01-24,-1.094512939453125,-1.836700439453125,-0.666778564453125,-0.299591064453125,0.657440185546875,-1.649200439453125
2021-01-25,-6.542633056640625,-7.738922119140625,-8.640289306640625,-7.699859619140625,-6.779937744140625,-9.276031494140623
2021-01-26,-12.531005859375,-9.245849609375,-12.438232421875,-11.432373046875,-14.246826171875,-14.095458984375
2021-01-27,-5.8359375,-4.0888671875,-5.9404296875,-5.5673828125,-3.703125,-6.7822265625
2021-01-28,0.044097900390625,-0.278167724609375,-0.882659912109375,-0.060394287109375,2.708160400390625,-0.728363037109375
2021-01-29,-0.34814453125,2.08154296875,1.19384765625,0.29345703125,2.27197265625,-0.14599609375
2021-01-30,0.1646728515625,-1.4056396484375,-0.1136474609375,-1.0091552734375,3.0611572265625,0.0318603515625
2021-01-31,-2.1700439453125,-0.4268798828125,0.3074951171875,-1.4805908203125,3.6619873046875,0.7528076171875
2021-02-01,-2.526885986328125,-0.694854736328125,-3.208526611328125,-3.455596923828125,1.248504638671875,-1.784698486328125
2021-02-02,-1.170989990234375,0.818267822265625,1.209869384765625,-1.413177490234375,3.305572509765625,-0.671966552734375
2021-02-03,-1.2042236328125,0.5047607421875,-2.3018798828125,-1.5372314453125,2.6268310546875,-0.2706298828125
2021-02-04,0.713165283203125,1.292266845703125,0.256134033203125,0.205352783203125,2.399688720703125,1.509063720703125
2021-02-05,1.602569580078125,3.934600830078125,2.597686767578125,-0.485321044921875,2.002960205078125,2.338897705078125
2021-02-06,7.32403564453125,5.97442626953125,4.38848876953125,6.79278564453125,6.92071533203125,3.02618408203125
2021-02-07,0.87530517578125,1.34893798828125,1.74737548828125,2.88409423828125,3.77374267578125,1.04718017578125
2021-02-08,-0.287628173828125,2.470184326171875,1.368621826171875,1.442840576171875,4.621551513671875,0.894989013671875
2021-02-09,3.850433349609375,3.250823974609375,2.818206787109375,2.924652099609375,5.993988037109375,0.933441162109375
2021-02-10,-9.304229736328123,-10.765167236328123,-12.356964111328123,-10.294464111328123,-4.286651611328125,-6.592315673828125
2021-02-11,-10.451324462890623,-12.104644775390623,-14.926910400390623,-11.770660400390623,-8.957183837890625,-14.243316650390623
2021-02-12,-11.006927490234377,-12.750091552734377,-15.014739990234377,-14.013763427734377,-11.406341552734377,-15.405364990234377
2021-02-13,-7.659942626953125,-9.394317626953123,-11.231231689453123,-9.934356689453123,-8.658966064453125,-13.781036376953123
2021-02-14,-7.231414794921875,-9.386688232421877,-15.556610107421877,-9.540985107421877,-14.029266357421877,-15.469696044921877
2021-02-15,-6.349700927734375,-7.080169677734375,-11.640716552734377,-8.240325927734375,-10.877044677734377,-10.960052490234377
2021-02-16,-1.251251220703125,-0.449493408203125,-4.568634033203125,-2.104766845703125,-2.601837158203125,-4.686798095703125
2021-02-17,-5.363311767578125,-5.647491455078125,-6.988311767578125,-6.625030517578125,-5.383819580078125,-6.769561767578125
2021-02-18,-2.797454833984375,-2.755462646484375,-1.490814208984375,-2.540618896484375,0.183990478515625,-4.446868896484375
2021-02-19,0.990203857421875,0.299774169921875,0.482391357421875,0.140594482421875,1.846649169921875,-0.454132080078125
2021-02-20,-3.568878173828125,-1.915557861328125,-5.557159423828125,-3.034698486328125,-4.533721923828125,-3.039581298828125
2021-02-21,-3.736968994140625,1.869476318359375,-4.296539306640625,0.313812255859375,-3.398101806640625,-1.570953369140625
2021-02-22,2.78070068359375,3.71527099609375,0.08929443359375,2.67132568359375,-0.92340087890625,-0.62945556640625
2021-02-23,-0.544647216796875,1.651641845703125,0.687774658203125,0.628204345703125,3.570587158203125,1.921173095703125
2021-02-24,-2.387542724609375,0.918121337890625,-2.725433349609375,0.010894775390625,1.782379150390625,0.728668212890625
2021-02-25,0.305328369140625,3.812164306640625,-2.918304443359375,1.619781494140625,0.426422119140625,-0.334320068359375
2021-02-26,-0.541839599609375,-0.932464599609375,-1.740081787109375,-0.538909912109375,2.575347900390625,-1.743011474609375
2021-02-27,-3.643035888671875,-3.905731201171875,-5.789520263671875,-4.452606201171875,-2.212371826171875,-4.744598388671875
2021-02-28,-0.570831298828125,-0.978057861328125,-4.085479736328125,-1.465362548828125,-1.418487548828125,-4.859893798828125
2021-03-01,-2.565032958984375,-2.076751708984375,-4.892181396484375,-1.980072021484375,-1.539642333984375,-5.386322021484375
2021-03-02,-4.403778076171875,0.019073486328125,-5.403778076171875,-3.756317138671875,0.928253173828125,-2.929168701171875
2021-03-03,-3.223724365234375,-1.164154052734375,-3.313568115234375,-3.410247802734375,-1.182708740234375,-4.039154052734375
2021-03-04,1.381744384765625,0.536041259765625,0.825103759765625,0.968658447265625,3.447174072265625,-0.282318115234375
2021-03-05,-5.032501220703125,-6.832305908203125,-6.471954345703125,-4.918243408203125,-2.204376220703125,-5.303009033203125
2021-03-06,-5.445770263671875,-4.011199951171875,-5.464324951171875,-3.890106201171875,-1.484832763671875,-5.259246826171875
2021-03-07,-1.041534423828125,-0.599151611328125,-1.145050048828125,-0.608917236328125,2.270965576171875,-1.729034423828125
2021-03-08,-1.694000244140625,-2.255523681640625,-1.284820556640625,-1.694976806640625,2.815765380859375,-1.167633056640625
2021-03-09,-5.40911865234375,-7.05853271484375,-8.29486083984375,-7.94622802734375,-3.78411865234375,-6.76165771484375
2021-03-10,-5.610870361328125,-4.107940673828125,-5.056182861328125,-8.372589111328125,-4.476104736328125,-4.915557861328125
2021-03-11,-1.53778076171875,2.55792236328125,0.90264892578125,-0.85223388671875,3.02862548828125,-1.04266357421875
2021-03-12,-2.570068359375,-0.006591796875,-0.539794921875,-2.451904296875,1.530517578125,-2.097412109375
2021-03-13,0.93896484375,0.32958984375,-0.06982421875,1.56689453125,3.41943359375,-0.41259765625
2021-03-14,-5.682098388671875,-3.404754638671875,-4.907684326171875,-4.168426513671875,-3.448699951171875,-4.869598388671875
2021-03-15,-1.682403564453125,-2.671661376953125,-4.169708251953125,-2.936309814453125,-8.227325439453125,-4.720489501953125
2021-03-16,-3.594451904296875,-3.886444091796875,-6.556365966796875,-3.709686279296875,-5.623748779296875,-8.370819091796875
2021-03-17,-3.859649658203125,-4.999298095703125,-5.279571533203125,-3.582305908203125,-5.633087158203125,-6.521759033203125
2021-03-18,-7.097625732421875,-12.579071044921877,-7.012664794921875,-6.379852294921875,-5.457000732421875,-9.051727294921877
2021-03-19,-2.448394775390625,-3.489410400390625,-4.176910400390625,-3.348785400390625,-0.886871337890625,-4.787261962890625
2021-03-20,-2.189788818359375,-3.447601318359375,-4.447601318359375,-3.368499755859375,-0.609710693359375,-4.547210693359375
2021-03-21,-4.836273193359375,-5.077484130859375,-6.432952880859375,-5.083343505859375,-3.221038818359375,-6.733734130859375
2021-03-22,-5.871490478515625,-5.186920166015625,-7.401763916015625,-9.100006103515623,-6.278717041015625,-7.769927978515625
2021-03-23,-6.4730224609375,-6.9847412109375,-6.5384521484375,-8.2816162109375,-5.7659912109375,-7.7884521484375
2021-03-24,-6.58892822265625,-6.84381103515625,-8.27056884765625,-7.15338134765625,-9.44244384765625,-9.90240478515625
2021-03-25,-6.520965576171875,-4.362762451171875,-4.686004638671875,-4.949676513671875,-4.408660888671875,-6.575653076171875
2021-03-26,-2.005889892578125,-0.928741455078125,-1.179718017578125,-0.436553955078125,1.371063232421875,-1.513702392578125
2021-03-27,-0.149200439453125,-1.715606689453125,-1.805450439453125,-0.417755126953125,1.281463623046875,-1.478302001953125
2021-03-28,2.0185546875,-0.1416015625,-0.509765625,0.0966796875,1.4453125,-0.8798828125
2021-03-29,4.95306396484375,3.30560302734375,1.95989990234375,4.11419677734375,4.54095458984375,1.07318115234375
2021-03-30,4.242950439453125,4.760528564453125,1.671661376953125,2.322052001953125,1.763458251953125,-1.281463623046875
2021-03-31,1.423675537109375,4.011566162109375,-0.062652587890625,1.470550537109375,4.690277099609375,1.133636474609375
2021-04-01,4.76123046875,4.30322265625,2.51806640625,4.04150390625,7.16455078125,1.88525390625
2021-04-02,0.20001220703125,-0.27166748046875,-0.97967529296875,0.28009033203125,2.82989501953125,-2.01776123046875
2021-04-03,-0.4405517578125,-3.0538330078125,-2.9718017578125,-2.3116455078125,-2.7657470703125,-4.5469970703125
2021-04-04,-3.940948486328125,-0.930206298828125,-6.110870361328125,-5.043487548828125,2.748504638671875,-4.583526611328125
2021-04-05,-3.94049072265625,-5.18756103515625,-4.22174072265625,-3.98931884765625,4.56341552734375,-0.71490478515625
2021-04-06,-10.093353271484377,-8.216400146484375,-10.386322021484377,-8.981048583984375,-7.119720458984375,-7.780853271484375
2021-04-07,-6.280426025390625,-7.006011962890625,-11.712066650390623,-10.263824462890623,-8.711090087890625,-9.967926025390623
2021-04-08,-9.820831298828123,-5.076690673828125,-6.774932861328125,-9.234893798828123,-2.844268798828125,-7.258331298828125
2021-04-09,-3.337799072265625,-1.417877197265625,-5.756744384765625,-2.691314697265625,-1.491119384765625,-5.813385009765625
2021-04-10,2.807403564453125,3.541778564453125,-0.288299560546875,0.367950439453125,1.970489501953125,-0.973846435546875
2021-04-11,4.175201416015625,5.799224853515625,0.811920166015625,3.235748291015625,5.330474853515625,0.672271728515625
2021-04-12,0.108612060546875,-0.428497314453125,0.409393310546875,2.274627685546875,3.487518310546875,0.589080810546875
2021-04-13,-0.911041259765625,-2.186431884765625,-4.456939697265625,-2.093658447265625,0.628997802734375,-3.309478759765625
2021-04-14,-3.08245849609375,-4.22894287109375,-7.51019287109375,-3.98480224609375,-3.46527099609375,-6.13616943359375
2021-04-15,-0.837646484375,-2.031982421875,-2.788818359375,-2.325927734375,2.440673828125,-0.929443359375
2021-04-16,-0.321990966796875,-1.341522216796875,-1.635467529296875,-0.266326904296875,3.011993408203125,-1.469451904296875
2021-04-17,-1.648223876953125,-0.086700439453125,-0.516387939453125,0.836151123046875,1.325408935546875,-1.995880126953125
2021-04-18,3.157440185546875,1.923065185546875,0.459197998046875,2.109588623046875,1.983612060546875,-0.323028564453125
2021-04-19,-0.530975341796875,-0.644256591796875,-0.167694091796875,-0.852264404296875,2.897735595703125,-1.228240966796875
2021-04-20,-2.029083251953125,0.312713623046875,0.071502685546875,-1.187286376953125,1.234588623046875,-3.413848876953125
2021-04-21,4.009490966796875,3.152069091796875,1.551483154296875,3.316131591796875,5.484100341796875,1.258514404296875
2021-04-22,4.238189697265625,2.582916259765625,2.256744384765625,4.005767822265625,5.234283447265625,1.860260009765625
2021-04-23,-0.264312744140625,-0.444000244140625,-1.857086181640625,-0.033843994140625,0.359710693359375,-2.108062744140625
2021-04-24,1.828094482421875,2.296844482421875,0.138641357421875,0.761688232421875,0.999969482421875,-1.269561767578125
2021-04-25,4.76788330078125,5.32354736328125,1.80108642578125,3.49053955078125,5.87139892578125,0.30499267578125
2021-04-26,5.10650634765625,4.61431884765625,3.09381103515625,3.34088134765625,5.64849853515625,1.61920166015625
2021-04-27,5.55615234375,6.31591796875,4.51123046875,4.11279296875,6.64794921875,2.37158203125
2021-04-28,7.2860107421875,8.8406982421875,5.2039794921875,7.2947998046875,8.3729248046875,3.7528076171875
2021-04-29,6.89019775390625,9.01812744140625,6.16949462890625,5.81304931640625,8.57379150390625,3.89801025390625
2021-04-30,12.07513427734375,12.76751708984375,10.39251708984375,11.65228271484375,13.16790771484375,7.78314208984375
2021-05-01,7.571807861328125,7.606964111328125,4.399932861328125,4.776885986328125,7.390167236328125,0.805206298828125
2021-05-02,7.767822265625,6.341064453125,5.069580078125,7.223876953125,4.448486328125,4.301025390625
2021-05-03,7.371795654296875,7.256561279296875,5.816131591796875,6.410858154296875,8.339569091796875,2.767303466796875
2021-05-04,5.648468017578125,6.049835205078125,4.949249267578125,4.609405517578125,8.286163330078125,3.683624267578125
2021-05-05,4.699920654296875,6.296600341796875,5.321990966796875,3.973358154296875,6.306365966796875,1.410858154296875
2021-05-06,8.580535888671875,5.822723388671875,6.520965576171875,6.530731201171875,7.366668701171875,2.639129638671875
2021-05-07,2.58184814453125,1.85040283203125,2.41876220703125,0.98419189453125,4.28497314453125,2.38946533203125
2021-05-08,5.607818603515625,8.175201416015625,4.445709228515625,4.662506103515625,8.127349853515625,4.049224853515625
2021-05-09,9.80389404296875,8.02850341796875,6.51190185546875,9.31072998046875,8.13592529296875,5.49432373046875
2021-05-10,9.505645751953123,10.829864501953123,8.169708251953125,8.374786376953125,11.066192626953123,4.312286376953125
2021-05-11,5.139495849609375,6.408050537109375,4.986175537109375,5.010589599609375,7.879730224609375,3.006683349609375
2021-05-12,4.09765625,5.5380859375,6.3603515625,6.076171875,8.298828125,4.419921875
2021-05-13,6.626983642578125,7.376983642578125,5.512725830078125,6.334014892578125,8.092803955078125,3.784210205078125
2021-05-14,5.786865234375,6.114013671875,4.655029296875,4.885498046875,8.328857421875,4.392333984375
2021-05-15,7.42498779296875,7.07537841796875,7.05096435546875,6.77655029296875,7.47772216796875,4.37811279296875
2021-05-16,9.092803955078123,7.771514892578125,5.058624267578125,6.534210205078125,10.408233642578123,6.287139892578125
2021-05-17,5.071441650390625,4.570465087890625,3.821441650390625,4.087066650390625,6.115386962890625,1.939605712890625
2021-05-18,6.803741455078125,6.107452392578125,6.186553955078125,6.809600830078125,8.376007080078125,5.892608642578125
2021-05-19,6.514373779296875,5.400115966796875,4.346405029296875,5.239959716796875,5.609100341796875,3.124725341796875
2021-05-20,4.07354736328125,7.04718017578125,3.97784423828125,3.59405517578125,5.03448486328125,2.16241455078125
2021-05-21,9.191192626953123,10.032012939453123,6.673614501953125,7.406036376953125,7.790802001953125,6.010528564453125
2021-05-22,10.682464599609377,11.027191162109377,7.773284912109375,10.376800537109377,11.209808349609377,8.795745849609375
2021-05-23,14.260772705078123,16.642608642578125,11.409210205078123,12.670928955078123,16.603546142578125,11.984405517578123
2021-05-24,12.723175048828123,11.600128173828123,7.431182861328125,9.806182861328123,9.589385986328123,5.766143798828125
2021-05-25,10.169158935546877,9.092987060546877,8.780487060546875,9.801971435546877,9.584197998046877,9.675994873046877
2021-05-26,10.52777099609375,9.40765380859375,7.97503662109375,9.45452880859375,9.15081787109375,5.84906005859375
2021-05-27,7.36627197265625,6.99810791015625,4.77349853515625,6.54400634765625,8.23541259765625,5.52056884765625
2021-05-28,8.94390869140625,7.65386962890625,6.73004150390625,7.85015869140625,10.30328369140625,6.63531494140625
2021-05-29,5.699371337890625,5.360504150390625,2.507965087890625,4.254058837890625,6.667144775390625,3.875152587890625
2021-05-30,5.933746337890625,5.400543212890625,3.541168212890625,5.820465087890625,5.178863525390625,3.463043212890625
2021-05-31,5.442413330078125,5.295928955078125,2.567413330078125,4.045928955078125,4.342803955078125,1.130889892578125
2021-06-01,7.751617431640625,5.649078369140625,5.270172119140625,5.955718994140625,5.102203369140625,4.585601806640625
2021-06-02,6.128509521484375,6.395111083984375,5.116790771484375,6.413665771484375,7.167572021484375,3.095306396484375
2021-06-03,7.265960693359375,5.797210693359375,7.258148193359375,7.586273193359375,7.278656005859375,5.711273193359375
2021-06-04,10.392333984375,11.215576171875,8.803466796875,9.470458984375,10.971435546875,7.518310546875
2021-06-05,11.12152099609375,10.85980224609375,9.08148193359375,10.05120849609375,11.83441162109375,8.14105224609375
2021-06-06,11.637908935546877,11.051971435546877,8.715057373046875,9.253143310546877,12.083221435546877,8.923065185546875
2021-06-07,12.39801025390625,12.31597900390625,8.39996337890625,10.80328369140625,10.26031494140625,7.23980712890625
2021-06-08,13.10577392578125,12.44757080078125,9.64483642578125,11.72491455078125,10.73956298828125,7.63897705078125
2021-06-09,11.562835693359377,10.720062255859377,8.847991943359375,9.982757568359377,10.062835693359377,6.881195068359375
2021-06-10,9.11407470703125,9.01153564453125,7.39727783203125,8.05157470703125,9.39727783203125,5.76934814453125
2021-06-11,12.02105712890625,11.53668212890625,7.65777587890625,9.50054931640625,9.11285400390625,6.58062744140625
2021-06-12,10.70745849609375,8.57659912109375,6.66058349609375,7.78656005859375,9.52972412109375,5.23284912109375
2021-06-13,7.633331298828125,8.078643798828125,4.510284423828125,5.940948486328125,7.814971923828125,3.546417236328125
2021-06-14,9.24603271484375,9.73431396484375,6.69036865234375,7.32611083984375,8.45892333984375,5.30950927734375
2021-06-15,10.254730224609377,10.831878662109377,9.418792724609377,10.688323974609377,11.869964599609377,9.142425537109377
2021-06-16,12.058868408203123,11.016876220703123,10.502227783203123,9.758087158203123,12.760040283203123,9.993438720703123
2021-06-17,13.511810302734377,13.910247802734377,10.898529052734377,12.505950927734377,12.306732177734377,9.406341552734377
2021-06-18,14.804901123046877,14.948455810546877,11.417205810546877,13.323455810546877,13.217010498046877,9.950408935546877
2021-06-19,14.383331298828123,14.389190673828123,12.073760986328123,14.874542236328123,13.997589111328123,10.770050048828123
2021-06-20,14.559967041015623,14.918365478515623,14.342193603515623,14.944732666015623,16.531646728515625,13.778717041015623
2021-06-21,14.520111083984377,15.594329833984377,13.193939208984377,15.555267333984377,15.396087646484377,13.061126708984377
2021-06-22,15.24212646484375,16.90716552734375,14.51361083984375,16.46478271484375,17.44818115234375,14.55462646484375
2021-06-23,15.1943359375,18.2265625,14.869140625,15.4580078125,19.271484375,15.03515625
2021-06-24,16.070037841796875,16.502655029296875,14.184295654296877,15.462615966796877,17.509490966796875,13.832733154296877
2021-06-25,16.60626220703125,15.13360595703125,12.87774658203125,14.56622314453125,15.03985595703125,13.12481689453125
2021-06-26,15.118072509765623,14.933502197265623,14.506744384765623,15.454986572265623,14.218658447265623,14.193267822265623
2021-06-27,15.98260498046875,16.87908935546875,14.11248779296875,15.25799560546875,15.11444091796875,12.96112060546875
2021-06-28,14.642669677734377,16.490325927734375,14.588958740234377,14.513763427734377,16.863372802734375,14.018646240234377
2021-06-29,14.68267822265625,15.98541259765625,14.06646728515625,15.23736572265625,17.47369384765625,13.45416259765625
2021-06-30,13.770172119140623,13.574859619140623,12.354156494140623,13.153961181640623,13.985015869140623,10.756500244140623
2021-07-01,13.24737548828125,12.49151611328125,9.93292236328125,11.93878173828125,12.72198486328125,9.34405517578125
2021-07-02,12.23193359375,11.33349609375,9.83642578125,11.94287109375,11.55029296875,9.69482421875
2021-07-03,13.3350830078125,13.6895751953125,11.8927001953125,12.9376220703125,14.8009033203125,11.0596923828125
2021-07-04,15.01312255859375,14.49945068359375,12.12054443359375,13.88616943359375,15.02484130859375,11.51995849609375
2021-07-05,15.079803466796877,14.493865966796877,14.329803466796877,14.967498779296877,15.251678466796877,13.597381591796877
2021-07-06,17.192413330078125,16.959014892578125,16.393585205078125,16.871124267578125,15.796905517578123,13.371124267578123
2021-07-07,17.96527099609375,17.99749755859375,16.07464599609375,16.00042724609375,17.17425537109375,17.52581787109375
2021-07-08,16.84832763671875,17.57196044921875,13.90985107421875,16.31414794921875,17.51336669921875,14.28192138671875
2021-07-09,14.676361083984377,14.743743896484377,13.703704833984377,14.792572021484377,16.319915771484375,15.476165771484377
2021-07-10,13.60955810546875,13.75018310546875,12.90740966796875,12.96209716796875,14.78924560546875,11.27947998046875
2021-07-11,15.171295166015623,15.053131103515623,13.474029541015623,14.934967041015623,15.302154541015623,12.214263916015623
2021-07-12,15.51324462890625,17.76812744140625,14.05426025390625,15.49078369140625,15.99078369140625,13.55426025390625
2021-07-13,17.10833740234375,17.77142333984375,13.81634521484375,16.42474365234375,17.01361083984375,13.45892333984375
2021-07-14,16.922271728515625,16.449615478515625,13.353912353515623,16.529693603515625,14.652740478515623,12.335357666015623
2021-07-15,15.08917236328125,14.24542236328125,13.56964111328125,14.82550048828125,12.92315673828125,12.21417236328125
2021-07-16,14.812347412109377,14.139495849609377,13.525238037109377,14.034027099609377,15.271331787109377,12.267425537109377
2021-07-17,15.429351806640623,15.440093994140623,13.703765869140623,14.701812744140623,15.968414306640623,12.338531494140623
2021-07-18,15.42803955078125,14.40167236328125,13.87139892578125,14.50714111328125,14.70050048828125,11.76300048828125
2021-07-19,14.335418701171877,13.336395263671877,11.395965576171877,14.094207763671877,13.874481201171877,12.250457763671877
2021-07-20,11.846435546875,11.175537109375,9.609130859375,11.041748046875,12.324951171875,8.276123046875
2021-07-21,12.763153076171877,11.574676513671877,10.355926513671877,11.508270263671877,13.232879638671877,11.605926513671877
2021-07-22,13.391693115234377,11.972747802734377,11.639739990234377,12.057708740234377,12.539154052734377,10.492279052734377
2021-07-23,13.12896728515625,13.76373291015625,11.51470947265625,11.03717041015625,12.74713134765625,13.29791259765625
2021-07-24,15.416046142578123,17.246124267578125,14.171905517578123,14.297882080078123,16.273468017578125,13.911163330078123
2021-07-25,15.525634765625,17.224853515625,13.833251953125,16.263916015625,16.079345703125,14.022705078125
2021-07-26,16.36187744140625,17.72906494140625,15.31304931640625,17.10601806640625,16.15875244140625,14.84625244140625
2021-07-27,14.53118896484375,18.67279052734375,15.14154052734375,15.44622802734375,18.43841552734375,14.89447021484375
2021-07-28,14.2967529296875,16.2000732421875,14.5506591796875,14.8983154296875,17.5213623046875,14.6112060546875
2021-07-29,17.657806396484375,17.547454833984375,14.505462646484377,16.972259521484375,15.345306396484377,12.959564208984377
2021-07-30,16.554962158203125,18.299102783203125,15.723907470703123,17.211212158203125,16.914337158203125,15.833282470703123
2021-07-31,16.903411865234375,21.20809936523437,16.045989990234375,17.676849365234375,20.81845092773437,15.539154052734377
2021-08-01,14.52532958984375,15.89837646484375,12.78802490234375,14.47161865234375,16.55169677734375,13.03900146484375
2021-08-02,13.796875,14.7919921875,12.2373046875,13.3583984375,15.1005859375,12.5830078125
2021-08-03,17.126983642578125,19.971710205078125,16.457061767578125,16.731475830078125,19.466827392578125,15.054718017578123
2021-08-04,14.260986328125,15.598876953125,13.395751953125,15.067626953125,15.237548828125,12.990478515625
2021-08-05,13.2529296875,13.201171875,11.2001953125,14.7021484375,13.1240234375,10.3369140625
2021-08-06,13.611480712890623,16.023590087890625,12.812652587890623,14.706207275390623,14.585113525390623,13.106597900390623
2021-08-07,15.381072998046877,17.530487060546875,14.457244873046877,16.504119873046875,17.585174560546875,14.211151123046877
2021-08-08,16.94122314453125,17.17071533203125,15.22442626953125,17.76934814453125,17.61016845703125,15.36602783203125
2021-08-09,17.101409912109375,17.970550537109375,16.101409912109375,17.231292724609375,18.53988647460937,17.242034912109375
2021-08-10,16.3785400390625,16.8424072265625,13.7135009765625,15.0426025390625,17.3541259765625,12.7847900390625
2021-08-11,15.07904052734375,14.56341552734375,13.59271240234375,14.12396240234375,17.41497802734375,15.26947021484375
2021-08-12,15.06268310546875,14.66522216796875,14.67205810546875,16.05584716796875,16.08221435546875,14.87322998046875
2021-08-13,15.38568115234375,14.29290771484375,15.00677490234375,16.02825927734375,16.73529052734375,15.89739990234375
2021-08-14,17.328369140625,17.520751953125,16.299072265625,16.566650390625,17.222900390625,17.654541015625
2021-08-15,15.52996826171875,17.62078857421875,15.18035888671875,15.25848388671875,17.62567138671875,14.06317138671875
2021-08-16,15.397430419921877,13.459930419921877,15.256805419921877,15.914031982421877,16.112274169921875,14.703094482421877
2021-08-17,14.08099365234375,12.54681396484375,11.09173583984375,13.28802490234375,14.51654052734375,10.84466552734375
2021-08-18,11.182952880859377,10.493499755859377,10.863616943359377,11.080413818359377,13.400726318359377,12.090179443359377
2021-08-19,14.4808349609375,13.3343505859375,12.5892333984375,14.2191162109375,14.5667724609375,14.0384521484375
2021-08-20,12.319091796875,11.946044921875,11.285888671875,13.473388671875,14.615966796875,11.488037109375
2021-08-21,13.462646484375,14.088623046875,12.745849609375,13.164794921875,13.825927734375,14.999755859375
2021-08-22,15.1932373046875,15.2674560546875,13.3104248046875,15.4071044921875,14.4080810546875,12.0028076171875
2021-08-23,15.852294921875,14.269287109375,12.640380859375,14.253662109375,15.138427734375,15.031982421875
2021-08-24,12.625091552734377,10.879974365234377,11.458099365234377,12.055755615234377,14.992279052734377,12.508880615234377
2021-08-25,10.16033935546875,10.75604248046875,11.50799560546875,11.52557373046875,14.00018310546875,10.78045654296875
2021-08-26,12.435089111328123,12.235870361328123,10.428253173828123,11.485870361328123,11.536651611328123,11.330596923828123
2021-08-27,12.374664306640623,11.424468994140623,11.491851806640623,12.942047119140623,14.804351806640623,11.098297119140623
2021-08-28,10.72265625,9.6142578125,10.0234375,10.82421875,11.052734375,8.267578125
2021-08-29,7.449493408203125,9.054962158203123,6.985626220703125,7.530548095703125,9.136016845703123,6.388946533203125
2021-08-30,10.577484130859377,11.115570068359377,7.596038818359375,9.460296630859377,10.980804443359377,7.055023193359375
2021-08-31,9.97943115234375,8.72259521484375,7.01556396484375,8.29095458984375,9.88763427734375,7.25482177734375
2021-09-01,8.70526123046875,8.13299560546875,6.69647216796875,8.21502685546875,9.38983154296875,7.01385498046875
2021-09-02,8.833526611328125,8.205596923828125,7.849151611328125,7.946807861328125,9.286651611328123,9.037628173828123
2021-09-03,10.68328857421875,10.03387451171875,9.85223388671875,9.96551513671875,10.86883544921875,11.06121826171875
2021-09-04,12.033905029296877,9.431365966796877,8.246795654296875,9.250701904296877,12.350311279296877,9.473358154296877
2021-09-05,8.72650146484375,8.62396240234375,6.81048583984375,7.94232177734375,10.30169677734375,8.93841552734375
2021-09-06,7.39752197265625,7.66607666015625,7.19342041015625,6.81060791015625,9.07135009765625,9.13580322265625
2021-09-07,8.121337890625,7.727783203125,9.437744140625,7.673095703125,10.310791015625,9.635986328125
2021-09-08,9.06964111328125,8.21319580078125,8.58038330078125,8.05987548828125,11.22979736328125,7.97589111328125
2021-09-09,9.4117431640625,8.8570556640625,7.4205322265625,10.2515869140625,10.0611572265625,7.3404541015625
2021-09-10,13.356170654296877,13.473358154296877,9.941131591796877,10.169647216796877,11.581756591796877,10.135467529296877
2021-09-11,9.829681396484377,11.686126708984377,9.681243896484377,9.938079833984377,9.211517333984377,7.118743896484375
2021-09-12,10.297210693359377,9.847015380859377,8.438812255859375,10.222991943359377,9.620452880859377,6.762054443359375
2021-09-13,10.034698486328123,10.748565673828123,9.996612548828123,11.153839111328123,9.985870361328123,9.102081298828123
2021-09-14,11.986724853515623,13.867584228515623,11.778717041015623,12.098052978515623,13.927154541015623,10.730865478515623
2021-09-15,12.933258056640623,14.139312744140623,12.124664306640623,12.696929931640623,14.342437744140623,10.942047119140623
2021-09-16,12.49951171875,12.74072265625,12.44287109375,12.58544921875,15.20458984375,12.19482421875
2021-09-17,10.105560302734377,10.264739990234377,11.065521240234377,11.271575927734377,14.539154052734377,11.114349365234377
2021-09-18,10.842681884765623,11.083892822265623,11.125885009765623,10.833892822265623,12.864166259765623,9.340728759765623
2021-09-19,11.3057861328125,9.1348876953125,9.5147705078125,10.9542236328125,10.0440673828125,7.1964111328125
2021-09-20,8.50250244140625,7.05035400390625,7.60211181640625,8.57769775390625,10.56109619140625,7.25250244140625
2021-09-21,7.214752197265625,5.517486572265625,4.719635009765625,5.565338134765625,5.731353759765625,3.270416259765625
2021-09-22,1.820587158203125,3.592071533203125,1.556915283203125,1.833282470703125,4.548126220703125,1.927032470703125
2021-09-23,6.199249267578125,9.022491455078123,4.915069580078125,7.044952392578125,6.388702392578125,4.890655517578125
2021-09-24,8.150177001953125,9.549591064453123,7.982208251953125,8.135528564453125,9.417755126953123,11.845489501953123
2021-09-25,9.8946533203125,12.8917236328125,9.5509033203125,11.5040283203125,13.0059814453125,10.3721923828125
2021-09-26,11.786163330078123,11.372100830078123,9.804718017578123,11.063507080078123,12.124053955078123,9.205108642578123
2021-09-27,12.570343017578123,10.800811767578123,9.363311767578123,11.245147705078123,11.152374267578123,8.945343017578125
2021-09-28,9.833282470703123,10.517852783203123,9.578399658203123,9.556915283203123,12.134063720703123,8.595001220703125
2021-09-29,10.595947265625,9.067626953125,8.983642578125,10.058837890625,10.316650390625,8.154541015625
2021-09-30,5.8458251953125,5.0440673828125,5.2266845703125,4.2764892578125,6.2940673828125,4.8360595703125
2021-10-01,6.414093017578125,7.101593017578125,6.089874267578125,4.723663330078125,7.887725830078125,5.862335205078125
2021-10-02,6.019866943359375,8.778656005859375,5.112640380859375,5.665374755859375,6.611663818359375,4.809906005859375
2021-10-03,5.472991943359375,7.189788818359375,5.532562255859375,6.555023193359375,7.494476318359375,5.574554443359375
2021-10-04,8.594879150390625,10.213043212890623,6.685699462890625,6.608551025390625,9.585113525390623,6.102691650390625
2021-10-05,11.1533203125,9.62890625,9.3212890625,9.787109375,12.03515625,8.3388671875
2021-10-06,9.296356201171877,7.691864013671875,6.394989013671875,7.727020263671875,9.851043701171877,5.634246826171875
2021-10-07,5.123199462890625,3.697418212890625,4.228668212890625,4.792144775390625,7.830230712890625,4.193511962890625
2021-10-08,4.1461181640625,2.8697509765625,2.6431884765625,3.8814697265625,7.2935791015625,3.1578369140625
2021-10-09,7.882965087890625,7.353668212890625,6.779449462890625,7.953277587890625,10.000152587890623,6.154449462890625
2021-10-10,4.75128173828125,3.81964111328125,3.40264892578125,4.42608642578125,6.77276611328125,3.88018798828125
2021-10-11,4.067474365234375,3.320404052734375,1.307708740234375,2.812591552734375,4.577239990234375,1.986419677734375
2021-10-12,1.590057373046875,0.488494873046875,0.398651123046875,1.590057373046875,4.670135498046875,0.467987060546875
2021-10-13,0.6610107421875,-0.3819580078125,-1.4210205078125,0.5262451171875,2.7801513671875,-1.1593017578125
2021-10-14,2.033203125,1.6650390625,0.5546875,1.8212890625,5.267578125,1.228515625
2021-10-15,4.403350830078125,2.116241455078125,2.556671142578125,3.724639892578125,6.051788330078125,2.631866455078125
2021-10-16,0.80999755859375,0.61077880859375,1.32171630859375,1.01019287109375,4.38812255859375,0.77581787109375
2021-10-17,4.575164794921875,3.883758544921875,3.247039794921875,4.141571044921875,4.431610107421875,3.525360107421875
2021-10-18,1.093048095703125,1.474884033203125,1.286407470703125,1.968048095703125,4.936798095703125,1.308868408203125
2021-10-19,3.574920654296875,5.362030029296875,4.804412841796875,3.330780029296875,3.851287841796875,1.565155029296875
2021-10-20,6.8660888671875,8.0067138671875,7.5233154296875,5.3201904296875,9.8973388671875,6.0457763671875
2021-10-21,8.118377685546875,9.087127685546877,8.657440185546875,8.327362060546875,10.851776123046877,8.147674560546875
2021-10-22,4.942901611328125,3.296417236328125,3.487823486328125,4.243682861328125,8.311065673828125,4.826690673828125
2021-10-23,-1.96636962890625,-2.07086181640625,-1.95953369140625,-3.09820556640625,2.39593505859375,0.22601318359375
2021-10-24,-0.273590087890625,0.918792724609375,-1.585113525390625,-1.881011962890625,1.345550537109375,2.001800537109375
2021-10-25,0.54345703125,1.32861328125,0.57666015625,-0.03662109375,1.01708984375,1.48974609375
2021-10-26,0.602142333984375,1.268157958984375,-0.811920166015625,0.387298583984375,3.218353271484375,-2.487701416015625
2021-10-27,-0.880523681640625,0.476898193359375,-1.857086181640625,-0.839508056640625,5.075531005859375,5.661468505859375
2021-10-28,2.0975341796875,3.9168701171875,0.3397216796875,0.0975341796875,2.9715576171875,5.1453857421875
2021-10-29,1.507659912109375,2.744964599609375,0.410980224609375,-1.528472900390625,3.967620849609375,2.425628662109375
2021-10-30,-0.970611572265625,1.873138427734375,0.276458740234375,-1.458892822265625,3.537200927734375,0.236419677734375
2021-10-31,3.830169677734375,6.908294677734375,3.295989990234375,2.202239990234375,6.951263427734375,2.619232177734375
2021-11-01,1.731414794921875,4.246063232421875,3.765594482421875,2.461883544921875,7.732391357421875,4.239227294921875
2021-11-02,12.058929443359377,10.934906005859377,8.674163818359375,10.097991943359377,10.403656005859377,7.127288818359375
2021-11-03,14.433746337890623,13.026519775390623,10.903472900390623,12.317535400390623,11.519683837890623,9.826324462890623
2021-11-04,6.19805908203125,5.80548095703125,8.56134033203125,9.18634033203125,10.64141845703125,6.93048095703125
2021-11-05,7.169219970703125,9.150665283203123,7.855743408203125,7.685821533203125,11.754180908203123,9.107696533203123
2021-11-06,7.846893310546875,12.442596435546877,6.996307373046875,7.815643310546875,15.149627685546877,6.131072998046875
2021-11-07,5.138214111328125,4.464385986328125,7.790557861328125,7.687042236328125,10.596221923828123,5.856964111328125
2021-11-08,1.543212890625,0.967041015625,2.977783203125,3.529541015625,7.927978515625,3.001220703125
2021-11-09,3.426788330078125,2.695343017578125,5.480499267578125,3.334991455078125,8.409210205078125,4.946319580078125
2021-11-10,2.625701904296875,1.992889404296875,3.549530029296875,1.592498779296875,6.563201904296875,7.217498779296875
2021-11-11,2.78411865234375,2.71087646484375,2.70697021484375,1.23626708984375,3.84954833984375,1.59564208984375
2021-11-12,2.699066162109375,2.651214599609375,3.195159912109375,1.962738037109375,5.181488037109375,2.418792724609375
2021-11-13,4.094451904296875,4.114959716796875,4.257537841796875,4.492889404296875,5.839569091796875,4.675506591796875
2021-11-14,3.0107421875,2.1630859375,0.9755859375,1.9072265625,5.4384765625,0.654296875
2021-11-15,0.094482421875,1.213623046875,-0.062744140625,0.337646484375,2.072998046875,-0.598876953125
2021-11-16,1.249176025390625,1.054840087890625,2.789215087890625,2.357574462890625,6.464019775390625,4.334136962890625
2021-11-17,2.095855712890625,1.013824462890625,1.384918212890625,2.281402587890625,5.451324462890625,1.772613525390625
2021-11-18,4.493011474609375,3.384613037109375,2.425628662109375,3.176605224609375,5.065277099609375,1.477386474609375
2021-11-19,-1.900543212890625,-1.173004150390625,-2.926910400390625,-2.605621337890625,1.993011474609375,-2.152496337890625
2021-11-20,-0.878204345703125,3.037811279296875,3.235076904296875,1.160858154296875,6.677459716796875,4.487030029296875
2021-11-21,5.344573974609375,3.833831787109375,4.883636474609375,5.820159912109375,7.768402099609375,4.426605224609375
2021-11-22,0.536590576171875,-1.393096923828125,-1.693878173828125,-0.917510986328125,3.377410888671875,-1.312042236328125
2021-11-23,-2.140899658203125,-0.584259033203125,-1.011993408203125,-2.180938720703125,5.730194091796875,-0.639923095703125
2021-11-24,2.913543701171875,3.114715576171875,2.506317138671875,2.272918701171875,7.101043701171875,2.883270263671875
2021-11-25,6.625762939453125,6.032012939453125,3.826934814453125,5.699005126953125,4.693145751953125,0.456817626953125
2021-11-26,4.599456787109375,3.486175537109375,3.604339599609375,2.717620849609375,5.470550537109375,1.819183349609375
2021-11-27,4.594635009765625,3.286041259765625,1.238189697265625,3.405181884765625,3.511627197265625,0.273345947265625
2021-11-28,-2.987548828125,-4.401611328125,-4.364501953125,-3.150634765625,0.719482421875,-3.247314453125
2021-11-29,-8.60546875,-3.6982421875,-6.9990234375,-6.7900390625,-3.7685546875,-9.638671875
2021-11-30,2.477874755859375,2.994476318359375,1.145843505859375,-0.832672119140625,2.159515380859375,-0.882476806640625
2021-12-01,4.953094482421875,5.003875732421875,2.950164794921875,4.996063232421875,4.392547607421875,1.693328857421875
2021-12-02,-1.913177490234375,-3.780364990234375,-3.459075927734375,-2.567474365234375,1.318267822265625,-2.892669677734375
2021-12-03,-5.212554931640625,-1.707672119140625,-0.621734619140625,-2.731109619140625,-0.115875244140625,-3.042633056640625
2021-12-04,0.035125732421875,1.698211669921875,0.832977294921875,0.849578857421875,4.030242919921875,0.772430419921875
2021-12-05,-1.787078857421875,-2.757781982421875,-3.389617919921875,-2.659149169921875,1.030303955078125,-2.384735107421875
2021-12-06,-4.320098876953125,-5.791778564453125,-7.115997314453125,-5.455841064453125,-3.657989501953125,-7.169708251953125
2021-12-07,0.346832275390625,1.798980712890625,-0.461761474609375,-2.490081787109375,1.756011962890625,-2.262542724609375
2021-12-08,-0.518524169921875,-0.771453857421875,-1.926727294921875,-0.835906982421875,1.489288330078125,-0.790985107421875
2021-12-09,-0.98785400390625,-1.76910400390625,-1.29742431640625,-1.60797119140625,0.96624755859375,-1.82476806640625
2021-12-10,-0.669586181640625,-1.704742431640625,-2.235992431640625,-1.568023681640625,0.917327880859375,-2.348297119140625
2021-12-11,-3.888153076171875,-5.263153076171875,-6.612762451171875,-5.407684326171875,-4.334442138671875,-6.729949951171875
2021-12-12,-3.414459228515625,-4.276763916015625,-6.031646728515625,-4.172271728515625,-3.839263916015625,-6.797271728515625
2021-12-13,-4.595428466796875,-5.009490966796875,-7.875701904296875,-5.523162841796875,-3.987030029296875,-7.167694091796875
2021-12-14,-1.859893798828125,-3.016143798828125,-4.209503173828125,-3.384307861328125,-1.736846923828125,-6.116729736328125
2021-12-15,-0.143035888671875,-1.552215576171875,-2.259246826171875,-1.208465576171875,-0.301239013671875,-3.303192138671875
2021-12-16,-2.77685546875,-4.30419921875,-5.08349609375,-4.13232421875,-3.26904296875,-6.31201171875
2021-12-17,-4.876678466796875,-5.435272216796875,-6.832733154296875,-5.663787841796875,-5.911834716796875,-8.825897216796875
2021-12-18,-7.699127197265625,-2.254791259765625,-9.330963134765623,-8.212799072265625,-5.484283447265625,-3.917877197265625
2021-12-19,-4.857086181640625,-5.569976806640625,-7.736968994140625,-5.802398681640625,-8.512359619140625,-9.373687744140623
2021-12-20,-19.062667846679688,-14.955230712890623,-17.299972534179688,-17.220870971679688,-12.167144775390623,-7.753082275390625
2021-12-21,-13.030242919921877,-13.390594482421877,-13.889617919921877,-12.324188232421877,-8.920867919921875,-10.655242919921877
2021-12-22,-0.830230712890625,-0.515777587890625,-1.066558837890625,0.616058349609375,0.365081787109375,-2.939605712890625
2021-12-23,3.29510498046875,3.23260498046875,1.63201904296875,2.49725341796875,3.69061279296875,0.39764404296875
2021-12-24,3.90545654296875,4.03826904296875,3.49139404296875,4.22967529296875,4.47186279296875,2.06072998046875
2021-12-25,3.045318603515625,4.239654541015625,2.030670166015625,3.547271728515625,5.490631103515625,1.753326416015625
2021-12-26,0.104949951171875,-0.028839111328125,1.233856201171875,1.209442138671875,4.677215576171875,1.416473388671875
2021-12-27,-2.157379150390625,-1.136871337890625,-2.723785400390625,-2.487457275390625,0.383636474609375,-2.848785400390625
2021-12-28,1.625823974609375,0.978363037109375,-0.121246337890625,1.094573974609375,2.838714599609375,-0.518707275390625
2021-12-29,0.271636962890625,-1.032073974609375,-2.638519287109375,-1.493988037109375,0.914215087890625,-4.059417724609375
2021-12-30,-1.470428466796875,0.958282470703125,-1.529998779296875,-0.913787841796875,1.977813720703125,0.476837158203125
2021-12-31,4.502532958984375,3.468353271484375,1.786712646484375,3.361907958984375,4.584564208984375,0.178314208984375
2022-01-01,-1.356903076171875,1.585479736328125,-0.912567138671875,-1.704559326171875,2.383331298828125,-1.006317138671875
2022-01-02,-2.01922607421875,-0.12567138671875,1.23272705078125,-0.21356201171875,4.39678955078125,0.16632080078125
2022-01-03,2.5338134765625,5.0904541015625,3.6070556640625,1.5894775390625,4.8375244140625,1.6676025390625
2022-01-04,8.532501220703125,7.550079345703125,5.076446533203125,5.750274658203125,5.882110595703125,3.187774658203125
2022-01-05,-1.497100830078125,-2.806671142578125,-2.762725830078125,-1.747100830078125,2.963836669921875,-1.141632080078125
2022-01-06,-1.441436767578125,-1.824249267578125,-1.994171142578125,-1.274444580078125,2.123016357421875,-2.528350830078125
2022-01-07,-2.255523681640625,-2.675445556640625,-0.838531494140625,0.523773193359375,2.873382568359375,-1.100250244140625
2022-01-08,-1.442291259765625,-3.242095947265625,-1.777252197265625,-0.137603759765625,0.074310302734375,-2.075103759765625
2022-01-09,-5.859710693359375,-5.966156005859375,-7.804046630859375,-6.503265380859375,-2.771820068359375,-6.324554443359375
2022-01-10,-7.496612548828125,-8.281768798828125,-8.939971923828125,-7.768096923828125,-2.922393798828125,-6.993682861328125
2022-01-11,-12.283966064453123,-12.206817626953123,-15.157012939453123,-13.074981689453123,-10.296661376953123,-14.183380126953123
2022-01-12,-14.381805419921877,-10.359344482421877,-15.396453857421877,-14.517547607421877,-6.641571044921875,-10.405242919921877
2022-01-13,-5.666717529296875,-1.849334716796875,-4.782928466796875,-3.904998779296875,-2.441131591796875,-4.905975341796875
2022-01-14,-13.281951904296877,-7.926483154296875,-13.994842529296877,-14.561248779296877,-5.173553466796875,-11.260467529296877
2022-01-15,-12.30328369140625,-6.24273681640625,-8.31597900390625,-7.77301025390625,-4.82867431640625,-5.08551025390625
2022-01-16,-0.929840087890625,-1.933746337890625,-3.607574462890625,-2.361480712890625,-3.308746337890625,-3.756988525390625
2022-01-17,-8.296173095703125,-7.181915283203125,-10.084259033203123,-7.966094970703125,-6.928009033203125,-10.100860595703123
2022-01-18,-14.124786376953123,-8.175567626953125,-9.812286376953123,-13.620880126953123,-3.962677001953125,-8.288848876953125
2022-01-19,-2.618194580078125,-3.650421142578125,-3.722686767578125,-3.825225830078125,0.587860107421875,-3.001007080078125
2022-01-20,-16.5933837890625,-14.3941650390625,-15.5084228515625,-18.4947509765625,-12.5640869140625,-15.4722900390625
2022-01-21,-7.819244384765625,-8.946197509765625,-10.739166259765623,-8.777252197265625,-11.297760009765623,-11.312408447265623
2022-01-22,-8.622894287109375,-10.069183349609377,-11.410980224609377,-9.795745849609377,-12.628753662109377,-13.707855224609377
2022-01-23,-16.37127685546875,-15.91229248046875,-17.99237060546875,-18.48651123046875,-15.03826904296875,-18.11639404296875
2022-01-24,-11.019317626953123,-9.775177001953123,-13.981231689453123,-12.431427001953123,-10.896270751953123,-12.718536376953123
2022-01-25,-3.774932861328125,-4.375518798828125,-6.756378173828125,-4.399932861328125,-7.813995361328125,-10.794464111328123
2022-01-26,-13.919219970703123,-6.525665283203125,-9.811798095703123,-11.262969970703123,-7.467071533203125,-7.885040283203125
2022-01-27,-4.054534912109375,-4.760589599609375,-6.032073974609375,-4.986175537109375,-4.604339599609375,-7.268402099609375
2022-01-28,-16.3260498046875,-11.9158935546875,-16.2938232421875,-16.1649169921875,-7.3397216796875,-11.1815185546875
2022-01-29,-3.1138916015625,-3.0240478515625,-5.2926025390625,-4.1929931640625,-5.9010009765625,-5.4273681640625
2022-01-30,-3.309326171875,-3.747802734375,-4.475341796875,-3.941162109375,-0.961669921875,-5.078857421875
2022-01-31,-5.082672119140625,-5.419586181640625,-6.325836181640625,-4.914703369140625,-3.763336181640625,-7.739898681640625
2022-02-01,-2.577728271484375,-3.926361083984375,-5.383392333984375,-4.270111083984375,-7.197845458984375,-6.172454833984375
2022-02-02,-12.881927490234377,-8.957122802734375,-12.622161865234377,-14.199310302734377,-6.683685302734375,-10.785247802734377
2022-02-03,-7.616607666015625,-4.160552978515625,-6.197662353515625,-8.511138916015625,-2.913482666015625,-6.607818603515625
2022-02-04,-1.008453369140625,-3.218414306640625,-3.214508056640625,-1.176422119140625,1.647796630859375,-1.796539306640625
2022-02-05,-3.705291748046875,0.318145751953125,0.556427001953125,-1.216033935546875,0.288848876953125,-1.554901123046875
2022-02-06,-3.415863037109375,-4.722503662109375,-5.679534912109375,-4.573089599609375,-3.170745849609375,-6.074066162109375
2022-02-07,-2.904083251953125,-3.091583251953125,-5.126739501953125,-4.555450439453125,-3.879669189453125,-5.284942626953125
2022-02-08,-8.787200927734375,-2.635833740234375,-6.777435302734375,-6.020599365234375,-3.698333740234375,-4.433685302734375
2022-02-09,-8.17144775390625,-1.48004150390625,-4.64605712890625,-4.55621337890625,-4.00640869140625,-2.59820556640625
2022-02-10,1.757232666015625,1.008209228515625,-4.610931396484375,-2.389251708984375,-3.529876708984375,-4.446868896484375
2022-02-11,-5.675567626953125,-5.122833251953125,-4.763458251953125,-6.114044189453125,-0.863067626953125,-3.461700439453125
2022-02-12,-5.720855712890625,-3.659332275390625,-4.671051025390625,-2.976715087890625,-0.033355712890625,-1.927886962890625
2022-02-13,-2.6944580078125,0.0340576171875,-0.4288330078125,-4.5665283203125,2.6121826171875,-1.5157470703125
2022-02-14,0.091156005859375,1.868499755859375,0.858734130859375,0.973968505859375,3.454437255859375,0.493499755859375
2022-02-15,-4.9119873046875,-2.4725341796875,-3.4276123046875,-3.7850341796875,2.1856689453125,-1.3914794921875
2022-02-16,-3.9814453125,-1.3232421875,-2.01171875,-1.9970703125,1.359375,-2.0224609375
2022-02-17,-2.526031494140625,0.179046630859375,-1.492828369140625,-3.521148681640625,-1.310211181640625,0.196624755859375
2022-02-18,1.354736328125,-0.236083984375,1.313720703125,2.072509765625,5.373291015625,-0.249755859375
2022-02-19,1.295745849609375,-0.691558837890625,1.630706787109375,3.584808349609375,5.275238037109375,1.813323974609375
2022-02-20,1.305755615234375,0.153411865234375,0.712982177734375,1.682708740234375,3.385833740234375,0.559661865234375
2022-02-21,-1.954376220703125,-2.974884033203125,-3.934844970703125,-4.895782470703125,-0.538360595703125,-4.565704345703125
2022-02-22,-6.641448974609375,-2.992034912109375,-3.902191162109375,-3.989105224609375,-2.429534912109375,-5.015472412109375
2022-02-23,-5.865325927734375,-6.593841552734375,-8.732513427734375,-6.395599365234375,-2.837982177734375,-6.354583740234375
2022-02-24,0.626068115234375,-0.575103759765625,-1.048736572265625,0.397552490234375,-3.780181884765625,-2.412017822265625
2022-02-25,-1.770782470703125,-2.882110595703125,-3.989532470703125,-2.168243408203125,0.287811279296875,-3.495391845703125
2022-02-26,-2.574920654296875,-3.831756591796875,-5.342498779296875,-5.450897216796875,-1.950897216796875,-6.043670654296875
2022-02-27,-3.56964111328125,-5.07647705078125,-6.32257080078125,-5.63507080078125,-4.39581298828125,-6.98370361328125
2022-02-28,-3.767303466796875,-5.286834716796875,-6.219451904296875,-5.464569091796875,-4.794647216796875,-9.017303466796877
2022-03-01,-3.849517822265625,-4.844635009765625,-9.374908447265623,-5.321197509765625,-7.912017822265625,-6.907135009765625
2022-03-02,-5.994842529296875,-9.827850341796877,-8.993865966796875,-7.111053466796875,-6.126678466796875,-10.346405029296877
2022-03-03,-4.560150146484375,-8.249603271484375,-8.846282958984375,-6.645111083984375,-4.682220458984375,-5.117767333984375
2022-03-04,-3.242340087890625,-4.492340087890625,-5.213043212890625,-3.648590087890625,-1.509918212890625,-5.184722900390625
2022-03-05,-3.852691650390625,-4.845855712890625,-5.268707275390625,-4.785308837890625,-1.400543212890625,-4.956207275390625
2022-03-06,-4.25421142578125,-5.48858642578125,-5.97198486328125,-6.49151611328125,-2.61456298828125,-6.37042236328125
2022-03-07,-5.706573486328125,-6.726104736328125,-7.956573486328125,-8.683135986328125,-6.000518798828125,-10.252471923828123
2022-03-08,-2.6971435546875,-4.5203857421875,-5.4403076171875,-4.2762451171875,-4.9520263671875,-7.2137451171875
2022-03-09,-8.341888427734375,-10.496185302734377,-9.377044677734377,-9.072357177734377,-7.161224365234375,-10.400482177734377
2022-03-10,-11.245086669921877,-12.508758544921877,-12.571258544921877,-12.343719482421877,-13.677703857421877,-15.005828857421877
2022-03-11,-15.059234619140623,-14.389312744140623,-11.564117431640623,-11.462554931640623,-14.211578369140623,-13.941070556640623
2022-03-12,-10.175689697265623,-10.395416259765623,-11.550689697265623,-5.454986572265625,-10.002838134765623,-11.664947509765623
2022-03-13,-9.085968017578123,-8.418975830078125,-8.210968017578125,-5.691436767578125,-5.871124267578125,-10.443389892578123
2022-03-14,-3.059417724609375,-1.368988037109375,-4.134613037109375,-3.739105224609375,-1.847503662109375,-5.318206787109375
2022-03-15,3.14349365234375,1.40716552734375,1.01654052734375,2.30853271484375,2.30462646484375,0.08489990234375
2022-03-16,-0.291900634765625,-2.102447509765625,-2.028228759765625,-1.837799072265625,-0.421783447265625,-3.363189697265625
2022-03-17,-5.044219970703125,-11.936798095703123,-8.653594970703125,-8.159454345703125,-5.128204345703125,-8.601837158203125
2022-03-18,-5.42730712890625,-9.52301025390625,-10.35015869140625,-8.64508056640625,-6.20367431640625,-11.53277587890625
2022-03-19,-5.57330322265625,-12.05670166015625,-9.30181884765625,-8.05670166015625,-6.18072509765625,-8.42974853515625
2022-03-20,-2.894317626953125,-4.543731689453125,-8.716583251953125,-5.300567626953125,-4.141387939453125,-10.146270751953123
2022-03-21,-0.488433837890625,-1.349761962890625,-4.555816650390625,-1.653472900390625,-1.059722900390625,-4.337066650390625
2022-03-22,-1.5572509765625,-0.7203369140625,-3.5738525390625,-2.0689697265625,-0.9176025390625,-5.9547119140625
2022-03-23,0.82220458984375,-0.03521728515625,-3.01763916015625,0.41009521484375,-0.46002197265625,-3.16607666015625
2022-03-24,-1.275787353515625,-3.229888916015625,0.361907958984375,-0.285552978515625,-1.257232666015625,-2.879302978515625
2022-03-25,-1.208160400390625,2.574066162109375,-4.252105712890625,-0.053863525390625,0.717620849609375,-3.294097900390625
2022-03-26,-0.661834716796875,-0.450897216796875,-0.162811279296875,0.901641845703125,1.543243408203125,2.828399658203125
2022-03-27,-1.396759033203125,0.012420654296875,-0.892852783203125,-0.056915283203125,2.426483154296875,-1.597930908203125
2022-03-28,-0.795745849609375,0.843902587890625,1.390777587890625,1.083160400390625,4.022613525390625,-0.356292724609375
2022-03-29,6.2236328125,5.1455078125,3.408203125,4.31640625,5.935546875,2.0439453125
2022-03-30,7.456024169921875,6.259735107421875,5.361297607421875,6.458953857421875,6.542938232421875,1.942352294921875
2022-03-31,3.928070068359375,3.540374755859375,2.368499755859375,3.346038818359375,4.139984130859375,0.713226318359375
2022-04-01,-0.285430908203125,-1.351837158203125,-2.062774658203125,-0.839141845703125,-0.929962158203125,-2.510040283203125
2022-04-02,-1.275177001953125,-2.451934814453125,-2.588653564453125,-1.689239501953125,0.723846435546875,-3.159942626953125
2022-04-03,-3.287384033203125,-1.998321533203125,-3.582305908203125,-3.199493408203125,-1.728790283203125,-5.282501220703125
2022-04-04,-0.376190185546875,-0.930877685546875,-1.960174560546875,-0.714080810546875,-1.602752685546875,-4.550018310546875
2022-04-05,4.406524658203125,5.068634033203125,4.030548095703125,3.449493408203125,6.343048095703125,3.294219970703125
2022-04-06,0.9080810546875,1.9520263671875,2.9354248046875,2.7225341796875,5.4959716796875,1.7694091796875
2022-04-07,8.906585693359375,7.454437255859375,4.915374755859375,7.115570068359375,6.922210693359375,2.963226318359375
2022-04-08,0.387481689453125,0.544708251953125,4.527130126953125,6.870880126953125,6.024200439453125,2.333770751953125
2022-04-09,-3.876007080078125,-2.735382080078125,-4.768585205078125,-2.195343017578125,-0.537139892578125,-3.821319580078125
2022-04-10,-4.465484619140625,-5.972320556640625,-4.723297119140625,-4.073883056640625,-3.166656494140625,-5.929351806640625
2022-04-11,1.698638916015625,1.056060791015625,-0.270111083984375,2.269927978515625,0.398834228515625,-0.462493896484375
2022-04-12,0.96142578125,0.04248046875,1.16162109375,1.44970703125,1.63427734375,2.94677734375
2022-04-13,0.834442138671875,2.404754638671875,1.071746826171875,1.532684326171875,3.432098388671875,-0.266143798828125
2022-04-14,9.563323974609377,8.114105224609375,3.942230224609375,7.294769287109375,6.411956787109375,3.350433349609375
2022-04-15,4.328521728515625,2.792388916015625,1.884185791015625,3.361724853515625,5.535552978515625,1.040435791015625
2022-04-16,-0.314422607421875,-2.362274169921875,-2.910125732421875,-1.888641357421875,1.142608642578125,-3.006805419921875
2022-04-17,-2.402252197265625,-5.693267822265625,-4.561431884765625,-3.975494384765625,-1.229400634765625,-4.312408447265625
2022-04-18,1.322601318359375,0.676116943359375,-0.340484619140625,0.676116943359375,1.913421630859375,-1.597320556640625
2022-04-19,-4.11492919921875,-2.61004638671875,-9.74188232421875,-9.27606201171875,-0.99969482421875,-1.45477294921875
2022-04-20,4.212005615234375,4.912200927734375,3.751068115234375,4.149505615234375,7.730560302734375,2.618255615234375
2022-04-21,4.866241455078125,5.149444580078125,5.104522705078125,6.108428955078125,6.997100830078125,2.739288330078125
2022-04-22,2.607330322265625,4.201080322265625,2.840728759765625,2.447174072265625,2.705963134765625,-1.876068115234375
2022-04-23,6.045867919921875,7.148406982421875,4.734344482421875,5.721649169921875,7.672821044921875,1.158172607421875
2022-04-24,3.487396240234375,4.373138427734375,4.240325927734375,3.534271240234375,4.101654052734375,-0.024322509765625
2022-04-25,4.744720458984375,4.320892333984375,1.882415771484375,3.886322021484375,3.505462646484375,-0.780670166015625
2022-04-26,7.7962646484375,6.4261474609375,6.1136474609375,7.5511474609375,5.3948974609375,2.0023193359375
2022-04-27,5.827362060546875,5.072479248046875,4.826385498046875,6.045135498046875,7.827362060546875,1.140838623046875
2022-04-28,6.3284912109375,4.9281005859375,2.1693115234375,4.7630615234375,5.3607177734375,2.3099365234375
2022-04-29,4.354217529296875,4.182342529296875,4.767303466796875,4.286834716796875,5.469451904296875,3.923553466796875
2022-04-30,5.49420166015625,5.94049072265625,3.70318603515625,5.46685791015625,6.30181884765625,4.28131103515625
2022-05-01,7.114654541015625,5.983795166015625,4.733795166015625,6.149810791015625,6.657623291015625,2.243560791015625
2022-05-02,2.815216064453125,3.449981689453125,0.639434814453125,2.532989501953125,3.256622314453125,0.199981689453125
2022-05-03,4.821319580078125,4.303741455078125,2.828155517578125,3.740264892578125,4.813507080078125,-0.594696044921875
2022-05-04,6.353912353515625,7.066802978515625,3.960357666015625,5.530670166015625,4.613677978515625,4.483795166015625
2022-05-05,9.879791259765623,8.924713134765625,7.269439697265625,8.482330322265625,8.862213134765625,6.069244384765625
2022-05-06,8.019073486328125,6.441925048828125,5.632354736328125,6.027862548828125,6.969268798828125,6.849151611328125
2022-05-07,6.3515625,6.9541015625,5.0283203125,7.4091796875,6.421875,5.197265625
2022-05-08,9.043121337890623,10.207183837890623,5.827301025390625,8.030426025390625,7.144683837890625,1.586090087890625
2022-05-09,6.91668701171875,6.42645263671875,5.09344482421875,7.44207763671875,6.15692138671875,1.80145263671875
2022-05-10,7.234649658203125,6.851837158203125,6.218048095703125,7.338165283203125,7.361602783203125,4.709259033203125
2022-05-11,9.464813232421877,9.989227294921877,6.863250732421875,9.669891357421877,7.452117919921875,5.120086669921875
2022-05-12,14.199615478515623,14.040435791015623,10.020904541015623,12.370513916015623,11.137115478515623,7.609771728515625
2022-05-13,11.524505615234377,11.682708740234377,9.260833740234377,9.186614990234377,11.520599365234377,6.392669677734375
2022-05-14,8.632781982421875,8.397430419921875,7.639617919921875,8.920867919921875,8.916961669921875,6.661102294921875
2022-05-15,10.304168701171877,9.439910888671877,9.247528076171877,10.934051513671877,10.059051513671877,6.231903076171875
2022-05-16,10.73663330078125,10.73663330078125,8.00714111328125,9.35284423828125,10.06378173828125,6.24444580078125
2022-05-17,5.2069091796875,4.6951904296875,1.6307373046875,2.7908935546875,5.8094482421875,0.4276123046875
2022-05-18,5.346954345703125,4.834259033203125,4.255157470703125,5.399688720703125,5.393829345703125,1.470001220703125
2022-05-19,5.597808837890625,9.404449462890623,6.547027587890625,9.537261962890623,8.535308837890625,5.473785400390625
2022-05-20,13.133148193359377,14.265960693359377,12.313812255859377,12.401702880859377,11.081390380859377,9.023773193359377
2022-05-21,9.915435791015623,9.380279541015623,8.434967041015625,9.702545166015623,9.853912353515623,6.151763916015625
2022-05-22,10.71685791015625,10.70513916015625,10.32818603515625,9.37799072265625,10.79693603515625,8.18072509765625
2022-05-23,11.410064697265623,14.225494384765623,10.663970947265623,9.998931884765623,12.872955322265623,9.886627197265623
2022-05-24,11.1014404296875,13.2137451171875,9.8768310546875,10.0223388671875,12.2830810546875,8.7615966796875
2022-05-25,13.1138916015625,12.4791259765625,12.7252197265625,12.9791259765625,11.0963134765625,13.6597900390625
2022-05-26,11.614654541015623,12.177154541015623,9.795318603515623,10.651763916015623,12.910552978515623,9.620513916015623
2022-05-27,9.10711669921875,7.37567138671875,10.11395263671875,10.81805419921875,12.44403076171875,9.58563232421875
2022-05-28,8.574920654296875,8.236053466796875,10.356170654296877,9.366912841796877,12.804412841796877,8.856170654296875
2022-05-29,10.032135009765623,9.617095947265623,9.852447509765623,8.696197509765625,10.529205322265623,6.760650634765625
2022-05-30,10.609954833984377,11.191986083984377,9.510345458984377,10.167572021484377,11.177337646484377,10.756439208984377
2022-05-31,13.085479736328123,12.829620361328123,13.211456298828123,11.962432861328123,12.167510986328123,14.089385986328123
2022-06-01,14.333709716796877,14.535858154296877,13.154022216796877,13.950897216796877,12.973358154296877,9.866912841796877
2022-06-02,14.298126220703123,14.148712158203123,12.680938720703123,13.974884033203123,13.790313720703123,10.433868408203123
2022-06-03,15.89788818359375,15.33245849609375,13.08050537109375,15.15472412109375,15.45550537109375,11.36663818359375
2022-06-04,14.41522216796875,14.37908935546875,12.81561279296875,13.37518310546875,16.49139404296875,13.29705810546875
2022-06-05,15.144439697265623,14.285064697265623,12.662017822265623,13.410064697265623,14.382720947265623,12.369049072265623
2022-06-06,13.94415283203125,14.31524658203125,11.23223876953125,12.11114501953125,14.96368408203125,10.13458251953125
2022-06-07,10.852569580078123,11.097686767578123,9.169952392578123,9.837921142578123,12.051788330078123,9.069366455078123
2022-06-08,12.917724609375,11.965576171875,8.942138671875,10.731201171875,12.132568359375,8.737060546875
2022-06-09,13.6649169921875,12.3338623046875,11.5633544921875,12.5418701171875,14.6121826171875,10.4002685546875
2022-06-10,13.7891845703125,12.6583251953125,12.2755126953125,13.2149658203125,15.0792236328125,11.0518798828125
2022-06-11,13.875457763671877,12.850067138671877,12.278778076171877,13.067840576171877,15.345184326171877,11.269989013671877
2022-06-12,14.985382080078123,13.737335205078123,10.391632080078123,12.906280517578123,13.341827392578123,8.477569580078125
2022-06-13,11.5572509765625,9.6070556640625,8.5865478515625,9.6588134765625,12.1558837890625,9.6607666015625
2022-06-14,9.79296875,8.5556640625,9.0126953125,8.7607421875,11.212890625,9.890625
2022-06-15,12.6651611328125,10.9952392578125,11.3184814453125,12.6251220703125,13.8018798828125,9.3477783203125
2022-06-16,12.574798583984377,11.373626708984377,9.482025146484377,10.434173583984377,12.853118896484377,8.194915771484375
2022-06-17,10.916107177734377,13.185638427734377,8.447357177734375,9.806732177734377,11.242279052734377,6.614349365234375
2022-06-18,11.903656005859377,12.405609130859377,10.356781005859377,10.403656005859377,13.223968505859377,8.814788818359375
2022-06-19,12.268035888671877,16.111785888671875,10.496551513671877,11.908660888671877,13.016082763671877,10.375457763671877
2022-06-20,15.133270263671877,15.043426513671877,12.957489013671877,15.435028076171877,15.314910888671877,12.226043701171877
2022-06-21,15.243621826171877,15.939910888671877,14.311004638671877,14.138153076171877,16.856903076171875,12.959442138671877
2022-06-22,15.95263671875,12.66943359375,12.81298828125,14.13330078125,16.45263671875,12.50634765625
2022-06-23,14.755462646484377,15.740814208984377,12.642181396484377,14.211517333984377,16.039642333984375,12.008392333984377
2022-06-24,14.2745361328125,14.3634033203125,11.6348876953125,12.8009033203125,14.7110595703125,10.5841064453125
2022-06-25,14.595855712890623,13.796051025390623,12.631011962890623,14.288238525390623,13.856597900390623,11.488433837890623
2022-06-26,16.42462158203125,14.95001220703125,15.03594970703125,16.23419189453125,16.12969970703125,13.93438720703125
2022-06-27,16.42974853515625,16.29107666015625,17.00787353515625,15.03912353515625,15.92388916015625,15.41998291015625
2022-06-28,15.651123046875,17.272216796875,14.190185546875,14.972412109375,17.032958984375,17.108154296875
2022-06-29,15.514862060546877,15.904510498046877,13.417205810546877,16.002166748046875,15.505096435546877,11.941619873046877
2022-06-30,16.778839111328125,17.269073486328125,14.186065673828123,17.211456298828125,16.208526611328125,12.917510986328123
2022-07-01,16.3079833984375,16.1849365234375,14.1068115234375,16.4661865234375,17.1605224609375,12.2816162109375
2022-07-02,17.498382568359375,17.336273193359375,15.914398193359377,16.916351318359375,17.051116943359375,12.942718505859377
2022-07-03,17.438140869140625,16.110992431640625,15.444000244140623,16.531890869140625,16.838531494140625,14.730133056640623
2022-07-04,15.15826416015625,14.45611572265625,13.82135009765625,15.05474853515625,17.19342041015625,16.02349853515625
2022-07-05,14.30511474609375,14.41741943359375,11.20843505859375,12.59027099609375,15.42523193359375,10.58929443359375
2022-07-06,14.254669189453123,13.627716064453123,13.931427001953123,12.295684814453123,14.541778564453123,13.747833251953123
2022-07-07,12.454010009765623,11.280181884765623,10.093658447265623,11.383697509765623,13.293853759765623,9.908111572265623
2022-07-08,12.664581298828123,11.961456298828123,9.811065673828123,10.736846923828123,13.812042236328123,9.586456298828123
2022-07-09,11.622467041015623,10.441802978515623,8.888092041015625,9.962310791015623,12.040435791015623,9.509185791015623
2022-07-10,8.772247314453125,7.930450439453125,6.598419189453125,8.556427001953125,11.174591064453123,7.186309814453125
2022-07-11,10.30462646484375,10.00579833984375,7.67767333984375,9.77630615234375,11.49993896484375,8.80657958984375
2022-07-12,10.30584716796875,10.09490966796875,8.17108154296875,9.66424560546875,11.42010498046875,6.82537841796875
2022-07-13,13.6505126953125,11.9259033203125,12.7032470703125,13.7227783203125,13.4073486328125,9.8741455078125
2022-07-14,15.744384765625,15.642822265625,15.829345703125,15.622314453125,14.749267578125,13.038330078125
2022-07-15,15.41259765625,14.72119140625,14.76220703125,14.75830078125,16.01025390625,15.21728515625
2022-07-16,15.470123291015623,13.042388916015623,10.467193603515623,11.863677978515623,14.926177978515623,12.230865478515623
2022-07-17,12.417999267578123,12.575225830078123,10.830108642578123,11.024444580078123,14.111358642578123,12.274444580078123
2022-07-18,13.529876708984377,12.538665771484377,11.954681396484377,13.706634521484377,14.470306396484377,13.669525146484377
2022-07-19,14.55706787109375,14.20355224609375,13.08343505859375,14.89691162109375,14.57073974609375,10.79046630859375
2022-07-20,16.29327392578125,16.34503173828125,13.64190673828125,15.89776611328125,15.41827392578125,12.02960205078125
2022-07-21,17.2864990234375,16.5355224609375,17.1575927734375,18.0970458984375,16.6966552734375,15.7630615234375
2022-07-22,18.04550170898437,18.68222045898437,15.418548583984377,18.72128295898437,18.43710327148437,14.750579833984377
2022-07-23,17.203094482421875,17.687469482421875,15.149383544921877,16.958953857421875,18.019500732421875,14.836883544921877
2022-07-24,15.615081787109377,13.824066162109377,14.918792724609377,15.929534912109377,16.291839599609375,17.060394287109375
2022-07-25,18.6910400390625,19.1715087890625,17.0396728515625,19.4000244140625,18.4732666015625,14.4273681640625
2022-07-26,16.05426025390625,15.65093994140625,13.72320556640625,16.23199462890625,17.27203369140625,13.04840087890625
2022-07-27,15.60870361328125,15.64971923828125,13.76690673828125,14.92999267578125,15.96612548828125,14.16436767578125
2022-07-28,16.40771484375,15.24365234375,14.92431640625,15.86083984375,17.07666015625,14.93505859375
2022-07-29,16.119659423828125,15.322784423828123,12.972198486328123,14.491729736328123,17.074737548828125,13.199737548828123
2022-07-30,13.132049560546877,12.654510498046877,10.964080810546877,12.950408935546877,14.806854248046877,9.688690185546877
2022-07-31,14.8370361328125,14.4923095703125,12.4122314453125,13.7950439453125,15.2325439453125,10.1544189453125
2022-08-01,14.55682373046875,14.62127685546875,12.38592529296875,14.24822998046875,16.24530029296875,11.13006591796875
2022-08-02,15.505157470703123,16.961212158203125,12.883087158203123,14.751251220703123,16.441680908203125,11.591094970703123
2022-08-03,15.851226806640623,15.466461181640623,15.337554931640623,15.251617431640623,16.079742431640625,13.258453369140623
2022-08-04,16.00286865234375,15.79193115234375,16.18450927734375,15.68060302734375,15.91009521484375,13.50482177734375
2022-08-05,17.382049560546875,16.821502685546875,14.262908935546877,14.829315185546877,17.682830810546875,12.920135498046877
2022-08-06,17.972320556640625,16.333648681640625,14.096343994140623,16.025054931640625,18.157867431640625,14.327789306640623
2022-08-07,15.544586181640623,14.794586181640623,13.437164306640623,14.604156494140623,17.035797119140625,12.710601806640623
2022-08-08,15.520721435546877,14.464080810546877,14.019744873046877,15.271697998046877,16.578338623046875,13.305877685546877
2022-08-09,14.020843505859377,13.264984130859377,11.872406005859377,12.877288818359377,15.956390380859377,11.527679443359377
2022-08-10,13.91668701171875,12.72918701171875,10.11004638671875,11.53094482421875,14.88739013671875,12.46844482421875
2022-08-11,14.3109130859375,13.1439208984375,11.5950927734375,13.0784912109375,14.2249755859375,10.8753662109375
2022-08-12,12.877899169921877,11.959930419921877,10.375946044921877,11.866180419921877,13.202117919921877,9.218719482421877
2022-08-13,12.251007080078123,11.587921142578123,9.620147705078123,11.431671142578123,11.287139892578123,7.818389892578125
2022-08-14,11.92108154296875,13.47186279296875,11.23065185546875,12.14471435546875,13.95233154296875,10.28924560546875
2022-08-15,12.79742431640625,13.35797119140625,10.85601806640625,12.42340087890625,13.12554931640625,9.94683837890625
2022-08-16,13.4315185546875,14.4588623046875,13.0877685546875,14.6424560546875,14.0701904296875,11.1600341796875
2022-08-17,16.40301513671875,18.76531982421875,15.22039794921875,16.00164794921875,17.30145263671875,16.41473388671875
2022-08-18,17.52130126953125,19.00274658203125,16.10040283203125,16.48223876953125,18.02716064453125,17.06719970703125
2022-08-19,15.042877197265623,14.956939697265623,11.643463134765623,13.538970947265623,13.209869384765623,10.848541259765623
2022-08-20,12.474761962890623,12.250152587890623,10.043121337890623,11.828277587890623,13.363433837890623,11.929840087890623
2022-08-21,14.480865478515623,13.504302978515623,11.960357666015623,13.880279541015623,13.036529541015623,10.706451416015623
2022-08-22,14.875213623046877,13.952362060546877,13.070526123046877,14.257049560546877,13.707244873046877,11.170135498046877
2022-08-23,15.4248046875,14.7060546875,13.75,14.8154296875,16.1748046875,12.7578125
2022-08-24,15.3505859375,15.2138671875,12.1923828125,14.837890625,15.40234375,11.73828125
2022-08-25,13.31292724609375,13.64300537109375,12.27972412109375,14.16546630859375,14.00433349609375,11.77484130859375
2022-08-26,13.544036865234377,13.700286865234377,10.982513427734377,11.868255615234377,14.290130615234377,10.529388427734377
2022-08-27,12.65069580078125,13.66046142578125,11.19464111328125,14.20343017578125,13.74346923828125,10.11846923828125
2022-08-28,13.410400390625,12.982666015625,11.196533203125,12.449462890625,14.182861328125,11.998291015625
2022-08-29,13.28350830078125,12.97882080078125,11.93292236328125,13.20147705078125,14.50225830078125,10.12725830078125
2022-08-30,12.9617919921875,12.1942138671875,10.4071044921875,11.7489013671875,12.8065185546875,9.0281982421875
2022-08-31,14.5498046875,13.7763671875,12.224609375,13.6611328125,14.7568359375,11.673828125
2022-09-01,12.543182373046877,9.843963623046877,9.152557373046877,10.214080810546877,12.304901123046877,10.608612060546877
2022-09-02,10.46044921875,11.04052734375,9.59716796875,9.70458984375,11.52587890625,7.82470703125
2022-09-03,13.96478271484375,13.03411865234375,11.49603271484375,12.88568115234375,12.94525146484375,10.02142333984375
2022-09-04,11.086181640625,10.073486328125,10.071533203125,10.999267578125,12.428955078125,11.070556640625
2022-09-05,10.92315673828125,11.61944580078125,9.76202392578125,9.16534423828125,11.84796142578125,10.33428955078125
2022-09-06,12.182891845703123,12.303985595703123,10.474884033203123,10.930938720703123,13.400665283203123,10.161407470703123
2022-09-07,12.920166015625,16.010986328125,12.235595703125,12.467041015625,15.616455078125,12.632080078125
2022-09-08,13.236846923828123,13.613800048828123,14.312042236328123,13.532745361328123,15.606964111328123,13.411651611328123
2022-09-09,12.3865966796875,13.0916748046875,9.9061279296875,10.8739013671875,14.2293701171875,9.3826904296875
2022-09-10,10.934326171875,9.895263671875,9.423583984375,10.571044921875,11.498779296875,9.181396484375
2022-09-11,8.634429931640625,8.301422119140625,6.566070556640625,7.112945556640625,8.842437744140625,5.165679931640625
2022-09-12,6.821319580078125,9.159210205078123,6.741241455078125,5.904327392578125,8.891632080078125,5.882843017578125
2022-09-13,11.532806396484377,13.735931396484377,11.202728271484377,11.085540771484377,12.999603271484377,10.874603271484377
2022-09-14,14.777130126953123,16.882598876953125,12.626739501953123,13.354278564453123,16.364044189453125,11.320098876953123
2022-09-15,12.560028076171877,13.858856201171877,12.959442138671877,13.125457763671877,15.366668701171877,12.640106201171877
2022-09-16,5.523895263671875,4.144989013671875,3.754364013671875,4.321746826171875,11.882293701171877,9.709442138671877
2022-09-17,3.249969482421875,4.459930419921875,2.940399169921875,2.640594482421875,6.169891357421875,5.010711669921875
2022-09-18,3.850372314453125,3.677520751953125,4.591583251953125,5.842559814453125,9.422637939453123,5.254669189453125
2022-09-19,4.415496826171875,3.957489013671875,1.320770263671875,2.176239013671875,5.321746826171875,3.450653076171875
2022-09-20,4.443145751953125,4.036895751953125,2.895294189453125,4.343536376953125,6.480255126953125,1.888458251953125
2022-09-21,3.466552734375,2.999755859375,1.118896484375,2.295654296875,3.678466796875,0.506591796875
2022-09-22,0.81134033203125,1.19317626953125,0.71661376953125,1.57989501953125,3.00274658203125,-0.95916748046875
2022-09-23,2.75994873046875,4.42791748046875,1.95037841796875,0.83026123046875,4.43475341796875,0.65936279296875
2022-09-24,11.735809326171877,12.060028076171877,10.006317138671877,10.377410888671877,12.162567138671877,8.732879638671875
2022-09-25,9.0953369140625,10.0299072265625,9.7408447265625,11.2633056640625,13.4556884765625,9.7486572265625
2022-09-26,7.420928955078125,8.844757080078125,8.571319580078125,7.935577392578125,11.186553955078123,7.658233642578125
2022-09-27,10.936431884765623,10.733306884765623,9.293853759765623,9.004791259765625,11.441314697265623,9.274322509765623
2022-09-28,8.809906005859375,11.036468505859377,9.216156005859377,8.666351318359375,12.146820068359377,8.141937255859375
2022-09-29,11.236297607421877,13.030242919921877,10.863250732421877,10.160125732421877,13.489227294921877,9.154266357421877
2022-09-30,9.089141845703123,11.836212158203123,6.847930908203125,7.706329345703125,8.928009033203125,8.125274658203125
2022-10-01,5.575286865234375,7.469818115234375,5.514739990234375,4.865325927734375,9.087005615234377,5.221771240234375
2022-10-02,5.78594970703125,4.84259033203125,3.36114501953125,5.08087158203125,6.44512939453125,3.48516845703125
2022-10-03,5.60247802734375,4.60540771484375,2.52239990234375,5.03607177734375,4.77532958984375,2.47064208984375
2022-10-04,3.479583740234375,5.233489990234375,3.041107177734375,2.628021240234375,4.803802490234375,1.545989990234375
2022-10-05,8.209625244140625,8.825836181640625,6.918609619140625,7.586578369140625,9.698883056640623,6.058258056640625
2022-10-06,5.80755615234375,6.30755615234375,5.11419677734375,3.25579833984375,6.23724365234375,6.82904052734375
2022-10-07,7.508575439453125,9.908966064453123,6.225372314453125,8.479278564453125,8.136505126953125,5.580841064453125
2022-10-08,6.819000244140625,8.235015869140625,7.574859619140625,6.547515869140625,8.301422119140625,8.357086181640625
2022-10-09,10.160980224609377,9.910003662109377,8.893402099609375,9.683441162109377,12.320159912109377,8.114105224609375
2022-10-10,10.648406982421877,9.421844482421877,8.207000732421875,8.152313232421875,9.725555419921877,7.351531982421875
2022-10-11,6.654205322265625,6.750885009765625,5.734283447265625,5.940338134765625,7.693267822265625,7.088775634765625
2022-10-12,9.766021728515623,8.997467041015625,7.936920166015625,9.120513916015623,10.763092041015623,7.454498291015625
2022-10-13,4.597625732421875,4.945281982421875,4.665985107421875,4.723602294921875,7.387664794921875,4.371063232421875
2022-10-14,4.997772216796875,5.915740966796875,4.250701904296875,2.632537841796875,5.937225341796875,3.208709716796875
2022-10-15,5.928131103515625,6.938873291015625,6.677154541015625,5.399810791015625,6.559967041015625,6.077545166015625
2022-10-16,5.100830078125,3.468994140625,5.277587890625,2.191650390625,5.220947265625,6.987548828125
2022-10-17,5.25,8.595703125,3.009765625,4.9794921875,4.0712890625,2.271484375
2022-10-18,6.332427978515625,6.964263916015625,5.737701416015625,7.260162353515625,7.367584228515625,3.962310791015625
2022-10-19,0.91680908203125,1.66290283203125,-0.34979248046875,-0.75506591796875,2.89923095703125,0.37774658203125
2022-10-20,5.407073974609375,8.063323974609375,5.313323974609375,3.993988037109375,6.884613037109375,4.958831787109375
2022-10-21,6.143524169921875,8.458953857421875,6.308563232421875,6.166961669921875,7.787078857421875,5.750946044921875
2022-10-22,6.534088134765625,9.311431884765623,7.236236572265625,6.789947509765625,9.826080322265623,7.341705322265625
2022-10-23,6.780181884765625,9.944244384765623,6.585845947265625,5.700103759765625,9.836822509765623,6.575103759765625
2022-10-24,8.302734375,8.6640625,7.2919921875,7.2529296875,10.0869140625,11.5693359375
2022-10-25,6.617706298828125,7.693878173828125,8.016143798828125,7.520050048828125,7.500518798828125,6.054229736328125
2022-10-26,6.123626708984375,7.545501708984375,6.010345458984375,6.202728271484375,7.252532958984375,5.062103271484375
2022-10-27,4.503631591796875,4.319061279296875,4.649139404296875,5.093475341796875,6.500701904296875,1.891326904296875
2022-10-28,5.397369384765625,6.534088134765625,4.079986572265625,4.835845947265625,7.019439697265625,2.460845947265625
2022-10-29,7.520904541015625,11.474029541015623,6.752349853515625,7.507232666015625,8.652740478515625,5.262115478515625
2022-10-30,6.008087158203125,9.796173095703123,6.637969970703125,7.829376220703125,8.044219970703125,5.321563720703125
2022-10-31,4.120758056640625,10.924468994140623,5.515289306640625,5.479156494140625,9.890289306640623,6.281890869140625
2022-11-01,6.353363037109375,7.826995849609375,6.043792724609375,7.046722412109375,8.733245849609375,7.078948974609375
2022-11-02,4.316009521484375,7.961517333984375,4.333587646484375,3.251556396484375,7.455657958984375,3.312103271484375
2022-11-03,9.4716796875,9.1240234375,8.9423828125,8.92578125,10.0302734375,7.775390625
2022-11-04,5.424407958984375,5.337493896484375,5.879486083984375,8.482025146484375,8.833587646484375,6.096282958984375
2022-11-05,6.74676513671875,6.10418701171875,5.13543701171875,6.46453857421875,6.63836669921875,4.74871826171875
2022-11-06,5.90081787109375,6.62835693359375,3.83050537109375,5.66253662109375,4.64105224609375,4.64984130859375
2022-11-07,2.004150390625,2.970947265625,0.979736328125,1.567626953125,3.566650390625,0.829345703125
2022-11-08,0.835784912109375,3.155120849609375,0.755706787109375,0.355316162109375,3.562347412109375,1.631683349609375
2022-11-09,4.828216552734375,5.889739990234375,1.984466552734375,2.653411865234375,4.080169677734375,1.178802490234375
2022-11-10,5.008209228515625,4.104888916015625,2.294342041015625,3.669342041015625,4.353912353515625,0.087310791015625
2022-11-11,0.879364013671875,0.359832763671875,0.442840576171875,0.806121826171875,3.437957763671875,-0.452667236328125
2022-11-12,3.308441162109375,4.487152099609375,2.645355224609375,0.998870849609375,6.243988037109375,1.735198974609375
2022-11-13,4.191436767578125,4.918975830078125,5.224639892578125,3.003936767578125,7.036163330078125,2.281280517578125
2022-11-14,3.734954833984375,4.018157958984375,5.118743896484375,3.508392333984375,7.791595458984375,3.723236083984375
2022-11-15,6.018768310546875,7.297088623046875,7.514862060546875,8.197479248046875,9.329315185546877,5.631072998046875
2022-11-16,2.792388916015625,4.113677978515625,4.807037353515625,2.872467041015625,6.099029541015625,1.640045166015625
2022-11-17,5.540374755859375,5.171234130859375,5.525726318359375,5.763031005859375,8.080413818359375,4.412445068359375
2022-11-18,6.5107421875,7.5068359375,9.0419921875,9.673828125,9.74609375,7.3466796875
2022-11-19,2.479522705078125,1.729522705078125,4.006866455078125,4.768585205078125,6.749053955078125,4.330108642578125
2022-11-20,-1.610931396484375,0.079498291015625,0.921295166015625,-0.325775146484375,3.200592041015625,-0.402923583984375
2022-11-21,4.848602294921875,4.410125732421875,2.776336669921875,3.120086669921875,4.691375732421875,1.397430419921875
2022-11-22,3.8607177734375,2.9837646484375,2.9163818359375,2.7796630859375,4.5667724609375,0.8226318359375
2022-11-23,1.982391357421875,1.033172607421875,-1.272491455078125,1.523406982421875,-0.807647705078125,-1.908233642578125
2022-11-24,-2.907318115234375,-0.772552490234375,-3.368255615234375,-2.257904052734375,-2.468841552734375,-6.979583740234375
2022-11-25,0.840484619140625,-0.362640380859375,-1.007171630859375,-0.305023193359375,2.387359619140625,-2.629241943359375
2022-11-26,-0.042144775390625,-1.490386962890625,-2.296051025390625,-0.964996337890625,-1.848785400390625,-3.733551025390625
2022-11-27,-3.591827392578125,-3.116241455078125,-5.233428955078125,-3.151397705078125,-2.824249267578125,-5.360382080078125
2022-11-28,-0.976470947265625,-1.361236572265625,-2.543853759765625,-0.788970947265625,-1.128814697265625,-3.376861572265625
2022-11-29,0.506744384765625,-0.235443115234375,-0.313568115234375,0.712799072265625,3.324127197265625,-0.261810302734375
2022-11-30,-0.052337646484375,-1.044525146484375,-0.439056396484375,0.478912353515625,3.093170166015625,-0.593353271484375
2022-12-01,-1.219024658203125,-0.977813720703125,0.292694091796875,-0.953399658203125,2.687225341796875,1.016326904296875
2022-12-02,3.815460205078125,3.623077392578125,2.051788330078125,2.725616455078125,5.080108642578125,0.962921142578125
2022-12-03,1.532806396484375,2.954681396484375,1.726165771484375,2.612884521484375,6.056243896484375,2.070892333984375
2022-12-04,0.551910400390625,2.004058837890625,2.469879150390625,1.437652587890625,5.595855712890625,2.900543212890625
2022-12-05,3.789886474609375,4.789886474609375,3.988128662109375,3.331878662109375,5.751800537109375,2.306488037109375
2022-12-06,1.91876220703125,2.40997314453125,3.51251220703125,2.29278564453125,6.02227783203125,2.49591064453125
2022-12-07,3.151519775390625,5.534332275390625,4.919097900390625,3.832183837890625,6.636871337890625,3.009918212890625
2022-12-08,9.424774169921877,9.476531982421877,7.350555419921875,7.013641357421875,7.943328857421875,4.366180419921875
2022-12-09,7.9285888671875,7.5242919921875,7.9774169921875,7.5594482421875,8.9608154296875,3.7147216796875
2022-12-10,-1.201141357421875,-2.270477294921875,0.155303955078125,1.096710205078125,2.959014892578125,-0.523406982421875
2022-12-11,-3.54522705078125,-5.05401611328125,-4.76007080078125,-3.85870361328125,-1.28057861328125,-4.88116455078125
2022-12-12,-2.320587158203125,-3.212188720703125,-0.967071533203125,-1.857696533203125,2.580780029296875,-2.736602783203125
2022-12-13,2.863189697265625,1.536041259765625,2.332916259765625,1.110260009765625,6.268463134765625,0.449127197265625
2022-12-14,9.426666259765623,9.077056884765623,8.199127197265625,6.574127197265625,9.442291259765623,5.462799072265625
2022-12-15,6.989166259765625,9.914947509765623,8.210845947265625,9.234283447265623,9.325103759765623,3.650299072265625
2022-12-16,0.420013427734375,-1.596588134765625,0.853607177734375,1.775482177734375,4.811614990234375,1.933685302734375
2022-12-17,-2.880157470703125,-4.582305908203125,-1.362579345703125,-0.935821533203125,0.946014404296875,-1.949493408203125
2022-12-18,-2.992156982421875,-3.421844482421875,-2.739227294921875,-4.669891357421875,-2.692352294921875,-4.382781982421875
2022-12-19,-3.568389892578125,-1.373077392578125,-1.835968017578125,-2.040069580078125,0.117156982421875,0.139617919921875
2022-12-20,-2.959320068359375,1.885406494140625,-2.494476318359375,-1.487640380859375,-0.184906005859375,-0.404632568359375
2022-12-21,-4.641204833984375,-0.848236083984375,-2.947845458984375,-2.950775146484375,-1.520111083984375,-5.961517333984375
2022-12-22,-1.838409423828125,-0.235870361328125,-0.948760986328125,-3.812042236328125,1.708465576171875,-3.074737548828125
2022-12-23,0.249481201171875,-0.272979736328125,0.704559326171875,1.634246826171875,1.941864013671875,1.193817138671875
2022-12-24,-1.849151611328125,0.579559326171875,-0.378448486328125,-1.714385986328125,2.497528076171875,-1.425323486328125
2022-12-25,-0.068267822265625,2.208099365234375,1.936614990234375,0.566497802734375,2.167083740234375,0.048919677734375
2022-12-26,1.996978759765625,0.921783447265625,2.922760009765625,2.329986572265625,4.834869384765625,1.979400634765625
2022-12-27,-1.686187744140625,0.221038818359375,2.333343505859375,0.799163818359375,5.145843505859375,2.092132568359375
2022-12-28,-1.4974365234375,0.3385009765625,1.9429931640625,-0.9271240234375,3.7418212890625,-0.3499755859375
2022-12-29,-0.964630126953125,3.691619873046875,4.506072998046875,2.515838623046875,5.864471435546875,2.855682373046875
2022-12-30,-1.386077880859375,1.561187744140625,-0.185882568359375,0.931304931640625,1.378570556640625,-0.981781005859375
2022-12-31,-1.403106689453125,2.700408935546875,0.348846435546875,0.846893310546875,4.103729248046875,0.280487060546875
2023-01-01,-2.263519287109375,2.247222900390625,-0.286956787109375,-0.690277099609375,2.370269775390625,-1.209808349609375
2023-01-02,1.065460205078125,3.462921142578125,0.941436767578125,1.029327392578125,-0.123016357421875,-0.638641357421875
2023-01-03,-1.735382080078125,-0.185577392578125,-2.238311767578125,-3.387725830078125,-1.158233642578125,-4.191436767578125
2023-01-04,-2.38433837890625,2.33245849609375,-2.09918212890625,-0.81207275390625,3.11273193359375,-3.43804931640625
2023-01-05,-3.151397705078125,-0.697296142578125,-3.076202392578125,-1.781280517578125,0.004852294921875,-6.053741455078125
2023-01-06,-3.327178955078125,-0.500030517578125,-2.281280517578125,-4.148468017578125,1.606414794921875,-4.829132080078125
2023-01-07,1.398223876953125,3.212677001953125,1.327911376953125,-0.384002685546875,3.902130126953125,-1.492401123046875
2023-01-08,2.00213623046875,2.14569091796875,2.59686279296875,1.50799560546875,4.72283935546875,-0.04669189453125
2023-01-09,-0.32379150390625,-1.59429931640625,-2.21734619140625,-1.29449462890625,0.01312255859375,-2.78961181640625
2023-01-10,-0.708099365234375,-2.337982177734375,-2.781341552734375,-2.082122802734375,-0.552825927734375,-4.148529052734375
2023-01-11,0.180633544921875,-1.711944580078125,-1.879913330078125,-0.340850830078125,-0.239288330078125,-2.494171142578125
2023-01-12,-0.110076904296875,-1.633514404296875,-1.249725341796875,-1.469451904296875,0.784454345703125,-3.279022216796875
2023-01-13,-0.697174072265625,-1.343658447265625,-2.379791259765625,-0.422760009765625,-0.091705322265625,-2.482330322265625
2023-01-14,-2.92303466796875,-1.27850341796875,-3.00701904296875,-3.79217529296875,-0.24920654296875,-4.23455810546875
2023-01-15,3.507415771484375,2.718353271484375,1.305267333984375,2.446868896484375,3.139251708984375,0.105072021484375
2023-01-16,7.286651611328125,4.294464111328125,4.845245361328125,3.962432861328125,6.477081298828125,2.224151611328125
2023-01-17,1.623138427734375,2.722747802734375,2.032318115234375,3.116302490234375,5.330169677734375,1.399505615234375
2023-01-18,-0.421722412109375,-0.067230224609375,-2.269378662109375,-0.257659912109375,0.539215087890625,-2.244964599609375
2023-01-19,-1.861724853515625,-2.848052978515625,-4.376373291015625,-2.731842041015625,-0.406646728515625,-3.022857666015625
2023-01-20,-1.75592041015625,-1.70904541015625,-3.07037353515625,-3.15631103515625,0.05267333984375,-4.16412353515625
2023-01-21,0.795989990234375,0.470794677734375,-1.608306884765625,-0.523345947265625,1.412200927734375,-2.851470947265625
2023-01-22,0.053436279296875,-0.280548095703125,-2.502227783203125,-0.016876220703125,-1.323516845703125,-2.108673095703125
2023-01-23,0.728302001953125,-0.721893310546875,-1.009002685546875,-0.141815185546875,-0.389862060546875,-2.086151123046875
2023-01-24,-2.341522216796875,-3.547576904296875,-3.483123779296875,-2.167694091796875,-1.230194091796875,-3.540740966796875
2023-01-25,-3.376190185546875,-4.793182373046875,-3.615447998046875,-3.082244873046875,0.132598876953125,-3.909393310546875
2023-01-26,-3.526275634765625,-4.704986572265625,-5.595611572265625,-4.249908447265625,-2.054595947265625,-6.115142822265625
2023-01-27,-3.37493896484375,-4.78900146484375,-5.48333740234375,-4.10247802734375,-4.24017333984375,-5.96575927734375
2023-01-28,-4.01397705078125,-5.64093017578125,-7.33819580078125,-5.62725830078125,-6.34893798828125,-6.99542236328125
2023-01-29,-3.834136962890625,-2.835113525390625,-6.727691650390625,-6.258941650390625,-6.239410400390625,-8.092926025390625
2023-01-30,-4.922027587890625,-4.820465087890625,-7.855621337890625,-4.460113525390625,-8.178863525390625,-7.398590087890625
2023-01-31,-7.614593505859375,-5.304046630859375,-5.831390380859375,-7.110687255859375,-3.252288818359375,-7.958343505859375
2023-02-01,-2.009246826171875,-4.769012451171875,-4.042449951171875,-3.870574951171875,-2.171356201171875,-4.979949951171875
2023-02-02,-1.460540771484375,-0.522064208984375,-3.285736083984375,-2.097259521484375,-1.492767333984375,-4.568939208984375
2023-02-03,-7.819244384765625,-9.003814697265625,-9.839752197265623,-8.684478759765625,-6.576080322265625,-10.308502197265623
2023-02-04,-9.796844482421877,-11.951141357421877,-12.392547607421877,-11.964813232421877,-10.108367919921877,-14.609344482421877
2023-02-05,-9.60345458984375,-10.03802490234375,-11.58782958984375,-9.69427490234375,-9.59173583984375,-14.84075927734375
2023-02-06,-12.202362060546877,-13.698455810546877,-14.299041748046877,-13.343963623046877,-11.579315185546877,-15.532440185546877
2023-02-07,-18.95343017578125,-15.88018798828125,-11.69952392578125,-11.14483642578125,-11.55596923828125,-14.89093017578125
2023-02-08,-18.732467651367188,-17.504928588867188,-11.550811767578123,-10.905303955078123,-10.686553955078123,-10.917022705078123
2023-02-09,-16.420562744140625,-13.842437744140623,-11.614898681640623,-8.958648681640625,-6.737945556640625,-8.436187744140625
2023-02-10,-3.547271728515625,-3.687896728515625,-6.532623291015625,-4.053131103515625,-5.309967041015625,-8.116607666015625
2023-02-11,-1.810699462890625,-3.145660400390625,-4.648590087890625,-2.684722900390625,-0.948394775390625,-5.722808837890625
2023-02-12,-6.889739990234375,-6.398529052734375,-7.699310302734375,-7.214935302734375,-6.318450927734375,-7.732513427734375
2023-02-13,-0.658538818359375,-2.576507568359375,-3.548187255859375,-2.212249755859375,-1.942718505859375,-6.916351318359375
2023-02-14,-8.413970947265625,-6.465728759765625,-5.694244384765625,-4.090728759765625,-4.162994384765625,-5.617095947265625
2023-02-15,-6.565093994140625,-4.368804931640625,-4.150054931640625,-4.226226806640625,-4.181304931640625,-4.362945556640625
2023-02-16,-5.611297607421875,-3.938446044921875,-1.488250732421875,-4.215789794921875,1.457061767578125,-1.760711669921875
2023-02-17,-3.395782470703125,-1.866485595703125,0.229217529296875,-1.189727783203125,1.255584716796875,-0.641876220703125
2023-02-18,-1.072113037109375,0.313629150390625,-0.915863037109375,-0.755706787109375,1.559722900390625,-1.535980224609375
2023-02-19,-3.185821533203125,0.802459716796875,-2.680938720703125,-1.886993408203125,-1.152618408203125,-1.091094970703125
2023-02-20,-2.668060302734375,-0.899505615234375,-2.131927490234375,0.474517822265625,-1.839935302734375,0.238189697265625
2023-02-21,-1.087432861328125,0.567840576171875,-1.254425048828125,-1.196807861328125,1.542449951171875,2.942840576171875
2023-02-22,1.109405517578125,2.160186767578125,0.135772705078125,0.886749267578125,1.221710205078125,-0.692352294921875
2023-02-23,3.374603271484375,3.882415771484375,2.285736083984375,2.952728271484375,3.991790771484375,1.095306396484375
2023-02-24,6.490447998046875,5.597869873046875,3.962127685546875,5.318572998046875,5.572479248046875,2.397674560546875
2023-02-25,-2.362823486328125,-2.625518798828125,-1.987823486328125,-0.534698486328125,4.399871826171875,1.230926513671875
2023-02-26,-3.186309814453125,-3.882598876953125,-1.806427001953125,-0.796661376953125,3.348846435546875,-0.830841064453125
2023-02-27,-0.868560791015625,-0.514068603515625,-0.635162353515625,1.186126708984375,3.474212646484375,0.118743896484375
2023-02-28,0.86419677734375,2.03704833984375,0.05267333984375,2.89349365234375,3.13958740234375,2.02337646484375
2023-03-01,-1.768310546875,-0.504638671875,-4.576904296875,-0.957763671875,-1.996826171875,-3.585693359375
2023-03-02,0.936676025390625,0.907379150390625,-0.754730224609375,1.457183837890625,-0.723480224609375,-1.443206787109375
2023-03-03,-1.357635498046875,-0.338104248046875,-0.666229248046875,0.744903564453125,-0.453338623046875,-0.988494873046875
2023-03-04,-7.454071044921875,-7.435516357421875,-6.060516357421875,-4.726531982421875,-0.521453857421875,-4.739227294921875
2023-03-05,-1.761688232421875,0.147491455078125,0.162139892578125,-0.658172607421875,2.370147705078125,-0.216766357421875
2023-03-06,-3.232574462890625,0.214691162109375,0.019378662109375,-1.410308837890625,2.247894287109375,-1.943511962890625
2023-03-07,3.841583251953125,4.767364501953125,3.281036376953125,3.122833251953125,4.573028564453125,1.323028564453125
2023-03-08,3.043853759765625,4.705963134765625,3.871978759765625,5.931549072265625,7.493072509765625,2.775299072265625
2023-03-09,2.04803466796875,4.05389404296875,1.57244873046875,3.56170654296875,5.91619873046875,1.43963623046875
2023-03-10,-0.68035888671875,-2.36981201171875,-2.83953857421875,-1.02899169921875,1.90362548828125,-1.88641357421875
2023-03-11,-3.630401611328125,-5.373565673828125,-7.368682861328125,-4.314971923828125,-2.472198486328125,-5.264190673828125
2023-03-12,-1.636077880859375,2.107086181640625,-2.433929443359375,-2.558929443359375,0.409820556640625,-2.550140380859375
2023-03-13,2.73046875,4.09375,1.5029296875,0.5400390625,4.69921875,0.6328125
2023-03-14,-2.545867919921875,-3.829071044921875,-4.885711669921875,-3.747039794921875,-0.757781982421875,-4.591766357421875
2023-03-15,-4.63629150390625,-6.03863525390625,-6.84820556640625,-6.45074462890625,-2.17437744140625,-7.46734619140625
2023-03-16,-4.706817626953125,-7.575958251953125,-6.097442626953125,-4.712677001953125,-2.657989501953125,-5.310333251953125
2023-03-17,-1.326080322265625,-0.804595947265625,-3.863189697265625,-3.612213134765625,-0.531158447265625,-3.723541259765625
2023-03-18,1.144195556640625,2.996734619140625,-0.119476318359375,0.664703369140625,2.751617431640625,-0.467132568359375
2023-03-19,3.706390380859375,4.606781005859375,0.285491943359375,3.975921630859375,3.560882568359375,0.932952880859375
2023-03-20,4.66961669921875,4.19110107421875,2.89910888671875,4.20770263671875,3.83856201171875,1.20867919921875
2023-03-21,-0.046112060546875,-0.175994873046875,-1.580291748046875,0.722442626953125,0.074005126953125,-3.642791748046875
2023-03-22,2.1527099609375,2.6282958984375,0.6087646484375,3.4808349609375,2.2093505859375,-0.6236572265625
2023-03-23,1.835845947265625,4.610260009765625,1.544830322265625,2.204986572265625,3.819244384765625,0.894439697265625
2023-03-24,4.354949951171875,4.427215576171875,2.350067138671875,3.039520263671875,5.329559326171875,0.564910888671875
2023-03-25,7.855224609375,6.537841796875,3.988037109375,5.191162109375,5.857177734375,1.649169921875
2023-03-26,-1.240631103515625,-2.260162353515625,-3.486724853515625,-2.406646728515625,-0.495513916015625,-4.034576416015625
2023-03-27,-3.738372802734375,-5.176849365234375,-9.917083740234377,-5.167083740234375,-5.099700927734375,-10.625091552734377
2023-03-28,-2.8453369140625,-0.9439697265625,-4.7008056640625,-3.7232666015625,-3.6304931640625,-7.0689697265625
2023-03-29,0.5203857421875,1.9588623046875,1.5252685546875,1.3201904296875,2.3446044921875,-1.2120361328125
2023-03-30,6.520721435546875,6.194549560546875,4.568572998046875,6.192596435546875,6.938690185546875,1.831268310546875
2023-03-31,-1.190399169921875,0.184600830078125,1.584991455078125,1.366241455078125,5.225616455078125,1.532257080078125
2023-04-01,3.373748779296875,3.306365966796875,0.689178466796875,1.561248779296875,0.921600341796875,-0.041290283203125
2023-04-02,-1.713653564453125,-3.555450439453125,-3.764434814453125,-2.970489501953125,0.598846435546875,-3.241973876953125
2023-04-03,-3.715240478515625,-5.041412353515625,-6.036529541015625,-5.285552978515625,-2.418365478515625,-6.023834228515625
2023-04-04,-5.64697265625,-5.93212890625,-6.13037109375,-5.30712890625,-0.59912109375,-4.90087890625
2023-04-05,-5.548309326171875,-5.913543701171875,-7.003387451171875,-7.474090576171875,-4.348114013671875,-7.171356201171875
2023-04-06,-2.052764892578125,-1.048858642578125,-2.857452392578125,-2.553741455078125,-3.303741455078125,-6.022491455078125
2023-04-07,-0.595306396484375,-2.156829833984375,-3.154876708984375,-3.174407958984375,-2.747650146484375,-2.295501708984375
2023-04-08,2.25177001953125,0.76641845703125,0.43438720703125,1.40216064453125,2.80059814453125,-0.34490966796875
2023-04-09,0.915557861328125,0.245635986328125,0.488800048828125,0.312042236328125,3.485870361328125,-0.690887451171875
2023-04-10,1.46722412109375,1.88226318359375,-5.12164306640625,-0.20367431640625,-0.08453369140625,-1.35015869140625
2023-04-11,-0.66741943359375,0.37066650390625,-2.94964599609375,-1.65863037109375,2.25445556640625,0.43121337890625
2023-04-12,8.719757080078125,8.426788330078125,6.290069580078125,6.200225830078125,7.625030517578125,3.816436767578125
2023-04-13,1.478668212890625,1.932769775390625,1.336090087890625,0.726715087890625,3.216949462890625,-0.425628662109375
2023-04-14,1.9552001953125,2.0010986328125,-1.0262451171875,-0.0408935546875,3.1964111328125,-1.7781982421875
2023-04-15,5.137237548828125,4.132354736328125,1.444854736328125,3.451690673828125,4.017120361328125,1.127471923828125
2023-04-16,6.270263671875,5.205810546875,3.280029296875,5.010498046875,3.781005859375,1.465576171875
2023-04-17,5.9139404296875,4.7742919921875,3.5877685546875,4.8426513671875,3.1756591796875,0.8680419921875
2023-04-18,0.931854248046875,1.336151123046875,0.315643310546875,1.893768310546875,2.870330810546875,-0.655059814453125
2023-04-19,2.884613037109375,2.671722412109375,2.387542724609375,3.774261474609375,1.934417724609375,1.106292724609375
2023-04-20,5.203521728515625,3.991607666015625,4.064849853515625,4.542388916015625,2.667388916015625,1.700592041015625
2023-04-21,2.49896240234375,1.99114990234375,3.06927490234375,4.16302490234375,2.16497802734375,-1.80670166015625
2023-04-22,4.401702880859375,5.679046630859375,3.073577880859375,3.647796630859375,5.754241943359375,0.651702880859375
2023-04-23,6.293304443359375,6.502288818359375,5.400726318359375,6.413421630859375,7.014984130859375,3.007171630859375
2023-04-24,5.470062255859375,4.731781005859375,2.621429443359375,3.570648193359375,5.321624755859375,1.151702880859375
2023-04-25,3.181610107421875,1.357391357421875,-0.732452392578125,0.457977294921875,1.492156982421875,-1.455108642578125
2023-04-26,-0.220062255859375,-0.965179443359375,-2.546234130859375,-0.612640380859375,0.232086181640625,-4.749359130859375
2023-04-27,3.994415283203125,4.851837158203125,0.890899658203125,1.855743408203125,3.824493408203125,1.215118408203125
2023-04-28,4.38201904296875,4.19549560546875,4.11151123046875,5.06658935546875,6.15155029296875,1.69451904296875
2023-04-29,6.4664306640625,7.6285400390625,3.9547119140625,5.0328369140625,5.7447509765625,4.5064697265625
2023-04-30,8.289276123046875,7.967987060546875,6.586151123046875,7.302947998046875,8.577362060546875,5.395721435546875
2023-05-01,5.8675537109375,6.6156005859375,4.5892333984375,4.7659912109375,8.6468505859375,3.0111083984375
2023-05-02,7.591827392578125,6.760772705078125,5.299835205078125,6.789093017578125,6.010772705078125,3.902374267578125
2023-05-03,7.4481201171875,5.7928466796875,4.5018310546875,4.9471435546875,6.3084716796875,2.3729248046875
2023-05-04,5.663482666015625,6.357818603515625,4.619537353515625,6.015045166015625,5.872467041015625,-0.078704833984375
2023-05-05,6.391510009765625,6.836822509765625,5.654205322265625,4.195220947265625,7.025299072265625,2.411041259765625
2023-05-06,7.41485595703125,8.58673095703125,4.96173095703125,6.23321533203125,7.89239501953125,1.94122314453125
2023-05-07,8.56085205078125,6.56085205078125,7.24542236328125,7.48956298828125,10.73468017578125,6.72393798828125
2023-05-08,6.05877685546875,6.19940185546875,5.27752685546875,6.82928466796875,7.91131591796875,3.67596435546875
2023-05-09,8.945556640625,7.912353515625,7.468994140625,8.460205078125,9.312744140625,6.176025390625
2023-05-10,7.165130615234375,7.342864990234375,6.963958740234375,7.897552490234375,8.987396240234375,4.848724365234375
2023-05-11,5.079803466796875,5.400115966796875,4.749725341796875,4.009490966796875,6.772186279296875,2.612030029296875
2023-05-12,9.36846923828125,8.97296142578125,7.65362548828125,9.24542236328125,10.17999267578125,5.73760986328125
2023-05-13,13.152435302734377,11.106536865234377,9.960052490234377,11.168060302734377,11.851654052734377,8.170013427734375
2023-05-14,10.2166748046875,10.7518310546875,7.9461669921875,9.6336669921875,12.5789794921875,10.5623779296875
2023-05-15,7.792633056640625,7.299468994140625,6.218414306640625,7.033843994140625,8.971343994140625,4.445953369140625
2023-05-16,8.496795654296875,8.696990966796875,5.216522216796875,7.589569091796875,6.775115966796875,4.033905029296875
2023-05-17,8.86553955078125,7.30596923828125,6.49444580078125,7.61163330078125,7.43878173828125,4.52764892578125
2023-05-18,6.979705810546875,7.871307373046875,7.085174560546875,6.093963623046875,7.604705810546875,7.824432373046875
2023-05-19,7.666046142578125,7.943389892578125,7.429718017578125,7.672882080078125,9.522491455078123,5.781280517578125
2023-05-20,8.722930908203125,8.292266845703125,6.274688720703125,7.393829345703125,9.388946533203123,6.090118408203125
2023-05-21,7.705535888671875,7.433074951171875,6.236785888671875,7.458465576171875,8.930145263671875,5.676239013671875
2023-05-22,9.53521728515625,9.11627197265625,7.06451416015625,8.40240478515625,8.55670166015625,5.71490478515625
2023-05-23,9.851654052734377,11.046966552734377,8.887786865234375,9.358489990234377,8.852630615234375,6.666107177734375
2023-05-24,11.957305908203123,10.891876220703123,10.347930908203123,11.030548095703123,11.376251220703123,8.294219970703125
2023-05-25,11.47381591796875,10.59588623046875,9.53045654296875,10.48260498046875,10.29803466796875,7.04119873046875
2023-05-26,12.128936767578123,11.128936767578123,9.912139892578123,11.227569580078123,11.376007080078123,7.067413330078125
2023-05-27,9.91064453125,9.73876953125,8.43310546875,10.05322265625,10.48583984375,9.13916015625
2023-05-28,9.782257080078123,10.327178955078123,8.108428955078125,9.550811767578123,10.022491455078123,6.669952392578125
2023-05-29,10.417938232421877,9.361297607421877,7.260711669921875,8.289031982421875,9.064422607421877,6.265594482421875
2023-05-30,10.51629638671875,9.16375732421875,9.59930419921875,10.83172607421875,10.74090576171875,8.62469482421875
2023-05-31,10.428680419921877,10.104461669921877,7.657196044921875,9.425750732421877,9.867156982421877,5.383758544921875
2023-06-01,11.302398681640623,9.999664306640623,7.680328369140625,8.727203369140625,10.723297119140623,6.540679931640625
2023-06-02,11.11004638671875,10.69110107421875,8.97918701171875,9.99774169921875,10.67156982421875,6.44793701171875
2023-06-03,10.35186767578125,9.85577392578125,7.77471923828125,9.05499267578125,9.77862548828125,6.88116455078125
2023-06-04,10.626983642578123,11.225616455078123,8.347686767578125,9.020538330078123,11.020538330078123,9.583038330078123
2023-06-05,11.2935791015625,11.8238525390625,9.5474853515625,11.1715087890625,12.0054931640625,9.1734619140625
2023-06-06,11.60736083984375,11.26947021484375,7.96966552734375,10.63470458984375,11.02532958984375,9.39642333984375
2023-06-07,9.93359375,9.982421875,8.3427734375,9.611328125,11.8701171875,7.4794921875
2023-06-08,11.55865478515625,11.78521728515625,9.95709228515625,11.36236572265625,11.12115478515625,7.89166259765625
2023-06-09,13.334320068359377,11.954437255859377,11.324554443359377,11.716156005859377,13.359710693359377,10.874359130859377
2023-06-10,12.176544189453123,11.890411376953123,10.375762939453123,11.611114501953123,11.456817626953123,9.858184814453123
2023-06-11,12.58990478515625,11.31646728515625,10.61529541015625,11.52838134765625,12.82818603515625,9.40631103515625
2023-06-12,11.844329833984377,10.129486083984377,10.987884521484377,11.385345458984377,11.028900146484377,9.615814208984377
2023-06-13,11.47100830078125,10.88311767578125,10.30206298828125,11.62921142578125,12.25225830078125,9.69464111328125
2023-06-14,11.132965087890623,10.424957275390623,9.640777587890623,10.635894775390623,13.104644775390623,10.184722900390623
2023-06-15,11.050537109375,10.502685546875,10.009521484375,10.980224609375,12.959716796875,9.173583984375
2023-06-16,11.703125,10.552734375,8.365234375,9.8505859375,10.0888671875,8.388671875
2023-06-17,9.69915771484375,9.65130615234375,7.52435302734375,9.53997802734375,8.96673583984375,5.75189208984375
2023-06-18,12.24346923828125,13.13507080078125,10.54815673828125,12.45440673828125,11.59600830078125,8.67901611328125
2023-06-19,13.838531494140623,14.004547119140623,12.150054931640623,11.669586181640623,14.437164306640623,11.253570556640623
2023-06-20,15.8665771484375,16.1849365234375,14.1253662109375,15.5931396484375,14.9661865234375,11.8275146484375
2023-06-21,15.811920166015623,16.582427978515625,14.219146728515623,14.688873291015623,15.539459228515623,11.924224853515623
2023-06-22,16.856903076171875,16.920379638671875,14.839324951171877,14.971160888671877,16.617645263671875,13.648895263671877
2023-06-23,15.483001708984377,14.651947021484377,13.571868896484377,14.434173583984377,15.646087646484377,11.343353271484377
2023-06-24,14.45184326171875,12.73797607421875,13.18035888671875,13.83563232421875,14.67742919921875,11.65301513671875
2023-06-25,12.87396240234375,12.42181396484375,10.37493896484375,12.29486083984375,12.92474365234375,8.84954833984375
2023-06-26,13.953887939453123,13.451934814453123,12.562286376953123,12.579864501953123,13.359161376953123,11.689239501953123
2023-06-27,11.429840087890623,8.969879150390625,9.846832275390623,10.946441650390623,14.806793212890623,10.608551025390623
2023-06-28,9.52252197265625,9.07525634765625,9.28619384765625,8.98248291015625,11.27935791015625,7.44830322265625
2023-06-29,11.506500244140623,12.572906494140623,10.098297119140623,10.674468994140623,14.045562744140623,10.118804931640623
2023-06-30,12.06475830078125,12.06475830078125,12.24639892578125,11.65557861328125,14.01788330078125,11.07354736328125
2023-07-01,13.290557861328123,13.015167236328123,12.138214111328123,12.801300048828123,12.299346923828123,8.943878173828125
2023-07-02,14.856781005859377,14.199554443359377,13.247406005859377,13.230804443359377,15.451507568359377,12.620452880859377
2023-07-03,14.94671630859375,14.39984130859375,12.46234130859375,13.61859130859375,12.81781005859375,11.14300537109375
2023-07-04,13.271575927734377,15.212005615234377,12.052825927734377,13.344818115234377,13.214935302734377,9.391693115234377
2023-07-05,14.3443603515625,14.4820556640625,13.0611572265625,13.5689697265625,13.8531494140625,10.7789306640625
2023-07-06,12.726806640625,12.455322265625,10.920166015625,13.106689453125,14.675048828125,10.459228515625
2023-07-07,11.2379150390625,12.1597900390625,11.1099853515625,10.9322509765625,12.2847900390625,6.5826416015625
2023-07-08,12.128936767578123,13.220733642578123,12.618194580078123,11.211944580078123,13.356475830078123,7.544952392578125
2023-07-09,13.4503173828125,14.1895751953125,13.9708251953125,13.1231689453125,13.4718017578125,9.2813720703125
2023-07-10,15.283599853515623,16.384185791015625,14.527740478515623,15.307037353515623,17.477935791015625,15.996490478515623
2023-07-11,15.95782470703125,17.67657470703125,15.58966064453125,15.96856689453125,19.65313720703125,17.61016845703125
2023-07-12,15.850250244140623,16.463531494140625,15.346343994140623,16.286773681640625,18.516265869140625,18.054351806640625
2023-07-13,16.4229736328125,15.8458251953125,15.0831298828125,15.8458251953125,17.0889892578125,14.5928955078125
2023-07-14,17.772613525390625,17.534332275390625,17.001129150390625,17.225738525390625,18.336090087890625,14.825347900390623
2023-07-15,17.763763427734375,20.29110717773437,17.822357177734375,19.04598999023437,18.28622436523437,14.736419677734377
2023-07-16,18.3939208984375,20.0316162109375,17.7142333984375,19.0179443359375,18.3509521484375,16.6536865234375
2023-07-17,16.91448974609375,16.81878662109375,16.04437255859375,16.30316162109375,18.21038818359375,12.96136474609375
2023-07-18,17.505462646484375,20.03475952148437,16.242767333984375,17.873626708984375,22.75936889648437,19.18612670898437
2023-07-19,17.912567138671875,16.713348388671875,15.939910888671877,16.637176513671875,22.351043701171875,17.121551513671875
2023-07-20,16.467926025390625,18.630035400390625,17.131011962890625,17.688629150390625,21.138824462890625,16.926910400390625
2023-07-21,16.179412841796875,17.643280029296875,16.023162841796875,16.412811279296875,19.186248779296875,17.680389404296875
2023-07-22,14.6712646484375,16.2200927734375,13.8968505859375,16.0540771484375,18.9769287109375,16.7015380859375
2023-07-23,17.083099365234375,19.97665405273437,17.806732177734375,18.67196655273437,21.09384155273437,18.60556030273437
2023-07-24,18.472442626953125,20.807403564453125,16.658966064453125,19.345489501953125,20.210723876953125,16.384552001953125
2023-07-25,13.319244384765623,11.351470947265623,10.653228759765623,12.240142822265623,13.894439697265623,10.165924072265623
2023-07-26,9.84783935546875,9.48260498046875,9.00018310546875,10.79803466796875,11.97283935546875,9.04705810546875
2023-07-27,13.047821044921877,14.929656982421877,11.785125732421877,14.684539794921877,14.200164794921877,12.204071044921877
2023-07-28,14.676910400390623,15.004058837890623,13.786285400390623,14.953277587890623,15.538238525390623,13.918121337890623
2023-07-29,15.303741455078123,14.865264892578123,13.349639892578123,15.202178955078123,15.728546142578123,14.256866455078123
2023-07-30,13.382843017578123,12.838897705078123,12.626983642578123,12.397491455078123,15.219757080078123,9.347686767578123
2023-07-31,14.53216552734375,16.36712646484375,13.20111083984375,15.15228271484375,16.28900146484375,13.33489990234375
2023-08-01,14.955047607421877,15.227508544921877,12.999969482421877,14.149383544921877,15.826141357421877,14.012664794921877
2023-08-02,16.57177734375,17.95849609375,14.38525390625,16.98095703125,16.65966796875,15.85205078125
2023-08-03,16.51580810546875,18.46697998046875,14.44940185546875,16.75311279296875,18.71697998046875,14.84588623046875
2023-08-04,12.9481201171875,13.5828857421875,10.7635498046875,13.2967529296875,12.8953857421875,9.5057373046875
2023-08-05,11.482666015625,10.374267578125,9.733642578125,10.763916015625,11.986572265625,8.955322265625
2023-08-06,11.0238037109375,9.7542724609375,9.1927490234375,10.1204833984375,12.2269287109375,9.0667724609375
2023-08-07,8.107330322265625,7.508697509765625,8.876861572265625,7.423736572265625,10.032135009765623,4.281158447265625
2023-08-08,10.668670654296877,11.717498779296877,10.317108154296877,11.862030029296877,11.595428466796877,8.514373779296875
2023-08-09,10.277984619140623,10.176422119140623,8.274078369140625,9.973297119140623,11.549468994140623,5.415679931640625
2023-08-10,9.9918212890625,10.2701416015625,9.0885009765625,9.5592041015625,12.0904541015625,5.8580322265625
2023-08-11,10.00982666015625,10.40924072265625,9.94537353515625,9.21002197265625,12.25885009765625,5.98638916015625
2023-08-12,11.690765380859377,12.331390380859377,12.013031005859377,11.577484130859377,12.855804443359377,8.279632568359375
2023-08-13,12.99859619140625,13.07574462890625,13.30523681640625,13.35015869140625,13.47027587890625,9.49371337890625
2023-08-14,12.902587890625,13.364501953125,11.491455078125,13.101806640625,12.522705078125,9.017822265625
2023-08-15,13.616241455078123,13.564483642578123,12.585968017578123,13.635772705078123,14.340850830078123,9.783233642578123
2023-08-16,14.528533935546877,14.223846435546877,14.291229248046877,14.320526123046877,15.618377685546877,10.396697998046877
2023-08-17,15.789215087890623,15.370269775390623,13.800933837890623,15.321441650390623,14.903472900390623,11.489410400390623
2023-08-18,14.42828369140625,14.41754150390625,12.63922119140625,14.37945556640625,15.43316650390625,12.71929931640625
2023-08-19,15.1553955078125,15.8565673828125,13.4708251953125,14.7188720703125,17.5020751953125,11.8858642578125
2023-08-20,16.07171630859375,16.49945068359375,14.37640380859375,15.49749755859375,17.41351318359375,11.84320068359375
2023-08-21,16.4857177734375,16.8861083984375,16.0775146484375,16.0101318359375,17.6907958984375,12.2777099609375
2023-08-22,15.73614501953125,16.94024658203125,16.18243408203125,16.82891845703125,16.98028564453125,12.43145751953125
2023-08-23,15.91070556640625,16.49957275390625,15.10015869140625,15.91363525390625,16.15777587890625,10.95367431640625
2023-08-24,15.54193115234375,15.41497802734375,15.66204833984375,15.80169677734375,17.81341552734375,14.31536865234375
2023-08-25,17.2235107421875,19.7176513671875,16.4158935546875,18.7879638671875,17.4315185546875,15.4461669921875
2023-08-26,16.22296142578125,18.78253173828125,16.04034423828125,17.62237548828125,19.74151611328125,16.51788330078125
2023-08-27,17.583709716796875,18.187225341796875,14.887420654296877,16.765350341796875,15.679412841796877,13.384490966796877
2023-08-28,13.251373291015623,13.984771728515623,11.643951416015623,12.716217041015623,12.585357666015623,8.880279541015625
2023-08-29,11.86712646484375,12.56048583984375,11.32611083984375,11.80462646484375,12.66790771484375,9.31829833984375
2023-08-30,11.463775634765623,11.615142822265623,8.517486572265625,10.865142822265623,9.813385009765623,8.044830322265625
2023-08-31,11.602752685546877,11.234588623046877,12.925018310546877,11.863494873046877,12.030487060546877,7.758026123046875
2023-09-01,12.08648681640625,12.65972900390625,12.98101806640625,12.28961181640625,12.50836181640625,8.39703369140625
2023-09-02,12.73291015625,11.82861328125,11.35400390625,12.05908203125,14.79638671875,9.85400390625
2023-09-03,12.614227294921877,11.165008544921877,9.982391357421877,11.537078857421877,13.225555419921877,8.671844482421875
2023-09-04,11.43408203125,11.26611328125,8.88330078125,10.67822265625,13.51416015625,8.06884765625
2023-09-05,12.00982666015625,11.49127197265625,10.55279541015625,11.60552978515625,14.65533447265625,10.11138916015625
2023-09-06,11.643035888671877,11.210418701171877,10.219207763671877,11.761199951171877,13.948699951171877,8.719207763671875
2023-09-07,10.289459228515623,10.471099853515623,10.244537353515623,10.086334228515623,12.381256103515623,6.396881103515625
2023-09-08,10.743682861328123,11.975128173828123,10.424346923828123,10.029815673828123,12.438018798828123,6.700714111328125
2023-09-09,11.423065185546877,11.671112060546877,11.803924560546877,10.999237060546877,12.729705810546877,6.887908935546875
2023-09-10,10.66339111328125,11.32354736328125,11.69659423828125,12.31085205078125,14.41925048828125,11.46417236328125
2023-09-11,12.00439453125,15.02392578125,11.22314453125,13.86474609375,15.61181640625,14.62451171875
2023-09-12,13.118682861328123,14.674346923828123,11.934112548828123,13.602081298828123,18.604034423828125,14.397003173828123
2023-09-13,13.394989013671877,13.390106201171877,10.887176513671877,12.881317138671877,12.794403076171877,11.326629638671877
2023-09-14,12.588775634765623,12.318267822265623,9.693267822265623,11.294830322265623,12.137603759765623,9.620025634765623
2023-09-15,12.51544189453125,12.77618408203125,10.32110595703125,11.99688720703125,12.81036376953125,9.51446533203125
2023-09-16,12.55010986328125,13.04229736328125,12.21612548828125,12.52960205078125,12.79327392578125,9.19854736328125
2023-09-17,14.030029296875,14.719482421875,12.849365234375,14.090576171875,15.628662109375,12.916748046875
2023-09-18,13.822906494140623,14.940093994140623,11.158843994140623,14.111968994140623,15.571929931640623,12.433258056640623
2023-09-19,13.122314453125,14.229736328125,12.649658203125,13.175048828125,15.225830078125,12.158447265625
2023-09-20,14.803070068359377,16.233734130859375,13.073577880859377,14.287445068359377,14.646820068359377,11.442718505859377
2023-09-21,15.995758056640623,16.961578369140625,13.443023681640623,14.600250244140623,15.653961181640623,11.861968994140623
2023-09-22,13.84356689453125,14.30841064453125,11.76934814453125,13.67852783203125,13.41680908203125,11.29083251953125
2023-09-23,12.13397216796875,11.16522216796875,10.25311279296875,12.09393310546875,12.03338623046875,9.27362060546875
2023-09-24,11.7911376953125,11.8927001953125,11.1505126953125,12.0303955078125,14.5255126953125,9.3477783203125
2023-09-25,9.734710693359377,9.890960693359377,8.246429443359375,10.184906005859377,11.657562255859377,7.399749755859375
2023-09-26,8.700042724609375,8.966644287109375,8.021331787109375,8.773284912109375,10.653167724609377,5.296722412109375
2023-09-27,8.421051025390625,8.709136962890625,8.832183837890625,8.369293212890625,8.981597900390625,4.545074462890625
2023-09-28,8.797393798828125,10.210479736328123,9.225128173828123,8.269073486328125,8.769073486328125,4.484893798828125
2023-09-29,10.062774658203123,10.084259033203123,8.378204345703125,8.885040283203125,10.613555908203123,3.531524658203125
2023-09-30,7.771392822265625,7.503814697265625,5.580963134765625,7.381744384765625,8.927642822265625,3.476470947265625
2023-10-01,7.964080810546875,8.059783935546875,7.042205810546875,6.610565185546875,9.264862060546877,2.512908935546875
2023-10-02,8.08416748046875,10.54217529296875,7.75701904296875,8.90057373046875,10.58905029296875,10.08514404296875
2023-10-03,10.36676025390625,9.22125244140625,10.10211181640625,10.82281494140625,11.27886962890625,5.96636962890625
2023-10-04,8.66131591796875,8.69061279296875,8.60174560546875,10.66229248046875,9.14862060546875,7.49530029296875
2023-10-05,6.69390869140625,8.05621337890625,6.11480712890625,6.58453369140625,7.73492431640625,1.65386962890625
2023-10-06,6.3841552734375,8.6956787109375,8.1712646484375,8.0726318359375,8.0013427734375,7.0081787109375
2023-10-07,10.681304931640623,9.529937744140623,8.898101806640625,9.295562744140623,11.216461181640623,7.532867431640625
2023-10-08,9.772735595703123,11.308868408203123,9.360626220703123,9.409454345703123,11.268829345703123,12.033477783203123
2023-10-09,9.231597900390623,9.202301025390623,9.206207275390623,8.625152587890625,9.868316650390623,5.092926025390625
2023-10-10,7.44683837890625,8.25445556640625,7.24176025390625,7.76519775390625,10.00933837890625,7.21539306640625
2023-10-11,8.278350830078125,11.240264892578123,7.647491455078125,9.966827392578123,11.256866455078123,9.666046142578123
2023-10-12,8.031768798828125,10.147979736328123,8.185089111328125,9.521026611328123,14.338409423828123,10.397003173828123
2023-10-13,7.646636962890625,10.746246337890623,7.399566650390625,9.284332275390623,8.549957275390625,8.828277587890625
2023-10-14,6.362884521484375,4.626556396484375,3.614837646484375,5.226165771484375,8.925384521484375,5.334564208984375
2023-10-15,3.52777099609375,2.77288818359375,3.70941162109375,3.68402099609375,7.53265380859375,3.82562255859375
2023-10-16,2.226348876953125,1.983184814453125,2.729278564453125,2.217559814453125,5.365020751953125,0.797637939453125
2023-10-17,5.734405517578125,6.636749267578125,6.340850830078125,5.510772705078125,9.274444580078123,5.211944580078125
2023-10-18,15.54107666015625,14.34576416015625,12.27642822265625,13.24420166015625,12.97857666015625,9.33599853515625
2023-10-19,16.60009765625,15.89794921875,12.58935546875,13.97900390625,15.24755859375,10.96533203125
2023-10-20,13.416351318359377,12.338226318359377,11.478851318359377,11.939788818359377,12.395843505859377,8.853851318359375
2023-10-21,8.246826171875,9.420654296875,7.155029296875,8.634521484375,8.324951171875,7.300537109375
2023-10-22,7.93048095703125,9.32110595703125,6.58184814453125,8.03106689453125,10.11016845703125,9.36700439453125
2023-10-23,13.59246826171875,14.36785888671875,8.87274169921875,11.04656982421875,10.32000732421875,8.30047607421875
2023-10-24,8.423858642578125,9.938507080078123,8.772491455078125,10.034210205078123,10.399444580078123,6.753936767578125
2023-10-25,10.152069091796877,11.103240966796877,8.889373779296875,10.559295654296877,10.746795654296877,7.472381591796875
2023-10-26,11.358978271484377,11.659759521484377,9.618743896484377,11.369720458984377,11.945892333984377,8.650970458984375
2023-10-27,6.539031982421875,6.800750732421875,5.123992919921875,5.685516357421875,7.742156982421875,5.846649169921875
2023-10-28,5.739471435546875,7.200408935546875,5.572479248046875,5.572479248046875,8.979705810546875,6.751190185546875
2023-10-29,6.429168701171875,8.474090576171875,5.724090576171875,5.789520263671875,7.951629638671875,4.161590576171875
2023-10-30,6.713653564453125,8.033966064453125,7.238067626953125,8.164825439453125,9.397247314453123,7.293731689453125
2023-10-31,8.675201416015625,8.686920166015625,6.798248291015625,8.657623291015625,9.165435791015623,4.882232666015625
2023-11-01,12.408294677734377,11.894622802734377,9.385833740234377,11.236419677734377,9.749114990234377,6.725677490234375
2023-11-02,6.927032470703125,7.782501220703125,5.738555908203125,7.058868408203125,7.903594970703125,5.284454345703125
2023-11-03,6.58270263671875,6.76239013671875,5.23895263671875,6.24383544921875,6.84930419921875,3.75457763671875
2023-11-04,7.745880126953125,9.549591064453123,7.450958251953125,8.724395751953125,9.295684814453123,5.838653564453125
2023-11-05,6.637176513671875,6.570770263671875,6.452606201171875,5.940887451171875,8.413543701171875,3.936004638671875
2023-11-06,9.571868896484377,10.551361083984377,9.361907958984377,10.032806396484377,9.926361083984377,7.241790771484375
2023-11-07,1.739349365234375,0.838958740234375,1.048919677734375,3.223724365234375,3.690521240234375,-0.345611572265625
2023-11-08,1.809844970703125,3.806915283203125,2.106719970703125,3.076446533203125,4.263946533203125,2.623321533203125
2023-11-09,6.46038818359375,6.96234130859375,4.57855224609375,5.30609130859375,5.71820068359375,2.60589599609375
2023-11-10,2.568145751953125,1.378692626953125,1.789825439453125,2.795684814453125,3.299591064453125,-0.995330810546875
2023-11-11,0.613983154296875,2.341522216796875,-0.600860595703125,3.462615966796875,3.605194091796875,0.070037841796875
2023-11-12,1.733367919921875,3.098602294921875,2.459930419921875,2.895477294921875,4.424774169921875,3.075164794921875
2023-11-13,6.3099365234375,7.6282958984375,6.9896240234375,7.5423583984375,8.5657958984375,5.5257568359375
2023-11-14,2.34161376953125,1.97540283203125,2.11602783203125,2.25177001953125,5.36114501953125,-1.67596435546875
2023-11-15,1.91363525390625,4.60601806640625,1.93609619140625,2.99566650390625,4.90386962890625,0.34429931640625
2023-11-16,0.389739990234375,-1.116119384765625,-2.332916259765625,-0.406158447265625,1.793060302734375,-2.987213134765625
2023-11-17,-1.016326904296875,-3.092498779296875,-4.670623779296875,-3.020233154296875,-2.298553466796875,-6.932342529296875
2023-11-18,-0.535308837890625,0.757659912109375,-1.583160400390625,0.582855224609375,2.263519287109375,-0.432769775390625
2023-11-19,0.25225830078125,0.66046142578125,-0.09539794921875,0.18096923828125,3.16436767578125,-0.19696044921875
2023-11-20,4.429046630859375,4.334320068359375,4.142913818359375,5.578460693359375,7.572601318359375,3.561859130859375
2023-11-21,3.556915283203125,1.644805908203125,1.178009033203125,2.643829345703125,4.221954345703125,1.630157470703125
2023-11-22,1.184417724609375,0.522308349609375,2.230316162109375,2.910980224609375,8.155120849609375,2.436370849609375
2023-11-23,1.102081298828125,0.127471923828125,2.698760986328125,4.705596923828125,6.047393798828125,1.972198486328125
2023-11-24,-4.584503173828125,-6.193878173828125,-7.980987548828125,-5.986846923828125,-4.887237548828125,-9.836456298828123
2023-11-25,-10.076934814453123,-7.688262939453125,-9.977325439453123,-9.044708251953123,-10.206817626953123,-16.018341064453125
2023-11-26,-0.058868408203125,1.363983154296875,-1.435821533203125,0.306365966796875,0.221405029296875,-2.451446533203125
2023-11-27,-1.084136962890625,-2.207183837890625,-1.511871337890625,0.135589599609375,1.549652099609375,-0.840972900390625
2023-11-28,-6.95269775390625,-4.87652587890625,-5.57476806640625,-3.07965087890625,0.44769287109375,-6.74957275390625
2023-11-29,9.6190185546875,8.0711669921875,5.6365966796875,7.1883544921875,7.3045654296875,3.3983154296875
2023-11-30,12.90533447265625,11.84381103515625,8.50885009765625,10.54010009765625,9.56451416015625,4.97174072265625
2023-12-01,4.816009521484375,5.909759521484375,4.036712646484375,5.426361083984375,4.940032958984375,1.552337646484375
2023-12-02,-3.697845458984375,-5.607025146484375,-5.666595458984375,-3.849212646484375,0.444732666015625,-4.451751708984375
2023-12-03,-1.877288818359375,-0.845062255859375,-1.586273193359375,-1.106781005859375,1.989898681640625,-3.714202880859375
2023-12-04,-0.295318603515625,0.063079833984375,-0.164459228515625,0.389251708984375,1.434173583984375,-2.313873291015625
2023-12-05,0.407928466796875,-0.842071533203125,-1.381134033203125,0.653045654296875,1.121795654296875,-3.842071533203125
2023-12-06,-2.123443603515625,-3.255279541015625,-4.862701416015625,-3.596099853515625,-3.185943603515625,-8.232818603515625
2023-12-07,-4.581298828125,-5.461181640625,-4.982666015625,-5.477783203125,-6.369384765625,-14.400634765625
2023-12-08,-4.071380615234375,-2.304779052734375,-3.801849365234375,-3.179779052734375,0.015533447265625,-6.163177490234375
2023-12-09,0.3162841796875,-0.9083251953125,-1.2178955078125,-0.5645751953125,0.3201904296875,-5.1055908203125
2023-12-10,1.186553955078125,1.616241455078125,-0.094696044921875,1.141632080078125,1.275421142578125,-1.697235107421875
2023-12-11,3.374298095703125,4.534454345703125,3.322540283203125,4.553985595703125,5.464141845703125,2.383087158203125
2023-12-12,10.906463623046877,9.646697998046877,6.972869873046875,9.631072998046877,7.850799560546875,4.222869873046875
2023-12-13,3.290557861328125,1.605987548828125,-0.155731201171875,0.730010986328125,3.040557861328125,-1.127410888671875
2023-12-14,-1.446258544921875,-2.688446044921875,-3.935516357421875,-1.935516357421875,-0.055633544921875,-4.713836669921875
2023-12-15,-2.254119873046875,-3.869354248046875,-6.271697998046875,-4.460174560546875,-3.333221435546875,-11.556854248046877
2023-12-16,-3.089263916015625,-1.516021728515625,-1.007232666015625,-2.201568603515625,-1.300201416015625,-8.003326416015625
2023-12-17,-1.901397705078125,1.861297607421875,2.453094482421875,0.585906982421875,0.312469482421875,-1.106475830078125
2023-12-18,-2.76995849609375,2.02691650390625,-0.78656005859375,0.27886962890625,8.34722900390625,1.96051025390625
2023-12-19,0.196685791015625,-0.307220458984375,-1.314056396484375,-1.394134521484375,-0.099212646484375,-7.830657958984375
2023-12-20,-0.710845947265625,1.045989990234375,-0.830963134765625,-0.877838134765625,0.715911865234375,-5.173736572265625
2023-12-21,-2.155914306640625,-2.383453369140625,-3.481109619140625,-2.918609619140625,-0.242828369140625,-3.394195556640625
2023-12-22,-1.579681396484375,-1.127532958984375,0.672271728515625,0.514068603515625,2.825592041015625,-2.127532958984375
2023-12-23,-1.841827392578125,0.289031982421875,-0.465850830078125,-0.141632080078125,4.796844482421875,0.951141357421875
2023-12-24,-1.085601806640625,2.518890380859375,-0.347320556640625,1.425140380859375,8.044281005859375,5.461273193359375
2023-12-25,-1.877227783203125,2.131561279296875,-1.863555908203125,-0.210235595703125,1.470428466796875,-2.537384033203125
2023-12-26,-1.799896240234375,1.489166259765625,-0.210052490234375,0.676666259765625,7.435455322265625,3.562408447265625
2023-12-27,-1.773773193359375,0.738922119140625,-1.274749755859375,0.258453369140625,5.675445556640625,2.373687744140625
2023-12-28,-1.81524658203125,0.32830810546875,-1.61895751953125,0.04022216796875,4.42303466796875,3.28826904296875
2023-12-29,-0.848876953125,-0.302978515625,0.612060546875,-0.468994140625,1.626708984375,-0.130126953125
2023-12-30,-1.221221923828125,0.573699951171875,-0.948760986328125,-0.491729736328125,2.474090576171875,-1.877471923828125
2023-12-31,2.15679931640625,2.92437744140625,2.11968994140625,2.98199462890625,3.90679931640625,0.85992431640625
2024-01-01,0.737335205078125,2.815460205078125,0.708038330078125,1.777374267578125,2.659210205078125,-3.219696044921875
2024-01-02,2.538543701171875,2.943817138671875,3.082489013671875,4.429168701171875,4.837371826171875,1.471160888671875
2024-01-03,-1.251922607421875,-0.283172607421875,-1.133758544921875,-0.319305419921875,2.566436767578125,-2.264617919921875
2024-01-04,8.328521728515625,7.403717041015625,4.488677978515625,5.889068603515625,6.823638916015625,2.609771728515625
2024-01-05,2.898895263671875,4.848114013671875,0.549285888671875,2.599090576171875,2.945770263671875,0.501434326171875
2024-01-06,1.938140869140625,0.870758056640625,0.786773681640625,2.402008056640625,1.687164306640625,-0.873382568359375
2024-01-07,-5.3580322265625,-6.8297119140625,-7.3795166015625,-5.4830322265625,-3.1842041015625,-6.7906494140625
2024-01-08,-5.593170166015625,-7.151763916015625,-7.427154541015625,-5.838287353515625,-5.037506103515625,-10.671295166015623
2024-01-09,-9.97650146484375,-10.06927490234375,-6.24212646484375,-7.57122802734375,-6.26361083984375,-11.68841552734375
2024-01-10,-8.41253662109375,-9.34124755859375,-7.06878662109375,-5.82562255859375,-6.31390380859375,-13.69476318359375
2024-01-11,-5.82550048828125,-6.87725830078125,-8.49932861328125,-6.42608642578125,-6.75128173828125,-13.87530517578125
2024-01-12,-7.569366455078125,-6.670928955078125,-7.977569580078125,-5.510772705078125,-3.736358642578125,-5.592803955078125
2024-01-13,-2.960479736328125,-2.512237548828125,-2.233917236328125,-2.235870361328125,-0.150909423828125,-3.642120361328125
2024-01-14,-1.61297607421875,-0.28973388671875,1.17120361328125,0.99444580078125,2.60089111328125,0.36260986328125
2024-01-15,-2.055999755859375,-2.000335693359375,0.149078369140625,-0.003265380859375,2.919586181640625,0.187164306640625
2024-01-16,6.661956787109375,7.514495849609375,3.796722412109375,5.580902099609375,6.595550537109375,2.420745849609375
2024-01-17,4.239776611328125,4.633331298828125,3.008331298828125,4.869659423828125,5.883331298828125,1.992706298828125
2024-01-18,-3.302520751953125,-4.700958251953125,-5.733184814453125,-4.074981689453125,2.607635498046875,-1.538848876953125
2024-01-19,-5.476531982421875,-6.734344482421875,-8.831024169921875,-7.914031982421875,-5.336883544921875,-9.911102294921877
2024-01-20,-10.644683837890623,-6.131988525390625,-8.883941650390625,-9.786285400390623,-7.663238525390625,-14.943511962890623
2024-01-21,-5.15667724609375,-1.76898193359375,-5.47796630859375,-4.21624755859375,1.52203369140625,-2.32659912109375
2024-01-22,-4.094085693359375,-1.808929443359375,-3.608734130859375,-2.785491943359375,-1.325531005859375,-5.850921630859375
2024-01-23,-5.24822998046875,-1.17791748046875,-1.98260498046875,-2.83709716796875,-0.59197998046875,-0.83514404296875
2024-01-24,-4.029449462890625,-2.790191650390625,-6.076324462890625,-6.375152587890625,-3.324371337890625,-12.689605712890623
2024-01-25,-2.31341552734375,-1.35736083984375,-4.59173583984375,-5.09661865234375,-2.19134521484375,-8.71868896484375
2024-01-26,-1.560516357421875,-3.080047607421875,-5.441375732421875,-4.711883544921875,-3.491180419921875,-7.854461669921875
2024-01-27,-2.051910400390625,-3.154449462890625,-5.202301025390625,-3.517730712890625,-2.626129150390625,-7.239410400390625
2024-01-28,-4.145233154296875,-4.595428466796875,-10.219451904296877,-6.164764404296875,-5.224334716796875,-13.185272216796877
2024-01-29,-6.383758544921875,-4.541961669921875,-5.787078857421875,-5.165008544921875,-4.226531982421875,-12.749969482421877
2024-01-30,-2.78790283203125,0.19451904296875,-2.33966064453125,-1.15802001953125,-3.33380126953125,-5.16094970703125
2024-01-31,1.086456298828125,0.853057861328125,-2.496551513671875,-0.181121826171875,-1.598114013671875,-4.496551513671875
2024-02-01,-4.928741455078125,-4.593780517578125,-8.216827392578125,-5.208038330078125,-4.095733642578125,-11.832061767578123
2024-02-02,-0.76385498046875,-0.75897216796875,-1.49530029296875,-1.19940185546875,-0.38983154296875,-5.37908935546875
2024-02-03,-1.119598388671875,0.421417236328125,-2.104949951171875,-0.835418701171875,5.478057861328125,-0.288543701171875
2024-02-04,-0.986907958984375,1.972076416015625,-1.374603271484375,-0.167572021484375,4.229888916015625,3.680084228515625
2024-02-05,-1.307098388671875,-0.510223388671875,-0.769989013671875,0.638214111328125,1.883331298828125,-1.782684326171875
2024-02-06,-1.117889404296875,0.429962158203125,-0.443084716796875,0.002227783203125,3.382110595703125,-1.296600341796875
2024-02-07,0.139129638671875,1.287567138671875,0.531707763671875,0.556121826171875,3.747528076171875,-3.379425048828125
2024-02-08,7.717620849609375,5.562347412109375,3.086761474609375,3.640472412109375,3.002777099609375,-0.965972900390625
2024-02-09,6.45281982421875,6.13739013671875,3.18231201171875,4.90008544921875,5.24188232421875,1.76043701171875
2024-02-10,2.355865478515625,3.303131103515625,1.454498291015625,2.475982666015625,3.007232666015625,0.182037353515625
2024-02-11,3.767120361328125,2.173370361328125,-0.889129638671875,1.091339111328125,-0.422332763671875,-6.636199951171875
2024-02-12,0.78961181640625,-0.24652099609375,-1.70159912109375,0.01129150390625,1.26324462890625,-3.03851318359375
2024-02-13,-2.554718017578125,-3.049835205078125,-5.108428955078125,-3.914093017578125,-2.458038330078125,-13.892608642578123
2024-02-14,-1.73468017578125,-0.58917236328125,-1.80792236328125,-2.00128173828125,-1.88702392578125,-11.57745361328125
2024-02-15,-1.964630126953125,0.712127685546875,0.755096435546875,0.133026123046875,0.118377685546875,-2.277130126953125
2024-02-16,-0.29241943359375,-0.04730224609375,-0.44671630859375,0.74078369140625,-1.33538818359375,-3.29437255859375
2024-02-17,-2.118804931640625,-1.361968994140625,-1.256500244140625,-1.837554931640625,-2.291656494140625,-8.882476806640625
2024-02-18,0.803558349609375,0.131683349609375,-0.673980712890625,-0.889801025390625,-1.300933837890625,-6.120269775390625
2024-02-19,-0.931976318359375,-0.334320068359375,-1.500335693359375,-0.010101318359375,0.309234619140625,-3.723968505859375
2024-02-20,-2.78173828125,-1.55517578125,-3.03271484375,-2.14599609375,1.39990234375,-3.07470703125
2024-02-21,1.70703125,2.0478515625,0.6640625,1.53515625,2.263671875,-1.3564453125
2024-02-22,7.74285888671875,7.14715576171875,3.98504638671875,6.24383544921875,4.54071044921875,1.81024169921875
2024-02-23,3.240020751953125,4.408966064453125,2.497833251953125,3.552520751953125,4.959747314453125,-0.019744873046875
2024-02-24,2.327667236328125,3.202667236328125,1.090362548828125,2.068878173828125,3.927276611328125,-0.382293701171875
2024-02-25,1.535491943359375,3.279632568359375,0.471038818359375,2.110687255859375,2.815765380859375,-0.434234619140625
2024-02-26,4.23577880859375,4.49847412109375,3.72991943359375,4.16546630859375,5.08538818359375,2.37738037109375
2024-02-27,3.990936279296875,4.907928466796875,3.762420654296875,4.136444091796875,4.236053466796875,0.532928466796875
2024-02-28,5.0689697265625,5.0601806640625,3.8199462890625,4.9537353515625,6.2349853515625,1.7584228515625
2024-02-29,2.105804443359375,3.056976318359375,0.737640380859375,2.482757568359375,2.696624755859375,-1.337554931640625
2024-03-01,-0.259521484375,0.366455078125,0.764892578125,0.333251953125,3.678955078125,-2.174560546875
2024-03-02,0.62274169921875,0.99188232421875,1.89715576171875,0.71942138671875,4.50555419921875,-1.36553955078125
2024-03-03,5.474395751953125,4.363067626953125,1.283966064453125,3.403106689453125,1.930450439453125,-0.548065185546875
2024-03-04,3.378204345703125,2.982696533203125,1.678985595703125,2.505157470703125,1.321563720703125,-3.030975341796875
2024-03-05,3.116607666015625,2.673248291015625,1.293365478515625,1.614654541015625,2.737701416015625,-0.243743896484375
2024-03-06,2.315673828125,0.972900390625,-0.629638671875,1.293212890625,0.910400390625,-2.870849609375
2024-03-07,-2.333709716796875,-1.529998779296875,-2.653045654296875,-1.875701904296875,-1.224334716796875,-4.973358154296875
2024-03-08,3.362213134765625,4.486236572265625,2.120025634765625,3.631744384765625,4.354400634765625,0.564361572265625
2024-03-09,6.880218505859375,6.858734130859375,4.190765380859375,5.624359130859375,7.096038818359375,3.787445068359375
2024-03-10,0.562591552734375,2.324310302734375,1.317474365234375,1.846771240234375,2.712005615234375,0.212005615234375
2024-03-11,2.715118408203125,1.691680908203125,0.254180908203125,1.657501220703125,2.234649658203125,-3.678436279296875
2024-03-12,3.883453369140625,2.501617431640625,0.667633056640625,1.394195556640625,0.864898681640625,-1.877288818359375
2024-03-13,-0.727386474609375,0.352691650390625,-4.579925537109375,-0.139495849609375,-0.308441162109375,-3.444183349609375
2024-03-14,1.177093505859375,1.533538818359375,-0.817047119140625,0.668304443359375,1.807952880859375,-0.108062744140625
2024-03-15,4.937469482421875,4.145477294921875,1.741180419921875,2.732391357421875,4.546844482421875,-2.493194580078125
2024-03-16,0.461090087890625,0.273590087890625,-2.439300537109375,0.633941650390625,0.967926025390625,-4.720550537109375
2024-03-17,5.771026611328125,4.200714111328125,1.934112548828125,3.220245361328125,5.120635986328125,0.719268798828125
2024-03-18,-2.452178955078125,-3.544952392578125,-5.121124267578125,-4.386749267578125,-1.963897705078125,-9.825225830078123
2024-03-19,-2.490631103515625,-0.282623291015625,-2.510162353515625,-0.721099853515625,-1.012115478515625,-4.525787353515625
2024-03-20,1.59149169921875,1.37176513671875,2.17156982421875,1.58465576171875,0.90887451171875,-3.65167236328125
2024-03-21,0.643707275390625,0.633941650390625,0.733551025390625,-0.126800537109375,-0.008636474609375,-4.528167724609375
2024-03-22,2.68701171875,4.86767578125,1.37841796875,2.91064453125,4.78466796875,-0.98583984375
2024-03-23,0.93212890625,0.13916015625,-0.55615234375,0.48583984375,2.96923828125,-0.17333984375
2024-03-24,-3.196624755859375,-3.115570068359375,-2.058929443359375,-3.021820068359375,-0.152679443359375,-3.971038818359375
2024-03-25,4.463409423828125,3.598175048828125,3.311065673828125,3.151885986328125,5.384307861328125,1.201690673828125
2024-03-26,9.041351318359377,8.713226318359375,7.094085693359375,7.903656005859375,7.194671630859375,3.868499755859375
2024-03-27,8.441253662109375,7.143402099609375,5.231292724609375,6.319183349609375,6.265472412109375,0.326019287109375
2024-03-28,6.550537109375,8.155029296875,5.261474609375,6.122802734375,7.078857421875,4.253662109375
2024-03-29,8.734954833984375,9.999603271484377,4.434173583984375,6.440032958984375,8.117767333984375,4.649017333984375
2024-03-30,10.845123291015623,10.879302978515623,6.366607666015625,7.653717041015625,8.134185791015625,4.850006103515625
2024-03-31,11.240509033203123,11.373321533203123,8.106719970703125,10.621368408203123,8.619415283203125,6.164337158203125
2024-04-01,2.2537841796875,3.1629638671875,-0.1475830078125,1.7069091796875,2.5858154296875,-1.9737548828125
2024-04-02,5.863555908203125,5.517852783203125,3.003204345703125,3.970001220703125,5.313751220703125,2.681915283203125
2024-04-03,4.298614501953125,5.091583251953125,2.392364501953125,3.768341064453125,4.776153564453125,3.466583251953125
2024-04-04,4.798736572265625,5.959869384765625,4.905181884765625,6.426666259765625,4.523345947265625,4.712799072265625
2024-04-05,8.55975341796875,9.30780029296875,8.46405029296875,9.04998779296875,7.69940185546875,4.84588623046875
2024-04-06,7.415435791015625,6.982818603515625,7.412506103515625,6.540435791015625,7.488677978515625,2.214263916015625
2024-04-07,6.89892578125,8.41845703125,6.13134765625,6.96435546875,12.29833984375,7.39013671875
2024-04-08,7.8983154296875,8.7967529296875,5.7020263671875,8.0946044921875,11.2332763671875,8.6658935546875
2024-04-09,8.763580322265625,8.282135009765625,8.121978759765625,8.676666259765625,9.609283447265623,4.827056884765625
2024-04-10,7.238494873046875,7.751190185546875,6.016815185546875,6.638885498046875,9.149627685546877,2.132049560546875
2024-04-11,7.956390380859375,9.166351318359377,8.379241943359375,8.772796630859375,10.342132568359377,4.906585693359375
2024-04-12,7.766815185546875,9.689666748046877,8.368377685546875,7.401580810546875,8.507049560546875,3.023651123046875
2024-04-13,8.071990966796875,10.764373779296877,7.948944091796875,9.412811279296877,13.362030029296877,9.655975341796877
2024-04-14,10.429351806640623,11.743804931640623,7.332672119140625,9.235992431640623,8.669586181640625,5.774078369140625
2024-04-15,10.865447998046877,8.819549560546875,7.389862060546875,8.984588623046875,8.352752685546875,5.455291748046875
2024-04-16,2.095703125,0.99609375,0.0751953125,1.404296875,3.55859375,0.1435546875
2024-04-17,1.949005126953125,0.610137939453125,-1.769744873046875,1.154083251953125,-0.242401123046875,-3.007049560546875
2024-04-18,-0.778228759765625,-0.164947509765625,-1.006744384765625,-1.486236572265625,0.633880615234375,-4.971588134765625
2024-04-19,4.492767333984375,2.967376708984375,0.290618896484375,1.989837646484375,1.808197021484375,-1.182037353515625
2024-04-20,2.79315185546875,0.35272216796875,-3.40411376953125,0.12030029296875,0.35272216796875,-8.57403564453125
2024-04-21,0.4993896484375,3.4183349609375,0.1751708984375,1.7786865234375,3.4642333984375,-0.9058837890625
2024-04-22,3.37713623046875,5.19158935546875,3.13885498046875,5.50506591796875,5.52850341796875,2.77850341796875
2024-04-23,1.826995849609375,3.302581787109375,1.042816162109375,2.967620849609375,3.279144287109375,-0.236480712890625
2024-04-24,0.52215576171875,0.40203857421875,-1.06475830078125,0.16668701171875,2.19110107421875,-2.00616455078125
2024-04-25,1.8182373046875,2.8787841796875,1.5799560546875,2.3465576171875,3.1199951171875,1.0633544921875
2024-04-26,3.807830810546875,5.861541748046875,3.999237060546875,4.494354248046875,5.626190185546875,3.338104248046875
2024-04-27,6.43157958984375,7.29681396484375,7.35833740234375,6.24603271484375,7.20892333984375,2.81439208984375
2024-04-28,6.540618896484375,7.129486083984375,7.115814208984375,6.278900146484375,6.885345458984375,1.986907958984375
2024-04-29,7.32757568359375,7.15765380859375,7.02679443359375,6.80023193359375,8.55706787109375,3.31292724609375
2024-04-30,9.847198486328123,8.781768798828125,7.290557861328125,8.200714111328125,9.522003173828123,6.062042236328125
2024-05-01,7.27508544921875,7.05731201171875,6.14129638671875,6.84051513671875,7.36688232421875,4.27117919921875
2024-05-02,7.385894775390625,6.265777587890625,4.705230712890625,5.882965087890625,5.702301025390625,2.357574462890625
2024-05-03,5.722900390625,5.622314453125,6.239501953125,5.291259765625,5.302001953125,0.635986328125
2024-05-04,6.23419189453125,7.37286376953125,4.37677001953125,5.80548095703125,7.22149658203125,4.71954345703125
2024-05-05,6.940643310546875,8.382049560546875,5.549041748046875,6.518768310546875,7.743377685546875,5.556854248046875
2024-05-06,10.53582763671875,9.88250732421875,8.63348388671875,9.04949951171875,10.76141357421875,7.62371826171875
2024-05-07,11.674713134765623,10.819244384765623,9.282135009765623,10.204010009765623,10.478424072265623,5.836822509765625
2024-05-08,10.2198486328125,8.6309814453125,7.6964111328125,8.1319580078125,10.0010986328125,5.6905517578125
2024-05-09,5.864044189453125,5.315216064453125,3.458770751953125,4.270294189453125,7.271270751953125,2.950958251953125
2024-05-10,6.76165771484375,7.59661865234375,5.74798583984375,5.98040771484375,6.96673583984375,1.71966552734375
2024-05-11,6.7613525390625,6.3590087890625,4.6461181640625,6.4459228515625,5.9049072265625,2.0465087890625
2024-05-12,6.232574462890625,5.633941650390625,5.824371337890625,5.814605712890625,10.501129150390623,5.547027587890625
2024-05-13,7.70452880859375,7.73480224609375,6.43011474609375,7.50823974609375,7.60589599609375,3.44183349609375
2024-05-14,7.560211181640625,7.591461181640625,6.068023681640625,7.380523681640625,10.376617431640623,5.792633056640625
2024-05-15,10.592987060546877,10.410369873046877,10.460174560546877,10.605682373046877,12.592987060546877,9.220916748046877
2024-05-16,8.613433837890625,9.427886962890623,7.219879150390625,8.433746337890625,12.016754150390623,8.407379150390625
2024-05-17,10.246734619140623,10.518218994140623,9.434234619140623,10.168609619140623,11.583648681640623,10.559234619140623
2024-05-18,12.11920166015625,12.65338134765625,12.44049072265625,13.56256103515625,12.56060791015625,10.70513916015625
2024-05-19,12.53594970703125,13.35723876953125,11.28887939453125,12.38067626953125,14.32208251953125,10.62384033203125
2024-05-20,10.658538818359377,11.057952880859377,10.087249755859377,10.016937255859377,11.972991943359377,8.325531005859375
2024-05-21,8.504302978515625,8.937896728515625,5.527740478515625,7.687896728515625,8.086334228515625,4.200592041015625
2024-05-22,8.6663818359375,9.6624755859375,6.5443115234375,8.6429443359375,8.6517333984375,4.9066162109375
2024-05-23,8.290985107421875,9.488250732421877,7.324188232421875,8.571258544921875,9.830047607421877,5.806610107421875
2024-05-24,10.245208740234377,10.219818115234377,8.948333740234375,10.145599365234377,10.998138427734377,7.783294677734375
2024-05-25,9.99664306640625,9.69586181640625,7.75640869140625,9.21051025390625,9.83355712890625,5.93609619140625
2024-05-26,8.805572509765625,9.124908447265623,8.644439697265625,8.441314697265625,9.465728759765623,6.833892822265625
2024-05-27,9.4150390625,9.0625,8.0302734375,8.853515625,7.9072265625,4.3701171875
2024-05-28,9.858062744140623,9.376617431640623,6.508453369140625,9.409820556640623,8.438140869140625,4.195953369140625
2024-05-29,8.763702392578125,8.986358642578125,8.087921142578125,7.896514892578125,8.951202392578125,5.804718017578125
2024-05-30,13.40673828125,13.73291015625,10.88916015625,12.83935546875,11.97509765625,8.75634765625
2024-05-31,11.837799072265623,12.172760009765623,10.242095947265623,11.123931884765623,12.856353759765623,9.996002197265623
2024-06-01,11.658233642578123,13.557647705078123,10.434600830078123,12.496124267578123,13.986358642578123,10.782257080078123
2024-06-02,10.60992431640625,12.02105712890625,8.55816650390625,11.09332275390625,13.56304931640625,8.53472900390625
2024-06-03,11.473907470703123,11.531524658203123,8.769805908203125,11.060821533203123,13.113555908203123,9.166290283203123
2024-06-04,10.501983642578123,12.286163330078123,10.443389892578123,11.584014892578123,10.028350830078123,6.855499267578125
2024-06-05,11.9971923828125,11.4337158203125,11.8458251953125,11.3155517578125,12.6944580078125,8.5509033203125
2024-06-06,13.68701171875,15.15185546875,14.03466796875,13.87646484375,14.15087890625,10.53076171875
2024-06-07,13.854736328125,15.036376953125,12.420166015625,14.103759765625,15.050048828125,13.911376953125
2024-06-08,16.227691650390625,17.360504150390625,15.181793212890623,16.219879150390625,17.266754150390625,14.499176025390623
2024-06-09,13.5499267578125,14.1768798828125,11.1368408203125,13.1329345703125,14.0723876953125,10.3077392578125
2024-06-10,14.2235107421875,14.1414794921875,11.6473388671875,14.0311279296875,16.4852294921875,12.2440185546875
2024-06-11,13.511871337890623,14.121246337890623,11.523590087890623,13.202301025390623,16.881988525390625,12.010894775390623
2024-06-12,12.384521484375,11.872802734375,9.418701171875,11.788818359375,12.642333984375,9.625732421875
2024-06-13,10.01141357421875,9.08953857421875,8.44305419921875,9.58172607421875,11.11688232421875,7.22723388671875
2024-06-14,12.565765380859377,13.499359130859377,9.905609130859377,13.154632568359377,11.800140380859377,10.641937255859377
2024-06-15,13.9066162109375,15.5804443359375,11.2991943359375,14.1810302734375,14.0911865234375,12.4769287109375
2024-06-16,14.34930419921875,13.78192138671875,14.45770263671875,13.84149169921875,13.90496826171875,10.35516357421875
2024-06-17,15.94061279296875,15.76678466796875,14.47576904296875,15.65447998046875,16.61444091796875,13.50213623046875
2024-06-18,16.205047607421875,19.198211669921875,16.498016357421875,19.139617919921875,17.124969482421875,14.569305419921877
2024-06-19,17.461822509765625,18.466705322265625,17.459869384765625,16.664947509765625,18.511627197265625,13.268463134765623
2024-06-20,18.230499267578125,21.139678955078125,18.525421142578125,19.361358642578125,18.288116455078125,16.340850830078125
2024-06-21,16.41925048828125,18.37921142578125,15.92803955078125,17.18292236328125,20.32257080078125,16.54132080078125
2024-06-22,15.941864013671877,15.473114013671877,15.853973388671877,16.493621826171875,16.499481201171875,12.803192138671877
2024-06-23,15.83795166015625,16.34869384765625,14.55670166015625,15.03619384765625,15.62115478515625,11.82818603515625
2024-06-24,14.623565673828123,15.789581298828123,13.578643798828123,14.978057861328123,16.017120361328125,13.765167236328123
2024-06-25,14.73809814453125,15.33380126953125,12.15997314453125,14.67950439453125,15.22735595703125,14.16485595703125
2024-06-26,13.741302490234377,14.078216552734377,11.492279052734377,13.658294677734377,11.483489990234377,8.887786865234375
2024-06-27,15.028900146484377,14.797454833984377,13.295501708984377,14.772064208984377,15.418548583984377,10.971282958984377
2024-06-28,15.617584228515623,14.936920166015623,14.569732666015623,14.550201416015623,15.093170166015623,11.042388916015623
2024-06-29,16.842010498046875,17.366424560546875,15.267791748046877,15.985565185546877,22.051971435546875,17.053924560546875
2024-06-30,16.444427490234375,18.13778686523437,15.143646240234377,16.387786865234375,20.35653686523437,17.679779052734375
2024-07-01,13.75439453125,12.19873046875,10.70849609375,12.19970703125,13.70458984375,10.03564453125
2024-07-02,10.5638427734375,10.4573974609375,8.6878662109375,10.0609130859375,12.5062255859375,9.1077880859375
2024-07-03,10.83685302734375,11.05560302734375,9.82025146484375,10.16790771484375,11.68450927734375,5.73919677734375
2024-07-04,11.96356201171875,11.62957763671875,12.25262451171875,11.71356201171875,12.87860107421875,8.61785888671875
2024-07-05,13.245849609375,14.551513671875,12.023193359375,13.723388671875,15.374755859375,13.772216796875
2024-07-06,16.242156982421875,18.316375732421875,14.504852294921877,18.194305419921875,17.347625732421875,16.686492919921875
2024-07-07,16.929901123046875,16.887908935546875,16.357635498046875,16.272674560546875,17.371307373046875,12.697479248046877
2024-07-08,17.222625732421875,17.621063232421875,17.013641357421875,16.472625732421875,18.078094482421875,12.463836669921877
2024-07-09,17.13140869140625,17.31011962890625,18.59039306640625,17.19683837890625,16.91461181640625,13.43023681640625
2024-07-10,18.5357666015625,18.0123291015625,19.3433837890625,18.0513916015625,19.3277587890625,14.5865478515625
2024-07-11,18.53744506835937,20.15072631835937,16.910491943359375,19.90267944335937,19.05990600585937,16.510101318359375
2024-07-12,18.850372314453125,21.594512939453125,17.132598876953125,20.729278564453125,18.848419189453125,16.104278564453125
2024-07-13,17.6619873046875,19.6658935546875,17.4129638671875,20.3914794921875,18.5604248046875,16.5623779296875
2024-07-14,19.276397705078125,19.270538330078125,20.421905517578125,19.576202392578125,19.230499267578125,15.264678955078123
2024-07-15,19.80450439453125,20.10723876953125,19.61212158203125,19.92364501953125,18.66290283203125,15.33966064453125
2024-07-16,18.7164306640625,18.8043212890625,17.9283447265625,17.9293212890625,18.4058837890625,14.4058837890625
2024-07-17,17.13525390625,18.37158203125,16.29736328125,17.47509765625,18.14892578125,13.63232421875
2024-07-18,18.35009765625,18.85888671875,16.59912109375,17.99462890625,18.02001953125,13.67236328125
2024-07-19,17.487060546875,18.112060546875,15.859130859375,17.444091796875,20.425537109375,15.476318359375
2024-07-20,17.341064453125,17.280517578125,14.934814453125,17.403564453125,16.520751953125,12.937744140625
2024-07-21,16.71795654296875,17.09393310546875,14.76580810546875,16.95330810546875,18.28240966796875,12.64764404296875
2024-07-22,17.139892578125,16.544189453125,14.889892578125,15.853759765625,17.445556640625,11.849853515625
2024-07-23,14.6944580078125,14.3770751953125,12.9405517578125,14.4073486328125,15.8751220703125,11.1300048828125
2024-07-24,13.29058837890625,13.11578369140625,10.68316650390625,12.31109619140625,14.05523681640625,7.47613525390625
2024-07-25,12.80682373046875,13.17401123046875,12.72186279296875,12.04608154296875,14.01971435546875,8.16229248046875
2024-07-26,14.93585205078125,14.74151611328125,15.11553955078125,15.19366455078125,16.58526611328125,12.76007080078125
2024-07-27,18.424468994140625,18.233062744140625,17.241851806640625,17.802398681640625,17.767242431640625,13.656890869140623
2024-07-28,15.4178466796875,14.4344482421875,13.6512451171875,14.6658935546875,17.1395263671875,11.2088623046875
2024-07-29,12.12811279296875,12.52069091796875,10.73944091796875,11.76678466796875,13.92889404296875,7.92108154296875
2024-07-30,13.29547119140625,14.33355712890625,13.94195556640625,14.07574462890625,13.96636962890625,9.13238525390625
2024-07-31,15.15765380859375,17.02093505859375,14.65472412109375,17.07855224609375,17.15863037109375,15.75140380859375
2024-08-01,15.68743896484375,17.72259521484375,14.91790771484375,16.41204833984375,20.71185302734375,16.18841552734375
2024-08-02,14.057159423828123,13.181182861328123,12.973175048828123,14.129425048828123,15.675323486328123,10.373565673828123
2024-08-03,13.526397705078123,13.863311767578123,13.676788330078123,13.404327392578123,15.656280517578123,9.546905517578123
2024-08-04,14.55926513671875,15.11981201171875,13.75750732421875,14.47918701171875,15.04852294921875,11.22821044921875
2024-08-05,13.364837646484377,13.044525146484377,13.483001708984377,12.986907958984377,15.906829833984377,10.368743896484377
2024-08-06,15.745849609375,14.857177734375,15.614990234375,16.229248046875,17.649169921875,14.379638671875
2024-08-07,16.394500732421875,16.941375732421875,16.092742919921875,16.120086669921875,16.163055419921875,12.214813232421877
2024-08-08,15.2564697265625,15.1197509765625,14.7174072265625,14.5865478515625,16.8707275390625,10.2935791015625
2024-08-09,15.099273681640623,14.904937744140623,14.581695556640623,14.408843994140623,16.791656494140625,10.340484619140623
2024-08-10,15.95196533203125,17.17364501953125,17.07598876953125,16.05841064453125,17.83575439453125,12.05352783203125
2024-08-11,17.449798583984375,17.113861083984375,17.019134521484375,18.05722045898437,19.50936889648437,14.733978271484377
2024-08-12,18.278564453125,19.556884765625,19.557861328125,19.436767578125,19.083251953125,16.016845703125
2024-08-13,17.218597412109375,19.08480834960937,16.979339599609375,20.08187866210937,19.65512084960937,18.54281616210937
2024-08-14,18.522369384765625,20.524322509765625,19.732330322265625,19.269439697265625,18.645416259765625,17.294830322265625
2024-08-15,19.169677734375,19.737060546875,20.222412109375,19.749755859375,18.530029296875,15.020263671875
2024-08-16,17.399871826171875,18.476043701171875,15.999481201171877,18.475067138671875,18.464324951171875,15.115692138671877
2024-08-17,15.68743896484375,16.77142333984375,14.31243896484375,16.67962646484375,17.21673583984375,13.91302490234375
2024-08-18,16.766937255859375,16.836273193359375,14.764984130859377,16.162445068359375,15.587249755859377,12.786468505859377
2024-08-19,14.02191162109375,13.71331787109375,11.96722412109375,14.56781005859375,14.10394287109375,11.28851318359375
2024-08-20,15.613861083984377,15.080657958984377,13.510345458984377,14.490814208984377,15.815032958984377,11.018157958984377
2024-08-21,14.601104736328123,14.842315673828123,14.252471923828123,14.073760986328123,14.991729736328123,10.438018798828123
2024-08-22,16.476287841796875,16.762420654296875,17.766326904296875,16.528045654296875,17.887420654296875,15.035858154296877
2024-08-23,17.78863525390625,17.82379150390625,18.44683837890625,17.40875244140625,16.77593994140625,12.99176025390625
2024-08-24,16.649383544921875,17.082000732421875,15.847625732421877,16.756805419921875,17.827117919921875,11.835906982421877
2024-08-25,16.161651611328125,16.698760986328125,15.244659423828123,15.986846923828123,14.777862548828123,11.015167236328123
2024-08-26,14.747283935546877,14.780487060546877,13.162322998046877,14.534393310546877,15.484588623046877,10.536346435546877
2024-08-27,14.8035888671875,16.0438232421875,13.9276123046875,16.1141357421875,15.3973388671875,10.5047607421875
2024-08-28,13.5771484375,14.5986328125,12.8720703125,13.515625,15.0537109375,9.791015625
2024-08-29,14.00946044921875,14.26239013671875,12.49774169921875,13.34735107421875,14.99090576171875,9.30926513671875
2024-08-30,15.482269287109377,15.821136474609377,13.417816162109377,13.988128662109377,15.076019287109377,9.375823974609377
2024-08-31,14.780517578125,15.752197265625,14.290283203125,15.232666015625,14.008056640625,9.908447265625
2024-09-01,14.705841064453123,15.112091064453123,14.468536376953123,14.717559814453123,16.240020751953125,13.846466064453123
2024-09-02,14.517333984375,16.190185546875,13.961669921875,15.683349609375,14.898193359375,13.131591796875
2024-09-03,13.87841796875,16.11279296875,12.81005859375,15.80517578125,15.11767578125,12.49365234375
2024-09-04,14.910003662109377,15.204925537109377,13.014495849609377,14.770355224609377,15.734222412109377,12.899261474609377
2024-09-05,14.4315185546875,15.8680419921875,12.2655029296875,14.9822998046875,15.8856201171875,12.3739013671875
2024-09-06,14.92333984375,14.07763671875,13.08740234375,14.29833984375,15.30615234375,12.88427734375
2024-09-07,14.916778564453123,16.242950439453125,13.882598876953123,14.795684814453123,16.223419189453125,14.405059814453123
2024-09-08,14.440765380859377,14.975921630859377,13.140960693359377,14.909515380859377,14.857757568359377,12.290374755859377
2024-09-09,12.305908203125,11.814697265625,10.170166015625,11.518798828125,13.377197265625,8.806884765625
2024-09-10,8.801788330078125,9.539093017578123,7.702178955078125,8.845733642578125,13.128936767578123,8.080108642578125
2024-09-11,13.330169677734377,14.664154052734377,12.360443115234377,13.369232177734377,13.609466552734377,10.394622802734377
2024-09-12,8.1092529296875,7.3406982421875,8.0897216796875,9.7430419921875,9.0545654296875,6.4071044921875
2024-09-13,7.7650146484375,6.5364990234375,4.0257568359375,5.7884521484375,5.8216552734375,1.9075927734375
2024-09-14,7.245758056640625,5.481109619140625,3.056304931640625,4.308258056640625,4.946929931640625,0.269195556640625
2024-09-15,5.221343994140625,5.226226806640625,2.044586181640625,4.159820556640625,4.965484619140625,2.692047119140625
2024-09-16,9.560760498046877,8.260955810546875,7.727752685546875,9.022674560546877,9.672088623046877,6.573455810546875
2024-09-17,10.207122802734377,9.003021240234375,8.919036865234375,10.066497802734377,9.688568115234377,7.509857177734375
2024-09-18,10.27008056640625,9.44586181640625,7.27301025390625,9.32672119140625,8.67926025390625,6.23004150390625
2024-09-19,8.266448974609375,7.298675537109375,8.001800537109375,8.409027099609375,9.759613037109377,5.789886474609375
2024-09-20,5.9549560546875,5.5516357421875,7.2264404296875,5.4432373046875,6.9539794921875,3.2606201171875
2024-09-21,7.189361572265625,7.219635009765625,6.909088134765625,7.694244384765625,12.605377197265623,6.960845947265625
2024-09-22,8.574615478515625,9.828521728515623,8.296295166015625,8.421295166015625,9.437896728515623,7.221099853515625
2024-09-23,9.1798095703125,9.8634033203125,10.5518798828125,10.3604736328125,12.4981689453125,9.2598876953125
2024-09-24,9.62255859375,10.78076171875,8.61279296875,9.60302734375,11.31982421875,7.57568359375
2024-09-25,10.127685546875,11.774169921875,9.567138671875,9.475341796875,11.085693359375,8.255615234375
2024-09-26,10.471893310546877,11.678924560546877,9.557830810546877,10.275604248046877,14.903533935546877,11.323455810546877
2024-09-27,13.062408447265623,12.008697509765623,12.438385009765623,12.336822509765623,13.539947509765623,10.192291259765623
2024-09-28,6.217987060546875,4.132049560546875,3.059783935546875,4.689666748046875,6.383026123046875,1.568572998046875
2024-09-29,2.798492431640625,2.300445556640625,1.653961181640625,1.944976806640625,3.522125244140625,-1.827484130859375
2024-09-30,4.463043212890625,5.505035400390625,4.904449462890625,5.019683837890625,6.893707275390625,6.783355712890625
2024-10-01,10.1629638671875,10.4696044921875,7.5428466796875,7.9588623046875,11.1268310546875,7.9158935546875
2024-10-02,14.005096435546877,14.495330810546877,12.323455810546877,14.230682373046877,14.200408935546877,10.777557373046877
2024-10-03,7.742034912109375,9.726409912109377,7.080902099609375,7.869964599609375,9.038909912109377,7.198089599609375
2024-10-04,8.8277587890625,8.9664306640625,4.7320556640625,6.1256103515625,7.1871337890625,4.1910400390625
2024-10-05,5.510589599609375,5.282073974609375,2.855316162109375,4.564300537109375,6.217620849609375,1.119964599609375
2024-10-06,5.74664306640625,7.10406494140625,5.10797119140625,5.48590087890625,10.57672119140625,7.52105712890625
2024-10-07,9.52044677734375,11.45892333984375,7.43157958984375,8.50384521484375,9.43450927734375,5.86224365234375
2024-10-08,7.7303466796875,9.1951904296875,7.4803466796875,7.4764404296875,11.0447998046875,6.6473388671875
2024-10-09,13.213104248046877,14.362518310546877,11.868377685546877,13.530487060546877,13.877166748046877,10.309783935546877
2024-10-10,10.359771728515623,8.886138916015625,8.248443603515625,9.729888916015623,10.033599853515623,6.848052978515625
2024-10-11,4.205841064453125,4.879669189453125,4.090606689453125,4.324981689453125,6.951934814453125,4.092559814453125
2024-10-12,5.92572021484375,8.24798583984375,6.63861083984375,7.74700927734375,6.91400146484375,5.55072021484375
2024-10-13,6.808380126953125,8.423614501953125,6.513458251953125,7.118927001953125,8.859161376953125,8.020294189453125
2024-10-14,7.560943603515625,9.225006103515623,8.413482666015625,6.975982666015625,7.611724853515625,4.348052978515625
2024-10-15,6.707611083984375,6.104095458984375,7.429290771484375,6.831634521484375,9.309173583984377,4.360931396484375
2024-10-16,11.000701904296877,10.560272216796877,9.185272216796877,10.165740966796877,11.136444091796877,8.086639404296875
2024-10-17,9.793853759765623,9.834869384765623,9.611236572265623,9.390533447265623,10.399322509765623,7.906158447265625
2024-10-18,6.152374267578125,5.305694580078125,5.894561767578125,4.655303955078125,6.530303955078125,2.608428955078125
2024-10-19,3.688018798828125,4.136260986328125,5.780792236328125,3.819854736328125,7.103057861328125,2.918487548828125
2024-10-20,6.120697021484375,7.148040771484375,7.715423583984375,6.809173583984375,8.386322021484375,6.265228271484375
2024-10-21,3.896331787109375,7.490081787109375,6.518402099609375,6.830902099609375,6.262542724609375,5.237152099609375
2024-10-22,6.008941650390625,6.575347900390625,8.258941650390625,5.787261962890625,6.571441650390625,3.137847900390625
2024-10-23,6.973419189453125,7.702911376953125,7.002716064453125,7.601348876953125,8.910919189453125,7.146270751953125
2024-10-24,7.038970947265625,7.054595947265625,7.402252197265625,8.167877197265625,8.680572509765625,7.197174072265625
2024-10-25,7.185516357421875,8.357391357421875,6.708953857421875,8.101531982421875,8.289031982421875,7.327117919921875
2024-10-26,7.318878173828125,10.280792236328123,8.153839111328125,9.823760986328123,8.004425048828125,8.461456298828125
2024-10-27,7.728607177734375,8.521575927734375,9.261810302734377,8.193450927734375,8.182708740234375,6.614349365234375
2024-10-28,6.084136962890625,6.224761962890625,6.195465087890625,7.476715087890625,6.904449462890625,2.838043212890625
2024-10-29,4.649566650390625,6.358551025390625,4.129058837890625,3.993316650390625,6.288238525390625,0.048004150390625
2024-10-30,3.882049560546875,5.901580810546875,3.953338623046875,4.433807373046875,5.532440185546875,-0.300567626953125
2024-10-31,2.865814208984375,5.184173583984375,4.446868896484375,5.274017333984375,6.388275146484375,5.266204833984375
2024-11-01,6.852325439453125,5.411895751953125,3.536895751953125,4.808380126953125,6.234161376953125,0.508575439453125
2024-11-02,0.8460693359375,1.3363037109375,0.5736083984375,0.5120849609375,3.0101318359375,-2.0699462890625
2024-11-03,0.464202880859375,1.378265380859375,2.344085693359375,2.566741943359375,3.125335693359375,-0.986968994140625
2024-11-04,-0.226898193359375,-0.096038818359375,3.136383056640625,0.894195556640625,4.081695556640625,1.129547119140625
2024-11-05,0.756866455078125,1.667999267578125,3.484405517578125,1.094757080078125,4.997100830078125,0.869171142578125
2024-11-06,-0.205169677734375,1.080963134765625,3.332916259765625,0.785064697265625,4.337799072265625,2.885650634765625
2024-11-07,-0.4248046875,0.8974609375,3.5908203125,0.7353515625,2.47265625,0.2900390625
2024-11-08,-1.716827392578125,-0.928741455078125,1.173797607421875,1.669891357421875,0.514617919921875,-1.730499267578125
2024-11-09,-2.939666748046875,-2.338104248046875,-3.928924560546875,-3.998260498046875,-0.929901123046875,-5.259002685546875
2024-11-10,-1.278717041015625,-1.003326416015625,-3.949615478515625,-2.174224853515625,-1.524810791015625,-6.051177978515625
2024-11-11,-0.090087890625,-1.631103515625,-3.510009765625,-2.632080078125,-1.378173828125,-5.062744140625
2024-11-12,-0.342010498046875,-1.216033935546875,-2.018768310546875,-0.975799560546875,3.931427001953125,0.048614501953125
2024-11-13,-1.330230712890625,-2.743316650390625,-3.624176025390625,-2.082183837890625,1.251800537109375,-1.662261962890625
2024-11-14,-0.830322265625,-1.413330078125,-3.528564453125,-2.052978515625,-1.385986328125,-5.885009765625
2024-11-15,-3.855438232421875,-2.803680419921875,-3.325164794921875,-3.022430419921875,1.100616455078125,-2.766571044921875
2024-11-16,-3.443572998046875,-1.483612060546875,-3.383026123046875,-1.837127685546875,1.707794189453125,-3.230682373046875
2024-11-17,-0.867645263671875,0.946807861328125,-0.507293701171875,0.270050048828125,2.159698486328125,-0.755340576171875
2024-11-18,3.455596923828125,5.070831298828125,3.049346923828125,3.924346923828125,5.270050048828125,2.019073486328125
2024-11-19,-1.221954345703125,-3.202423095703125,-3.288360595703125,-2.486602783203125,5.851287841796875,3.349334716796875
2024-11-20,3.41534423828125,2.54815673828125,1.01593017578125,2.45245361328125,2.04132080078125,-1.19598388671875
2024-11-21,-6.359405517578125,-6.479522705078125,-6.834991455078125,-5.837921142578125,-0.578155517578125,-5.156280517578125
2024-11-22,-10.017425537109377,-9.120941162109377,-10.263519287109377,-7.540863037109375,-4.451019287109375,-12.484222412109377
2024-11-23,-7.028045654296875,-2.876678466796875,-3.438201904296875,-2.252655029296875,1.028594970703125,-0.594451904296875
2024-11-24,-5.694183349609375,-1.314300537109375,-0.751800537109375,0.032379150390625,2.839019775390625,0.987457275390625
2024-11-25,-1.114044189453125,2.387908935546875,1.500213623046875,1.213104248046875,1.367401123046875,1.867401123046875
2024-11-26,-1.968963623046875,1.179473876953125,0.310333251953125,1.400177001953125,4.817169189453125,1.854278564453125
2024-11-27,2.201507568359375,2.541351318359375,4.425140380859375,4.391937255859375,5.992523193359375,2.886077880859375
2024-11-28,-2.687957763671875,-1.803192138671875,-3.127410888671875,-1.557098388671875,-0.023895263671875,-4.252410888671875
2024-11-29,-0.27020263671875,-0.83563232421875,-2.83465576171875,-1.42352294921875,0.55010986328125,-0.28582763671875
2024-11-30,0.063873291015625,-1.329681396484375,-2.613861083984375,-1.347259521484375,0.429107666015625,-2.233001708984375
2024-12-01,-0.517120361328125,-2.468292236328125,-7.532745361328125,-5.140167236328125,-4.189971923828125,-6.539581298828125
2024-12-02,-0.138336181640625,-1.029937744140625,0.714202880859375,0.564788818359375,2.545257568359375,-0.832672119140625
2024-12-03,-0.009796142578125,-1.369171142578125,-1.934600830078125,-0.802764892578125,0.452117919921875,-2.940460205078125
2024-12-04,-0.687225341796875,-2.056365966796875,-2.523162841796875,-1.319061279296875,1.783477783203125,-1.040740966796875
2024-12-05,0.5615234375,-0.171875,-0.1533203125,0.279296875,3.947265625,0.3408203125
2024-12-06,-9.726898193359377,-7.198577880859375,-10.804046630859377,-8.002288818359375,-4.403656005859375,-7.786468505859375
2024-12-07,0.065582275390625,0.637847900390625,0.377105712890625,-0.093597412109375,2.271636962890625,-0.909027099609375
2024-12-08,-0.2806396484375,-2.0140380859375,0.9439697265625,-1.3548583984375,1.0084228515625,-1.3519287109375
2024-12-09,0.961700439453125,-0.059783935546875,-1.233612060546875,-0.146697998046875,1.249786376953125,-3.258026123046875
2024-12-10,0.515411376953125,-1.285369873046875,-1.912322998046875,0.033966064453125,0.342559814453125,-1.886932373046875
2024-12-11,-0.939361572265625,-5.650299072265625,-5.593658447265625,-3.822174072265625,-3.252838134765625,-7.074127197265625
2024-12-12,-4.0552978515625,-5.9459228515625,-6.1343994140625,-4.0670166015625,0.6478271484375,-5.2310791015625
2024-12-13,-0.384429931640625,-0.484039306640625,-1.012359619140625,0.245452880859375,2.629241943359375,0.054046630859375
2024-12-14,-0.828582763671875,-2.486785888671875,-3.913543701171875,-2.466278076171875,-1.752410888671875,-6.499481201171875
2024-12-15,-2.512908935546875,-2.632049560546875,-2.530487060546875,-1.116424560546875,-0.347869873046875,-4.172088623046875
2024-12-16,-1.75341796875,-1.09521484375,-0.55712890625,0.86669921875,0.51513671875,-2.35693359375
2024-12-17,-2.364837646484375,0.569732666015625,-2.358001708984375,0.718170166015625,2.491607666015625,-0.831634521484375
2024-12-18,-1.040191650390625,-0.741363525390625,-0.824371337890625,0.171722412109375,2.293792724609375,-3.573394775390625
2024-12-19,-0.727752685546875,-2.255096435546875,-3.050018310546875,-1.664276123046875,0.412872314453125,-2.509002685546875
2024-12-20,-4.200653076171875,-6.759246826171875,-8.144012451171875,-7.273895263671875,-6.612762451171875,-12.161590576171877
2024-12-21,-1.364410400390625,-1.392730712890625,-3.096832275390625,-1.923004150390625,-0.486480712890625,-4.476715087890625
2024-12-22,-3.389556884765625,-4.582916259765625,-6.383697509765625,-4.745025634765625,-3.261627197265625,-6.833892822265625
2024-12-23,-3.233001708984375,-4.287689208984375,-6.290618896484375,-5.002532958984375,-3.739837646484375,-8.503509521484375
2024-12-24,-1.807037353515625,-3.157623291015625,-4.414459228515625,-2.671295166015625,-0.826568603515625,-3.516021728515625
2024-12-25,-3.05267333984375,-4.34857177734375,-4.89056396484375,-3.95501708984375,-1.08197021484375,-4.80169677734375
2024-12-26,-8.361572265625,-7.569580078125,-7.602783203125,-7.857666015625,-2.328369140625,-9.836181640625
2024-12-27,-11.12811279296875,-7.94940185546875,-8.03924560546875,-8.43865966796875,-4.34979248046875,-10.41912841796875
2024-12-28,-7.92535400390625,-4.53082275390625,-4.12164306640625,-4.88922119140625,-3.22320556640625,-6.72418212890625
2024-12-29,-6.980621337890625,-2.549957275390625,-3.063629150390625,-2.567535400390625,0.227386474609375,-2.525543212890625
2024-12-30,-9.009857177734377,-2.666107177734375,-4.161224365234375,-2.264739990234375,0.419830322265625,-3.025482177734375
2024-12-31,-9.585052490234377,-4.111419677734375,-5.715911865234375,-3.767669677734375,-0.053802490234375,-4.869232177734375
