0,1,2,3,4,5,6
,,,,,,
2019-01-01,2.1887969970703125,3.5431060791015625,1.6045989990234375,2.04876708984375,0.04461669921875,0.4194793701171875
2019-01-02,1.32012939453125,1.8252944946289065,0.837860107421875,0.862457275390625,0.0491714477539062,0.14288330078125
2019-01-03,4.51336669921875,6.737861633300781,3.173187255859375,4.0417022705078125,1.27734375,2.1292800903320312
2019-01-04,1.8127899169921875,2.69818115234375,1.52996826171875,1.6806182861328125,0.07232666015625,0.5615997314453125
2019-01-05,1.1134796142578125,0.9870147705078124,1.3804931640625,0.816497802734375,2.54473876953125,1.20111083984375
2019-01-06,16.953781127929688,21.50386047363281,22.85186767578125,17.445968627929688,32.82960510253906,32.92332458496094
2019-01-07,3.852493286132813,5.7978363037109375,3.96319580078125,3.088348388671875,0.623443603515625,3.967987060546875
2019-01-08,0.591766357421875,0.6186370849609375,0.4670333862304687,0.3440399169921875,0.0364532470703125,0.2332077026367187
2019-01-09,0.235565185546875,0.3301849365234375,0.17681884765625,0.234405517578125,0.0,0.0086669921875
2019-01-10,0.077728271484375,0.172760009765625,0.087890625,0.1333465576171875,0.0,0.0010833740234375
2019-01-11,4.747398376464844,6.7509307861328125,6.366783142089844,3.9635238647460938,7.232421875,4.719032287597656
2019-01-12,1.6649093627929688,3.0650405883789062,0.8867034912109375,1.4851226806640625,0.0764312744140625,0.4878311157226562
2019-01-13,0.0,0.0,0.0018157958984375,0.0,0.0010223388671875,0.0
2019-01-14,0.0,0.0,0.0177001953125,0.0,0.18841552734375,0.046234130859375
2019-01-15,0.507415771484375,0.3016510009765625,7.70611572265625,2.970321655273437,31.6475830078125,19.369552612304688
2019-01-16,0.9879531860351562,0.2216339111328125,4.753509521484375,0.7394561767578125,13.981239318847656,10.376350402832031
2019-01-17,2.262908935546875,1.9418258666992188,5.890182495117188,1.7035675048828125,15.906700134277344,8.808998107910156
2019-01-18,0.8916473388671875,0.4444961547851562,1.7218780517578125,0.264801025390625,2.686126708984375,1.593505859375
2019-01-19,5.525482177734375,5.642379760742188,12.366485595703123,3.926315307617188,17.309478759765625,12.748298645019531
2019-01-20,0.369049072265625,1.149871826171875,3.83599853515625,0.61175537109375,12.52313232421875,8.042221069335938
2019-01-21,2.3255615234375,4.516845703125,0.607421875,2.9322662353515625,0.0872955322265625,2.096786499023437
2019-01-22,17.869384765625,21.3314208984375,11.93853759765625,15.78839111328125,9.079620361328123,11.63946533203125
2019-01-23,3.5376129150390625,3.872161865234375,1.04681396484375,1.5475616455078125,0.083282470703125,0.141357421875
2019-01-24,0.444915771484375,0.738037109375,0.1984100341796875,0.2671051025390625,0.761627197265625,0.264678955078125
2019-01-25,4.334938049316406,3.545600891113281,20.33624267578125,11.8309326171875,52.28772735595703,42.11516571044922
2019-01-26,2.7020263671875,3.512313842773437,2.261871337890625,1.2047271728515625,7.530685424804687,3.752777099609375
2019-01-27,0.072265625,0.01177978515625,1.001708984375,0.1195526123046875,3.95782470703125,1.67047119140625
2019-01-28,0.2894210815429687,0.3572769165039062,1.005279541015625,1.1464767456054688,2.986778259277344,4.159584045410156
2019-01-29,0.067657470703125,0.0041580200195312,3.10064697265625,0.1994400024414062,8.180351257324219,2.742828369140625
2019-01-30,1.6201858520507812,0.2235183715820312,10.980628967285156,3.7046127319335938,7.394775390625,8.771759033203125
2019-01-31,5.38189697265625,1.2725677490234375,10.698471069335938,0.5032958984375,6.986373901367188,0.23492431640625
2019-03-01,0.0,0.0,0.0,0.0,0.0,0.0
2019-03-02,0.0263595581054687,0.0,0.2152099609375,0.0,2.3951568603515625,0.3098220825195312
2019-03-03,0.01214599609375,0.0,0.0103225708007812,0.0087890625,0.0624847412109375,0.00244140625
2019-03-04,0.0,0.0,0.0,0.0,0.0,0.0
2019-03-05,0.0,0.0,0.0057220458984375,0.0030288696289062,0.0,0.00640869140625
2019-03-06,0.2241744995117187,0.0777053833007812,0.9379196166992188,0.142425537109375,18.344444274902344,4.36273193359375
2019-03-07,0.0,0.0034637451171875,0.044189453125,0.002166748046875,0.48480224609375,0.0300216674804687
2019-03-08,12.34295654296875,13.562286376953123,16.480361938476562,12.06562042236328,38.58196258544922,20.189682006835938
2019-03-09,4.762962341308594,8.118087768554688,7.991859436035156,8.938529968261719,9.718299865722656,12.012603759765623
2019-03-10,0.0,0.0,0.0,0.0,0.0,0.0
2019-03-11,4.8079833984375,6.922111511230469,6.153831481933594,2.5990753173828125,9.651374816894531,9.598739624023438
2019-03-12,0.354461669921875,1.4281234741210938,0.371124267578125,0.2056121826171875,0.117340087890625,0.3014755249023437
2019-03-13,0.0,0.0485076904296875,0.0,0.0,0.0,0.0
2019-03-14,0.003814697265625,0.0,0.0325469970703125,0.0,0.4250564575195312,0.00067138671875
2019-03-15,0.0069198608398437,0.00762939453125,0.28179931640625,0.0,3.098541259765625,0.0168838500976562
2019-03-16,0.9938011169433594,5.452983856201172,0.2879829406738281,0.0581245422363281,0.1998558044433593,0.0018997192382812
2019-03-17,1.56011962890625,1.4643783569335938,1.3322830200195312,1.3458328247070312,1.616180419921875,0.5594711303710938
2019-03-18,0.0,0.0,0.0,0.0037460327148437,0.0,0.0
2019-03-19,0.0,0.0,0.0,0.0,0.0,0.0
2019-03-20,0.0,0.0,0.0,0.0,0.0,0.0
2019-03-21,0.0,0.0,0.0,0.0,0.0,0.0
2019-03-22,0.7023162841796875,0.701416015625,0.0,0.0,0.0,0.0
2019-03-23,2.6051177978515625,2.83966064453125,4.193595886230469,1.1533432006835938,0.2336044311523437,0.6521530151367188
2019-03-24,0.0243148803710937,0.0242843627929687,0.095703125,0.0299224853515625,0.1343994140625,0.0275344848632812
2019-03-25,0.0,0.0,0.0,0.0,0.0,0.0
2019-03-26,0.0,0.0,0.0,0.0,0.0,0.0
2019-03-27,0.0,0.0,0.0,0.0,0.0,0.0
2019-03-28,0.0,0.0,0.0,0.0,0.0,0.0
2019-03-29,0.0,0.0,0.0,0.0,0.0,0.0
2019-03-30,0.3617324829101562,0.3475494384765625,0.6762466430664062,0.3913421630859375,0.402984619140625,0.5504837036132812
2019-03-31,0.3020401000976562,0.5600204467773438,0.6646270751953125,0.2513198852539062,0.7683563232421875,0.2849349975585937
2019-04-01,0.4464797973632812,0.3021697998046875,3.8937835693359375,0.7403488159179688,9.971885681152344,2.3204498291015625
2019-04-02,1.1912918090820312,1.0168380737304688,4.35650634765625,0.2549285888671875,9.086837768554688,2.54803466796875
2019-04-03,1.236846923828125,0.99029541015625,1.82281494140625,0.044952392578125,1.8602142333984373,0.026092529296875
2019-04-04,2.2388458251953125,5.4989776611328125,4.780769348144531,5.86468505859375,8.345291137695312,8.484138488769531
2019-04-05,15.433761596679688,17.637466430664062,4.77496337890625,5.991607666015625,14.05419921875,10.335128784179688
2019-04-06,2.8894271850585938,7.221717834472656,1.6683273315429688,6.574630737304688,1.4251785278320312,2.807281494140625
2019-04-07,12.1268310546875,9.934463500976562,2.7372283935546875,6.293014526367188,7.465034484863281,2.5194015502929688
2019-04-08,0.2495880126953125,1.3812713623046875,0.3375778198242187,0.5291213989257812,3.0704574584960938,0.7909088134765625
2019-04-09,6.076362609863281,8.586807250976562,1.5623779296875,3.1578140258789062,3.378013610839844,1.3022003173828125
2019-04-10,13.508766174316406,17.590545654296875,7.863212585449219,14.574249267578123,3.693763732910156,8.840576171875
2019-04-11,2.271209716796875,1.10760498046875,3.394599914550781,2.034423828125,8.771629333496094,1.1467132568359375
2019-04-12,5.0828857421875,7.541099548339844,7.247489929199219,4.839523315429688,0.1241836547851562,1.6446075439453125
2019-04-13,0.22760009765625,0.136077880859375,0.3252410888671875,0.72015380859375,0.90533447265625,0.1362457275390625
2019-04-14,0.0961151123046875,0.6801300048828125,0.17010498046875,0.189361572265625,0.01922607421875,0.0798492431640625
2019-04-15,1.5153427124023438,2.786041259765625,2.2125701904296875,2.1406478881835938,0.962432861328125,1.8632049560546875
2019-04-16,0.1735687255859375,0.3397369384765625,0.080780029296875,0.140472412109375,0.0,0.0029830932617187
2019-04-17,0.0,7.62939453125e-06,0.0,0.0,0.0,0.0
2019-04-18,0.0,0.0,0.0,0.0,0.014617919921875,7.62939453125e-06
2019-04-19,0.0,0.0,0.0189056396484375,0.0,0.0308990478515625,0.00189208984375
2019-04-20,2.4599609375,3.247772216796875,2.7398834228515625,1.7433319091796875,4.7368927001953125,3.21624755859375
2019-04-21,0.0943603515625,0.2657928466796875,1.0517807006835938,0.5532913208007812,0.56072998046875,1.1987686157226562
2019-04-22,0.030517578125,1.1026611328125,0.1151123046875,0.3985366821289062,0.31610107421875,0.1399383544921875
2019-04-23,7.62939453125e-06,0.01458740234375,0.0,0.0060577392578125,7.62939453125e-06,0.0
2019-04-24,0.1414337158203125,0.2018051147460937,0.4503250122070312,0.2189788818359375,2.879013061523437,0.8261032104492188
2019-04-25,0.2003860473632812,0.0,0.1646041870117187,0.0,0.0,0.0013580322265625
2019-04-26,10.898658752441406,6.9891510009765625,11.852523803710938,4.511665344238281,14.616416931152344,3.218109130859375
2019-04-27,1.4748916625976562,4.0968017578125,1.3322906494140625,1.167388916015625,7.319183349609375,2.161201477050781
2019-04-28,0.7701950073242188,0.6387786865234375,0.2992782592773437,1.0058670043945312,5.294181823730469,0.2494659423828125
2019-04-29,3.3602828979492188,6.074508666992188,3.8636627197265625,3.0974044799804688,8.110725402832031,2.0454177856445312
2019-04-30,0.7276382446289062,0.28057861328125,1.2729034423828125,0.3137130737304687,3.324302673339844,0.0508346557617187
2019-05-01,1.8846588134765625,1.8726005554199217,5.588470458984375,3.3201942443847656,23.13212203979492,14.866901397705078
2019-05-02,1.4134445190429688,4.328338623046875,3.814422607421875,1.122222900390625,8.523147583007812,2.2134017944335938
2019-05-03,17.841102600097656,17.287391662597656,5.5456390380859375,4.030128479003906,14.352157592773438,5.139854431152344
2019-05-04,0.72369384765625,1.0446929931640625,0.258331298828125,0.6008224487304688,0.0131988525390625,0.0232925415039062
2019-05-05,0.0,0.0,0.0,0.0018692016601562,0.0,0.0051956176757812
2019-05-06,5.72186279296875,7.187019348144531,4.673076629638672,6.093448638916016,11.71062469482422,4.238487243652344
2019-05-07,0.6192779541015625,3.584075927734375,1.6434249877929688,2.1545333862304688,9.415191650390623,1.9297943115234373
2019-05-08,0.0552902221679687,0.0,0.114105224609375,0.0109176635742187,0.08367919921875,0.0
2019-05-09,7.158226013183594,7.932651519775391,10.58355712890625,7.1192626953125,14.482364654541016,12.099197387695312
2019-05-10,21.069320678710938,16.360427856445312,22.54553985595703,14.65679931640625,33.770118713378906,21.992088317871094
2019-05-11,8.754981994628906,11.893775939941406,11.96307373046875,16.974929809570312,12.920402526855469,15.6728515625
2019-05-12,6.705230712890625,7.16986083984375,8.914886474609375,5.096481323242188,12.083251953125,5.930465698242188
2019-05-13,7.478584289550781,6.1004486083984375,11.514045715332031,8.179191589355469,10.7381591796875,5.929222106933594
2019-05-14,1.1102828979492188,1.682708740234375,4.33551025390625,5.114280700683594,4.768569946289063,2.5595474243164062
2019-05-15,0.0804519653320312,0.1506805419921875,0.1114425659179687,0.0037307739257812,0.0887908935546875,0.7884521484375
2019-05-16,0.0333938598632812,0.0,0.0367431640625,0.0037384033203125,0.0,0.38653564453125
2019-05-17,0.251739501953125,0.2094497680664062,2.0434799194335938,0.7294998168945312,4.5743255615234375,0.8641281127929688
2019-05-18,0.1506500244140625,0.16845703125,0.0708160400390625,0.0356826782226562,1.8318328857421875,0.156829833984375
2019-05-19,6.5976409912109375,6.03704833984375,0.6489715576171875,1.0822906494140625,2.45306396484375,3.7375335693359375
2019-05-20,3.7027664184570312,8.6171875,6.467506408691406,5.481117248535156,1.6313323974609375,0.4825973510742187
2019-05-21,0.8294525146484375,2.075592041015625,0.7316131591796875,1.7625885009765625,8.9027099609375,1.499481201171875
2019-05-22,0.0395736694335937,0.3776702880859375,0.4418411254882812,0.0227432250976562,1.369964599609375,0.7696914672851562
2019-05-23,2.467735290527344,1.1795196533203125,3.7572174072265625,4.862091064453125,7.579238891601562,5.28314208984375
2019-05-24,7.038375854492188,5.621849060058594,8.410713195800781,4.249259948730469,11.197845458984377,9.827743530273438
2019-05-25,0.677154541015625,3.0541763305664062,6.350730895996094,2.64080810546875,44.73126983642578,11.074195861816406
2019-05-26,0.658966064453125,1.0015869140625,4.655487060546875,1.4705734252929688,27.53919219970703,6.074760437011719
2019-05-27,7.325874328613281,16.151710510253906,2.5434799194335938,1.2210006713867188,3.3396759033203125,1.7900390625
2019-05-28,1.4239349365234375,2.749961853027344,4.709053039550781,3.453475952148437,2.1074142456054688,3.7891769409179688
2019-05-29,15.8167724609375,14.637435913085938,5.38043212890625,8.469863891601562,5.161102294921875,2.4338912963867188
2019-05-30,18.341705322265625,17.791080474853516,14.707107543945312,15.267112731933594,16.562786102294922,11.226638793945312
2019-05-31,22.31656646728516,19.463897705078125,16.233551025390625,10.385093688964844,38.01518249511719,19.82372283935547
2019-06-01,1.7686233520507812,7.473396301269531,2.012275695800781,4.121101379394531,3.8058090209960938,1.4754180908203125
2019-06-02,1.2349624633789062,4.544075012207031,8.540168762207031,1.7333450317382812,6.823616027832031,10.91748046875
2019-06-03,1.1335906982421875,4.395408630371094,1.6259002685546875,0.372772216796875,1.824989318847656,0.6931381225585938
2019-06-04,0.2022552490234375,0.244110107421875,0.0740509033203125,0.0060501098632812,0.0,0.0318756103515625
2019-06-05,0.0,0.0,0.0218887329101562,0.0,1.7231521606445312,0.02618408203125
2019-06-06,0.116851806640625,1.1673049926757812,0.2833938598632812,0.41851806640625,0.0010299682617187,0.0074920654296875
2019-06-07,0.5622138977050781,1.0895042419433594,0.21588134765625,0.9668502807617188,0.65802001953125,1.4946517944335938
2019-06-08,0.0532989501953125,0.2164154052734375,0.8957061767578125,0.3604736328125,1.4116058349609375,8.512680053710938
2019-06-09,0.0201873779296875,0.0,0.0839080810546875,0.0037384033203125,2.365997314453125,0.0706024169921875
2019-06-10,0.0,0.0436248779296875,0.22808837890625,0.0,0.1048126220703125,0.293060302734375
2019-06-11,0.0,0.0,0.0757217407226562,0.0811004638671875,0.533050537109375,0.5139846801757812
2019-06-12,0.0,0.0,3.814697265625e-06,0.0261878967285156,0.0349197387695312,0.447296142578125
2019-06-13,1.9873390197753904,2.2270736694335938,2.6482925415039062,1.098957061767578,0.4402046203613281,3.205493927001953
2019-06-14,10.570671081542969,10.925010681152344,10.798088073730469,11.910552978515623,3.7380447387695312,7.596038818359375
2019-06-15,4.0308380126953125,8.191314697265625,5.314395904541016,6.315391540527344,0.7416305541992188,7.453758239746094
2019-06-16,0.982330322265625,11.803668975830078,9.97137451171875,8.852176666259766,1.1671409606933594,9.12554931640625
2019-06-17,2.373252868652344,3.3178749084472656,12.383575439453123,0.7353858947753906,3.992595672607422,4.394550323486328
2019-06-18,1.3204116821289062,1.2029533386230469,2.808876037597656,3.266094207763672,4.8301544189453125,5.893260955810547
2019-06-19,0.1139335632324218,0.5443458557128906,0.4452743530273437,0.0191497802734375,0.0267181396484375,3.262012481689453
2019-06-20,2.811382293701172,5.218708038330078,2.819171905517578,0.7835578918457031,1.331768035888672,2.9512901306152344
2019-06-21,4.5056915283203125,5.886985778808594,3.9484939575195312,3.1951141357421875,1.3929824829101562,3.327545166015625
2019-06-22,2.5201873779296875,4.804924011230469,3.420074462890625,2.7113800048828125,0.9654312133789062,3.0380172729492188
2019-06-23,1.0947532653808594,1.5456657409667969,3.821544647216797,1.6404266357421875,0.3974075317382812,2.997455596923828
2019-06-24,0.0915756225585937,0.6763839721679688,0.0213088989257812,0.0054550170898437,0.0,0.0133590698242187
2019-06-25,0.0,0.0436210632324218,0.0718116760253906,0.0678558349609375,0.0,0.0128211975097656
2019-06-26,0.0,0.0,0.0,0.0,0.0,0.0
2019-06-27,0.0,0.0,0.0,0.0,0.0,0.0
2019-06-28,0.0,0.0,0.0,0.0,0.0,0.0
2019-06-29,0.3706741333007812,0.0,0.0,0.0,0.0,0.0
2019-06-30,1.6962432861328125,6.053192138671875,2.7451629638671875,8.915374755859375,0.3845901489257812,1.2785873413085938
2019-07-01,3.1188735961914062,1.3849258422851562,6.429222106933594,0.7776107788085938,0.5661239624023438,1.53472900390625
2019-07-02,0.3790283203125,0.2659988403320312,3.2221603393554688,0.5309295654296875,0.5579757690429688,0.6918487548828125
2019-07-03,0.0,0.0,0.0145912170410156,0.0,0.0123329162597656,0.0725898742675781
2019-07-04,0.0014228820800781,0.1306571960449218,0.0210151672363281,0.0,0.1933250427246093,0.0367927551269531
2019-07-05,3.204784393310547,4.699565887451172,6.848827362060547,3.618408203125,1.7613372802734375,18.02334976196289
2019-07-06,4.1474151611328125,4.309379577636719,18.786666870117188,8.588043212890625,6.3773040771484375,10.47185516357422
2019-07-07,17.346763610839844,25.60308074951172,25.56768798828125,37.58518981933594,9.515953063964844,40.60594177246094
2019-07-08,0.0062103271484375,0.0166397094726562,0.0092086791992187,0.005462646484375,0.00860595703125,0.0018997192382812
2019-07-09,0.0,0.0,0.14678955078125,0.0037460327148437,0.0,0.2649993896484375
2019-07-10,7.421501159667969,8.514976501464844,4.359909057617188,3.213851928710937,8.056236267089844,5.236213684082031
2019-07-11,6.0034027099609375,16.317893981933594,4.380218505859375,4.951934814453125,0.8470535278320312,11.556907653808594
2019-07-12,2.6449966430664062,1.5623245239257812,2.2963104248046875,0.8501129150390625,0.3150863647460937,9.816612243652344
2019-07-13,0.2572097778320312,0.111663818359375,0.9757461547851562,0.64898681640625,1.4454116821289062,9.600440979003906
2019-07-14,0.0,0.0135040283203125,0.0,0.0,0.0,0.0
2019-07-15,0.0049514770507812,0.0526657104492187,0.0795211791992187,0.0224456787109375,0.034393310546875,0.5070648193359375
2019-07-16,2.513412475585937,2.6467208862304688,0.2847137451171875,1.2645950317382812,0.0698776245117187,1.1586761474609375
2019-07-17,0.055694580078125,2.6547393798828125,0.2093276977539062,0.2509078979492187,0.0123291015625,0.8870010375976562
2019-07-18,0.0,0.0097732543945312,0.0,0.0,0.0611343383789062,0.0502853393554687
2019-07-19,0.2959785461425781,0.2748947143554687,0.1504173278808593,0.0693511962890625,0.0046844482421875,0.2793960571289062
2019-07-20,0.0214653015136718,3.814697265625e-06,0.0699081420898437,0.0888748168945312,0.0128173828125,0.0018959045410156
2019-07-21,1.1991348266601562,4.10638427734375,0.5831527709960938,0.84527587890625,0.0,0.5826263427734375
2019-07-22,0.0062026977539062,0.0,0.0,0.0236358642578125,0.0082244873046875,0.0
2019-07-23,0.0,0.0,0.0,0.0,0.0020523071289062,0.019775390625
2019-07-24,6.0193939208984375,10.480430603027344,5.519187927246094,6.504188537597656,0.3449783325195312,4.922264099121094
2019-07-25,0.1325225830078125,0.1116943359375,2.5753936767578125,0.0820465087890625,7.195091247558594,0.656585693359375
2019-07-26,1.109832763671875,1.2477569580078125,4.215034484863281,1.1753387451171875,10.930320739746094,4.549507141113281
2019-07-27,4.65087890625,3.851890563964844,4.730514526367188,3.563026428222656,4.336677551269531,2.3852615356445312
2019-07-28,1.8565673828125,3.81378173828125,1.5370941162109375,1.5055084228515625,0.33203125,0.02734375
2019-07-29,0.4023056030273437,1.9915847778320312,0.3229522705078125,0.317962646484375,0.93035888671875,0.9367446899414062
2019-07-30,0.9843101501464844,3.213531494140625,3.652889251708984,1.1963119506835938,0.4975357055664062,2.4210281372070312
2019-07-31,9.592037200927734,14.8353271484375,10.949390411376951,9.375675201416016,6.052776336669922,15.422584533691406
2019-08-01,1.1229591369628906,4.303947448730469,0.3542900085449219,1.002605438232422,0.0041084289550781,0.0752983093261718
2019-08-02,0.0,0.0,0.0,0.0,0.0,0.0
2019-08-03,0.0,0.000701904296875,0.0424575805664062,0.0,0.0,0.1228790283203125
2019-08-04,0.040283203125,0.0416030883789062,0.069091796875,0.0037384033203125,0.0,0.9696197509765624
2019-08-05,0.0,0.0,0.0109481811523437,0.0,0.0,0.0512847900390625
2019-08-06,0.038818359375,0.0083541870117187,0.6859359741210938,0.3447799682617187,0.0123291015625,0.0512847900390625
2019-08-07,0.0,0.0,0.0,0.0,0.0,0.109161376953125
2019-08-08,0.0,0.0,0.0,0.0,0.0,0.0
2019-08-09,0.0,0.0,0.0,0.0,0.0,0.0
2019-08-10,0.0,0.0,0.0,0.0,0.096588134765625,0.0
2019-08-11,8.329643249511719,5.666694641113281,6.951698303222656,5.956611633300781,2.528282165527344,2.444305419921875
2019-08-12,0.0159683227539062,0.090911865234375,0.408172607421875,0.2160491943359375,0.20611572265625,1.492645263671875
2019-08-13,0.0,0.0,2.090789794921875,0.0,3.9035873413085938,11.116813659667969
2019-08-14,0.0,3.814697265625e-06,3.814697265625e-06,0.0,0.0,0.0
2019-08-15,0.0,0.0,0.0,0.0,0.0,0.0
2019-08-16,0.0,0.0,0.0,0.0,0.0,0.0
2019-08-17,0.0,0.0,0.0,0.0,0.1278076171875,0.0
2019-08-18,0.0,0.0,0.0,0.0,0.1278610229492187,0.0
2019-08-19,0.9328536987304688,1.5784912109375,1.5437698364257812,1.6360397338867188,0.0324325561523437,0.84185791015625
2019-08-20,0.7015762329101562,0.6126632690429688,0.0030288696289062,0.0236282348632812,0.0064163208007812,0.0
2019-08-21,0.0096588134765625,0.0086898803710937,0.0371932983398437,0.0343780517578125,0.58648681640625,0.7955398559570312
2019-08-22,1.0518798828125,5.7880401611328125,2.2772750854492188,2.4224853515625,2.4521026611328125,3.5205307006835938
2019-08-23,5.689048767089844,10.836463928222656,2.94024658203125,6.6029052734375,0.7453384399414062,3.1444091796875
2019-08-24,0.9090805053710938,4.696456909179688,2.1271514892578125,8.5308837890625,0.1155853271484375,6.265228271484375
2019-08-25,0.0003509521484375,0.0,0.0909576416015625,0.0,1.26873779296875,0.920013427734375
2019-08-26,0.0,0.0007095336914062,0.0133514404296875,0.0,0.015655517578125,0.3426055908203125
2019-08-27,0.0,0.007354736328125,7.62939453125e-06,0.0,0.0,0.0
2019-08-28,0.01739501953125,0.0391616821289062,0.0445404052734375,0.033966064453125,0.0,0.0641098022460937
2019-08-29,7.62939453125e-06,0.0,0.0,0.0,0.0,0.0
2019-08-30,0.006927490234375,0.0072708129882812,0.0,0.0,0.0,0.0384597778320312
2019-08-31,0.0541458129882812,0.0,0.0181655883789062,0.0,3.66839599609375,0.0
2019-09-01,0.3004913330078125,0.12933349609375,0.156402587890625,0.0754013061523437,0.0,0.0
2019-09-02,0.0,0.0,0.2441864013671875,0.01959228515625,0.0,0.5641250610351562
2019-09-03,0.2398300170898437,0.2136688232421875,2.2756271362304688,0.5560531616210938,0.2744674682617187,2.5652084350585938
2019-09-04,0.6655731201171875,1.148406982421875,0.676300048828125,1.3750991821289062,1.8181076049804688,1.6422576904296875
2019-09-05,1.8797683715820312,1.7647857666015625,0.48358154296875,0.3280487060546875,3.886795043945313,2.2201080322265625
2019-09-06,0.0569992065429687,0.0228652954101562,0.8042449951171875,0.005462646484375,4.375259399414063,0.52618408203125
2019-09-07,0.0,0.0,0.0,0.0,0.0,0.0
2019-09-08,0.6218643188476562,0.0575942993164062,0.8614425659179688,0.0238723754882812,1.707763671875,0.1024703979492187
2019-09-09,0.0152587890625,0.0,0.0147705078125,0.0037384033203125,3.413192749023437,0.034576416015625
2019-09-10,0.4362030029296875,1.8171234130859373,1.2174835205078125,1.295623779296875,0.0277099609375,0.18292236328125
2019-09-11,0.0152587890625,0.31951904296875,0.03485107421875,0.03106689453125,0.0,0.0
2019-09-12,0.03192138671875,0.022857666015625,0.07745361328125,0.0936279296875,0.0,0.0
2019-09-13,0.0,0.0,0.0,0.0,0.0,0.0
2019-09-14,0.2247772216796875,0.31256103515625,0.4066009521484375,0.0802764892578125,0.025634765625,0.1357879638671875
2019-09-15,2.108139038085937,4.8131256103515625,12.137664794921877,4.883148193359375,5.048492431640625,3.83056640625
2019-09-16,3.02313232421875,4.3922119140625,4.787628173828125,3.1949691772460938,4.314224243164063,19.29039764404297
2019-09-17,7.62939453125e-06,0.0,0.0,0.0,0.0,0.0128173828125
2019-09-18,0.0003509521484375,0.0,0.0,0.001861572265625,0.0,0.005462646484375
2019-09-19,0.0,7.62939453125e-06,0.0,7.62939453125e-06,7.62939453125e-06,0.0
2019-09-20,2.045028686523437,2.91326904296875,6.825698852539063,3.892257690429688,28.100341796875,13.00048828125
2019-09-21,4.534027099609375,7.4106903076171875,6.04302978515625,3.038787841796875,8.047531127929688,10.388702392578123
2019-09-22,0.3585205078125,0.9401397705078124,1.1228179931640625,0.3275604248046875,3.484237670898437,1.7492523193359375
2019-09-23,3.397163391113281,9.033477783203123,4.698699951171875,2.5402374267578125,19.242401123046875,16.716079711914062
2019-09-24,0.0145492553710937,0.0083160400390625,0.0116119384765625,0.0115127563476562,0.0287704467773437,0.343719482421875
2019-09-25,0.0,0.0,0.0,0.0,0.0,0.0
2019-09-26,0.0,0.0,0.0,0.0,0.0,0.0
2019-09-27,0.0174026489257812,0.3195343017578125,0.05712890625,0.0092010498046875,0.4647979736328125,0.0530853271484375
2019-09-28,0.0443649291992187,0.1137847900390625,0.0,0.009796142578125,0.0,0.0
2019-09-29,0.0041732788085937,0.0353317260742187,0.18328857421875,0.0064697265625,2.163734436035156,0.1334381103515625
2019-09-30,20.828536987304688,22.87347412109375,23.335533142089844,24.92642974853516,75.31460571289062,65.23448181152344
2019-10-01,0.548614501953125,0.537445068359375,1.087127685546875,0.5581817626953125,0.7459640502929688,1.1334304809570312
2019-10-02,3.913742065429688,4.081314086914063,12.645523071289062,12.312225341796877,18.47152709960937,23.48480224609375
2019-10-03,0.178924560546875,0.5196533203125,0.19873046875,0.187286376953125,0.0146331787109375,1.049896240234375
2019-10-04,0.0255279541015625,0.0222015380859375,0.0997695922851562,0.0261764526367187,0.0,0.0356674194335937
2019-10-05,0.0,0.0,0.0,0.0,0.0,0.0
2019-10-06,0.000701904296875,0.0,0.2703094482421875,0.0115203857421875,1.4227447509765625,0.4129791259765625
2019-10-07,0.0010528564453125,0.014923095703125,0.321014404296875,0.0477752685546875,5.2923583984375,1.926788330078125
2019-10-08,0.656768798828125,0.5459518432617188,0.603759765625,0.3512420654296875,0.2064895629882812,0.5529251098632812
2019-10-09,0.0,0.0,0.0,0.0,0.0,0.0009384155273437
2019-10-10,0.0,0.0,0.0,0.0,0.0,0.0
2019-10-11,0.0,0.0,0.0,0.0,0.0,0.0
2019-10-12,0.0,0.0,0.0,0.0,0.0,0.0
2019-10-13,0.0,0.0,0.0,0.0,0.0,0.0
2019-10-14,0.0,0.0,0.0,0.0,0.0,0.0
2019-10-15,0.0,0.0,0.0,0.0,0.0,0.0
2019-10-16,0.0,0.0,0.0,0.0,0.0,0.0
2019-10-17,0.0,0.0,0.0,0.0,0.0,0.0
2019-10-18,0.0,0.0,0.0,0.0,0.0,0.0
2019-10-19,0.0,0.0,0.0,0.0,0.0,0.0
2019-10-20,0.0,0.0,0.0,0.0,0.0,0.0
2019-10-21,0.0,0.0,0.0,0.0,0.0,0.0
2019-10-22,0.0,0.0,0.0,0.0,0.0,0.0
2019-10-23,0.0,0.0,0.0,0.0,0.0,0.0
2019-10-24,0.0,0.0,0.0,0.0,0.0,0.0
2019-10-25,0.0,0.0,0.0,0.0,0.0,0.0
2019-10-26,0.6360015869140625,0.7602920532226562,0.0297775268554687,0.0726165771484375,0.0,0.0
2019-10-27,4.168010711669922,6.602375030517578,4.646404266357422,4.0902862548828125,0.8042221069335938,4.988822937011719
2019-10-28,3.4364013671875,5.126564025878906,2.652374267578125,3.8017730712890634,0.862335205078125,2.1546401977539062
2019-10-29,0.0991973876953125,0.1670455932617187,0.242645263671875,0.0831832885742187,0.9311065673828124,0.6907958984375
2019-10-30,0.0689773559570312,0.0984344482421875,4.089141845703125,0.3146591186523437,17.74755096435547,4.003578186035156
2019-10-31,11.507980346679688,3.4203338623046875,21.613914489746094,7.288673400878906,74.88204193115234,31.86000061035156
2019-11-01,5.4543304443359375,4.524215698242188,10.552734375,5.702728271484375,53.781341552734375,24.305007934570312
2019-11-02,0.633087158203125,0.0242919921875,2.460205078125,0.157379150390625,19.90289306640625,2.8720703125
2019-11-03,16.671478271484375,15.479263305664062,41.51228332519531,11.301467895507812,129.65060424804688,41.08415222167969
2019-11-04,13.743927001953123,25.288848876953125,37.72700500488281,19.841705322265625,69.36721801757812,46.60459899902344
2019-11-05,2.571685791015625,3.6932220458984375,11.640060424804688,8.982284545898438,20.07666015625,17.126052856445312
2019-11-06,1.51141357421875,0.31561279296875,4.6414947509765625,0.5986328125,11.764358520507812,3.102935791015625
2019-11-07,1.9200286865234373,1.127899169921875,4.575363159179688,2.3621826171875,18.243927001953125,5.943618774414063
2019-11-08,0.0083160400390625,0.009735107421875,0.1514892578125,0.074798583984375,0.619659423828125,0.5261077880859375
2019-11-09,7.38421630859375,3.426864624023437,17.850875854492188,9.789825439453123,18.893478393554688,20.3131103515625
2019-11-10,3.944259643554688,1.0489959716796875,9.97625732421875,2.8159637451171875,20.02182006835937,7.420822143554687
2019-11-11,0.9277801513671876,0.759674072265625,0.9918670654296876,0.1332244873046875,5.713287353515625,1.239013671875
2019-11-12,0.0423736572265625,0.000701904296875,2.2545623779296875,0.0650177001953125,9.813796997070312,2.2922515869140625
2019-11-13,0.113677978515625,0.0641021728515625,2.88653564453125,0.1487884521484375,12.791259765625,3.78643798828125
2019-11-14,0.0200347900390625,0.0062408447265625,0.3478546142578125,0.005462646484375,1.0417327880859375,0.09967041015625
2019-11-15,2.30487060546875,1.0364532470703125,4.814743041992188,4.0397796630859375,13.108108520507812,9.1275634765625
2019-11-16,2.0056304931640625,2.7449188232421875,3.577392578125,3.193634033203125,6.678680419921875,3.583404541015625
2019-11-17,3.417266845703125,3.225936889648437,7.725921630859375,3.338958740234375,18.506637573242188,8.233383178710938
2019-11-18,0.0310211181640625,0.0083160400390625,0.033660888671875,0.0327606201171875,0.2561492919921875,0.0666351318359375
2019-11-19,0.0045166015625,0.0,0.0,0.0,0.0010223388671875,0.000946044921875
2019-11-20,0.0,0.0,0.0036468505859375,0.0,0.0064163208007812,0.0064163208007812
2019-11-21,0.0,0.0034637451171875,0.0,0.02935791015625,0.0,0.007232666015625
2019-11-22,0.1874542236328125,0.2882537841796875,1.3809661865234375,1.317230224609375,5.603530883789063,8.115585327148438
2019-11-23,0.651275634765625,0.8736419677734375,0.67266845703125,1.3881072998046875,0.19293212890625,0.9709625244140624
2019-11-24,0.4333648681640625,0.105865478515625,1.3514404296875,0.26263427734375,10.17138671875,2.6996612548828125
2019-11-25,3.637481689453125,4.181549072265625,11.449844360351562,6.2205657958984375,48.38227844238281,21.97592163085937
2019-11-26,0.2092514038085937,0.5453262329101562,0.553192138671875,0.0635910034179687,4.557624816894531,0.8770523071289062
2019-11-27,2.4576950073242188,3.426849365234375,3.291206359863281,0.5494461059570312,3.7711181640625,6.832931518554688
2019-11-28,0.0159683227539062,0.0076522827148437,0.0213165283203125,0.0152587890625,7.62939453125e-06,0.0345840454101562
2019-11-29,1.376953125,0.535308837890625,1.0031509399414062,0.0322418212890625,6.296798706054688,1.3312911987304688
2019-11-30,5.202362060546875,6.4221038818359375,7.550186157226562,4.87030029296875,6.861007690429688,15.76666259765625
2019-12-01,0.0381546020507812,0.1566925048828125,0.0823440551757812,0.0426254272460937,7.62939453125e-06,0.0577926635742187
2019-12-02,0.0007247924804687,0.0,0.0076370239257812,0.0046005249023437,0.0053863525390625,0.0064163208007812
2019-12-03,0.070770263671875,0.0361404418945312,1.1742172241210938,0.474609375,8.721954345703125,3.305824279785156
2019-12-04,0.0128631591796875,0.0336151123046875,0.147430419921875,0.0256195068359375,3.085731506347656,0.5732803344726562
2019-12-05,0.0014114379882812,0.0929336547851562,0.0378189086914062,0.0115203857421875,0.0586013793945312,0.0005416870117187
2019-12-06,0.0617141723632812,0.0090255737304687,1.703033447265625,0.2289886474609375,14.00920867919922,3.58624267578125
2019-12-07,20.23921203613281,26.211265563964844,27.342544555664062,25.487335205078125,22.309791564941406,21.677978515625
2019-12-08,2.2403106689453125,2.992919921875,3.363960266113281,4.053611755371094,1.9696273803710935,3.3708419799804688
2019-12-09,0.296966552734375,0.825439453125,0.6752166748046875,0.033233642578125,2.39312744140625,0.5894012451171875
2019-12-10,1.2352294921875,0.694366455078125,6.436309814453125,1.543243408203125,18.34262084960937,9.351409912109377
2019-12-11,2.4636993408203125,2.1904754638671875,6.25787353515625,2.678070068359375,9.592666625976562,8.5186767578125
2019-12-12,0.0,0.0,0.0,0.0,0.0,0.0
2019-12-13,0.0041732788085937,0.0,0.04046630859375,0.0,0.4965286254882812,0.000946044921875
2019-12-14,0.0,0.0,0.1043472290039062,0.0,1.111419677734375,0.0102005004882812
2019-12-15,0.0,0.0,0.0331649780273437,0.0,0.336334228515625,0.0
2019-12-16,0.1669692993164062,0.01318359375,1.0917510986328125,0.1245880126953125,10.95990753173828,2.1043472290039062
2019-12-17,0.4975509643554687,0.1725311279296875,5.544151306152344,1.5762176513671875,18.76544189453125,9.01921844482422
2019-12-18,8.632339477539062,4.390655517578125,28.90951538085937,14.33306884765625,97.447265625,46.0860595703125
2019-12-19,4.998565673828125,5.9411468505859375,17.708694458007812,10.225448608398438,90.31430053710938,51.33331298828125
2019-12-20,4.480316162109375,9.328964233398438,2.1306610107421875,3.614578247070313,0.939697265625,1.615447998046875
2019-12-21,1.8383941650390625,4.795425415039063,1.0572509765625,2.4604949951171875,0.023345947265625,0.6901702880859375
2019-12-22,0.1962738037109375,2.454803466796875,0.00970458984375,0.033416748046875,0.065155029296875,0.031341552734375
2019-12-23,3.91552734375,8.63421630859375,2.640350341796875,4.5777130126953125,0.0925750732421875,1.133941650390625
2019-12-24,0.4298553466796875,1.136627197265625,0.2293548583984375,0.3496551513671875,0.0074462890625,0.170013427734375
2019-12-25,4.4215087890625,8.300338745117188,2.584335327148437,3.584457397460937,0.310455322265625,1.5908966064453125
2019-12-26,4.386444091796875,7.188003540039063,3.0976104736328125,2.8307037353515625,0.478118896484375,1.057830810546875
2019-12-27,0.5390625,0.834381103515625,0.6580352783203125,0.6148681640625,0.083465576171875,0.2540740966796875
2019-12-28,0.0,7.62939453125e-06,7.62939453125e-06,0.0060577392578125,0.0,0.0
2019-12-29,0.0,0.0152587890625,0.00555419921875,0.0115203857421875,0.0,0.0
2019-12-30,0.0298080444335937,0.0235824584960937,0.0319290161132812,0.0457763671875,7.62939453125e-06,0.0
2019-12-31,0.0,0.0,0.0,0.0,0.0,0.0
2020-01-01,3.124267578125,4.9017333984375,3.0837860107421875,2.7673492431640625,0.7874755859375,1.9202728271484373
2020-01-02,8.899703979492188,10.660736083984377,6.8032989501953125,6.741424560546875,0.987945556640625,2.2540740966796875
2020-01-03,0.6277389526367188,0.625030517578125,0.6232986450195312,0.5504379272460938,0.3206634521484375,0.38671875
2020-01-04,0.0,0.0083160400390625,0.00555419921875,0.0152587890625,7.62939453125e-06,0.0
2020-01-05,0.0,0.0,0.0,0.0,0.0,0.0
2020-01-06,0.0,0.0,0.0,0.0,0.0,0.0
2020-01-07,0.0,0.0,0.0,0.0,0.0,0.0
2020-01-08,0.0762939453125,0.0700607299804687,0.125885009765625,0.1643447875976562,0.0,0.0403594970703125
2020-01-09,0.0958404541015625,0.0624465942382812,0.0721435546875,0.06103515625,0.0,0.0092086791992187
2020-01-10,0.0045318603515625,0.0,0.0,0.0,0.0,0.0005416870117187
2020-01-11,0.0,0.0,0.0,0.0,0.0,0.0
2020-01-12,0.0,0.0,0.0,0.0,0.0,0.0
2020-01-13,0.0,0.0,0.0,0.0,0.0,0.0
2020-01-14,0.0,0.0,0.0,0.0,0.0,0.0
2020-01-15,0.0,0.0,0.16119384765625,0.0,0.38873291015625,0.0228424072265625
2020-01-16,0.6876983642578125,0.7378158569335938,0.3163833618164062,0.2346420288085937,0.1790542602539062,0.174346923828125
2020-01-17,0.3633804321289062,0.3370819091796875,0.2473068237304687,0.1554946899414062,7.62939453125e-06,0.0847854614257812
2020-01-18,0.0,0.0,0.0,0.0,0.0,0.0
2020-01-19,0.0,0.0,0.0,0.0,0.0,0.0
2020-01-20,0.009063720703125,0.0222015380859375,0.0152587890625,0.0152587890625,0.0,0.0128173828125
2020-01-21,0.0,0.0,0.0500030517578125,0.0,0.809814453125,0.0247344970703125
2020-01-22,0.5402069091796875,0.62744140625,1.251129150390625,0.543182373046875,9.898300170898438,4.987228393554688
2020-01-23,4.397506713867188,5.2835693359375,8.75628662109375,6.701629638671875,26.153564453125,17.368255615234375
2020-01-24,1.889312744140625,3.58154296875,2.4540328979492188,2.0316238403320312,4.2884521484375,3.6934661865234375
2020-01-25,1.7087478637695312,1.5527191162109375,4.3456573486328125,1.31964111328125,33.02759552001953,15.362541198730469
2020-01-26,3.407699584960937,4.737541198730469,2.5809249877929688,2.0684127807617188,13.255706787109377,6.5609893798828125
2020-01-27,0.0,0.0,0.0045928955078125,0.0027313232421875,0.0186920166015625,0.2063980102539062
2020-01-28,0.0,0.0,0.0315933227539062,0.0,0.444976806640625,0.0631103515625
2020-01-29,0.0,0.0,0.0240478515625,0.0030288696289062,0.0160980224609375,0.000946044921875
2020-01-30,0.0265045166015625,0.1257858276367187,0.16802978515625,0.0365447998046875,1.2814102172851562,0.0887069702148437
2020-01-31,0.0,0.0,0.1376419067382812,0.005462646484375,1.5622711181640625,0.1426544189453125
2020-02-01,11.744369506835938,12.306877136230469,11.98688507080078,10.074958801269531,30.304161071777344,19.06333923339844
2020-02-02,8.244369506835938,13.893463134765623,5.892333984375,9.558586120605469,1.1309814453125,3.992225646972656
2020-02-03,0.506744384765625,0.6898956298828125,0.508148193359375,0.5867462158203125,0.0533294677734375,0.0921859741210937
2020-02-04,0.6150360107421875,1.3837127685546875,0.6026458740234375,0.9348297119140624,0.0256500244140625,0.26129150390625
2020-02-05,0.1580657958984375,0.055511474609375,0.18377685546875,0.1445159912109375,0.0,0.0408935546875
2020-02-06,0.0,0.0,0.0,0.0,0.0,0.0
2020-02-07,3.6641998291015625,4.903366088867188,2.9051666259765625,2.7439193725585938,16.946678161621094,6.716560363769531
2020-02-08,2.7986373901367188,3.856735229492188,1.7558975219726562,2.459197998046875,7.014907836914063,3.276123046875
2020-02-09,8.686279296875,9.472732543945312,8.365463256835938,4.133331298828125,24.73817443847656,16.792266845703125
2020-02-10,0.0439987182617187,0.0572128295898437,0.0213165283203125,0.0503463745117187,0.0,0.0594100952148437
2020-02-11,7.760902404785156,8.952125549316406,8.188041687011719,6.591560363769531,18.293930053710938,14.568931579589844
2020-02-12,0.5204315185546875,0.6173553466796875,0.4293975830078125,0.4378662109375,0.0169296264648437,0.1926803588867187
2020-02-13,0.0,0.0,0.0,0.0,0.0,0.0
2020-02-14,0.0,7.62939453125e-06,0.0,0.0,0.0,0.0
2020-02-15,0.0,0.0007095336914062,0.0,7.62939453125e-06,0.0,0.0
2020-02-16,3.3790283203125,3.806716918945313,1.5827484130859375,0.852447509765625,2.19342041015625,2.1447906494140625
2020-02-17,8.460411071777344,16.405014038085938,7.258476257324219,7.40850830078125,2.1771774291992188,5.4679718017578125
2020-02-18,0.0,0.23626708984375,0.0116081237792968,0.0305213928222656,0.0,0.0
2020-02-19,0.0,0.0079803466796875,0.0,0.00762939453125,0.0,0.0128250122070312
2020-02-20,0.0,0.0,0.0,0.0,0.0,0.0
2020-02-21,0.1430511474609375,0.4978103637695312,0.0157623291015625,0.0213088989257812,0.0107650756835937,0.0
2020-02-22,0.0,0.0,0.6409454345703125,0.0146636962890625,5.16729736328125,0.7151718139648438
2020-02-23,0.1118927001953125,0.0521049499511718,5.440273284912109,1.430706024169922,51.41136932373047,14.073261260986328
2020-02-24,8.23480224609375,9.78472900390625,7.506156921386719,6.583244323730469,12.1783447265625,10.445289611816406
2020-02-25,9.099929809570312,8.481292724609375,9.155982971191406,6.732925415039063,26.246734619140625,14.44085693359375
2020-02-26,0.0,0.1149368286132812,0.0020751953125,0.0,0.0,0.000274658203125
2020-02-27,7.769935607910156,5.074623107910156,19.563751220703125,8.571212768554688,44.27913665771485,16.096054077148438
2020-02-28,0.6605682373046875,0.3609542846679687,5.791221618652344,1.6838836669921875,55.52515411376953,9.103469848632812
2020-02-29,21.98383331298828,9.850593566894531,55.84449005126953,27.357460021972656,71.60344696044922,46.855018615722656
2020-03-01,8.004425048828125,13.663681030273438,7.6325531005859375,10.205535888671877,3.6097412109375,7.2597503662109375
2020-03-02,0.0596923828125,0.2122802734375,0.1122894287109375,0.267242431640625,0.0,0.0391845703125
2020-03-03,1.7124862670898438,1.3028945922851562,19.220497131347656,7.117988586425781,48.08650207519531,18.41606903076172
2020-03-04,6.863819122314453,8.715007781982422,11.054039001464844,8.924175262451172,10.295101165771484,10.75310516357422
2020-03-05,3.65185546875,5.523597717285156,4.836585998535156,5.767875671386719,4.976875305175781,6.114631652832031
2020-03-06,0.0728302001953125,0.1148300170898437,0.1868362426757812,0.1451873779296875,0.542633056640625,0.6146926879882812
2020-03-07,3.025421142578125,5.541099548339844,3.3210525512695312,5.183967590332031,0.8886337280273438,3.181015014648437
2020-03-08,0.0038223266601562,0.00762939453125,0.0011978149414062,0.0008621215820312,0.0,0.0070877075195312
2020-03-09,0.0,0.0,0.0,0.0,0.0,0.0
2020-03-10,0.9199676513671876,1.309478759765625,0.45001220703125,0.3292770385742187,0.0,0.0128173828125
2020-03-11,0.0653190612792968,0.238555908203125,0.1791229248046875,0.1418952941894531,3.395477294921875,9.57146453857422
2020-03-12,1.8309211730957031,2.325389862060547,2.364917755126953,2.5099754333496094,0.9071121215820312,4.031856536865234
2020-03-13,3.814697265625e-06,0.0007095336914062,0.0152587890625,0.009796142578125,0.0,0.0280799865722656
2020-03-14,0.0,0.0,0.0,0.0,0.0,0.0
2020-03-15,0.0,0.0,0.0,0.0,0.0,0.0
2020-03-16,0.0,0.0,0.0,0.0,0.0,0.0
2020-03-17,0.0,0.0,0.0,0.0,0.0,0.0
2020-03-18,0.0,0.0,0.0,0.0,0.0,0.0
2020-03-19,2.461898803710937,4.2498626708984375,3.5523452758789062,4.1422882080078125,1.3656768798828125,5.254814147949219
2020-03-20,3.898353576660156,7.411727905273437,5.013595581054688,5.247589111328125,1.7369003295898438,7.831329345703125
2020-03-21,4.611686706542969,7.0012969970703125,3.869728088378906,4.784271240234375,2.0925064086914062,7.049888610839844
2020-03-22,0.3460311889648437,0.50030517578125,1.0381317138671875,0.913238525390625,0.7749557495117188,2.3670196533203125
2020-03-23,0.7048187255859375,1.137420654296875,1.3590621948242188,2.3910446166992188,2.8941421508789062,3.894615173339844
2020-03-24,3.72930908203125,3.865081787109375,5.0299224853515625,6.013648986816406,3.0889816284179688,6.967498779296875
2020-03-25,0.370391845703125,0.2137298583984375,2.088043212890625,1.4848785400390625,0.5536956787109375,0.8450164794921875
2020-03-26,1.945106506347656,0.7238693237304688,0.234344482421875,0.5703964233398438,0.651580810546875,0.3768692016601562
2020-03-27,0.5440216064453125,0.6146240234375,0.159576416015625,0.2985992431640625,0.3770751953125,0.7694473266601562
2020-03-28,6.9021759033203125,7.491798400878906,14.029678344726562,7.043228149414063,17.78106689453125,14.524925231933594
2020-03-29,13.230010986328123,18.13599395751953,16.84662628173828,16.51449203491211,22.425575256347656,25.91835021972656
2020-03-30,0.0072708129882812,0.0072784423828125,0.0046005249023437,0.0057601928710937,0.0053787231445312,0.0064163208007812
2020-03-31,0.0,0.0,0.00970458984375,0.0,0.0,0.00189208984375
2020-04-01,0.1146469116210937,0.0912094116210937,0.1515579223632812,0.0398712158203125,0.0,0.013092041015625
2020-04-02,0.0269546508789062,0.0644760131835937,0.0967788696289062,0.179107666015625,0.0512847900390625,0.1197280883789062
2020-04-03,0.0,0.0,0.0,0.0,0.0,0.0
2020-04-04,0.0,0.0,0.0,0.0,0.0,0.0
2020-04-05,0.0,0.0,0.0,0.0,0.0,0.0
2020-04-06,0.0,0.0,0.0,0.0,0.0,0.0
2020-04-07,0.0,0.0,0.0,0.0,0.0,0.0
2020-04-08,0.0,0.0218276977539062,0.0,0.0027313232421875,0.0,0.0
2020-04-09,0.0,0.0,0.0,0.0,0.0,0.0256423950195312
2020-04-10,0.0031013488769531,0.0007095336914062,0.0610008239746093,0.0027313232421875,0.0080070495605468,0.0009498596191406
2020-04-11,20.079212188720703,23.421974182128903,30.481624603271484,27.929855346679688,47.99289321899414,40.52295303344727
2020-04-12,0.0,0.0,0.0073776245117187,0.0156784057617187,0.0220718383789062,0.2138442993164062
2020-04-13,0.0,0.0,0.0,0.0,0.0,0.0
2020-04-14,0.0,0.0,0.0,0.0,0.0,0.0
2020-04-15,0.0,0.0,0.0,0.0,0.0,0.0
2020-04-16,1.2084197998046875,5.543083190917969,0.7020416259765625,0.421051025390625,0.00640869140625,0.2787246704101562
2020-04-17,3.663497924804688,3.786911010742188,10.321067810058594,9.497825622558594,6.4190521240234375,13.914840698242188
2020-04-18,17.112075805664062,17.308670043945312,18.09481811523437,19.371505737304688,15.670906066894531,19.6256103515625
2020-04-19,1.7754898071289062,1.1923141479492188,3.9150238037109375,2.6288375854492188,1.68402099609375,4.943214416503906
2020-04-20,0.0,0.0,0.0,0.0,0.0,0.0
2020-04-21,0.0,0.0,0.0,0.0,0.0,0.0
2020-04-22,0.9568252563476562,1.8927230834960935,1.1533432006835938,0.0650711059570312,0.1098785400390625,0.1401214599609375
2020-04-23,0.194915771484375,4.977584838867188,0.8599472045898438,0.2994537353515625,0.3010177612304687,0.0950698852539062
2020-04-24,0.3162002563476562,3.586044311523437,0.2958297729492187,0.4343338012695312,0.3123703002929687,0.0950698852539062
2020-04-25,0.0,0.028045654296875,0.0,0.0,0.0001907348632812,0.0
2020-04-26,0.6583137512207031,2.501880645751953,0.5030326843261719,0.3873481750488281,6.950309753417969,0.9942703247070312
2020-04-27,0.2812652587890625,1.1058883666992188,0.4105758666992187,0.2014007568359375,1.8009071350097656,0.0809364318847656
2020-04-28,0.4431610107421875,1.1571807861328125,2.623573303222656,0.1427993774414062,5.141960144042969,1.0117340087890625
2020-04-29,10.50090789794922,15.953117370605469,4.5494537353515625,7.0672149658203125,12.173316955566406,4.078536987304688
2020-04-30,4.299827575683594,3.781684875488281,4.1507568359375,4.293426513671875,5.2833404541015625,1.2912216186523438
2020-05-01,0.0,0.0,0.0,0.0,0.0,0.0
2020-05-02,1.9754714965820312,3.4446792602539062,0.0060577392578125,0.0279693603515625,0.0,0.0
2020-05-03,2.32965087890625,2.9231414794921875,2.988319396972656,3.1012420654296875,0.204132080078125,2.3876724243164062
2020-05-04,0.01776123046875,0.1161575317382812,0.0,0.002166748046875,0.0,0.0
2020-05-05,0.0,0.0,0.0,0.0,0.0,0.0
2020-05-06,0.01165771484375,0.0,0.388427734375,0.4935684204101562,0.0,0.0256423950195312
2020-05-07,0.0,0.0,0.0,0.0,0.0,0.0
2020-05-08,0.0450477600097656,0.0045127868652343,0.8415298461914062,0.0900611877441406,4.105201721191406,0.8406715393066406
2020-05-09,0.351898193359375,2.05902099609375,0.315673828125,0.107940673828125,10.003662109375,2.1363067626953125
2020-05-10,0.0,0.0,0.0,0.0,0.0,0.0
2020-05-11,0.3613815307617187,0.0326004028320312,0.53466796875,0.2513809204101562,7.62939453125e-06,0.0
2020-05-12,0.001068115234375,0.0010452270507812,0.0,0.0027313232421875,0.0008392333984375,0.0051956176757812
2020-05-13,0.0,0.0,0.0,0.0,0.0,0.0
2020-05-14,0.0282745361328125,0.0,0.387664794921875,1.5448532104492188,0.0,0.0
2020-05-15,0.1449508666992187,0.2127189636230468,0.5225753784179688,0.2937736511230469,0.0,0.0850486755371093
2020-05-16,2.1978073120117188,8.886825561523438,0.9274673461914062,1.4744224548339844,0.8786277770996094,1.2951087951660156
2020-05-17,15.831920623779297,18.937530517578125,21.85058212280273,26.50737762451172,10.637737274169922,32.12068176269531
2020-05-18,0.2089920043945312,0.499237060546875,1.979331970214844,1.2349014282226562,0.1909027099609375,0.4392547607421875
2020-05-19,0.0,0.0,0.0,0.0,0.0,0.0
2020-05-20,0.0,0.0007095336914062,0.0,0.0,0.0,0.0
2020-05-21,3.155975341796875,4.951271057128906,4.035400390625,5.274620056152344,2.944076538085937,6.652580261230469
2020-05-22,0.6842193603515625,2.5650863647460938,0.073822021484375,0.2219390869140625,7.62939453125e-06,0.62335205078125
2020-05-23,14.820899963378906,13.403099060058594,5.138862609863281,6.50982666015625,0.851409912109375,4.109001159667969
2020-05-24,10.56328582763672,15.679588317871094,6.4896087646484375,11.477928161621094,0.1691970825195312,4.526092529296875
2020-05-25,1.802947998046875,8.37493896484375,2.701644897460937,4.0023193359375,0.3246383666992187,3.046905517578125
2020-05-26,5.882488250732422,9.974323272705078,5.8346099853515625,4.312442779541016,10.577659606933594,9.12875747680664
2020-05-27,4.928955078125,8.740219116210938,9.10845947265625,6.957939147949219,4.498420715332031,7.368820190429687
2020-05-28,1.2812728881835938,4.260231018066406,12.757431030273438,8.787422180175781,5.99072265625,5.638298034667969
2020-05-29,4.864616394042969,5.1565704345703125,1.9278717041015625,0.9530487060546876,2.746421813964844,3.604209899902344
2020-05-30,1.5866317749023438,2.4076080322265625,1.2642135620117188,2.3196029663085938,0.0148696899414062,0.19384765625
2020-05-31,3.2233657836914062,5.245819091796875,1.1684494018554688,0.113494873046875,0.1652908325195312,0.1919937133789062
2020-06-01,0.0480270385742187,0.1948089599609375,0.351226806640625,0.0411453247070312,1.3910598754882812,0.1427459716796875
2020-06-02,3.259429931640625,1.8339767456054688,16.16193389892578,4.589279174804688,63.450660705566406,23.132965087890625
2020-06-03,0.4373626708984375,1.0998077392578125,2.045814514160156,2.9336395263671875,6.296073913574219,14.40057373046875
2020-06-04,0.8638916015625,4.1559600830078125,2.2332763671875,2.3199005126953125,1.0848846435546875,0.4756011962890625
2020-06-05,3.1877212524414062,4.624824523925781,1.5085525512695312,0.399200439453125,1.318603515625,0.756927490234375
2020-06-06,10.604881286621094,4.184150695800781,7.1395263671875,3.7437973022460938,3.494209289550781,9.730743408203123
2020-06-07,1.983978271484375,4.8996124267578125,0.4597320556640625,0.325836181640625,3.113311767578125,0.6473541259765625
2020-06-08,0.2882003784179687,5.293357849121094,2.427398681640625,3.58795166015625,0.4981918334960937,3.9432601928710938
2020-06-09,0.0,0.3307647705078125,0.07470703125,0.1176300048828125,0.3267059326171875,0.13623046875
2020-06-10,0.0,0.0,0.0,0.0,0.5732040405273438,0.0059585571289062
2020-06-11,0.1434173583984375,1.580108642578125,1.734222412109375,0.7264633178710938,2.7260513305664062,0.6750335693359375
2020-06-12,3.282989501953125,6.631622314453125,6.960624694824219,2.33819580078125,6.401603698730469,1.8179473876953125
2020-06-13,12.031982421875,21.16987609863281,10.35052490234375,12.864158630371094,11.186309814453123,7.932342529296875
2020-06-14,1.330535888671875,1.6675186157226562,4.651542663574219,1.9057693481445312,11.62445831298828,12.85784912109375
2020-06-15,4.570884704589844,4.893501281738281,3.7077865600585938,1.834991455078125,2.853378295898437,1.3909835815429688
2020-06-16,0.1530914306640625,0.6502761840820312,0.180084228515625,0.0663528442382812,1.6029205322265625,0.1121826171875
2020-06-17,1.0496063232421875,2.0324935913085938,1.9858474731445312,1.1616592407226562,5.2823028564453125,1.9881515502929688
2020-06-18,1.970420837402344,5.586959838867188,5.634925842285156,5.264030456542969,1.7396697998046875,12.521133422851562
2020-06-19,21.90808868408203,25.38642120361328,11.594940185546877,11.667572021484377,1.7594833374023438,2.456214904785156
2020-06-20,12.05266571044922,25.80757141113281,6.895225524902344,16.416976928710938,2.711669921875,5.357032775878906
2020-06-21,0.0,0.0,0.0,0.0037384033203125,0.0082244873046875,0.0560684204101562
2020-06-22,0.0090484619140625,0.0332794189453125,0.093231201171875,0.144622802734375,0.0313262939453125,1.6457977294921875
2020-06-23,0.5156936645507812,2.232124328613281,0.2695159912109375,2.0073394775390625,0.2152099609375,4.079002380371094
2020-06-24,0.1613845825195312,0.938385009765625,1.7938919067382812,1.6269454956054688,1.4860153198242188,2.932777404785156
2020-06-25,0.1990127563476562,1.1043014526367188,0.3209114074707031,0.6549453735351562,1.3611831665039062,2.2841339111328125
2020-06-26,0.0,0.0312881469726562,0.0655136108398437,0.0261917114257812,0.3094406127929687,0.278900146484375
2020-06-27,0.0793685913085937,0.6419830322265625,0.0060501098632812,0.0,0.0493240356445312,0.2106399536132812
2020-06-28,0.12628173828125,0.724151611328125,0.0542449951171875,0.0473251342773437,0.0,0.000274658203125
2020-06-29,0.059051513671875,2.247421264648437,1.8000946044921875,0.1438064575195312,0.0041122436523437,0.4268875122070312
2020-06-30,6.877052307128906,5.6378173828125,3.8651351928710938,0.8913421630859375,0.3623886108398437,8.645004272460938
2020-07-01,6.112857818603516,5.682109832763672,11.03559112548828,3.855968475341797,2.1998329162597656,8.208183288574219
2020-07-02,14.317420959472656,26.121326446533203,7.409366607666016,15.588699340820312,0.1615180969238281,1.40850830078125
2020-07-03,0.7645721435546875,3.361068725585937,2.8418121337890625,5.2918853759765625,2.44183349609375,3.282745361328125
2020-07-04,2.004463195800781,5.082725524902344,3.338905334472656,2.026069641113281,0.178497314453125,1.7739105224609375
2020-07-05,0.0,0.0,0.0,0.0,0.0,0.0
2020-07-06,0.0,0.0,0.0,0.0,0.0,0.0
2020-07-07,0.0,0.0,0.0,0.0,0.0,0.0
2020-07-08,0.0584335327148437,0.8104095458984375,0.754608154296875,0.0,0.0,3.1696929931640625
2020-07-09,1.597564697265625,2.74810791015625,2.0565109252929688,1.4193267822265625,3.8061294555664062,14.12939453125
2020-07-10,0.0,0.0,0.0542373657226562,0.005462646484375,0.0,0.0168838500976562
2020-07-11,0.0,0.0,0.0,0.0,0.0,0.0
2020-07-12,0.0,0.0290985107421875,0.1448822021484375,0.04742431640625,0.3856658935546875,0.2150726318359375
2020-07-13,0.467315673828125,0.542449951171875,0.9995574951171876,0.2271575927734375,1.132049560546875,2.415679931640625
2020-07-14,16.282752990722656,29.919891357421875,3.71136474609375,4.793014526367188,0.5640335083007812,7.442756652832031
2020-07-15,22.209869384765625,14.187423706054688,14.06061553955078,8.658226013183594,3.908279418945313,16.17664337158203
2020-07-16,2.2925567626953125,7.460731506347656,2.4575347900390625,0.8459014892578125,0.2546539306640625,1.136016845703125
2020-07-17,0.062042236328125,0.0229034423828125,0.0109481811523437,0.0,0.0996246337890625,0.0
2020-07-18,0.262786865234375,1.216064453125,0.0060577392578125,0.0446548461914062,0.02093505859375,0.0128250122070312
2020-07-19,0.0,0.0,0.0,3.814697265625e-06,0.0102767944335937,0.0678939819335937
2020-07-20,3.198577880859375,2.7744903564453125,0.1975021362304687,0.3255691528320312,0.0020523071289062,0.1604461669921875
2020-07-21,5.4455413818359375,4.450233459472656,7.0792999267578125,4.650680541992188,0.73614501953125,13.28704071044922
2020-07-22,22.34017944335937,29.868064880371094,9.908088684082031,3.06988525390625,6.447601318359375,6.4976348876953125
2020-07-23,1.326812744140625,3.06134033203125,0.220672607421875,0.0717239379882812,0.9393463134765624,0.4915008544921875
2020-07-24,0.2527694702148437,1.22564697265625,0.0384368896484375,0.1924591064453125,0.0010299682617187,0.0008163452148437
2020-07-25,0.0,0.0,0.0018272399902343,0.0,0.0,0.0
2020-07-26,0.0,0.0,0.0,0.0,0.0,0.0313339233398437
2020-07-27,0.6305007934570312,0.8975601196289062,0.2176055908203125,0.5411605834960938,0.1410140991210937,0.9691696166992188
2020-07-28,2.6346435546875,6.1266632080078125,5.671287536621094,2.678573608398437,0.2699050903320312,0.85980224609375
2020-07-29,0.796112060546875,2.543075561523437,1.0148162841796875,1.3117828369140625,0.215118408203125,1.1131134033203125
2020-07-30,0.0,0.0,0.0,0.0,0.0,0.0
2020-07-31,0.0,0.0,0.0,0.0,0.0,0.0
2020-08-01,0.6956024169921875,0.28570556640625,0.3752670288085937,0.3268585205078125,0.356292724609375,0.2319488525390625
2020-08-02,27.113693237304688,23.112380981445312,10.314605712890623,12.879837036132812,18.78204345703125,8.610504150390625
2020-08-03,15.063980102539062,12.173591613769531,10.708953857421877,11.549896240234377,13.383018493652344,8.146255493164062
2020-08-04,2.9277267456054688,5.346603393554688,4.921653747558594,8.872421264648438,0.12115478515625,3.158309936523437
2020-08-05,2.8415985107421875,5.40521240234375,6.4616241455078125,12.367042541503906,0.8090438842773438,6.9500274658203125
2020-08-06,2.702827453613281,5.011688232421875,2.9997711181640625,8.14605712890625,2.094917297363281,7.131675720214844
2020-08-07,2.4000015258789062,2.7580337524414062,0.6428298950195312,1.794189453125,1.7480010986328125,0.6605072021484375
2020-08-08,0.9622116088867188,1.399383544921875,0.1732559204101562,0.1120376586914062,0.493927001953125,0.9636459350585938
2020-08-09,0.6507415771484375,1.8967742919921875,5.633338928222656,2.70025634765625,4.000411987304688,12.753662109375
2020-08-10,1.1458206176757812,1.5350494384765625,1.6446762084960938,1.4472885131835938,1.7301712036132812,11.395172119140623
2020-08-11,0.1342391967773437,1.6711578369140625,0.1724700927734375,0.2854232788085937,2.3073806762695312,9.23486328125
2020-08-12,5.690521240234375,7.773353576660156,13.571281433105469,6.765708923339844,0.0894241333007812,6.572723388671875
2020-08-13,2.134124755859375,9.2208251953125,1.6700096130371094,2.149097442626953,2.671550750732422,17.203285217285156
2020-08-14,1.791351318359375,0.6222953796386719,1.0371017456054688,0.3537445068359375,0.1522636413574218,9.350757598876951
2020-08-15,0.0279998779296875,0.084747314453125,0.0570526123046875,0.0037460327148437,0.00616455078125,0.2579498291015625
2020-08-16,7.687980651855469,11.189971923828123,10.782119750976562,9.165420532226562,6.471809387207031,4.7378997802734375
2020-08-17,0.2260589599609375,0.7537460327148438,0.017669677734375,0.0593109130859375,0.0020523071289062,0.0032501220703125
2020-08-18,0.0,0.0,0.0,0.0,0.0,0.0
2020-08-19,0.0,0.0,0.0,0.0,0.0,0.0
2020-08-20,0.52618408203125,0.32550048828125,1.76690673828125,0.840850830078125,0.744720458984375,1.899139404296875
2020-08-21,3.4389572143554688,3.3956451416015625,4.075531005859375,3.416664123535156,0.0929718017578125,4.567085266113281
2020-08-22,20.88872528076172,25.71040344238281,16.464279174804688,13.497779846191406,3.216514587402344,11.56647491455078
2020-08-23,0.0,0.0007095336914062,0.0,0.0,0.0,0.0907363891601562
2020-08-24,0.0007095336914062,0.0922927856445312,0.0,0.0,0.03082275390625,0.0
2020-08-25,0.0072784423828125,0.0027618408203125,0.0,0.0,0.0053787231445312,0.0
2020-08-26,0.0,0.0,0.0,0.0,0.0,0.0
2020-08-27,0.0,0.0,0.0,0.0,0.0,0.0
2020-08-28,3.093017578125,1.675628662109375,0.29888916015625,0.4678955078125,0.11981201171875,0.089752197265625
2020-08-29,4.685073852539063,9.631011962890623,0.9040069580078124,0.6767120361328125,0.7472991943359375,2.35333251953125
2020-08-30,0.5754547119140625,0.4145889282226562,0.9554595947265624,0.73394775390625,0.0128173828125,1.1484375
2020-08-31,0.0,0.0003509521484375,0.0621261596679687,0.2441253662109375,0.0,1.0833816528320312
2020-09-01,0.0687751770019531,0.0041618347167968,0.2862968444824219,0.0195579528808593,0.0,0.0010871887207031
2020-09-02,0.0,0.0,0.0,0.0,0.0,0.0
2020-09-03,0.0,0.0,0.0,0.0,0.0,0.0
2020-09-04,0.5466537475585938,0.3944320678710937,0.1898040771484375,0.1224822998046875,0.0,0.0
2020-09-05,0.6385726928710938,0.768585205078125,0.6128997802734375,0.4558563232421875,0.1606903076171875,0.9088592529296876
2020-09-06,0.0030975341796875,0.0,0.004608154296875,0.0030364990234375,0.0,0.0
2020-09-07,0.0,0.0,0.0,0.0,0.0133514404296875,0.0
2020-09-08,0.0,0.0,0.0,0.0,0.0,0.0
2020-09-09,0.0,0.08489990234375,0.00762939453125,0.0030288696289062,0.4974212646484375,0.3756103515625
2020-09-10,0.0,0.0014190673828125,0.0,0.0,0.0010223388671875,0.0
2020-09-11,0.0,0.0,0.0,0.0,0.0,0.000946044921875
2020-09-12,0.0,0.0,0.0980072021484375,0.0,0.160247802734375,0.0
2020-09-13,0.1523284912109375,0.1554107666015625,0.7197265625,0.0060577392578125,0.0897369384765625,0.089752197265625
2020-09-14,14.73554229736328,11.321243286132812,12.706314086914062,16.252403259277344,4.997901916503906,11.985702514648438
2020-09-15,7.283599853515625,3.155242919921875,6.030426025390625,3.8472900390625,0.20904541015625,1.422393798828125
2020-09-16,0.0,0.0,0.0,0.0,0.0,0.0
2020-09-17,0.0,0.0,0.0,0.0,0.0,0.01922607421875
2020-09-18,0.0,0.0,0.17938232421875,0.0,0.1808624267578125,1.411590576171875
2020-09-19,0.433502197265625,1.2175750732421875,0.6469879150390625,1.157073974609375,4.679435729980469,2.0813217163085938
2020-09-20,0.2207794189453125,0.961456298828125,1.287750244140625,0.254486083984375,10.624954223632812,8.1019287109375
2020-09-21,0.4760208129882812,1.5644302368164062,4.745933532714844,1.0151596069335938,3.172325134277344,7.03466796875
2020-09-22,1.34368896484375,1.8787078857421875,24.047821044921875,4.553726196289063,90.8046875,38.06333923339844
2020-09-23,6.475799560546875,7.91925048828125,6.842742919921875,5.173004150390625,33.09956359863281,28.358139038085938
2020-09-24,2.823974609375,1.6733245849609375,9.089950561523438,4.447174072265625,24.520004272460938,23.045425415039062
2020-09-25,3.078643798828125,5.489791870117188,17.397308349609375,3.673828125,52.38533020019531,19.73262023925781
2020-09-26,3.29010009765625,3.926467895507813,5.039230346679688,3.305450439453125,19.780975341796875,7.53192138671875
2020-09-27,0.0,0.0360870361328125,0.0,0.0,0.0578765869140625,0.0
2020-09-28,0.0003509521484375,0.0007095336914062,0.190948486328125,0.0570297241210937,3.08026123046875,0.2187576293945312
2020-09-29,0.015960693359375,0.0131759643554687,0.8731842041015625,0.0411453247070312,12.409896850585938,3.524398803710937
2020-09-30,0.003814697265625,0.0041656494140625,0.701812744140625,0.0363922119140625,15.443878173828123,2.1229400634765625
2020-10-01,2.4157867431640625,0.2415771484375,56.52952575683594,2.4797821044921875,144.9940948486328,16.337982177734375
2020-10-02,0.228668212890625,0.339385986328125,10.360626220703123,0.370147705078125,49.13107299804688,63.155517578125
2020-10-03,2.263885498046875,4.5904541015625,8.608322143554688,3.377059936523437,22.2220458984375,23.056854248046875
2020-10-04,1.740142822265625,1.2073822021484375,6.00213623046875,1.4528045654296875,16.97503662109375,6.5900421142578125
2020-10-05,1.8777008056640625,3.24359130859375,0.650970458984375,1.0224456787109375,0.070159912109375,0.4658966064453125
2020-10-06,0.0,0.0,0.00970458984375,0.0152587890625,0.0,0.0
2020-10-07,0.0,0.0,0.0,0.0,0.0,0.0
2020-10-08,0.0014114379882812,0.0,0.496124267578125,0.0224380493164062,3.361255645751953,0.1159324645996093
2020-10-09,49.53455352783203,29.140602111816406,44.348777770996094,31.0152587890625,64.5020751953125,48.669578552246094
2020-10-10,0.5841293334960938,1.25189208984375,3.602783203125,2.360786437988281,12.7711181640625,10.102188110351562
2020-10-11,0.0090560913085937,0.0138931274414062,0.7190170288085938,0.0657196044921875,5.670906066894531,2.8825836181640625
2020-10-12,8.455154418945312,6.205368041992188,31.85780334472656,9.8480224609375,84.11448669433594,44.58999633789063
2020-10-13,0.16998291015625,0.3653411865234375,0.758148193359375,0.088653564453125,1.1851959228515625,0.6448211669921875
2020-10-14,2.37567138671875,2.703765869140625,2.5604248046875,1.1496124267578125,1.9044036865234373,0.64813232421875
2020-10-15,0.3368682861328125,1.1001434326171875,1.019500732421875,0.4121551513671875,0.12530517578125,2.3165283203125
2020-10-16,0.00213623046875,0.0,0.0,0.0043411254882812,0.0,0.0114669799804687
2020-10-17,0.0,0.000701904296875,0.0,0.0,0.0003814697265625,0.0
2020-10-18,0.0,0.0,0.0,0.0,0.0,0.0
2020-10-19,0.0,0.0,0.0,0.0,0.0,0.0
2020-10-20,0.0,0.0,0.0,0.0,0.0,0.0
2020-10-21,6.080635070800781,6.061622619628906,4.128875732421875,2.972686767578125,4.767021179199219,3.7602767944335938
2020-10-22,4.298995971679688,10.793327331542969,4.542076110839844,5.02056884765625,4.599830627441406,8.57257080078125
2020-10-23,0.0,0.0145492553710937,0.0182342529296875,0.0115127563476562,0.233367919921875,0.0147171020507812
2020-10-24,0.0003509521484375,0.0038070678710937,0.4244384765625,0.0030288696289062,3.619926452636719,0.5291366577148438
2020-10-25,0.4099197387695312,1.2813644409179688,0.5606231689453125,0.3190078735351562,1.3640594482421875,0.55352783203125
2020-10-26,0.239898681640625,0.3285598754882812,0.0455322265625,0.075164794921875,0.028076171875,0.0
2020-10-27,0.577545166015625,0.6380081176757812,1.06658935546875,0.9410476684570312,0.0,0.1105117797851562
2020-10-28,0.0146560668945312,0.648284912109375,0.0313568115234375,0.1068191528320312,0.0,0.0320587158203125
2020-10-29,0.5528793334960938,2.743743896484375,0.06103515625,0.6779556274414062,0.0,0.0127334594726562
2020-10-30,0.0429229736328125,1.2278671264648438,0.012115478515625,0.035980224609375,0.0,0.6625442504882812
2020-10-31,0.0,0.000701904296875,0.004852294921875,0.001861572265625,0.0,0.044158935546875
2020-11-01,0.1309127807617187,0.0545120239257812,2.0013580322265625,0.1073455810546875,2.511070251464844,1.939903259277344
2020-11-02,3.1815948486328125,4.6763458251953125,2.0565948486328125,1.9412841796875,0.01641845703125,1.0951080322265625
2020-11-03,0.574432373046875,0.5704803466796875,0.40020751953125,0.7849578857421875,0.014862060546875,0.217864990234375
2020-11-04,0.0030975341796875,0.0,0.0,0.0,0.0,0.0
2020-11-05,0.0,0.0,0.0,0.0,0.0,0.0
2020-11-06,0.0,0.0,0.0,0.0,0.0,0.0
2020-11-07,0.0145492553710937,0.0443649291992187,0.0,0.0060577392578125,0.0,0.0
2020-11-08,0.0255203247070312,0.0,0.01666259765625,0.009796142578125,0.0,0.0010833740234375
2020-11-09,0.01861572265625,0.08111572265625,0.0181655883789062,0.0,0.0485992431640625,0.0
2020-11-10,2.2426071166992188,2.489044189453125,3.5518951416015625,2.4555206298828125,1.0533294677734375,1.913909912109375
2020-11-11,0.0,0.0,0.0,0.0,0.0,0.0
2020-11-12,0.0,0.0,0.0,0.0,0.0102767944335937,0.0037918090820312
2020-11-13,3.898391723632813,4.704620361328125,5.342124938964844,2.9972000122070312,15.91620635986328,3.8417816162109375
2020-11-14,19.291587829589844,24.034347534179688,13.002304077148438,9.878166198730469,16.250396728515625,16.207427978515625
2020-11-15,1.2193603515625,2.817474365234375,1.951210021972656,2.3050689697265625,0.5746612548828125,2.8725128173828125
2020-11-16,0.0,0.0,0.004608154296875,0.00762939453125,0.0,0.009124755859375
2020-11-17,0.9178924560546876,1.1169586181640625,0.8309478759765625,0.385498046875,0.0,0.0918121337890625
2020-11-18,2.4657745361328125,4.21728515625,1.281341552734375,0.6593170166015625,0.0,0.1566619873046875
2020-11-19,0.0,0.0,0.0,0.0,0.0,0.0
2020-11-20,0.0,0.0,0.0,0.0,0.0,0.0
2020-11-21,0.3468170166015625,0.4586334228515625,0.1548004150390625,0.130523681640625,0.0,0.007354736328125
2020-11-22,0.0,0.0,0.002777099609375,0.0048980712890625,0.0,7.62939453125e-06
2020-11-23,0.0,0.0,0.0,0.0,0.0,0.0
2020-11-24,0.0,0.0,0.0,0.0,0.0,0.0
2020-11-25,0.0,0.0,0.021881103515625,0.0,0.1332244873046875,0.00189208984375
2020-11-26,10.824172973632812,10.731857299804688,11.111495971679688,6.6438751220703125,11.589691162109377,8.542221069335938
2020-11-27,0.14617919921875,0.30029296875,0.1830291748046875,0.149444580078125,0.0148696899414062,0.2196731567382812
2020-11-28,7.62939453125e-06,0.0,0.0,7.62939453125e-06,0.0,0.00244140625
2020-11-29,0.4534835815429687,0.0563201904296875,5.690605163574219,0.4946670532226562,5.8795166015625,2.153846740722656
2020-11-30,0.7565078735351562,0.0867996215820312,8.412948608398438,1.4752044677734375,13.076461791992188,8.676834106445312
2020-12-01,0.2940826416015625,0.0999755859375,4.151336669921875,1.121917724609375,8.7491455078125,7.359344482421875
2020-12-02,0.029815673828125,0.0090179443359375,0.79364013671875,0.0152587890625,1.4855194091796875,0.11962890625
2020-12-03,0.2443695068359375,0.0423736572265625,1.98883056640625,0.644287109375,2.4070587158203125,2.017684936523437
2020-12-04,2.848785400390625,3.68231201171875,7.71044921875,7.933807373046875,12.73187255859375,13.775787353515623
2020-12-05,1.295989990234375,0.3819427490234375,5.718170166015625,0.4487762451171875,9.518173217773438,4.2440338134765625
2020-12-06,3.6430511474609375,2.401229858398437,17.013442993164062,8.958251953125,41.417999267578125,32.58381652832031
2020-12-07,0.2303619384765625,0.28564453125,0.7023468017578125,0.1816864013671875,2.94403076171875,1.745452880859375
2020-12-08,0.9171600341796876,0.811309814453125,3.3236846923828125,3.663864135742188,16.015182495117188,12.936630249023438
2020-12-09,0.6455230712890625,1.0024566650390625,3.008544921875,2.86566162109375,3.101531982421875,4.118255615234375
2020-12-10,1.990142822265625,3.660400390625,2.316650390625,2.0161285400390625,0.2211456298828125,1.288330078125
2020-12-11,0.1739044189453125,0.1851959228515625,0.2104339599609375,0.1534271240234375,0.0,0.02166748046875
2020-12-12,0.0,0.0,0.0,0.009796142578125,0.0,0.0
2020-12-13,0.2330474853515625,0.393524169921875,0.07147216796875,0.0719146728515625,0.0,0.2101593017578125
2020-12-14,0.0,0.0,0.0,0.0,0.0,0.0
2020-12-15,0.0,0.0,0.0,0.0,0.0,0.0
2020-12-16,0.0,0.0,0.0,0.0,0.0,0.0
2020-12-17,0.0,0.0,0.0,0.0,0.0148696899414062,7.62939453125e-06
2020-12-18,0.0,0.0,0.0,0.0,0.0,0.00054931640625
2020-12-19,0.0,0.0,0.0201492309570312,0.0,0.0359115600585937,0.006500244140625
2020-12-20,0.0,0.0,0.0167465209960937,0.0,0.0748977661132812,0.002166748046875
2020-12-21,0.0034561157226562,0.0,0.5312042236328125,0.0158233642578125,6.993766784667969,0.7156600952148438
2020-12-22,8.544784545898438,7.617645263671875,4.549400329589844,1.6664886474609375,24.41960906982422,10.008529663085938
2020-12-23,25.962081909179688,25.739425659179688,31.53443145751953,30.72327423095703,36.95683288574219,52.223052978515625
2020-12-24,9.770034790039062,9.294448852539062,15.877899169921877,8.772193908691406,33.458465576171875,17.96379852294922
2020-12-25,0.24188232421875,0.0416259765625,6.934906005859375,0.8191986083984375,18.732147216796875,9.215118408203123
2020-12-26,14.449020385742188,18.1483154296875,38.645286560058594,31.916404724121094,107.59535217285156,71.67997741699219
2020-12-27,17.493026733398438,13.699310302734377,41.80158996582031,17.709579467773438,91.29928588867188,47.11058044433594
2020-12-28,4.146743774414063,3.4257354736328125,13.777069091796877,7.74969482421875,30.18959045410156,24.724578857421875
2020-12-29,0.0,0.0,0.17645263671875,0.005462646484375,0.36669921875,0.0779266357421875
2020-12-30,0.0041732788085937,0.0034637451171875,0.5972213745117188,0.0,0.832550048828125,0.2623443603515625
2020-12-31,2.804161071777344,1.6926803588867188,10.008827209472656,3.723541259765625,27.59156036376953,23.99644470214844
2021-01-01,7.461433410644531,4.397697448730469,7.3347320556640625,3.747611999511719,14.758392333984377,11.759971618652344
2021-01-02,0.1124496459960937,0.0659561157226562,2.3731765747070312,0.6901397705078125,14.653900146484377,8.817825317382812
2021-01-03,6.093421936035156,4.986427307128906,19.37982177734375,13.53911590576172,33.11561584472656,38.80097198486328
2021-01-04,2.7282028198242188,3.5783462524414062,2.5032958984375,3.1064224243164062,5.4764251708984375,8.962860107421875
2021-01-05,12.333816528320312,16.59539794921875,24.01498413085937,25.588455200195312,46.23204040527344,56.22360229492188
2021-01-06,14.099929809570312,13.0157470703125,19.13804626464844,14.843109130859377,20.85528564453125,26.70835876464844
2021-01-07,10.358108520507812,13.914291381835938,31.76190185546875,17.832962036132812,82.57038879394531,58.55570983886719
2021-01-08,9.423980712890623,16.758056640625,17.68572998046875,13.582595825195312,33.19549560546875,53.68121337890625
2021-01-09,1.4127655029296875,2.4194793701171875,1.464813232421875,2.4304656982421875,1.2620849609375,3.5192108154296875
2021-01-10,4.0677642822265625,5.058395385742188,4.8416900634765625,4.535919189453125,2.497955322265625,5.689056396484375
2021-01-11,2.2452545166015625,4.111587524414063,2.0538787841796875,1.8705902099609373,1.6156158447265625,2.75146484375
2021-01-12,1.2957916259765625,1.7365570068359375,0.7641143798828125,0.970458984375,0.00640869140625,0.105682373046875
2021-01-13,1.02490234375,2.643890380859375,0.9545135498046876,1.4687652587890625,0.0148773193359375,0.18670654296875
2021-01-14,1.3224334716796875,2.345420837402344,0.2471466064453125,0.8100433349609375,0.029754638671875,0.0637359619140625
2021-01-15,0.4308319091796875,0.4504241943359375,0.3763275146484375,0.3205490112304687,0.0,0.1189498901367187
2021-01-16,0.1575775146484375,0.2833786010742187,0.1320266723632812,0.2389755249023437,0.0053787231445312,0.0125503540039062
2021-01-17,0.0,0.000701904296875,0.65771484375,0.033966064453125,2.7626495361328125,1.3170318603515625
2021-01-18,0.0052337646484375,0.0090484619140625,1.710662841796875,0.4087066650390625,21.960464477539062,6.521392822265625
2021-01-19,1.834556579589844,0.5941696166992188,13.0223388671875,5.6424713134765625,51.53326416015625,21.25675201416016
2021-01-20,4.6614532470703125,2.49053955078125,23.5101318359375,11.061431884765623,56.17118835449219,35.15538024902344
2021-01-21,9.912857055664062,5.125457763671875,31.181358337402344,11.32952880859375,48.8143310546875,37.21251678466797
2021-01-22,17.44915771484375,14.44622802734375,31.82212829589844,15.999496459960938,41.96148681640625,28.885543823242188
2021-01-23,2.1064453125,3.586883544921875,2.442611694335937,1.8108978271484373,2.44964599609375,2.4337158203125
2021-01-24,1.9229507446289065,3.298179626464844,1.1253280639648438,1.7690505981445312,0.055145263671875,0.7144622802734375
2021-01-25,0.2551422119140625,0.2535247802734375,0.6611175537109375,0.18841552734375,2.1031951904296875,1.4827117919921875
2021-01-26,1.855262756347656,2.9172515869140625,8.197242736816406,4.722824096679688,18.107208251953125,7.45513916015625
2021-01-27,5.577323913574219,8.941261291503906,5.476119995117188,6.696846008300781,3.348091125488281,7.020744323730469
2021-01-28,8.240921020507812,6.525062561035156,27.88829040527344,17.7542724609375,54.82244873046875,38.71977996826172
2021-01-29,0.6445236206054688,0.7920303344726562,3.901214599609375,1.372589111328125,17.14026641845703,11.804344177246094
2021-01-30,0.0076217651367187,0.0069427490234375,0.1471786499023437,0.1107940673828125,3.368247985839844,2.0034942626953125
2021-01-31,0.1676025390625,0.0014190673828125,0.007293701171875,0.0,0.0234756469726562,0.0
2021-02-01,0.0041732788085937,0.00311279296875,0.0429534912109375,0.0,0.0937271118164062,0.000946044921875
2021-02-02,0.0062026977539062,0.0,0.0,0.0,0.0,0.0
2021-02-03,0.0,0.0,0.01007080078125,0.0,0.0065994262695312,0.0
2021-02-04,7.6672210693359375,1.941490173339844,10.216873168945312,3.255943298339844,19.56383514404297,5.8998565673828125
2021-02-05,30.91983795166016,20.89777374267578,62.51599884033203,28.234909057617188,69.24201965332031,27.581321716308597
2021-02-06,2.4998092651367188,1.4332809448242188,16.259017944335938,6.756675720214844,43.694618225097656,20.97914123535156
2021-02-07,3.521514892578125,0.9393157958984376,9.433868408203123,1.85784912109375,14.45281982421875,3.836715698242188
2021-02-08,17.18463134765625,11.264236450195312,18.06016540527344,12.779678344726562,37.81510925292969,24.35218811035156
2021-02-09,0.030517578125,0.0735015869140625,0.00555419921875,0.0267791748046875,0.0,0.1100616455078125
2021-02-10,0.0159683227539062,0.0333480834960937,1.1848602294921875,1.7336578369140625,4.416450500488281,8.182777404785156
2021-02-11,1.4415740966796875,1.820831298828125,2.2349166870117188,2.3761444091796875,2.0902557373046875,3.52044677734375
2021-02-12,0.0402679443359375,0.13116455078125,0.2332763671875,0.2107086181640625,0.068206787109375,0.1317291259765625
2021-02-13,0.0,0.0,7.62939453125e-06,0.0,0.0,0.0
2021-02-14,1.0446014404296875,0.934814453125,0.867279052734375,0.5642242431640625,0.0609130859375,0.60565185546875
2021-02-15,0.1551513671875,0.7114410400390625,0.0170822143554687,0.0979461669921875,0.0001907348632812,0.0
2021-02-16,7.62939453125e-06,0.0,0.0,0.0,7.62939453125e-06,0.0
2021-02-17,0.0041732788085937,0.0100555419921875,0.0018234252929687,7.62939453125e-06,0.034942626953125,0.0002670288085937
2021-02-18,0.0,0.014556884765625,0.0,0.0181655883789062,0.0,0.0
2021-02-19,0.0,0.0,0.0,0.0,0.0,0.0
2021-02-20,0.0,0.0,0.0,0.0,0.0,0.0
2021-02-21,0.0,0.0,0.0030288696289062,0.0,0.0,0.00640869140625
2021-02-22,0.0,0.0,0.0,0.0,0.0,0.0
2021-02-23,0.0,0.0,0.0,0.0,0.0,0.0
2021-02-24,0.384613037109375,1.612579345703125,0.4496078491210937,0.4567489624023437,0.0,0.0523681640625
2021-02-25,0.190460205078125,0.2245712280273437,0.1333541870117187,0.0730819702148437,0.0,0.0128173828125
2021-02-26,0.0344390869140625,0.0963592529296875,0.04913330078125,0.024322509765625,0.0,0.013763427734375
2021-02-27,0.024322509765625,0.0228652954101562,0.0745468139648437,0.0353851318359375,0.0,0.01336669921875
2021-02-28,0.0,0.0,0.0,0.0,0.0,0.0
2021-03-01,0.0,0.0,0.0,0.0,0.0,0.0
2021-03-02,3.685836791992188,5.459327697753906,0.5053482055664062,0.1579360961914062,2.367469787597656,0.5254745483398438
2021-03-03,2.771434783935547,4.082817077636719,3.0696029663085938,2.0834274291992188,0.0301361083984375,0.5915679931640625
2021-03-04,0.0,0.0,0.003021240234375,0.0027313232421875,0.0,0.0140380859375
2021-03-05,0.54315185546875,0.7154388427734375,5.659202575683594,2.483070373535156,1.5756072998046875,3.2547378540039062
2021-03-06,17.920989990234375,17.611778259277344,22.0889892578125,8.742141723632812,7.1847991943359375,6.9874267578125
2021-03-07,12.197593688964844,16.292221069335938,21.13641357421875,18.313987731933597,26.715599060058597,38.30384826660156
2021-03-08,0.0426788330078125,0.0159530639648437,0.0463638305664062,0.0233001708984375,0.0,0.0382843017578125
2021-03-09,0.054473876953125,0.0856781005859375,0.2405624389648437,0.0172805786132812,0.3295211791992187,0.0313339233398437
2021-03-10,1.4636611938476562,1.18560791015625,3.793739318847656,1.122802734375,18.598297119140625,8.310775756835938
2021-03-11,2.6939620971679688,1.90374755859375,5.342277526855469,1.594879150390625,11.973106384277344,6.66607666015625
2021-03-12,12.293716430664062,14.97992706298828,9.782432556152344,10.340324401855469,8.97479248046875,9.858078002929688
2021-03-13,1.7572250366210938,5.129570007324219,0.9348678588867188,1.3729324340820312,0.449310302734375,0.3136672973632812
2021-03-14,2.6315460205078125,3.686119079589844,0.7206878662109375,1.0450363159179688,0.3807373046875,0.1618804931640625
2021-03-15,3.8413238525390634,5.6634521484375,1.7751922607421875,3.0653152465820312,0.1956100463867187,0.7822189331054688
2021-03-16,0.7230606079101562,0.6437835693359375,1.5667800903320312,0.2382049560546875,2.2318115234375,0.7433853149414062
2021-03-17,11.303207397460938,10.796531677246094,14.682052612304688,9.62255859375,12.262718200683594,12.396347045898438
2021-03-18,15.030616760253906,15.571769714355469,21.02945709228516,17.921546936035156,22.413475036621094,37.36490631103516
2021-03-19,9.238906860351562,15.219352722167969,8.855819702148438,9.333740234375,6.382438659667969,7.403953552246094
2021-03-20,0.3967437744140625,1.2566604614257812,1.0899658203125,1.0822067260742188,0.1545639038085937,0.5779495239257812
2021-03-21,5.2198486328125,6.524833679199219,3.996192932128906,4.093650817871094,0.267730712890625,1.9082183837890625
2021-03-22,0.0294418334960937,0.0041656494140625,0.0309677124023437,0.0505218505859375,0.0,0.0
2021-03-23,0.0298004150390625,0.0322723388671875,0.042999267578125,0.0359725952148437,0.0,7.62939453125e-06
2021-03-24,0.0,0.0,0.0,0.0,0.0,0.0
2021-03-25,0.1248512268066406,0.502593994140625,0.046356201171875,0.0488357543945312,0.7962875366210938,0.0204505920410156
2021-03-26,0.0779571533203125,0.1781692504882812,0.2387542724609375,0.2195587158203125,0.1183013916015625,0.0173797607421875
2021-03-27,0.46173095703125,0.4448089599609375,0.362945556640625,0.4258193969726562,0.0051422119140625,0.3660354614257812
2021-03-28,0.6946182250976562,0.5136947631835938,1.1195449829101562,0.2995376586914062,0.003082275390625,0.4480209350585937
2021-03-29,0.0,0.0,0.0,0.0,0.0,0.0
2021-03-30,6.359062194824219,9.50189208984375,0.9551773071289062,2.1742706298828125,0.5143966674804688,0.0367431640625
2021-03-31,5.8871917724609375,7.896644592285156,18.507835388183597,14.412879943847656,52.666778564453125,33.01118469238281
2021-04-01,0.9940032958984376,3.78302001953125,6.760734558105469,7.513004302978516,9.698986053466797,17.939102172851562
2021-04-02,0.0,0.0,0.0060577392578125,0.0,0.0,0.0
2021-04-03,9.737800598144531,10.230094909667969,12.83734893798828,5.2861328125,16.093597412109375,8.357963562011719
2021-04-04,8.105247497558594,9.55438232421875,11.182762145996094,7.196319580078125,11.15351104736328,14.486000061035156
2021-04-05,0.345458984375,1.1129913330078125,0.112579345703125,0.1902694702148437,0.049163818359375,0.269378662109375
2021-04-06,0.0,0.0,0.0,0.0,0.0,0.0
2021-04-07,0.0,3.814697265625e-06,0.0,0.0,0.0315628051757812,0.0
2021-04-08,0.0340652465820312,0.39666748046875,0.4549102783203125,0.28839111328125,0.4857559204101562,3.0296173095703125
2021-04-09,0.0028228759765625,0.0,0.0146331787109375,0.0158233642578125,0.0,0.0655059814453125
2021-04-10,7.335067749023437,6.702392578125,4.789520263671875,5.6841583251953125,14.473236083984377,11.13885498046875
2021-04-11,1.712646484375,1.872406005859375,2.883636474609375,2.089263916015625,8.333877563476562,15.431686401367188
2021-04-12,0.0357589721679687,0.1456832885742187,0.0427474975585937,0.0509414672851562,1.3641433715820312,0.7518157958984375
2021-04-13,0.0003585815429687,0.0,0.0765762329101562,0.0222930908203125,0.1988525390625,0.93914794921875
2021-04-14,5.296432495117188,5.5517120361328125,5.9207305908203125,5.216461181640625,2.73138427734375,8.281814575195312
2021-04-15,2.674072265625,4.84130859375,2.7215728759765625,1.136993408203125,5.2106475830078125,3.9857025146484375
2021-04-16,0.2946319580078125,0.856597900390625,2.5206451416015625,3.177947998046875,6.233154296875,7.274894714355469
2021-04-17,8.889415740966797,8.84136962890625,2.6117172241210938,1.3454208374023438,6.425891876220703,1.8067474365234373
2021-04-18,0.95037841796875,1.5141525268554688,0.22418212890625,0.7470626831054688,0.9055862426757812,0.0017547607421875
2021-04-19,0.7957916259765625,0.2552566528320312,4.04168701171875,0.4918212890625,5.356369018554688,2.247283935546875
2021-04-20,3.8202972412109375,5.607917785644531,8.401466369628906,7.810981750488281,10.614387512207031,11.910964965820312
2021-04-21,0.0,0.0,0.0780410766601562,0.018402099609375,0.245819091796875,0.5067977905273438
2021-04-22,0.0,0.0,0.0,0.0,0.0,0.0
2021-04-23,0.1380538940429687,0.0888214111328125,0.2422828674316406,0.0074806213378906,0.9171829223632812,1.2297401428222656
2021-04-24,0.8665008544921875,5.907325744628906,1.8909111022949217,0.7023468017578125,0.4784622192382812,0.9051055908203124
2021-04-25,1.0353240966796875,4.6725616455078125,1.0112075805664062,0.4255905151367187,3.715744018554688,2.9621734619140625
2021-04-26,0.2453422546386718,0.8680610656738281,0.3018150329589844,0.1588363647460937,1.9944305419921875,0.8036613464355469
2021-04-27,2.0549049377441406,3.030895233154297,0.6716461181640625,0.84039306640625,0.0,0.000946044921875
2021-04-28,0.0034637451171875,0.0,0.0036468505859375,0.0,0.028228759765625,0.037017822265625
2021-04-29,0.0003585815429687,0.0097503662109375,0.11297607421875,0.0246124267578125,2.0722427368164062,0.3046722412109375
2021-04-30,0.0152587890625,0.3628921508789062,0.0109481811523437,0.0,0.0990829467773437,0.03070068359375
2021-05-01,0.0,0.0,0.0121078491210937,0.0037384033203125,0.0,0.24639892578125
2021-05-02,0.0669403076171875,0.10260009765625,0.2028961181640625,0.1163177490234375,8.837448120117188,1.2092208862304688
2021-05-03,0.0972747802734375,0.1220703125,0.0609397888183593,0.0092048645019531,3.7191238403320312,0.7707672119140625
2021-05-04,0.0,0.0124664306640625,0.0,0.0,0.0,0.0
2021-05-05,2.7475814819335938,2.9575729370117188,1.2664642333984375,0.7213668823242188,0.0020523071289062,0.1009445190429687
2021-05-06,0.0,0.0,0.0,0.0,0.0,0.0
2021-05-07,0.0,0.0,0.0,0.0,0.0020561218261718,3.814697265625e-06
2021-05-08,0.0,7.62939453125e-06,0.0,0.0,0.0,7.62939453125e-06
2021-05-09,0.541412353515625,1.7408294677734375,5.5050811767578125,0.6798095703125,5.890533447265625,5.008453369140625
2021-05-10,1.120880126953125,3.9116058349609375,2.4266510009765625,2.776885986328125,17.406661987304688,14.380691528320312
2021-05-11,0.5414505004882812,0.9146270751953124,1.2404632568359375,0.1609649658203125,6.244590759277344,2.5693359375
2021-05-12,16.885467529296875,11.722152709960938,16.123069763183594,9.966835021972656,20.089920043945312,15.301734924316406
2021-05-13,0.6101913452148438,1.119049072265625,0.6558609008789062,0.42547607421875,2.400375366210937,0.365478515625
2021-05-14,4.009502410888672,4.898998260498047,1.0967292785644531,0.5087242126464844,1.1438980102539062,0.7759361267089844
2021-05-15,3.700492858886719,4.147529602050781,5.445556640625,3.88360595703125,2.8855743408203125,7.208648681640625
2021-05-16,8.740432739257812,8.745819091796875,9.750495910644531,6.650924682617188,7.649307250976562,13.752246856689451
2021-05-17,6.152114868164063,9.618560791015623,3.6129379272460938,2.4456939697265625,3.2484283447265625,5.622489929199219
2021-05-18,0.3389053344726562,1.5984725952148438,0.3791618347167969,0.9813003540039062,0.1134185791015625,0.1654090881347656
2021-05-19,0.0,0.0,0.0,0.0,0.0,0.0
2021-05-20,3.814697265625e-06,3.814697265625e-06,3.814697265625e-06,3.814697265625e-06,3.814697265625e-06,0.0
2021-05-21,0.0465011596679687,0.1018905639648437,0.0,0.0135345458984375,0.0,0.0897483825683593
2021-05-22,0.322418212890625,0.8322219848632812,0.0,0.0,0.0,0.0
2021-05-23,3.4102325439453125,2.409042358398437,0.5037307739257812,2.7000808715820312,0.0,0.4240951538085937
2021-05-24,0.0,0.069549560546875,3.038490295410156,0.1171951293945312,3.9291000366210938,6.61260986328125
2021-05-25,3.7198715209960938,4.844627380371094,4.629425048828125,3.2155685424804688,4.014984130859375,10.55451202392578
2021-05-26,0.0,0.0010452270507812,0.0,0.0048980712890625,0.0390548706054687,0.5555496215820312
2021-05-27,10.587127685546877,11.294548034667969,13.929550170898438,10.990936279296877,9.684822082519531,12.990936279296877
2021-05-28,0.8737411499023438,3.7231292724609375,0.512115478515625,0.476348876953125,1.399505615234375,10.92047882080078
2021-05-29,1.4496536254882812,5.718795776367188,1.7768707275390625,2.1787567138671875,0.958953857421875,6.5479736328125
2021-05-30,0.0,0.0,0.0182418823242187,0.0,0.0,0.0
2021-05-31,0.0,0.0,0.0,0.0,0.1016845703125,0.0094833374023437
2021-06-01,0.0,0.0,0.0,0.0,0.0,0.0
2021-06-02,0.0,0.0,0.0,0.0,0.0,0.0
2021-06-03,3.750160217285156,10.547042846679688,5.799125671386719,3.992721557617188,1.335296630859375,8.845108032226562
2021-06-04,10.047325134277344,10.230438232421877,11.10456085205078,10.06976318359375,4.361114501953125,19.703590393066406
2021-06-05,0.1803970336914062,0.1484756469726562,0.22235107421875,0.3703155517578125,0.1783294677734375,0.8955764770507812
2021-06-06,0.0007095336914062,0.0,0.012115478515625,0.018402099609375,0.0272064208984375,0.6698379516601562
2021-06-07,7.576797485351562,7.858261108398437,4.759246826171875,9.78327178955078,0.6771469116210938,3.932228088378906
2021-06-08,11.045368194580078,9.44189453125,4.689704895019531,4.279827117919922,2.9847373962402344,10.804450988769531
2021-06-09,1.7076301574707031,7.071575164794922,1.538043975830078,4.779716491699219,1.250152587890625,10.353397369384766
2021-06-10,4.441497802734375,8.616485595703125,5.6312408447265625,4.318763732910156,1.4900779724121094,4.447296142578125
2021-06-11,0.1465835571289062,1.046844482421875,0.0,0.1413116455078125,0.0,0.0152587890625
2021-06-12,0.0041732788085937,0.051116943359375,0.025543212890625,0.0333709716796875,0.0008316040039062,0.0380172729492187
2021-06-13,0.0,0.0,0.002777099609375,0.0,0.3462982177734375,0.337860107421875
2021-06-14,0.0374298095703125,0.0090255737304687,0.0913162231445312,0.0112228393554687,0.27886962890625,0.0973281860351562
2021-06-15,1.1378555297851562,1.948448181152344,1.748138427734375,1.8148727416992188,4.735725402832031,0.684539794921875
2021-06-16,0.58636474609375,2.4751968383789062,2.239585876464844,2.818115234375,1.2451858520507812,9.384056091308594
2021-06-17,0.749481201171875,1.689117431640625,0.3948440551757812,0.97833251953125,0.2308807373046875,2.9398193359375
2021-06-18,1.2342529296875,1.0057601928710938,4.242347717285156,1.9370880126953125,0.0472640991210937,2.893882751464844
2021-06-19,0.0,0.0,0.1168136596679687,0.0,0.0,0.0
2021-06-20,0.0,0.0,0.0,0.0,0.0,0.0
2021-06-21,0.0662155151367187,0.0041580200195312,0.3403472900390625,0.0018730163574218,0.0233879089355468,0.0177841186523437
2021-06-22,0.3166656494140625,0.2996673583984375,0.415771484375,0.1870651245117187,0.0041122436523437,2.3289337158203125
2021-06-23,4.004913330078125,4.009391784667969,1.6955947875976562,0.7498550415039062,0.0,1.0083084106445312
2021-06-24,0.1669387817382812,0.184844970703125,0.4145355224609375,0.1249313354492187,0.4398040771484375,2.6265106201171875
2021-06-25,0.0,0.0,0.0436668395996093,3.814697265625e-06,0.0479507446289062,0.2249946594238281
2021-06-26,0.0,0.0,0.0,0.0,0.0,0.0256500244140625
2021-06-27,0.0,0.0,0.11651611328125,0.0,0.0,0.0
2021-06-28,0.016693115234375,0.735748291015625,0.0147552490234375,0.0,0.0,0.01092529296875
2021-06-29,4.5977630615234375,2.529991149902344,7.99969482421875,10.14887237548828,1.874351501464844,4.606529235839844
2021-06-30,0.39227294921875,0.7906036376953125,0.7255783081054688,0.1373367309570312,0.138519287109375,0.29888916015625
2021-07-01,0.0,0.0,0.0,0.0,0.0,0.119903564453125
2021-07-02,12.422012329101562,10.629020690917969,8.1346435546875,3.1463623046875,0.2587356567382812,4.069694519042969
2021-07-03,0.1639404296875,0.3556365966796875,0.405853271484375,0.57025146484375,0.0082244873046875,0.1062774658203125
2021-07-04,0.0003509521484375,0.0,0.0,0.0,0.0,0.0
2021-07-05,0.0,0.0,0.0,0.0,0.0,0.0
2021-07-06,0.5964813232421875,0.3112869262695312,0.6880874633789062,0.140350341796875,0.0,3.056480407714844
2021-07-07,3.4537506103515625,1.8933258056640625,3.0608673095703125,4.867111206054688,0.343231201171875,18.002853393554688
2021-07-08,1.5767288208007812,2.848907470703125,2.5980300903320312,8.101631164550781,0.539276123046875,9.629966735839844
2021-07-09,0.1283645629882812,0.1866836547851562,0.401458740234375,0.1706695556640625,1.1499710083007812,0.5583953857421875
2021-07-10,0.2321586608886718,0.1046867370605468,0.4629325866699219,0.0,0.0,2.383827209472656
2021-07-11,0.0007247924804687,0.00311279296875,0.004852294921875,0.0096435546875,0.0053787231445312,0.0
2021-07-12,0.3040771484375,0.58843994140625,0.1253204345703125,0.01727294921875,0.3331298828125,1.34014892578125
2021-07-13,3.04437255859375,4.811065673828125,0.07537841796875,0.220703125,0.0,0.0640869140625
2021-07-14,8.353996276855469,19.29688262939453,7.094268798828125,10.3436279296875,0.7968673706054688,2.028877258300781
2021-07-15,21.67931365966797,25.59516143798828,11.786613464355469,9.778579711914062,11.890899658203123,14.675514221191406
2021-07-16,13.571243286132812,11.68621826171875,7.921768188476562,9.751068115234377,11.3472900390625,14.372909545898438
2021-07-17,8.965873718261719,12.828811645507812,5.677513122558594,10.278221130371094,6.628952026367188,15.148429870605469
2021-07-18,0.0,0.0152587890625,0.0435333251953125,0.1026458740234375,0.0,0.0128250122070312
2021-07-19,0.2074127197265625,1.1547622680664062,0.023223876953125,0.037109375,0.0,0.0
2021-07-20,0.05426025390625,0.1099395751953125,0.0,0.0289459228515625,0.0,0.001495361328125
2021-07-21,0.0312042236328125,0.0631942749023437,0.0787200927734375,0.0158538818359375,0.0,0.0147171020507812
2021-07-22,0.0,0.0,0.1739578247070312,0.1911544799804687,0.0,0.9126968383789062
2021-07-23,0.4914093017578125,0.0173492431640625,1.436737060546875,0.2869338989257812,0.0,4.986862182617188
2021-07-24,0.0,0.0062332153320312,0.0,0.0,0.0,0.0037918090820312
2021-07-25,0.0,0.0,0.0018234252929687,0.0,0.0,0.0
2021-07-26,0.0,0.0,0.0145950317382812,0.0,0.0,0.0
2021-07-27,0.0,0.0,0.0,0.0,0.0,0.0
2021-07-28,0.0,0.0,0.0,0.0,0.0,0.0
2021-07-29,0.0,0.0,0.0060577392578125,0.0,0.0,0.0
2021-07-30,0.0003585815429687,0.0,0.0,0.0102157592773437,0.0,0.0
2021-07-31,0.0,0.0,0.1800308227539062,0.0713653564453125,0.0,0.0128173828125
2021-08-01,0.091094970703125,0.1359481811523437,0.1969833374023437,0.0495223999023437,0.0,0.2820663452148437
2021-08-02,0.4243621826171875,1.238128662109375,4.205696105957031,0.5572280883789062,3.0323410034179688,5.7636566162109375
2021-08-03,0.8531951904296875,3.655189514160156,6.791671752929688,6.547752380371094,13.846969604492188,27.26348114013672
2021-08-04,0.0,0.0,0.0,0.0,0.0,0.0
2021-08-05,0.0,0.0,0.0,0.0,0.0,0.0
2021-08-06,0.4483184814453125,1.2692489624023438,0.0654449462890625,0.1883087158203125,0.0,5.796516418457031
2021-08-07,0.125213623046875,0.1164703369140625,0.1271743774414062,0.0037384033203125,0.2057037353515625,0.0010757446289062
2021-08-08,0.8675994873046875,3.097640991210937,1.8119964599609373,0.4859161376953125,1.429779052734375,2.051971435546875
2021-08-09,0.0,0.0014190673828125,0.0,0.0,0.0,0.0
2021-08-10,0.0,0.0,1.52587890625e-05,0.0,1.52587890625e-05,0.0
2021-08-11,0.0,0.0,0.0,0.0,0.0,0.0
2021-08-12,0.0,0.0,0.0,0.0,0.0,0.0384521484375
2021-08-13,0.0,0.00140380859375,0.0157470703125,0.003753662109375,0.0,0.076934814453125
2021-08-14,3.514198303222656,3.447128295898437,4.247085571289063,0.563232421875,0.0,2.28387451171875
2021-08-15,0.3942489624023437,0.2111892700195312,2.90155029296875,0.144378662109375,4.4532012939453125,2.5818328857421875
2021-08-16,0.0003509521484375,0.0003585815429687,0.0012054443359375,0.0,0.0,0.000946044921875
2021-08-17,0.0,0.0,0.0,0.0046005249023437,0.0,0.1282119750976562
2021-08-18,0.0017623901367187,0.0169906616210937,0.0814590454101562,0.0778427124023437,0.173309326171875,0.0320510864257812
2021-08-19,0.0003509521484375,0.0,0.0012016296386718,0.0018692016601562,0.0,0.0
2021-08-20,0.0,3.814697265625e-06,0.0078811645507812,0.0,0.0,3.814697265625e-06
2021-08-21,5.443820953369141,5.526714324951172,2.334796905517578,1.6268806457519531,0.0145759582519531,1.1437873840332031
2021-08-22,15.39521026611328,18.323631286621094,14.72607421875,6.945564270019531,11.562454223632812,21.794898986816406
2021-08-23,7.109786987304688,7.659233093261719,3.00506591796875,1.889801025390625,6.176788330078125,6.010475158691406
2021-08-24,0.1745147705078125,0.0478286743164062,0.2533798217773437,0.0,0.1361465454101562,0.0010833740234375
2021-08-25,1.9415130615234373,2.517158508300781,5.8792266845703125,0.0892410278320312,4.814453125,0.7651824951171875
2021-08-26,15.1358642578125,16.071914672851562,24.649703979492188,9.641334533691406,12.145759582519531,9.477508544921877
2021-08-27,0.000701904296875,0.0,0.2271194458007812,0.0190048217773437,0.0128173828125,0.021392822265625
2021-08-28,0.6602630615234375,1.8424758911132808,0.8461532592773438,0.127655029296875,2.7625656127929688,0.0494308471679687
2021-08-29,4.22100830078125,19.2445068359375,13.545669555664062,3.1814956665039062,3.4465255737304688,17.13494110107422
2021-08-30,0.0062103271484375,0.0069427490234375,0.0,0.0092010498046875,0.0,0.0
2021-08-31,7.62939453125e-06,7.62939453125e-06,0.0,7.62939453125e-06,7.62939453125e-06,0.0
2021-09-01,0.000701904296875,0.0,0.0,0.0,0.0,0.0
2021-09-02,0.0187149047851562,0.012481689453125,0.4211807250976562,0.3254776000976562,1.0675888061523438,1.5249710083007812
2021-09-03,0.0115280151367187,0.0163650512695312,0.0002517700195312,0.0,0.16119384765625,0.0
2021-09-04,0.0,0.0,0.0,0.0,0.0,0.0
2021-09-05,0.1221923828125,0.333251953125,0.056976318359375,0.427642822265625,0.3001861572265625,0.0504302978515625
2021-09-06,0.0,0.0169830322265625,0.0,0.0,0.2515106201171875,0.8074951171875
2021-09-07,0.0,0.0,0.0624542236328125,0.0,0.684234619140625,0.0682525634765625
2021-09-08,0.0,0.0180816650390625,0.0,0.0074920654296875,1.0919342041015625,2.8894500732421875
2021-09-09,0.0,0.0,0.11541748046875,0.0,0.0174713134765625,0.0377349853515625
2021-09-10,0.0014190673828125,0.02496337890625,0.0,0.0,0.0,0.78399658203125
2021-09-11,0.0,0.034088134765625,0.0,0.0,0.0,0.0664520263671875
2021-09-12,0.0014190673828125,0.0,0.0,0.0,0.0020599365234375,0.344268798828125
2021-09-13,0.1267623901367187,0.2913589477539062,1.929412841796875,0.2448959350585937,0.0,0.3384933471679687
2021-09-14,0.3228912353515625,2.6818923950195312,0.31378173828125,0.1381607055664062,6.055831909179688,0.8856277465820312
2021-09-15,1.8517379760742188,10.585365295410156,4.684478759765625,0.3676834106445312,6.608169555664063,3.3984603881835938
2021-09-16,0.5123291015625,1.6796112060546875,0.941314697265625,0.3357696533203125,2.868026733398437,9.296463012695312
2021-09-17,0.6923980712890625,5.431915283203125,3.579696655273437,0.1708831787109375,9.32329559326172,4.5766143798828125
2021-09-18,0.9077224731445312,2.001129150390625,1.0475616455078125,0.1562423706054687,0.0680160522460937,1.4547271728515625
2021-09-19,0.0709304809570312,0.1992340087890625,1.0171585083007812,0.6127471923828125,1.323822021484375,6.86358642578125
2021-09-20,0.372772216796875,1.133575439453125,0.062957763671875,0.20697021484375,0.0,0.2081298828125
2021-09-21,0.0,0.0,0.0,0.0,0.0,0.0
2021-09-22,0.0,0.0,0.0,0.0,0.0,0.0
2021-09-23,0.0,0.0,0.0,0.0,0.0,0.0
2021-09-24,1.2918548583984375,1.6032562255859375,0.505279541015625,0.195037841796875,0.0,0.37603759765625
2021-09-25,7.8264312744140625,15.556167602539062,6.792816162109375,5.649505615234375,7.036056518554688,9.686294555664062
2021-09-26,3.5475616455078125,7.967018127441406,2.266029357910156,3.1070098876953125,0.890472412109375,1.930381774902344
2021-09-27,10.372268676757812,11.479583740234377,8.350967407226562,14.002891540527344,6.971488952636719,9.662834167480469
2021-09-28,0.3374862670898437,0.3703842163085937,0.90179443359375,1.1540298461914062,0.1950912475585937,1.7050323486328125
2021-09-29,0.0,0.0,0.0,0.0,0.0,0.0
2021-09-30,0.0,0.0,0.0,0.0,0.0,0.0
2021-10-01,0.0,0.0,7.62939453125e-06,7.62939453125e-06,0.0,0.0
2021-10-02,0.0,0.0,0.0,0.0,0.0,0.0
2021-10-03,15.967239379882812,10.080154418945312,11.722274780273438,4.277999877929688,19.930938720703125,10.036819458007812
2021-10-04,9.55035400390625,7.4004364013671875,9.324310302734377,6.5408782958984375,10.437149047851562,13.054489135742188
2021-10-05,10.49786376953125,13.223922729492188,9.909530639648438,10.385940551757812,9.629425048828123,14.063919067382812
2021-10-06,7.0474700927734375,6.69287109375,3.840484619140625,3.3280792236328125,3.17047119140625,3.681076049804688
2021-10-07,8.126754760742188,11.15960693359375,10.564315795898438,10.360427856445312,17.0218505859375,22.41107177734375
2021-10-08,21.875885009765625,22.65625,21.0186767578125,18.77984619140625,23.31039428710937,23.949981689453125
2021-10-09,1.991485595703125,3.4071807861328125,3.317245483398437,2.900390625,1.225921630859375,5.501632690429688
2021-10-10,0.1239776611328125,0.8150177001953125,0.2700653076171875,0.2480316162109375,0.3417510986328125,2.497665405273437
2021-10-11,5.559852600097656,10.583740234375,7.868858337402344,8.270820617675781,1.937782287597656,8.013481140136719
2021-10-12,0.1375274658203125,0.508636474609375,0.2422027587890625,0.47650146484375,0.0063629150390625,0.4643020629882812
2021-10-13,2.093246459960937,2.411865234375,1.3396148681640625,1.9558868408203125,0.003082275390625,0.4976806640625
2021-10-14,0.013580322265625,0.0526885986328125,0.014892578125,0.003021240234375,0.140777587890625,0.2464447021484375
2021-10-15,0.0,0.1692276000976562,0.1505126953125,0.0037384033203125,0.59332275390625,0.4095458984375
2021-10-16,0.0336074829101562,0.0416107177734375,0.0896072387695312,0.0397186279296875,0.0,0.06329345703125
2021-10-17,0.0,0.0,0.004852294921875,0.0,7.62939453125e-06,0.0
2021-10-18,0.0,0.0,1.12701416015625,0.0,6.311973571777344,0.843902587890625
2021-10-19,1.091278076171875,1.372894287109375,3.963699340820313,2.2928390502929688,14.373207092285156,3.7310867309570312
2021-10-20,19.024169921875,23.737945556640625,13.981903076171877,6.14483642578125,8.397079467773438,20.123687744140625
2021-10-21,0.0423965454101562,0.136993408203125,0.15777587890625,0.0541152954101562,0.0061721801757812,0.3394775390625
2021-10-22,0.0,0.0,0.0,0.0,0.0,0.0
2021-10-23,0.0,0.0,0.0,0.0,0.0,0.0
2021-10-24,0.0,0.0,0.0,0.0,0.0,0.0
2021-10-25,0.0,0.0,0.0171661376953125,0.0060577392578125,0.0,0.0
2021-10-26,0.0,0.0,0.0,0.0,0.0,0.0
2021-10-27,0.0,0.0,0.0,0.0,0.0,0.0
2021-10-28,0.0,0.0,0.0,0.0,0.0,0.0
2021-10-29,0.0375213623046875,0.036407470703125,1.477081298828125,0.1527252197265625,10.40948486328125,6.711578369140625
2021-10-30,0.54779052734375,2.208251953125,3.2438507080078125,1.7964630126953125,20.09259033203125,10.020278930664062
2021-10-31,1.5892181396484375,0.9139404296875,4.179244995117188,0.1192779541015625,6.6019134521484375,2.373153686523437
2021-11-01,0.4328155517578125,0.420257568359375,4.8747100830078125,0.998809814453125,23.490066528320312,4.675445556640625
2021-11-02,3.580322265625,9.776260375976562,11.004425048828123,1.9187164306640625,30.02525329589844,8.135208129882812
2021-11-03,23.00018310546875,14.30145263671875,46.21366882324219,9.45806884765625,18.768234252929688,6.3058013916015625
2021-11-04,2.8335418701171875,0.8017120361328125,0.3695220947265625,0.915313720703125,0.0065460205078125,0.7101287841796875
2021-11-05,6.7729339599609375,8.24169921875,15.499465942382812,8.41033935546875,11.818161010742188,10.335128784179688
2021-11-06,13.243484497070312,6.6465606689453125,16.251632690429688,3.920257568359375,9.642303466796877,5.855712890625
2021-11-07,0.0062103271484375,0.0,0.0018310546875,0.0,0.0,0.0
2021-11-08,0.006927490234375,0.0003509521484375,0.002777099609375,0.0,0.0,0.0
2021-11-09,0.0,0.0,0.0,0.0,0.0,0.0
2021-11-10,0.0,0.0,0.0,0.0,0.1525421142578125,0.011383056640625
2021-11-11,1.26934814453125,1.0784530639648438,3.957725524902344,4.937217712402344,4.880485534667969,3.848907470703125
2021-11-12,0.0162124633789062,7.62939453125e-06,0.2340545654296875,0.01641845703125,0.4452590942382812,0.6874008178710938
2021-11-13,0.0,0.0045318603515625,0.0058059692382812,0.0154037475585937,0.0,0.0
2021-11-14,0.571929931640625,0.2602996826171875,1.01513671875,1.5654754638671875,1.2168426513671875,3.4178009033203125
2021-11-15,0.97491455078125,2.162811279296875,1.5264129638671875,0.411712646484375,2.345687866210937,6.960494995117188
2021-11-16,0.0717697143554687,0.3085479736328125,0.2252655029296875,0.3163681030273437,0.0010299682617187,0.10992431640625
2021-11-17,0.0079803466796875,0.0989151000976562,0.127288818359375,0.06732177734375,0.0,0.00640869140625
2021-11-18,0.0,0.0003509521484375,0.1181106567382812,0.0,1.5036239624023438,1.106109619140625
2021-11-19,1.60369873046875,1.5924530029296875,3.5896072387695312,2.3475265502929688,20.76826477050781,23.499755859375
2021-11-20,0.89044189453125,1.5953598022460938,1.041351318359375,1.1152191162109375,2.019737243652344,2.3272476196289062
2021-11-21,0.0007095336914062,0.009735107421875,0.0577926635742187,0.0342559814453125,0.0,0.041168212890625
2021-11-22,0.818023681640625,0.0,1.080657958984375,0.0,1.83935546875,0.369140625
2021-11-23,7.755828857421875,4.462432861328125,16.102737426757812,9.557571411132812,42.70442199707031,32.45082092285156
2021-11-24,0.7330474853515625,0.46148681640625,11.232376098632812,2.52587890625,35.16053771972656,48.46002197265625
2021-11-25,5.9972686767578125,7.729629516601562,34.708831787109375,29.14002990722656,63.09214782714844,52.78742980957031
2021-11-26,7.724334716796875,9.071044921875,6.651824951171875,3.38641357421875,7.420654296875,11.299560546875
2021-11-27,1.1594390869140625,1.8928070068359373,1.8192596435546875,1.2393646240234375,6.656509399414063,7.0709381103515625
2021-11-28,0.0,0.0007171630859375,0.6858978271484375,0.005462646484375,2.802734375,0.699920654296875
2021-11-29,1.1776123046875,0.521728515625,17.123855590820312,3.457504272460937,47.055809020996094,27.12873077392578
2021-11-30,38.83848571777344,33.710296630859375,48.01716613769531,20.774246215820312,51.24215698242188,33.80865478515625
2021-12-01,0.8324737548828125,0.514129638671875,0.6860809326171875,0.1008758544921875,0.1647796630859375,0.4454345703125
2021-12-02,3.917808532714844,2.3831558227539062,21.34673309326172,10.669944763183594,39.914024353027344,37.14122772216797
2021-12-03,8.150741577148438,11.768508911132812,14.335342407226562,13.910385131835938,12.388473510742188,17.12347412109375
2021-12-04,3.803070068359375,5.982223510742188,3.563995361328125,3.55230712890625,0.7813873291015625,0.8673095703125
2021-12-05,0.052093505859375,0.0645294189453125,0.0603790283203125,0.0636444091796875,0.00018310546875,0.000274658203125
2021-12-06,22.71881103515625,14.688385009765623,43.62278747558594,27.112319946289062,59.69403076171875,52.99278259277344
2021-12-07,4.884552001953125,1.871910095214844,5.704597473144531,2.6919097900390625,18.149871826171875,13.857955932617188
2021-12-08,19.289581298828125,22.702377319335938,29.13095092773437,23.18153381347656,35.73504638671875,40.8876953125
2021-12-09,4.257369995117188,11.417922973632812,5.485031127929688,8.923309326171875,8.501968383789062,13.921340942382812
2021-12-10,0.685699462890625,1.234466552734375,0.2974700927734375,0.966583251953125,0.0062103271484375,0.076202392578125
2021-12-11,0.3992691040039062,0.5047531127929688,0.29486083984375,0.5082168579101562,0.0010299682617187,0.0009536743164062
2021-12-12,0.38067626953125,1.2371444702148438,0.8087615966796875,0.7100601196289062,0.0128250122070312,0.1038284301757812
2021-12-13,1.3656768798828125,2.7799224853515625,1.1646575927734375,1.2226638793945312,0.0779495239257812,0.1576004028320312
2021-12-14,3.554389953613281,4.258399963378906,1.8677520751953125,3.5369644165039062,0.0466842651367187,1.0966567993164062
2021-12-15,6.2667999267578125,10.884552001953123,6.2733154296875,6.80029296875,1.04339599609375,2.8345947265625
2021-12-16,0.0819854736328125,0.0783843994140625,0.0546417236328125,0.2278594970703125,0.0,0.02618408203125
2021-12-17,1.298309326171875,3.04443359375,0.32061767578125,0.75396728515625,0.0,0.091644287109375
2021-12-18,0.3351287841796875,0.3460845947265625,0.1361846923828125,0.29290771484375,0.0,0.0
2021-12-19,0.0,0.0,0.0,0.0,0.0010223388671875,0.0
2021-12-20,0.0,0.0003509521484375,0.1180877685546875,0.00848388671875,0.9188995361328124,0.215118408203125
2021-12-21,0.0,0.0,0.3569488525390625,0.014251708984375,2.743148803710937,0.548858642578125
2021-12-22,0.0,0.0003585815429687,1.2487869262695312,0.0169754028320312,8.087173461914062,3.2526092529296875
2021-12-23,5.146553039550781,1.39453125,13.098098754882812,3.482040405273437,64.2943115234375,37.94365692138672
2021-12-24,4.516754150390625,3.983856201171875,20.651199340820312,8.636398315429688,70.20741271972656,45.3062744140625
2021-12-25,0.0072784423828125,0.0,0.0269012451171875,0.001861572265625,0.0951080322265625,0.616851806640625
2021-12-26,3.423858642578125,6.3365478515625,6.969451904296875,4.269302368164063,6.1149444580078125,6.376129150390625
2021-12-27,0.1641693115234375,0.5749969482421875,0.3823165893554687,1.0243301391601562,0.0064163208007812,0.3745651245117187
2021-12-28,0.1006317138671875,0.318603515625,0.1087188720703125,0.3459625244140625,0.0,0.1666717529296875
2021-12-29,0.0,0.0,0.0,0.00604248046875,0.0,0.0
2021-12-30,0.0,0.01458740234375,0.0,0.0359649658203125,0.0,0.0
2021-12-31,0.0,0.0,0.0045928955078125,0.0,0.00244140625,0.00189208984375
2022-01-01,0.0069122314453125,0.0,0.1857986450195312,0.0,1.7525100708007812,0.0681686401367187
2022-01-02,0.0173568725585937,0.2722625732421875,5.1074981689453125,0.6345443725585938,22.91381072998047,5.7454986572265625
2022-01-03,0.9588851928710938,2.26666259765625,2.5529327392578125,1.7038040161132812,17.612594604492188,8.8126220703125
2022-01-04,2.391075134277344,2.633514404296875,1.7124557495117188,1.1566696166992188,2.091293334960937,2.950225830078125
2022-01-05,8.546043395996094,9.022468566894531,8.528495788574219,8.526153564453125,12.17645263671875,19.21440887451172
2022-01-06,0.2926025390625,0.4454803466796875,0.5178375244140625,0.3603363037109375,0.8252410888671875,3.588623046875
2022-01-07,19.449005126953125,27.85884094238281,13.89508056640625,21.350006103515625,2.9718170166015625,6.831451416015625
2022-01-08,4.858169555664063,10.938323974609377,3.542709350585937,3.1025390625,3.1036376953125,9.112960815429688
2022-01-09,0.445556640625,0.6837005615234375,0.7309112548828125,0.540679931640625,0.0128173828125,0.1190948486328125
2022-01-10,0.0943145751953125,0.039886474609375,0.0501556396484375,0.105377197265625,0.0,0.0005340576171875
2022-01-11,0.0,0.0163116455078125,0.0143890380859375,0.020416259765625,0.0,0.0
2022-01-12,0.10894775390625,0.16363525390625,0.0263671875,0.1117401123046875,0.0,0.0
2022-01-13,0.0152664184570312,0.0007171630859375,0.00555419921875,0.0,0.0131988525390625,0.0
2022-01-14,0.0221633911132812,0.1130828857421875,0.074554443359375,0.0587158203125,0.0,0.0128173828125
2022-01-15,0.2235488891601562,1.3474960327148438,0.1752395629882812,0.3223342895507812,0.0074386596679687,0.07977294921875
2022-01-16,0.1110992431640625,0.1026687622070312,0.0679931640625,0.1147079467773437,0.0053863525390625,0.0
2022-01-17,7.5128173828125,7.676582336425781,8.724624633789062,5.931831359863281,7.283935546875,6.142257690429688
2022-01-18,1.8409271240234373,2.6041259765625,1.9876174926757808,2.373443603515625,2.0830612182617188,8.565376281738281
2022-01-19,2.218048095703125,3.961135864257813,2.214706420898437,2.535873413085937,0.2479705810546875,1.1850433349609375
2022-01-20,0.711334228515625,1.7398910522460938,0.8805770874023438,0.8933258056640625,0.0287246704101562,0.3977279663085937
2022-01-21,0.6122894287109375,1.396209716796875,1.0405654907226562,0.990478515625,0.061798095703125,0.4720840454101562
2022-01-22,0.011810302734375,0.0045166015625,0.0184860229492187,0.025909423828125,0.0,0.0
2022-01-23,1.3493728637695312,1.99090576171875,0.6278915405273438,1.1833267211914062,0.00640869140625,0.1814804077148437
2022-01-24,0.0250320434570312,0.1598281860351562,0.0279388427734375,0.0712814331054687,0.0,0.0064163208007812
2022-01-25,0.1651535034179687,0.62030029296875,0.0787353515625,0.04559326171875,0.01873779296875,0.532684326171875
2022-01-26,1.3476638793945312,2.2312469482421875,0.5525588989257812,0.9586715698242188,0.0074310302734375,0.2802658081054687
2022-01-27,0.0420761108398437,0.2802047729492187,0.0347061157226562,0.0871963500976562,0.0010299682617187,0.0118637084960937
2022-01-28,7.229621887207031,6.554069519042969,3.5783920288085938,1.3578262329101562,12.318511962890623,7.975067138671875
2022-01-29,17.054428100585938,24.88159942626953,19.15790557861328,12.75445556640625,14.770301818847656,21.846214294433597
2022-01-30,4.377174377441406,4.425834655761719,1.4929580688476562,2.4009246826171875,0.048736572265625,1.3639984130859375
2022-01-31,0.58160400390625,1.3106002807617188,0.40472412109375,0.7274093627929688,0.015899658203125,0.555694580078125
2022-02-01,0.0,0.0,0.0036468505859375,0.0,0.0020599365234375,0.0128173828125
2022-02-02,2.2937774658203125,3.4025421142578125,5.24200439453125,2.181854248046875,2.039764404296875,1.864898681640625
2022-02-03,0.0069046020507812,0.0007095336914062,0.0227203369140625,0.0311126708984375,0.0,0.017425537109375
2022-02-04,13.445808410644531,16.539817810058594,15.378555297851562,11.216751098632812,19.52555084228516,17.015968322753906
2022-02-05,2.9513397216796875,4.813140869140625,2.405967712402344,2.7682876586914062,0.5731887817382812,1.7103958129882812
2022-02-06,0.0378952026367187,0.294677734375,0.1096725463867187,0.358734130859375,0.0,0.3069839477539062
2022-02-07,0.0,0.0,0.0,0.0030288696289062,0.0,0.0
2022-02-08,0.0030975341796875,0.0041656494140625,0.0,0.0,0.0,0.0
2022-02-09,0.632415771484375,1.2715911865234375,1.3458480834960938,0.3062362670898437,0.0053787231445312,0.116424560546875
2022-02-10,0.2471160888671875,0.3455963134765625,0.635772705078125,0.7223091125488281,3.6754684448242183,5.107078552246094
2022-02-11,0.0135574340820312,0.0059280395507812,0.0450592041015625,0.0086441040039062,0.4258499145507812,0.2043228149414062
2022-02-12,0.0239334106445312,0.0768051147460937,3.4153976440429688,0.1939163208007812,16.251625061035156,10.290611267089844
2022-02-13,16.15564727783203,11.665512084960938,42.08504486083984,15.633270263671877,60.67823028564453,44.30753326416016
2022-02-14,0.0083465576171875,0.0,0.0036468505859375,0.0060577392578125,0.0,0.0128250122070312
2022-02-15,0.046630859375,0.2014617919921875,0.094207763671875,0.1142578125,0.0,0.01922607421875
2022-02-16,3.814697265625e-06,0.0,0.0,0.0,0.0,0.0
2022-02-17,6.232933044433594,5.099494934082031,3.0730209350585938,2.399864196777344,16.397872924804688,7.724769592285156
2022-02-18,5.395599365234375,6.493827819824219,12.501449584960938,4.413864135742188,27.10238647460937,14.627586364746094
2022-02-19,4.720016479492188,10.171012878417969,10.43537139892578,13.782722473144531,12.50836944580078,18.18839263916016
2022-02-20,1.417724609375,4.7316436767578125,1.516632080078125,2.618881225585937,0.1313323974609375,1.33538818359375
2022-02-21,0.190093994140625,0.3247756958007812,0.4855270385742187,1.1153564453125,0.0169296264648437,0.3428268432617187
2022-02-22,0.0041732788085937,0.0,0.0,0.0,0.0,0.0070877075195312
2022-02-23,1.2564239501953125,2.578895568847656,5.386985778808594,2.4123611450195312,1.550323486328125,5.5002288818359375
2022-02-24,8.000190734863281,10.278953552246094,9.801155090332031,6.84075927734375,5.935554504394531,10.516395568847656
2022-02-25,3.811981201171875,10.311286926269531,5.426414489746094,5.962440490722656,1.062713623046875,2.7572479248046875
2022-02-26,0.9815673828125,2.29852294921875,2.540267944335937,2.4161453247070312,0.26336669921875,1.228118896484375
2022-02-27,0.2672195434570312,0.4923248291015625,0.2035064697265625,0.399322509765625,0.0,0.0384597778320312
2022-02-28,0.0,0.0471954345703125,0.0,0.0463714599609375,0.0,0.0
2022-03-01,0.0090560913085937,0.0388412475585937,0.1046676635742187,0.02386474609375,0.0,0.5251235961914062
2022-03-02,1.4453277587890625,1.904693603515625,2.7170181274414062,1.7813339233398438,1.3267669677734375,4.31988525390625
2022-03-03,12.431358337402344,14.65618133544922,13.603988647460938,12.86627960205078,9.984375,18.387779235839844
2022-03-04,5.23297119140625,8.20361328125,5.875801086425781,3.700286865234375,7.279655456542969,14.980934143066406
2022-03-05,2.7848129272460938,6.059005737304688,3.157867431640625,2.5956573486328125,0.30194091796875,2.2764434814453125
2022-03-06,1.9522247314453125,2.9245681762695312,2.558799743652344,2.086776733398437,0.1651382446289062,0.4877395629882812
2022-03-07,2.7293853759765625,2.748497009277344,2.8415298461914062,2.972808837890625,0.5204696655273438,2.071083068847656
2022-03-08,0.0410003662109375,0.0637969970703125,0.258331298828125,0.0691680908203125,0.0010223388671875,0.0375213623046875
2022-03-09,0.0,0.0,0.0405120849609375,0.013092041015625,0.0010223388671875,0.02166748046875
2022-03-10,0.0,0.0,0.0,0.0,0.0,0.0
2022-03-11,0.0,0.0,0.0,0.0,0.0,0.0
2022-03-12,0.0,0.0,0.0,0.0,0.0,0.0
2022-03-13,1.8534622192382808,4.056053161621094,1.7600021362304688,1.7970199584960938,0.0173110961914062,3.3371734619140625
2022-03-14,1.1749496459960938,1.6186294555664062,1.3482208251953125,0.9667739868164062,0.0074386596679687,1.0719451904296875
2022-03-15,0.0090484619140625,0.0007095336914062,0.1389083862304687,0.1087722778320312,0.0,0.1063613891601562
2022-03-16,0.0083465576171875,0.0062408447265625,0.00970458984375,0.0,0.0,0.1191864013671875
2022-03-17,0.0,0.0007171630859375,0.0133514404296875,0.0,0.0,0.0
2022-03-18,0.0,0.0,7.62939453125e-06,0.0,0.0,7.62939453125e-06
2022-03-19,0.0,0.0,0.00579833984375,0.0018768310546875,0.0,0.0
2022-03-20,0.0,0.0,0.010406494140625,0.0,0.0,0.0
2022-03-21,0.0,0.0,0.0,0.0,0.0,0.0
2022-03-22,0.0,0.0,0.0,0.0,0.0,0.0
2022-03-23,0.0,0.0,0.0,0.0,0.0,0.0
2022-03-24,0.0,0.0,0.0,0.0,0.0,0.0
2022-03-25,0.0,0.0,0.0,0.0,0.2867355346679687,0.0543060302734375
2022-03-26,0.0874481201171875,0.1499557495117187,0.007293701171875,0.0964889526367187,0.2071685791015625,0.0
2022-03-27,0.1123199462890625,0.2043533325195312,3.9581298828125,1.2760467529296875,12.221443176269531,5.542823791503906
2022-03-28,5.728679656982422,0.9800376892089844,32.87969970703125,8.304718017578125,120.53555297851562,59.749786376953125
2022-03-29,1.323822021484375,3.262191772460937,10.0438232421875,4.5098419189453125,47.79032897949219,37.46221923828125
2022-03-30,0.7729949951171875,1.7850799560546875,8.351150512695312,1.655426025390625,19.0487060546875,21.930877685546875
2022-03-31,0.8843841552734375,0.853515625,2.8499298095703125,1.9514923095703125,2.7216949462890625,1.2634429931640625
2022-04-01,1.766143798828125,2.340576171875,4.3335723876953125,4.00885009765625,10.761917114257812,7.8413238525390625
2022-04-02,0.0,0.0,0.0,0.0060577392578125,0.0,0.0
2022-04-03,2.464263916015625,1.7831954956054688,3.4478836059570312,3.991523742675781,3.1687088012695312,1.6269149780273438
2022-04-04,1.2290725708007812,3.475448608398437,5.529090881347656,5.967201232910156,28.11289978027344,19.94152069091797
2022-04-05,0.0,0.0,0.481414794921875,0.005462646484375,2.195220947265625,0.5814590454101562
2022-04-06,7.5815582275390625,5.092819213867188,3.964027404785156,0.6000747680664062,12.968101501464844,5.196632385253906
2022-04-07,3.7653961181640634,6.102508544921875,5.857460021972656,5.380714416503906,5.790397644042969,10.46051025390625
2022-04-08,0.0,0.0339508056640625,0.0,0.0408477783203125,0.0,0.0256423950195312
2022-04-09,0.0,0.0,0.0,0.0,0.0,0.0
2022-04-10,0.0,0.0,0.0,0.0,0.0,0.0
2022-04-11,0.0,0.0,0.0,0.0057601928710937,0.0,0.0
2022-04-12,0.0,0.0,0.0,0.0,0.0,0.0
2022-04-13,1.6778030395507812,2.3583526611328125,7.684722900390625,4.622505187988281,0.14111328125,1.0253219604492188
2022-04-14,0.3760604858398437,0.8289566040039062,2.345985412597656,1.4292221069335938,1.1326522827148438,2.9695968627929688
2022-04-15,1.8152008056640625,1.9087371826171875,1.7605514526367188,2.0030670166015625,0.7932662963867188,2.237091064453125
2022-04-16,7.789390563964844,8.969627380371094,4.6761016845703125,6.979087829589844,2.622352600097656,2.5792312622070312
2022-04-17,11.10367202758789,13.286113739013672,20.71975326538086,20.86551284790039,16.556285858154297,28.856956481933597
2022-04-18,1.1110992431640625,0.9227752685546876,2.362396240234375,1.3668136596679688,1.0289077758789062,1.0134429931640625
2022-04-19,1.9129791259765625,0.2310333251953125,10.380615234375,2.0115509033203125,27.76109313964844,9.889083862304688
2022-04-20,0.7818069458007812,1.9220504760742188,1.2534255981445312,0.4668731689453125,3.833305358886719,1.5243988037109375
2022-04-21,0.0038223266601562,0.0159988403320312,0.0,0.02618408203125,0.0,0.0064163208007812
2022-04-22,0.471160888671875,0.4276580810546875,0.0833282470703125,0.0,0.1452789306640625,0.026092529296875
2022-04-23,2.228240966796875,2.2048873901367188,2.9468002319335938,0.5615921020507812,0.10980224609375,0.1675643920898437
2022-04-24,0.6201896667480469,1.9698562622070312,0.2838821411132812,0.2499542236328125,0.0,0.0006752014160156
2022-04-25,0.7072334289550781,2.3287277221679688,1.5979766845703125,0.7706222534179688,0.0,0.5330543518066406
2022-04-26,0.0514755249023437,0.4853248596191406,0.5047836303710938,0.1576194763183593,0.0,0.0133590698242187
2022-04-27,0.3064117431640625,0.7010955810546875,0.3054351806640625,0.3586196899414062,1.163116455078125,0.1476211547851562
2022-04-28,0.5025634765625,5.7623138427734375,2.3318634033203125,4.5689697265625,2.23223876953125,0.4028549194335937
2022-04-29,10.13079833984375,13.62005615234375,8.679931640625,13.80315399169922,10.072479248046877,9.512603759765623
2022-04-30,6.660861968994141,10.026752471923828,5.83770751953125,5.312904357910156,1.5562858581542969,3.889472961425781
2022-05-01,0.7868194580078125,1.4039688110351562,6.529342651367188,2.1998062133789062,2.115966796875,3.130859375
2022-05-02,0.3042373657226562,0.2989883422851562,0.559478759765625,0.4139938354492187,0.0,0.1614761352539062
2022-05-03,0.6592864990234375,1.21649169921875,6.698829650878906,2.0439224243164062,4.958473205566406,4.3046875
2022-05-04,0.50164794921875,0.7603607177734375,0.6440353393554688,0.4009246826171875,6.614845275878906,0.2353744506835937
2022-05-05,0.0,0.0488433837890625,0.0401229858398437,0.0,0.3909988403320312,0.0
2022-05-06,0.0045166015625,0.00140380859375,2.000274658203125,1.1962890625,0.305206298828125,1.0487518310546875
2022-05-07,5.374786376953125,6.479782104492188,0.5936050415039062,0.5082321166992188,3.879844665527344,4.02728271484375
2022-05-08,0.3238601684570312,1.0072174072265625,0.7008819580078125,0.33624267578125,0.4252548217773437,0.5901260375976562
2022-05-09,0.0,0.0,0.0,0.0,0.652923583984375,0.0915451049804687
2022-05-10,0.2308120727539062,1.087921142578125,0.1162796020507812,0.6820297241210938,0.6406936645507812,0.2497482299804687
2022-05-11,6.818290710449219,6.337417602539063,12.40155792236328,9.644554138183594,7.93865966796875,10.925392150878906
2022-05-12,0.0,0.0,0.0984878540039062,0.0,0.0498123168945312,0.3032760620117187
2022-05-13,0.0,0.0,0.1025009155273437,0.0,0.3148574829101562,0.7771072387695312
2022-05-14,6.1231231689453125,8.839935302734375,3.242172241210937,4.440345764160156,0.5734710693359375,2.66741943359375
2022-05-15,1.6151657104492188,1.859580993652344,1.5892372131347656,1.02001953125,0.0143890380859375,0.3827323913574219
2022-05-16,0.0,0.0,0.0,0.0,0.0,0.0
2022-05-17,0.0,0.0,0.0,0.0,0.0,0.0
2022-05-18,0.0,0.0256690979003906,0.0,0.0,0.0020561218261718,0.0
2022-05-19,0.4818038940429687,3.110336303710937,4.478683471679688,0.6187973022460938,2.317733764648437,4.4966583251953125
2022-05-20,9.708229064941406,8.690731048583984,10.464126586914062,5.646095275878906,4.854480743408203,15.465682983398438
2022-05-21,0.0430107116699218,1.0028152465820312,0.7688102722167969,0.4490280151367187,0.0,0.508056640625
2022-05-22,0.5504188537597656,0.5571517944335938,0.0,0.0,0.0,0.0
2022-05-23,1.5334625244140625,2.178047180175781,0.19482421875,0.31756591796875,0.0,0.538482666015625
2022-05-24,0.1529006958007812,3.080162048339844,1.009979248046875,0.82659912109375,0.0,0.3077774047851562
2022-05-25,10.137664794921877,18.80802154541016,0.6122970581054688,3.3542556762695312,0.1532821655273437,4.804039001464844
2022-05-26,11.388534545898438,5.498542785644531,7.198173522949219,8.519073486328125,8.225364685058594,19.231727600097656
2022-05-27,0.3612747192382812,4.662162780761719,1.0874481201171875,0.3139495849609375,4.6069183349609375,1.4939422607421875
2022-05-28,3.3993072509765625,3.3397293090820312,2.2676010131835938,4.6849365234375,0.0205535888671875,1.1376419067382812
2022-05-29,0.0715255737304687,0.5902633666992188,0.5790328979492188,0.0538482666015625,0.5149383544921875,1.3798751831054688
2022-05-30,0.0003509521484375,1.2429351806640625,0.0111923217773437,0.0,0.0,1.3835525512695312
2022-05-31,0.543548583984375,1.4334030151367188,0.1246871948242187,0.6017913818359375,0.5351486206054688,0.8398971557617188
2022-06-01,0.1201667785644531,0.959186553955078,2.881168365478516,0.7714614868164062,0.9113235473632812,0.7527084350585938
2022-06-02,1.1088409423828125,2.0721893310546875,0.3051376342773437,1.08056640625,1.836341857910156,1.0566787719726562
2022-06-03,3.3651885986328125,6.426200866699219,7.6609039306640625,3.70574951171875,0.529388427734375,6.930610656738281
2022-06-04,3.061279296875,2.137489318847656,5.654586791992188,2.0012969970703125,5.357612609863281,2.5078887939453125
2022-06-05,15.569557189941406,18.15332794189453,11.261009216308594,10.23310089111328,5.267364501953125,5.058616638183594
2022-06-06,8.482711791992188,8.950302124023438,6.565704345703125,4.036178588867188,15.681396484375,11.049152374267578
2022-06-07,25.835250854492188,38.52363586425781,18.72914123535156,20.85405731201172,33.08271789550781,14.436119079589844
2022-06-08,9.083160400390623,15.345367431640623,7.807853698730469,12.805709838867188,0.2686309814453125,2.588897705078125
2022-06-09,3.9907379150390634,9.0487060546875,5.10455322265625,7.384246826171875,0.40936279296875,5.574234008789063
2022-06-10,1.2615966796875,2.058990478515625,2.40252685546875,1.1929168701171875,0.977325439453125,1.5655975341796875
2022-06-11,0.0792083740234375,0.196624755859375,1.27984619140625,0.617706298828125,0.9441375732421876,1.94647216796875
2022-06-12,0.0,0.0,0.0,0.0,0.0,0.0128250122070312
2022-06-13,0.0,0.0,0.0,0.0,0.0143890380859375,0.0759353637695312
2022-06-14,6.819038391113281,8.219253540039062,4.846321105957031,4.468513488769531,3.674629211425781,1.79425048828125
2022-06-15,0.248931884765625,2.2327957153320312,0.2530288696289062,0.8931732177734375,0.0,0.7374839782714844
2022-06-16,0.0,0.0,0.0,0.0,0.0,0.0
2022-06-17,0.0,0.0,0.0,0.0,0.0,0.0128631591796875
2022-06-18,0.234466552734375,0.6957168579101562,0.95697021484375,0.589324951171875,1.0483932495117188,2.69000244140625
2022-06-19,1.1425323486328125,1.4066619873046875,4.860763549804688,1.2108078002929688,0.6933364868164062,12.610374450683594
2022-06-20,5.764617919921875,24.07089233398437,9.495437622070312,7.587310791015625,0.0,13.650894165039062
2022-06-21,0.1769256591796875,0.25775146484375,0.7478790283203125,0.3270263671875,0.0102691650390625,0.2405548095703125
2022-06-22,0.711578369140625,2.7752227783203125,0.96588134765625,0.6849365234375,0.008453369140625,0.3719940185546875
2022-06-23,0.79119873046875,1.65374755859375,0.1494140625,0.1907806396484375,0.1244049072265625,0.192474365234375
2022-06-24,0.0,0.020111083984375,0.0,0.0,0.00616455078125,0.0693359375
2022-06-25,0.0,0.0,0.0,0.009490966796875,0.0072174072265625,0.11822509765625
2022-06-26,0.0,0.0077667236328125,0.588623046875,0.0,0.010284423828125,0.219573974609375
2022-06-27,0.0271377563476562,0.230712890625,0.4746017456054687,0.3997268676757812,0.00616455078125,1.8338775634765625
2022-06-28,0.0,0.0069427490234375,0.2144927978515625,0.0060577392578125,0.0267105102539062,0.115203857421875
2022-06-29,0.208770751953125,0.2476043701171875,1.1395149230957031,0.0748405456542968,0.1654434204101562,0.32147216796875
2022-06-30,0.5465316772460938,0.8394088745117188,0.849029541015625,2.4023895263671875,1.3075714111328125,2.427574157714844
2022-07-01,0.6033172607421875,0.5515365600585938,0.6286087036132812,0.574432373046875,1.1630859375,1.3257217407226562
2022-07-02,11.526939392089844,11.733039855957031,9.85552978515625,5.043891906738281,1.1022491455078125,9.88385772705078
2022-07-03,6.0299224853515625,11.819923400878906,2.5932159423828125,2.73858642578125,0.4270553588867187,2.7425308227539062
2022-07-04,0.0128631591796875,0.1938629150390625,0.0486373901367187,0.0100631713867187,0.0,0.0078964233398437
2022-07-05,28.220787048339844,36.60073852539063,42.15836334228516,41.883575439453125,25.17198181152344,53.99903869628906
2022-07-06,12.164169311523438,15.649303436279297,5.352443695068359,5.851558685302734,0.126190185546875,2.9673080444335938
2022-07-07,0.95263671875,2.73712158203125,0.4374542236328125,0.365875244140625,0.0,0.0075836181640625
2022-07-08,0.0,0.0007095336914062,0.1188507080078125,0.0299301147460937,0.0,0.0320510864257812
2022-07-09,0.03387451171875,0.1047210693359375,0.0,0.0152587890625,0.0,0.0
2022-07-10,0.0,0.0,0.0,0.0,0.0,0.0
2022-07-11,0.0,0.0,0.0,0.0,0.0,0.0
2022-07-12,0.0,0.0,0.0,0.0,0.0,0.0256423950195312
2022-07-13,4.417381286621094,1.2279739379882812,0.1044998168945312,0.14208984375,0.0041122436523437,0.3432769775390625
2022-07-14,0.2790145874023437,4.437721252441406,1.3291168212890625,1.50775146484375,0.5013656616210938,1.2800674438476562
2022-07-15,0.0,0.0,0.0,0.0,0.0,0.0
2022-07-16,0.0,0.0,0.0,0.0,0.0,0.0
2022-07-17,0.0,0.0,0.0,0.0,0.0,0.0
2022-07-18,0.0,0.0,0.0,0.0,0.0,0.0
2022-07-19,0.0,0.0,0.0,0.0,0.0,0.0
2022-07-20,0.0,0.0,0.0,0.0,0.0,0.0256423950195312
2022-07-21,0.8715896606445312,0.1576766967773437,1.9616546630859373,0.2317428588867187,0.0298004150390625,10.567245483398438
2022-07-22,0.0606460571289062,0.0146026611328125,0.526702880859375,0.10150146484375,0.0051345825195312,0.6813201904296875
2022-07-23,0.00799560546875,0.0119552612304687,0.0371627807617187,0.0302810668945312,0.0,0.2695159912109375
2022-07-24,1.20916748046875,1.4816970825195312,9.361557006835938,1.2093963623046875,0.2575759887695312,9.737022399902344
2022-07-25,0.463348388671875,0.2937850952148437,1.4441375732421875,0.5596237182617188,4.074089050292969,2.9427032470703125
2022-07-26,0.0090560913085937,0.1440582275390625,0.0582122802734375,0.123321533203125,0.0706100463867187,1.2550277709960938
2022-07-27,5.781730651855469,4.123085021972656,1.89984130859375,0.2642059326171875,0.8456039428710938,0.082611083984375
2022-07-28,1.0835113525390625,2.0892333984375,0.5538253784179688,0.8714675903320312,0.186004638671875,0.7129974365234375
2022-07-29,0.0,0.0,0.0,0.0,0.0,0.0
2022-07-30,0.764373779296875,0.7565536499023438,0.4502105712890625,0.3097991943359375,0.0071945190429687,0.0064163208007812
2022-07-31,0.7607192993164062,1.5253219604492188,1.3718643188476562,0.7543563842773438,0.3353347778320312,0.9314193725585938
2022-08-01,0.0,0.0,0.0,0.0,0.0,0.0
2022-08-02,0.0,0.0,0.0,0.0,0.0,0.0
2022-08-03,0.0,0.0,0.0,0.0,0.0,0.0
2022-08-04,1.8825531005859373,1.831024169921875,1.4125823974609375,1.987548828125,0.917755126953125,1.724945068359375
2022-08-05,14.616432189941406,6.5087738037109375,6.2486419677734375,8.2286376953125,7.706809997558594,1.5012893676757812
2022-08-06,3.600059509277344,7.9365692138671875,3.7662277221679688,13.802024841308594,8.462234497070312,6.095893859863281
2022-08-07,0.55767822265625,1.2451171875,1.4189071655273438,2.14520263671875,0.8284530639648438,0.3731613159179687
2022-08-08,0.0111770629882812,0.2811203002929687,0.2848587036132812,0.3876190185546875,0.01898193359375,0.0641098022460937
2022-08-09,6.0216217041015625,5.575439453125,10.550994873046877,4.575408935546875,3.886383056640625,7.397003173828125
2022-08-10,17.00147247314453,16.33875274658203,17.80408477783203,26.85442352294922,25.87444305419922,23.38046264648437
2022-08-11,5.089241027832031,4.679473876953125,4.4585723876953125,3.491401672363281,1.40777587890625,3.2960968017578125
2022-08-12,0.0188064575195312,0.0779800415039062,0.2941513061523437,0.2190895080566406,0.8028144836425781,7.603240966796875
2022-08-13,2.142036437988281,5.281147003173828,4.999031066894531,5.340702056884766,3.814697265625e-06,3.0197906494140625
2022-08-14,0.0581283569335937,1.15289306640625,0.0913162231445312,0.0,0.0071868896484375,0.1146240234375
2022-08-15,0.0030975341796875,0.0006942749023437,0.0012054443359375,0.003021240234375,0.0,0.0158920288085937
2022-08-16,0.6063308715820312,0.8440933227539062,0.7580108642578125,0.08978271484375,0.0093002319335937,0.5175399780273438
2022-08-17,13.974403381347656,17.519981384277344,14.781890869140623,8.091682434082031,11.944099426269531,12.82233428955078
2022-08-18,5.743186950683594,14.788864135742188,11.417213439941406,5.247840881347656,7.9948883056640625,12.464118957519531
2022-08-19,10.396682739257812,7.888236999511719,9.411727905273438,8.200538635253906,13.919105529785156,7.264060974121094
2022-08-20,3.1822967529296875,5.220611572265625,4.525070190429688,2.711372375488281,11.820907592773438,1.762786865234375
2022-08-21,3.47406005859375,4.17352294921875,3.5295562744140625,3.604652404785156,0.1502532958984375,2.92718505859375
2022-08-22,4.520172119140625,4.93756103515625,3.754356384277344,3.4268798828125,0.2620697021484375,1.4293594360351562
2022-08-23,6.538551330566406,3.0452423095703125,6.98333740234375,5.915489196777344,2.578697204589844,0.95977783203125
2022-08-24,3.2611160278320312,2.3555679321289062,11.481185913085938,4.104042053222656,3.058174133300781,7.335151672363281
2022-08-25,1.126190185546875,0.1352615356445312,1.3441162109375,0.0899200439453125,0.1221237182617187,0.7411346435546875
2022-08-26,4.88751220703125,8.864921569824219,11.16973876953125,9.45012664794922,3.4907150268554688,5.312965393066406
2022-08-27,4.468307495117188,8.203407287597656,0.8493881225585938,4.9543304443359375,4.711204528808594,7.235786437988281
2022-08-28,3.4772491455078125,6.40008544921875,6.812095642089844,3.6157302856445312,2.717567443847656,13.49951171875
2022-08-29,2.7918624877929688,0.849029541015625,2.687606811523437,2.996856689453125,2.8508071899414062,8.386276245117188
2022-08-30,1.128814697265625,3.95465087890625,10.026153564453123,5.5997467041015625,2.1800994873046875,5.8249053955078125
2022-08-31,0.0049514770507812,0.000701904296875,0.1766433715820312,0.077423095703125,0.0255355834960937,0.8952178955078125
2022-09-01,0.7487258911132812,1.927284240722656,1.2418899536132812,1.063629150390625,0.2076950073242187,1.147369384765625
2022-09-02,1.3884124755859375,1.4912033081054688,0.93206787109375,0.832916259765625,0.8543548583984375,1.60516357421875
2022-09-03,0.037628173828125,0.4017333984375,0.2172470092773437,0.0299530029296875,0.2729873657226562,0.34051513671875
2022-09-04,1.70318603515625,4.076652526855469,4.891845703125,0.5018157958984375,0.034942626953125,8.730072021484375
2022-09-05,0.0428543090820312,0.0,0.0054702758789062,0.0,0.13037109375,0.0009536743164062
2022-09-06,0.4852676391601562,0.8028640747070312,1.6873626708984375,0.3725509643554687,4.343597412109375,3.728347778320313
2022-09-07,0.3794403076171875,1.8676071166992188,0.0583724975585937,0.0328369140625,3.501800537109375,0.8362808227539062
2022-09-08,14.6932373046875,14.293441772460938,6.726905822753906,5.44024658203125,1.8809890747070312,1.247528076171875
2022-09-09,1.07147216796875,2.2374420166015625,0.76116943359375,0.9100799560546876,0.00225830078125,0.0402679443359375
2022-09-10,0.0,0.1040496826171875,0.0116119384765625,0.086700439453125,0.0,0.0005340576171875
2022-09-11,0.0,0.0,7.62939453125e-06,7.62939453125e-06,7.62939453125e-06,0.0
2022-09-12,0.0,0.0,0.0,0.0,0.0,0.0
2022-09-13,8.279617309570312,3.852264404296875,26.706817626953125,4.734931945800781,42.04808044433594,18.477684020996094
2022-09-14,14.962371826171877,9.902618408203123,14.723052978515623,4.052261352539063,24.26791381835937,27.481704711914062
2022-09-15,1.0758056640625,1.552825927734375,0.263885498046875,0.575286865234375,0.760650634765625,0.851593017578125
2022-09-16,0.0464935302734375,1.471588134765625,0.113525390625,0.0345306396484375,0.0,0.0216217041015625
2022-09-17,0.0,0.0402145385742187,0.0,0.0,0.0,0.080169677734375
2022-09-18,1.8393325805664065,3.280029296875,0.7549667358398438,1.5231704711914062,0.0,0.2655410766601562
2022-09-19,1.349761962890625,5.8305511474609375,0.916229248046875,1.1058197021484375,0.0097503662109375,0.2816162109375
2022-09-20,0.316070556640625,0.9213714599609376,0.28125,0.5769500732421875,0.0020599365234375,0.0095367431640625
2022-09-21,0.0,0.0,0.0,0.0045928955078125,0.0,0.0
2022-09-22,0.1142730712890625,0.5763702392578125,0.143402099609375,0.0,0.251739501953125,0.0230255126953125
2022-09-23,26.42188262939453,20.63567352294922,40.31551361083984,14.978530883789062,73.4969711303711,28.853294372558597
2022-09-24,14.363113403320312,11.8697509765625,34.36228942871094,6.3985748291015625,82.72744750976562,49.66087341308594
2022-09-25,0.462127685546875,0.2944488525390625,2.9895477294921875,0.5144195556640625,13.56005859375,7.08154296875
2022-09-26,0.0336151123046875,0.0918731689453125,2.5042724609375,0.615997314453125,20.93647766113281,13.222579956054688
2022-09-27,0.0333251953125,0.02783203125,2.362701416015625,0.758941650390625,14.609466552734377,11.9561767578125
2022-09-28,5.9599456787109375,10.564285278320312,20.72718811035156,8.342193603515625,40.80290222167969,27.602859497070312
2022-09-29,0.2509613037109375,0.518035888671875,0.745574951171875,0.375762939453125,2.41302490234375,12.168670654296877
2022-09-30,0.0351181030273437,0.7400436401367188,0.2638702392578125,0.3225784301757812,0.2799453735351562,4.601966857910156
2022-10-01,0.3032379150390625,1.0098037719726562,0.1122970581054687,0.4196014404296875,0.0,0.01715087890625
2022-10-02,0.0,0.0041580200195312,0.0224761962890625,0.054290771484375,7.62939453125e-06,7.62939453125e-06
2022-10-03,0.0,0.0031204223632812,0.000946044921875,0.0046005249023437,0.0,0.0064163208007812
2022-10-04,0.0,0.0,0.0,0.0,0.0,0.0
2022-10-05,0.0,0.0,0.0,0.0,0.0,0.0
2022-10-06,0.1710968017578125,0.54248046875,0.03582763671875,0.0390167236328125,0.0602874755859375,0.2628326416015625
2022-10-07,2.917083740234375,2.882675170898437,2.4611892700195312,2.245758056640625,1.9428482055664065,4.669456481933594
2022-10-08,0.3089981079101562,6.170806884765625,4.5926666259765625,9.594741821289062,7.58624267578125,9.782463073730469
2022-10-09,0.770233154296875,1.1190643310546875,1.359130859375,1.3211135864257812,0.4259414672851562,4.927337646484375
2022-10-10,3.0473709106445312,8.257400512695312,5.82794189453125,2.8722457885742188,3.360023498535156,5.239982604980469
2022-10-11,0.1506881713867187,0.5490188598632812,0.1412124633789062,0.2345809936523437,0.6000137329101562,2.0205841064453125
2022-10-12,0.0,0.0,0.002777099609375,0.0030288696289062,0.0,0.0
2022-10-13,0.0,0.0,0.0,0.0,0.0,0.0
2022-10-14,0.0,0.0,0.0,0.0,0.0,0.0
2022-10-15,0.0,0.0,0.0,0.0,0.0,0.0
2022-10-16,0.2226409912109375,1.566070556640625,0.351165771484375,0.6891021728515625,0.0,0.0576934814453125
2022-10-17,0.105133056640625,0.1192779541015625,0.071563720703125,0.10198974609375,0.0,0.0169677734375
2022-10-18,0.0,0.0,0.0,0.0,0.0,0.0
2022-10-19,0.0,7.62939453125e-06,0.0272445678710937,7.62939453125e-06,0.0010223388671875,0.0
2022-10-20,0.0,0.00311279296875,0.0066757202148437,7.62939453125e-06,0.0,0.076934814453125
2022-10-21,0.0,0.0,0.0,0.0,0.0,0.0
2022-10-22,0.0090560913085937,0.079010009765625,0.0,0.0,0.0,0.0
2022-10-23,0.1301193237304687,0.1019439697265625,0.0224685668945312,0.0822982788085937,0.0,0.012908935546875
2022-10-24,0.0414505004882812,0.0,0.0209426879882812,0.0060577392578125,0.0394363403320312,0.482696533203125
2022-10-25,0.0,0.0,0.0,7.62939453125e-06,7.62939453125e-06,0.0
2022-10-26,0.0034561157226562,0.0003509521484375,0.002777099609375,0.0030288696289062,0.0,0.0
2022-10-27,0.0,0.0,0.0,0.0,0.0,0.0
2022-10-28,0.0,0.0,0.0,0.0,0.0,0.0
2022-10-29,0.0,0.0,0.007293701171875,0.0,0.0,0.3974533081054687
2022-10-30,0.0,0.0,0.0,0.0,0.0,0.1453628540039062
2022-10-31,0.170623779296875,0.00177001953125,0.1474456787109375,0.5732040405273438,0.0,0.2115478515625
2022-11-01,0.1307601928710937,0.0,2.00872802734375,0.0279006958007812,2.7647018432617188,0.6870498657226562
2022-11-02,22.11317443847656,11.41875457763672,30.760536193847656,16.024185180664062,37.73424530029297,28.880859375
2022-11-03,1.8793792724609373,3.833038330078125,1.834869384765625,1.2071685791015625,1.5523681640625,4.689620971679688
2022-11-04,0.015960693359375,0.0506210327148437,0.4628143310546875,0.0207138061523437,0.0020599365234375,1.0572052001953125
2022-11-05,0.084747314453125,0.2839584350585937,0.0213088989257812,0.0142593383789062,0.0051422119140625,0.0074539184570312
2022-11-06,0.0,7.62939453125e-06,0.0,7.62939453125e-06,0.0,0.0
2022-11-07,0.0041732788085937,0.0114364624023437,0.0,0.0,0.0,0.0
2022-11-08,3.476142883300781,6.446205139160156,3.4144439697265625,4.376007080078125,0.9544830322265624,6.8663177490234375
2022-11-09,0.7713470458984375,1.2846832275390625,1.018035888671875,0.8220977783203125,3.592864990234375,4.26361083984375
2022-11-10,0.0,0.0,0.0058135986328125,0.0,0.0,0.0064239501953125
2022-11-11,0.0403289794921875,0.004241943359375,0.071929931640625,0.4449234008789062,1.3875732421875,0.8850479125976562
2022-11-12,0.1125946044921875,0.0610809326171875,0.135498046875,0.1574020385742187,0.4380035400390625,0.5352630615234375
2022-11-13,1.9542694091796875,0.6790237426757812,1.283538818359375,0.5070648193359375,7.735145568847656,1.15716552734375
2022-11-14,5.124359130859375,6.2238616943359375,3.1946258544921875,2.472763061523437,5.616485595703125,4.422210693359375
2022-11-15,0.5379714965820312,0.4480743408203125,9.867835998535156,3.465240478515625,39.21866607666016,22.614540100097656
2022-11-16,28.41026306152344,27.41791534423828,47.75225067138672,22.50308990478516,49.73603057861328,33.51080322265625
2022-11-17,10.943984985351562,9.1845703125,11.51690673828125,13.715652465820312,42.82887268066406,52.19303894042969
2022-11-18,2.273300170898437,5.22662353515625,7.0633392333984375,12.469375610351562,11.858749389648438,24.6842041015625
2022-11-19,5.7349395751953125,3.779541015625,23.003433227539062,10.294784545898438,43.11859130859375,22.461349487304688
2022-11-20,1.3809967041015625,1.3767852783203125,4.481414794921875,0.683624267578125,18.898483276367188,7.34466552734375
2022-11-21,0.0301589965820312,0.18377685546875,0.1695404052734375,0.1707000732421875,0.3787460327148437,0.4897994995117187
2022-11-22,0.0,0.0367431640625,0.0,0.0,0.0,0.0
2022-11-23,0.58978271484375,0.6247406005859375,0.57440185546875,0.078857421875,0.0675506591796875,0.250640869140625
2022-11-24,9.457199096679688,10.704345703125,14.652053833007812,10.586257934570312,7.3559112548828125,13.823593139648438
2022-11-25,0.2451629638671875,0.247650146484375,0.3160552978515625,0.2915191650390625,0.0003814697265625,0.4288787841796875
2022-11-26,0.009063720703125,0.0,0.0116119384765625,0.0098114013671875,0.0,0.0
2022-11-27,0.4593505859375,0.2979202270507812,2.0289230346679688,2.8036880493164062,4.613555908203125,7.738380432128906
2022-11-28,3.124717712402344,4.063690185546875,1.9358444213867188,4.506782531738281,4.279571533203125,6.8314971923828125
2022-11-29,0.087432861328125,0.0326080322265625,0.7408447265625,0.1313323974609375,0.0405120849609375,0.1076202392578125
2022-11-30,0.0220794677734375,0.0,0.0703582763671875,0.0198516845703125,0.4663848876953125,0.24310302734375
2022-12-01,3.2894744873046875,0.9734039306640624,12.76105499267578,2.997665405273437,27.450271606445312,10.095870971679688
2022-12-02,0.0851287841796875,0.2239837646484375,0.1152572631835937,0.0738449096679687,0.8080215454101562,0.6785964965820312
2022-12-03,0.261688232421875,1.8195724487304688,0.4601364135742187,0.0064697265625,0.9686508178710938,0.863311767578125
2022-12-04,0.1263809204101562,0.0665283203125,0.9783935546875,0.0159759521484375,2.953643798828125,1.8386688232421875
2022-12-05,0.7618637084960938,1.1441802978515625,1.5783615112304688,0.0188446044921875,3.1671600341796875,1.4654464721679688
2022-12-06,1.6950759887695312,0.4999771118164062,13.04717254638672,3.839874267578125,67.1843490600586,32.73883056640625
2022-12-07,2.066375732421875,2.006210327148437,12.992774963378906,6.985298156738281,88.51090240478516,46.90233612060547
2022-12-08,6.0738525390625,6.3782958984375,11.464523315429688,3.5770721435546875,36.12937927246094,15.1727294921875
2022-12-09,6.4368438720703125,8.396148681640625,13.018905639648438,7.275039672851562,10.04180908203125,11.836380004882812
2022-12-10,0.01666259765625,0.02362060546875,0.0656890869140625,0.0454864501953125,0.0441436767578125,0.1671295166015625
2022-12-11,0.0055999755859375,0.0021209716796875,1.735321044921875,0.5152587890625,7.841949462890625,11.466629028320312
2022-12-12,0.1786346435546875,0.3824310302734375,1.4853363037109375,0.2793426513671875,8.4495849609375,3.438095092773437
2022-12-13,0.5364532470703125,0.19073486328125,68.61320495605469,1.4555816650390625,90.1357879638672,51.263214111328125
2022-12-14,10.883697509765623,7.998855590820312,13.1905517578125,6.4725189208984375,40.01795959472656,37.35552978515625
2022-12-15,0.05242919921875,0.1414642333984375,0.1087188720703125,0.0506744384765625,0.0589141845703125,0.317901611328125
2022-12-16,0.0,0.0,0.015960693359375,0.001861572265625,0.0,0.013092041015625
2022-12-17,0.0,0.0,0.0,0.0,0.0,0.0
2022-12-18,0.0,0.0,0.0,0.0,0.0,0.0
2022-12-19,0.0,0.03607177734375,0.0060577392578125,0.0,0.0,0.0
2022-12-20,0.0,0.0,0.0,0.0,0.0,0.0
2022-12-21,0.0,0.0114517211914062,0.0,0.0,0.0,0.0
2022-12-22,0.0,0.029144287109375,0.0092086791992187,0.009796142578125,0.0,0.0
2022-12-23,0.0,0.0,0.0,0.0,0.0,0.0
2022-12-24,0.451080322265625,1.203338623046875,1.369232177734375,0.190460205078125,0.0082244873046875,1.00579833984375
2022-12-25,0.0069122314453125,0.3285369873046875,0.2675247192382812,0.1378097534179687,0.8636703491210938,1.0819168090820312
2022-12-26,0.0031051635742187,0.0,0.10791015625,0.0,0.0655136108398437,0.0211257934570312
2022-12-27,0.1436691284179687,0.040924072265625,0.2494888305664062,0.0037384033203125,1.9940185546875,0.4995574951171875
2022-12-28,0.0,0.0,0.012847900390625,0.0,0.04156494140625,0.0325927734375
2022-12-29,0.0,0.0,0.0,0.0,7.62939453125e-06,0.0
2022-12-30,0.0,0.0,0.0,0.0,0.0,0.0
2022-12-31,0.0069122314453125,0.03533935546875,0.00555419921875,0.009796142578125,0.0,0.0
2023-01-01,0.0,0.0,0.0,0.0060577392578125,0.0,0.0
2023-01-02,0.0,0.0,0.00555419921875,0.0,0.0684661865234375,0.0018997192382812
2023-01-03,0.0,0.0284652709960937,0.00555419921875,0.0458145141601562,0.0,0.0
2023-01-04,0.0,0.0,0.0,0.0,0.0,0.0
2023-01-05,0.0,0.0,0.0084991455078125,0.0,0.0001907348632812,0.0
2023-01-06,4.6092529296875,6.801727294921875,33.20625305175781,14.074249267578123,85.09840393066406,49.80853271484375
2023-01-07,11.66474151611328,22.469993591308597,7.057464599609375,7.188529968261719,4.462738037109375,8.146476745605469
2023-01-08,1.6725234985351562,6.123504638671875,0.9928512573242188,2.1815643310546875,0.0382156372070312,0.75482177734375
2023-01-09,0.34881591796875,0.0482025146484375,0.3093109130859375,0.02935791015625,0.6816864013671875,0.745697021484375
2023-01-10,0.209442138671875,0.3489227294921875,0.6287078857421875,0.32489013671875,0.0268707275390625,0.4736175537109375
2023-01-11,1.4089508056640625,4.933517456054688,1.9091796875,2.63507080078125,0.559722900390625,2.2353668212890625
2023-01-12,0.0,0.0003509521484375,0.002777099609375,0.0060577392578125,0.0,0.0
2023-01-13,2.8976058959960938,1.6269454956054688,21.78672790527344,5.055755615234375,47.260345458984375,38.73389434814453
2023-01-14,44.40452575683594,29.918975830078125,80.64407348632812,51.5362548828125,115.26251220703124,86.974365234375
2023-01-15,22.00204467773437,22.23004150390625,62.66259765625,78.0701904296875,112.799560546875,104.48255920410156
2023-01-16,2.20770263671875,2.53955078125,16.261001586914062,8.382568359375,27.970291137695312,26.754562377929688
2023-01-17,4.19512939453125,4.953948974609375,2.498809814453125,2.960540771484375,6.225006103515625,2.617950439453125
2023-01-18,13.728485107421877,14.732681274414062,24.197784423828125,13.145050048828123,25.220138549804688,24.169235229492188
2023-01-19,0.7750320434570312,0.23291015625,2.3807449340820312,0.4699783325195312,5.19195556640625,5.0620880126953125
2023-01-20,16.121795654296875,16.9925537109375,21.86705017089844,24.951889038085938,22.5745849609375,27.417266845703125
2023-01-21,3.493560791015625,5.125030517578125,5.4430084228515625,5.80194091796875,2.4776611328125,5.1107330322265625
2023-01-22,0.305267333984375,0.3413848876953125,1.861572265625,1.431793212890625,1.649078369140625,2.2785186767578125
2023-01-23,1.2944259643554688,1.4981613159179688,1.4093093872070312,1.1943130493164062,0.0158462524414062,1.5234909057617188
2023-01-24,4.6201019287109375,8.827903747558594,2.8449249267578125,3.8051834106445312,0.8771743774414062,1.201019287109375
2023-01-25,1.899993896484375,2.4063262939453125,1.3136444091796875,1.8397674560546875,0.17864990234375,0.7002716064453125
2023-01-26,0.5047073364257812,1.4594497680664062,0.810028076171875,0.638671875,0.001220703125,0.3739776611328125
2023-01-27,0.4105911254882812,0.76080322265625,0.1669845581054687,0.1081466674804687,0.0,0.0212173461914062
2023-01-28,1.3512496948242188,4.51873779296875,0.4334030151367187,1.422576904296875,0.0138473510742187,0.2403106689453125
2023-01-29,0.0225372314453125,0.0690536499023437,0.0076217651367187,0.0189895629882812,0.0,0.00640869140625
2023-01-30,2.551971435546875,4.778335571289063,3.419158935546875,3.2779083251953125,0.8309173583984375,1.295196533203125
2023-01-31,1.4261856079101562,2.627723693847656,0.5189590454101562,1.150634765625,0.1468887329101562,0.3404388427734375
2023-02-01,9.257888793945312,12.243362426757812,6.199821472167969,5.6952667236328125,2.7747573852539062,4.985626220703125
2023-02-02,1.8703689575195312,3.5647964477539062,2.096420288085937,2.2076873779296875,0.3955230712890625,0.9892120361328124
2023-02-03,1.7501068115234375,2.6650314331054688,2.4454345703125,1.6347503662109375,0.1356353759765625,0.193267822265625
2023-02-04,0.1861419677734375,0.2223052978515625,0.4480133056640625,0.2757720947265625,0.0,0.00640869140625
2023-02-05,0.2147979736328125,0.23236083984375,0.16375732421875,0.1193084716796875,0.0,0.0
2023-02-06,0.0152587890625,0.0,0.02081298828125,0.005462646484375,0.0,0.0128173828125
2023-02-07,0.0,0.0003509521484375,0.0,0.0,0.0,0.0
2023-02-08,0.0,0.0,0.0,0.0,0.0,0.0
2023-02-09,1.7342071533203125,3.7573394775390634,1.9967803955078125,1.6447296142578125,0.09796142578125,0.659698486328125
2023-02-10,0.03265380859375,0.0426559448242187,0.1580963134765625,0.1486053466796875,0.00640869140625,0.0270843505859375
2023-02-11,0.0724868774414062,0.1369247436523437,0.004608154296875,0.0396041870117187,0.0,0.0
2023-02-12,0.0410079956054687,0.0367431640625,0.0171661376953125,0.0694122314453125,0.0,0.0
2023-02-13,0.0,0.0,0.0,0.0,0.0,0.0
2023-02-14,0.0,0.0,0.0,0.0,0.0076980590820312,0.0
2023-02-15,0.0007095336914062,0.0,0.0,0.0043411254882812,0.014739990234375,0.0
2023-02-16,0.0083389282226562,0.00762939453125,0.0926971435546875,0.0194473266601562,1.2360916137695312,0.1366424560546875
2023-02-17,0.7227783203125,2.932525634765625,0.167449951171875,0.6688461303710938,0.0323562622070312,0.0133590698242187
2023-02-18,0.0,0.00726318359375,0.0018310546875,0.0,0.0,0.000946044921875
2023-02-19,0.0,0.0,0.0,0.0,0.0,0.0
2023-02-20,0.0666732788085937,0.0083236694335937,0.2807846069335937,7.62939453125e-06,0.276458740234375,0.3498687744140625
2023-02-21,0.0007095336914062,0.0007095336914062,0.6877899169921875,0.0,1.5782623291015625,0.1368789672851562
2023-02-22,0.00177001953125,0.0003509521484375,5.262306213378906,0.11285400390625,11.060279846191406,2.165390014648437
2023-02-23,38.8938102722168,28.576473236083984,61.10711288452149,27.99451065063477,64.1121826171875,46.66799545288086
2023-02-24,4.63775634765625,6.191680908203125,13.84234619140625,7.4609375,22.72792053222656,19.08041381835937
2023-02-25,1.191741943359375,1.5325469970703125,5.4150390625,1.8422622680664065,6.049293518066406,5.422309875488281
2023-02-26,3.6920013427734375,3.6501235961914062,7.0828399658203125,5.960861206054688,10.359420776367188,8.644142150878906
2023-02-27,1.87054443359375,10.561126708984377,0.8126754760742188,6.329032897949219,3.5401763916015625,4.185951232910156
2023-02-28,12.916717529296877,12.50737762451172,14.560684204101562,9.609466552734377,17.356719970703125,10.179954528808594
2023-03-01,0.876190185546875,1.83074951171875,0.7232284545898438,1.066802978515625,0.0060272216796875,0.6118850708007812
2023-03-02,0.3315658569335937,0.5946121215820312,0.8672103881835938,1.0271835327148438,0.8104629516601562,1.199127197265625
2023-03-03,0.9674530029296876,0.7327346801757812,4.108245849609375,0.4667816162109375,13.922630310058594,9.645500183105469
2023-03-04,1.3428497314453125,0.9608612060546876,0.49267578125,0.3032073974609375,7.230316162109375,4.126884460449219
2023-03-05,0.00762939453125,0.0,0.7597122192382812,0.0084915161132812,8.935791015625,1.5013504028320312
2023-03-06,0.0072784423828125,0.0013961791992187,1.5080718994140625,0.09344482421875,22.21821594238281,4.548225402832031
2023-03-07,7.535163879394531,13.799758911132812,26.449630737304688,2.827217102050781,30.60272979736328,23.20323944091797
2023-03-08,3.361640930175781,4.369560241699219,3.681976318359375,1.8630447387695312,13.114097595214844,6.300308227539063
2023-03-09,0.0,0.0381698608398437,0.1156845092773437,0.0888748168945312,0.0,0.0409927368164062
2023-03-10,0.0,0.0,0.0,0.0,0.0,0.0
2023-03-11,1.429962158203125,1.7821884155273438,4.078361511230469,0.2004852294921875,17.92664337158203,3.7869949340820312
2023-03-12,6.8645782470703125,11.897918701171877,13.911949157714844,10.667457580566406,27.3983154296875,18.794830322265625
2023-03-13,0.9127044677734376,3.286163330078125,1.128387451171875,1.928863525390625,0.67236328125,2.775115966796875
2023-03-14,0.0,0.0,0.0027923583984375,0.0018768310546875,0.0,0.00640869140625
2023-03-15,0.0,0.0,0.0,0.0,0.0,0.0
2023-03-16,0.0,0.0,0.0,0.0,0.0,0.0
2023-03-17,0.0,0.0003509521484375,0.0,0.0,0.0,0.046051025390625
2023-03-18,0.4752960205078125,0.45068359375,0.3070602416992187,0.266082763671875,0.065093994140625,0.3709869384765625
2023-03-19,0.0973434448242187,0.2384490966796875,0.11041259765625,0.1887130737304687,0.0,0.00762939453125
2023-03-20,3.814697265625e-06,0.0,3.814697265625e-06,0.0,0.0,0.0
2023-03-21,0.0,0.0,0.0,0.0,0.0,0.0
2023-03-22,1.4283905029296875,1.1771087646484375,0.2195701599121093,0.2978401184082031,0.05120849609375,0.0414886474609375
2023-03-23,0.7273597717285156,0.0950393676757812,0.314422607421875,0.2594146728515625,0.0967140197753906,0.0099334716796875
2023-03-24,12.375885009765623,14.59929656982422,13.664459228515623,9.454757690429688,23.093788146972656,18.8665771484375
2023-03-25,1.2634735107421875,1.9467315673828125,0.5609970092773438,0.9066543579101562,0.064239501953125,0.6374435424804688
2023-03-26,0.0163345336914062,0.15289306640625,0.0,0.0015106201171875,0.0,0.00701904296875
2023-03-27,0.0,0.0,0.0,0.00762939453125,0.0,0.0009384155273437
2023-03-28,0.0717086791992187,0.0454864501953125,1.11590576171875,0.0194091796875,4.1955108642578125,0.9913711547851562
2023-03-29,1.606536865234375,4.1607818603515625,7.701553344726562,1.941436767578125,19.15316772460937,8.908340454101562
2023-03-30,5.740325927734375,5.387298583984375,0.7901153564453125,4.71533203125,0.5635528564453125,1.9838714599609373
2023-03-31,9.413337707519531,22.404052734375,12.178855895996094,11.888931274414062,11.963668823242188,18.981414794921875
2023-04-01,3.2318115234375,9.803665161132812,2.35491943359375,3.365936279296875,1.3695526123046875,2.18133544921875
2023-04-02,0.5257110595703125,0.7711944580078125,1.960205078125,0.9243927001953124,0.7867584228515625,2.5458221435546875
2023-04-03,0.0600814819335937,0.1951828002929687,0.394256591796875,0.1008758544921875,0.1426010131835937,0.7840194702148438
2023-04-04,0.0,0.0003509521484375,0.004852294921875,0.0037460327148437,0.0,0.0
2023-04-05,0.1022796630859375,0.5655746459960938,0.0857696533203125,0.0635986328125,0.0192337036132812,0.013671875
2023-04-06,0.909423828125,1.3121261596679688,2.1742095947265625,1.4429855346679688,2.598823547363281,3.1525802612304688
2023-04-07,1.8263702392578125,3.9820709228515625,2.4742431640625,1.773651123046875,0.2972259521484375,2.6529998779296875
2023-04-08,0.862030029296875,1.7440948486328125,0.7736663818359375,1.13751220703125,0.0010223388671875,0.2334747314453125
2023-04-09,0.0,0.0273818969726562,0.005462646484375,0.0018768310546875,0.1174392700195312,0.0186920166015625
2023-04-10,0.1069259643554687,0.0,1.18841552734375,0.0103607177734375,2.198326110839844,0.5542755126953125
2023-04-11,10.522216796875,8.008499145507812,24.23280334472656,13.93450927734375,32.51918029785156,20.8721923828125
2023-04-12,0.7089691162109375,0.8385772705078125,1.7547454833984375,1.8414154052734373,3.0048370361328125,1.471649169921875
2023-04-13,3.9692153930664062,3.915580749511719,8.100517272949219,3.0533599853515625,20.87660217285156,7.292831420898437
2023-04-14,10.632858276367188,12.937339782714844,5.720672607421875,3.8355712890625,13.60602569580078,3.860801696777344
2023-04-15,6.292488098144531,9.420684814453123,5.130172729492188,4.8986663818359375,12.24530792236328,10.954605102539062
2023-04-16,9.07659149169922,6.576438903808594,5.776145935058594,2.8536834716796875,3.1299819946289062,1.5052337646484375
2023-04-17,0.8574371337890625,1.7895660400390625,1.8117218017578125,0.5885467529296875,0.9841079711914062,0.1251373291015625
2023-04-18,0.0101127624511718,0.24505615234375,0.4747886657714844,0.2414360046386718,0.729217529296875,0.1409797668457031
2023-04-19,1.0468978881835938,1.4207534790039062,3.3812713623046875,1.3996734619140625,7.206405639648437,3.4625701904296875
2023-04-20,0.4491806030273437,0.8392715454101562,1.6978378295898438,2.1186752319335938,0.565460205078125,0.3625106811523437
2023-04-21,0.5312118530273438,3.114551544189453,1.6068115234375,0.8044509887695312,5.967876434326172,3.169597625732422
2023-04-22,14.880989074707031,13.253562927246094,3.2054595947265625,1.324604034423828,14.133377075195312,3.202495574951172
2023-04-23,6.556930541992188,12.930984497070312,4.773979187011719,5.351341247558594,2.824005126953125,2.891998291015625
2023-04-24,0.0065536499023437,0.00762939453125,0.1763534545898437,0.013092041015625,0.0305328369140625,0.0312881469726562
2023-04-25,0.0527114868164062,0.1622085571289062,0.0,0.0,0.0,0.0
2023-04-26,3.7791595458984375,7.432693481445312,2.9273605346679688,2.8995819091796875,1.3887939453125,2.5963287353515625
2023-04-27,2.5394515991210938,5.088706970214844,4.679801940917969,2.4327163696289062,4.780426025390625,4.3707275390625
2023-04-28,0.448486328125,0.294281005859375,1.7390594482421875,0.6081771850585938,7.843757629394531,3.656814575195313
2023-04-29,3.6317291259765625,3.7911300659179688,5.001678466796875,3.202728271484375,8.161422729492188,8.986137390136719
2023-04-30,7.570663452148437,20.43952178955078,11.82097625732422,14.338333129882812,6.626152038574219,5.0847930908203125
2023-05-01,1.6682815551757812,2.742881774902344,3.95513916015625,2.722358703613281,0.8538970947265625,2.0414352416992188
2023-05-02,0.656646728515625,1.6538314819335938,0.6121826171875,0.7472000122070312,0.0029449462890625,0.090789794921875
2023-05-03,0.0007095336914062,0.0090255737304687,0.0213088989257812,0.0834808349609375,0.536376953125,0.0
2023-05-04,0.8176689147949219,0.8485183715820312,2.7014083862304688,0.6624641418457031,0.1422004699707031,0.3728713989257812
2023-05-05,2.04156494140625,1.7299423217773438,2.7737998962402344,0.5704841613769531,0.0851364135742187,0.0545310974121093
2023-05-06,0.1011581420898437,0.0731430053710937,0.8628921508789062,0.1858139038085937,8.434730529785156,7.7128448486328125
2023-05-07,1.911949157714844,2.4306716918945312,2.093994140625,2.546424865722656,2.7129135131835938,5.870162963867188
2023-05-08,5.4231719970703125,4.124557495117188,7.08367919921875,5.175025939941406,33.688087463378906,12.8892822265625
2023-05-09,3.64605712890625,8.83941650390625,3.807327270507813,4.082550048828125,12.61772918701172,5.531524658203125
2023-05-10,1.3141021728515625,0.8911285400390625,4.544921875,1.009674072265625,3.121551513671875,4.3693389892578125
2023-05-11,1.784759521484375,2.3955230712890625,5.583061218261719,1.9329681396484373,18.738014221191406,15.351669311523438
2023-05-12,5.766036987304688,4.6384124755859375,8.579910278320312,4.191665649414063,18.371749877929688,11.818862915039062
2023-05-13,0.290985107421875,0.5484161376953125,4.645065307617188,2.01593017578125,31.595291137695312,9.194305419921877
2023-05-14,3.889328002929688,3.5138702392578125,4.2720794677734375,3.8892974853515625,10.843887329101562,7.246170043945312
2023-05-15,1.3048858642578125,4.2656097412109375,3.0221710205078125,3.755905151367188,10.556793212890623,10.052734375
2023-05-16,0.0954132080078125,0.16790771484375,0.0653533935546875,0.1024932861328125,0.00152587890625,0.0537109375
2023-05-17,0.1426239013671875,0.2927169799804687,0.1572341918945312,0.1469535827636718,0.0384597778320312,0.0
2023-05-18,0.3909759521484375,0.9709548950195312,0.7945938110351562,0.689697265625,1.334381103515625,4.191154479980469
2023-05-19,1.188201904296875,2.7201919555664062,1.5119781494140625,1.0838088989257812,0.313995361328125,0.6030426025390625
2023-05-20,2.91644287109375,5.7215728759765625,2.2262191772460938,4.080299377441406,5.4091339111328125,0.8339004516601562
2023-05-21,0.9407196044921876,2.2794342041015625,2.785247802734375,1.028778076171875,5.5296630859375,9.430450439453123
2023-05-22,8.135772705078125,8.79290771484375,8.263702392578125,6.324981689453125,13.443511962890623,14.364959716796877
2023-05-23,11.832427978515623,10.167205810546877,3.2745513916015625,5.832130432128906,0.93902587890625,5.421798706054688
2023-05-24,3.31591796875,5.9498138427734375,3.820762634277344,2.6348648071289062,0.5980377197265625,1.3079910278320312
2023-05-25,4.933738708496094,6.341468811035156,3.80587387084961,3.912403106689453,2.9168052673339844,6.230014801025391
2023-05-26,4.232078552246094,9.769149780273438,6.651390075683594,5.542037963867188,11.933265686035156,1.1728439331054688
2023-05-27,7.283050537109375,10.09905242919922,7.150276184082031,6.812217712402344,15.461196899414062,5.750579833984375
2023-05-28,8.074081420898438,4.36212158203125,5.2853851318359375,4.076774597167969,14.154136657714844,3.183753967285156
2023-05-29,7.380096435546875,8.770660400390625,8.198570251464844,7.0353851318359375,11.878776550292969,7.995513916015625
2023-05-30,9.612785339355469,10.42684555053711,9.765323638916016,6.084201812744141,8.608379364013672,12.395801544189451
2023-05-31,3.821723937988281,4.9139404296875,1.2093734741210938,2.0770721435546875,9.612754821777344,9.75127410888672
2023-06-01,2.288028717041016,6.392570495605469,5.740863800048828,3.923744201660156,2.3573226928710938,9.117290496826172
2023-06-02,5.399040222167969,4.4147796630859375,0.665252685546875,0.5050201416015625,0.0935516357421875,1.0757064819335938
2023-06-03,2.2174224853515625,4.715919494628906,3.320503234863281,2.0961990356445312,1.7234115600585938,2.6548080444335938
2023-06-04,17.94884490966797,17.97162628173828,17.35186767578125,24.232223510742188,10.068748474121094,14.053810119628906
2023-06-05,2.2015533447265625,8.66064453125,9.315299987792969,9.721794128417969,10.661415100097656,15.625083923339844
2023-06-06,6.094337463378906,4.806884765625,0.9197311401367188,0.5808944702148438,1.7170791625976562,1.2774124145507812
2023-06-07,5.75054931640625,7.8698577880859375,7.492080688476562,1.571502685546875,6.0539398193359375,7.791709899902344
2023-06-08,7.630279541015625,14.41913604736328,2.8183517456054688,4.323265075683594,8.392631530761719,12.09344482421875
2023-06-09,4.660400390625,7.715141296386719,5.3036651611328125,10.083621978759766,2.77396011352539,16.441722869873047
2023-06-10,1.572235107421875,2.2807846069335938,2.646690368652344,1.89617919921875,0.9080352783203124,5.191986083984375
2023-06-11,2.733222961425781,3.6585769653320312,1.1406021118164062,1.4458274841308594,0.4530715942382812,1.1432418823242188
2023-06-12,21.610137939453125,16.67932891845703,23.376480102539062,17.262672424316406,14.351921081542969,11.919403076171877
2023-06-13,22.486656188964844,28.313255310058597,24.70989990234375,23.51939392089844,26.315109252929688,20.31117248535156
2023-06-14,2.060127258300781,12.608505249023438,3.699508666992188,10.118873596191406,5.3485870361328125,12.583122253417969
2023-06-15,0.1919021606445312,2.3582916259765625,0.5198135375976562,0.8834381103515625,0.0066070556640625,0.308380126953125
2023-06-16,0.0045242309570312,0.0072784423828125,0.0058059692382812,0.0,0.0,0.0586395263671875
2023-06-17,0.1818466186523437,0.4834365844726562,0.7098541259765625,0.4845046997070312,0.0128173828125,2.4291305541992188
2023-06-18,0.3354873657226562,0.72015380859375,0.1623916625976562,1.211334228515625,0.44830322265625,2.389633178710937
2023-06-19,0.0,0.0007095336914062,0.0,0.1238021850585937,0.7353973388671875,0.5804367065429688
2023-06-20,0.01470947265625,0.038177490234375,1.279815673828125,0.5815887451171875,0.025634765625,0.55841064453125
2023-06-21,10.701980590820312,9.145706176757812,5.671699523925781,2.74493408203125,2.1716461181640625,1.3609161376953125
2023-06-22,0.384765625,1.147491455078125,3.00848388671875,1.433837890625,2.407470703125,4.244430541992188
2023-06-23,0.5128097534179688,0.273406982421875,0.8944625854492188,0.3014907836914062,0.1640090942382812,0.6786041259765625
2023-06-24,0.0382461547851562,0.315155029296875,0.1478652954101562,0.296478271484375,0.0051345825195312,0.22540283203125
2023-06-25,6.902885437011719,13.875991821289062,0.3981704711914062,0.7330551147460938,0.1320877075195312,0.3083419799804687
2023-06-26,0.1843414306640625,0.94720458984375,0.2617950439453125,0.397857666015625,0.2211761474609375,2.2484588623046875
2023-06-27,0.0003509521484375,0.0041656494140625,7.62939453125e-06,0.0,0.0,0.00640869140625
2023-06-28,11.892898559570312,17.526512145996094,2.8634567260742188,3.475532531738281,5.52984619140625,2.7734832763671875
2023-06-29,1.304962158203125,3.798660278320313,1.943077087402344,1.4329605102539062,2.318954467773437,4.119010925292969
2023-06-30,0.5625839233398438,0.105377197265625,0.23223876953125,0.4929733276367187,0.58392333984375,0.9980926513671876
2023-07-01,8.392326354980469,5.4111175537109375,8.150100708007812,1.871826171875,2.1520004272460938,0.886505126953125
2023-07-02,5.006523132324219,4.163047790527344,8.784286499023438,4.012474060058594,1.895668029785156,7.026908874511719
2023-07-03,1.9264678955078125,2.132049560546875,2.3824615478515625,1.0196990966796875,2.3934783935546875,1.96881103515625
2023-07-04,4.6969146728515625,5.429054260253906,3.2315444946289062,4.8194732666015625,0.8730545043945312,2.1190261840820312
2023-07-05,0.20648193359375,0.013275146484375,0.2756805419921875,0.469146728515625,0.0,0.0382843017578125
2023-07-06,0.0045318603515625,0.0,0.0,0.0,0.0062255859375,0.089752197265625
2023-07-07,7.62939453125e-06,0.0,0.0,7.62939453125e-06,0.0,0.0
2023-07-08,0.000701904296875,0.1289825439453125,0.0036468505859375,0.0256500244140625,0.0384521484375,0.0185089111328125
2023-07-09,0.0134735107421875,0.2267913818359375,0.2444305419921875,0.070068359375,0.0,0.0128173828125
2023-07-10,0.0,0.6886672973632812,0.0,0.0647506713867187,0.0,0.0448684692382812
2023-07-11,0.16949462890625,0.6940155029296875,0.4108123779296875,0.567474365234375,0.0,0.0128250122070312
2023-07-12,0.0401382446289062,0.282958984375,0.1898345947265625,0.065643310546875,0.0143890380859375,0.6754608154296875
2023-07-13,0.0,0.0,0.0255355834960937,0.0,0.0020599365234375,0.0128173828125
2023-07-14,0.0,0.0,0.0,0.0,0.0,0.0
2023-07-15,1.2297515869140625,1.3803558349609375,0.02911376953125,0.4232177734375,0.0045013427734375,0.0166015625
2023-07-16,0.0400543212890625,0.1005477905273437,0.0181732177734375,0.046142578125,0.1361312866210937,0.3521270751953125
2023-07-17,0.3576812744140625,0.6180953979492188,0.90899658203125,1.5057754516601562,0.0580368041992187,1.2794876098632812
2023-07-18,0.195037841796875,0.372467041015625,0.3765106201171875,0.2321548461914062,0.0842666625976562,0.2217483520507812
2023-07-19,0.08477783203125,1.6199188232421875,0.139617919921875,0.1270599365234375,0.0,0.7381744384765625
2023-07-20,0.0007095336914062,0.0858917236328125,0.0338287353515625,0.0098037719726562,0.0,0.0
2023-07-21,0.0,0.0,0.0,0.0,0.0,0.0
2023-07-22,0.2706756591796875,0.0504531860351562,0.1301956176757812,0.035003662109375,0.0,0.0
2023-07-23,16.92315673828125,18.144439697265625,4.838722229003906,5.107269287109375,3.652557373046875,0.7133636474609375
2023-07-24,0.2284011840820312,0.4167327880859375,0.2398147583007812,0.191070556640625,0.0205459594726562,0.0552520751953125
2023-07-25,0.0,7.62939453125e-06,0.0,0.0,0.0,0.0
2023-07-26,0.0021209716796875,0.1428146362304687,0.0828475952148437,0.0518341064453125,0.00616455078125,0.552215576171875
2023-07-27,0.0569534301757812,0.1109237670898437,0.097869873046875,0.0236282348632812,0.0,0.0
2023-07-28,0.383941650390625,0.9711151123046876,0.08111572265625,0.16156005859375,0.5739288330078125,1.4846038818359375
2023-07-29,0.0,0.0,0.0534744262695312,0.0,0.0769195556640625,0.0
2023-07-30,0.716766357421875,1.9169921875,1.0389251708984375,1.7835006713867188,3.095367431640625,0.1562957763671875
2023-07-31,0.0,0.0,0.0,0.0,0.0,0.0
2023-08-01,0.0,0.0062332153320312,0.0,0.0,0.0016708374023437,0.0
2023-08-02,15.378440856933594,6.1055755615234375,20.867645263671875,6.477508544921875,17.644981384277344,8.688278198242188
2023-08-03,4.650382995605469,6.598213195800781,1.3189315795898438,1.3653411865234375,4.466590881347656,0.3469772338867187
2023-08-04,10.683517456054688,13.746200561523438,15.640151977539062,10.065338134765623,6.956573486328125,4.889801025390625
2023-08-05,0.889068603515625,1.5198211669921875,1.374481201171875,1.5781402587890625,0.024658203125,0.267059326171875
2023-08-06,0.0,0.0,0.0181732177734375,0.0,0.0,0.0189666748046875
2023-08-07,0.7121200561523438,0.2313003540039062,6.278114318847656,2.8278884887695312,0.3499526977539062,1.6034088134765625
2023-08-08,0.46649169921875,0.7786712646484375,0.2979049682617187,0.515716552734375,0.0041122436523437,0.1345291137695312
2023-08-09,0.0145492553710937,0.0083236694335937,0.0,0.005462646484375,0.0,0.0
2023-08-10,0.0,0.0,0.0,0.0,0.00653076171875,0.0
2023-08-11,0.0374526977539062,0.0966033935546875,0.2604293823242187,0.1253814697265625,0.4405899047851562,0.2831497192382812
2023-08-12,1.5146636962890625,1.8553466796875,2.276596069335937,1.4003372192382812,2.937049865722656,3.432159423828125
2023-08-13,1.6904296875,2.1313705444335938,0.5507049560546875,1.248016357421875,0.6598281860351562,1.9476318359375
2023-08-14,0.8646163940429688,1.7914352416992188,0.1614990234375,0.4324722290039062,1.52423095703125,1.6481475830078125
2023-08-15,1.1521148681640625,1.0402145385742188,1.545745849609375,1.36505126953125,0.6671981811523438,3.2318344116210938
2023-08-16,8.359024047851562,5.432952880859375,8.207603454589844,8.431121826171875,3.0748291015625,2.453208923339844
2023-08-17,0.2833633422851562,0.1144027709960937,0.6167373657226562,0.32061767578125,1.110931396484375,0.7625808715820312
2023-08-18,0.5666046142578125,1.0187644958496094,0.5502357482910156,1.2435417175292969,0.070159912109375,2.3134002685546875
2023-08-19,0.3167877197265625,0.7192916870117188,0.1586799621582031,0.1977691650390625,0.1410789489746093,0.0009498596191406
2023-08-20,0.2515106201171875,0.4625778198242187,0.6271209716796875,0.5893630981445312,0.4246139526367187,0.1576461791992187
2023-08-21,3.070869445800781,4.3861846923828125,1.87554931640625,2.1260528564453125,5.297599792480469,7.546211242675781
2023-08-22,0.2072601318359375,0.1847686767578125,0.0343780517578125,0.19970703125,1.0747528076171875,1.2672119140625
2023-08-23,0.0003547668457031,0.0007095336914062,0.0201454162597656,0.0046005249023437,0.2453994750976562,0.3597526550292969
2023-08-24,0.0,0.0083236694335937,0.0036468505859375,0.0,0.1279144287109375,0.3240432739257812
2023-08-25,0.4343719482421875,1.1582489013671875,3.500885009765625,1.0460357666015625,17.665420532226562,1.0870819091796875
2023-08-26,1.3828125,0.9643707275390624,3.5833892822265625,2.027679443359375,9.920989990234377,4.1134796142578125
2023-08-27,0.33209228515625,0.7943572998046875,3.0377197265625,0.2863616943359375,4.7868499755859375,1.0458984375
2023-08-28,7.623123168945312,6.60467529296875,1.1644134521484375,0.631256103515625,4.555450439453125,0.4109039306640625
2023-08-29,0.1948699951171875,0.4465103149414062,0.239105224609375,0.13983154296875,0.1236953735351562,0.5811920166015625
2023-08-30,0.1066513061523437,0.5951766967773438,0.0231781005859375,0.0488662719726562,0.0707015991210937,0.01922607421875
2023-08-31,3.669975280761719,2.513214111328125,0.3439102172851562,0.171142578125,0.03851318359375,0.0104751586914062
2023-09-01,11.012290954589844,19.8172607421875,7.825584411621094,7.340583801269531,0.6591644287109375,4.0982208251953125
2023-09-02,1.7870025634765625,1.618011474609375,2.082138061523437,0.720245361328125,0.03179931640625,0.03900146484375
2023-09-03,0.019317626953125,0.1087646484375,0.0334320068359375,0.007476806640625,0.013580322265625,0.0769195556640625
2023-09-04,1.014404296875,1.03656005859375,1.477752685546875,0.559967041015625,6.14239501953125,7.66522216796875
2023-09-05,0.001068115234375,0.0020751953125,0.0,0.0,0.251251220703125,0.0
2023-09-06,0.0,0.0,0.0,0.0,0.0,0.0
2023-09-07,0.0,0.0,0.0,0.0,0.0,0.0
2023-09-08,0.0,0.0,0.0,0.0,0.0,0.0
2023-09-09,0.0,0.0,0.0833282470703125,0.0,0.00018310546875,0.069793701171875
2023-09-10,0.1199493408203125,0.1247940063476562,0.0,0.0,0.0,0.0256423950195312
2023-09-11,0.8755950927734375,1.3314971923828125,2.869857788085937,0.2815017700195312,0.0128173828125,0.1646881103515625
2023-09-12,0.77392578125,2.1416549682617188,1.668365478515625,0.162811279296875,0.0321502685546875,1.0779266357421875
2023-09-13,0.352142333984375,1.0550003051757812,1.2893600463867188,0.6656265258789062,0.219512939453125,1.4917144775390625
2023-09-14,0.0356903076171875,0.205596923828125,0.206573486328125,0.0243377685546875,0.1232147216796875,0.5406951904296875
2023-09-15,0.0682525634765625,0.0228729248046875,0.0437774658203125,0.0,0.0722198486328125,0.0351104736328125
2023-09-16,11.435340881347656,6.447364807128906,6.354454040527344,3.5790557861328125,0.158477783203125,3.1787338256835938
2023-09-17,7.0711822509765625,6.842697143554688,8.010345458984375,6.558441162109375,0.50396728515625,8.306015014648438
2023-09-18,1.29205322265625,0.3802947998046875,0.323822021484375,0.6006622314453125,0.6644134521484375,3.31561279296875
2023-09-19,0.0236129760742187,0.0062332153320312,0.6693954467773438,0.0647735595703125,1.3324966430664062,1.2817459106445312
2023-09-20,0.0,0.004150390625,0.002777099609375,0.0,0.0,0.0057373046875
2023-09-21,25.671127319335938,25.105682373046875,30.67280578613281,22.435867309570312,32.96675109863281,20.120132446289062
2023-09-22,7.410621643066406,4.776634216308594,8.965370178222656,6.0185394287109375,14.226791381835938,8.667587280273438
2023-09-23,0.029083251953125,0.009033203125,0.10882568359375,0.005462646484375,2.07049560546875,0.042266845703125
2023-09-24,0.0,0.0,7.62939453125e-06,7.62939453125e-06,0.0019149780273437,0.0
2023-09-25,0.006195068359375,0.0,0.0,0.0,2.41607666015625,0.2108154296875
2023-09-26,0.0083465576171875,0.023956298828125,0.004852294921875,0.001861572265625,0.0710906982421875,0.0989990234375
2023-09-27,0.0,0.332794189453125,1.0185394287109375,0.5047149658203125,0.0007781982421875,0.3058013916015625
2023-09-28,1.0152511596679688,3.5445480346679688,1.6788787841796875,1.2568283081054688,0.00244140625,2.4400711059570312
2023-09-29,0.0,0.0,0.0060577392578125,7.62939453125e-06,0.0,7.62939453125e-06
2023-09-30,0.0,0.0,7.62939453125e-06,0.0,0.0,0.0
2023-10-01,0.0188140869140625,0.047119140625,0.1043243408203125,0.0851287841796875,0.0,0.0
2023-10-02,0.0450592041015625,0.0929412841796875,0.7534942626953125,0.3281707763671875,0.306793212890625,0.6574859619140625
2023-10-03,0.0376358032226562,0.000701904296875,0.1517715454101562,0.1356124877929687,0.0003814697265625,0.0613021850585937
2023-10-04,0.0,7.62939453125e-06,0.0,0.0,0.0,7.62939453125e-06
2023-10-05,0.0367202758789062,0.1913681030273437,0.1521759033203125,0.1042098999023437,0.0,0.0384597778320312
2023-10-06,0.000701904296875,0.2342529296875,0.0505905151367187,0.022735595703125,0.0,0.019866943359375
2023-10-07,0.4977264404296875,2.614936828613281,0.4174270629882812,2.1194610595703125,0.21002197265625,0.3062591552734375
2023-10-08,0.0,0.0,0.0,0.0,0.0,0.0
2023-10-09,0.0,0.0,0.0,0.0,0.0,0.0
2023-10-10,0.0,0.0072784423828125,0.004608154296875,0.0,0.00738525390625,0.54486083984375
2023-10-11,0.0,0.0,7.62939453125e-06,7.62939453125e-06,0.0,7.62939453125e-06
2023-10-12,4.948493957519531,3.595443725585937,1.7679595947265625,0.3322982788085937,0.12603759765625,0.0550765991210937
2023-10-13,0.3714599609375,0.0702285766601562,1.9625015258789065,1.2283248901367188,2.4597244262695312,2.6824951171875
2023-10-14,0.0,0.0,0.0,0.0,0.3250045776367187,0.475677490234375
2023-10-15,0.0,0.0,0.0,0.0,0.0010223388671875,0.006683349609375
2023-10-16,0.008056640625,0.0093536376953125,0.613616943359375,0.0165863037109375,0.2873992919921875,0.0
2023-10-17,0.0166778564453125,0.0,2.158187866210937,0.0975341796875,1.1865081787109375,0.071685791015625
2023-10-18,12.543685913085938,4.517501831054688,25.27963256835937,11.252548217773438,38.67994689941406,21.76646423339844
2023-10-19,0.08941650390625,0.3355865478515625,0.685821533203125,1.1535186767578125,17.121353149414062,5.24676513671875
2023-10-20,0.0125885009765625,0.0,0.038726806640625,0.0345458984375,0.0621490478515625,0.021392822265625
2023-10-21,0.0,0.0,0.0,0.0,0.0,0.0
2023-10-22,2.887489318847656,2.5148468017578125,10.779457092285156,9.843902587890623,40.492279052734375,19.89371490478516
2023-10-23,0.1275634765625,0.1637420654296875,0.4313201904296875,0.0780181884765625,9.941787719726562,2.7461090087890625
2023-10-24,1.01251220703125,2.6143798828125,10.304916381835938,8.3282470703125,56.590362548828125,33.11265563964844
2023-10-25,0.0604400634765625,0.0483245849609375,0.3062744140625,0.366363525390625,6.783706665039063,1.646514892578125
2023-10-26,0.0,1.52587890625e-05,0.0036468505859375,1.52587890625e-05,0.0,1.52587890625e-05
2023-10-27,0.0,0.0,0.0,0.0,0.0,0.0
2023-10-28,2.2532196044921875,1.3077545166015625,8.014724731445312,8.365325927734375,48.456878662109375,7.874969482421875
2023-10-29,1.6579437255859375,0.223907470703125,0.0268707275390625,0.03619384765625,0.0521697998046875,0.08843994140625
2023-10-30,3.419036865234375,7.3804931640625,4.0723876953125,5.272552490234375,12.12255859375,4.2571563720703125
2023-10-31,6.8865509033203125,7.7701416015625,34.814430236816406,18.76355743408203,62.75502014160156,54.03923034667969
2023-11-01,0.123870849609375,0.8532257080078125,2.376251220703125,1.9367523193359373,4.895553588867188,9.6292724609375
2023-11-02,5.170455932617188,11.873764038085938,20.074539184570312,5.437423706054688,42.60975646972656,37.02751159667969
2023-11-03,0.0,0.0,0.096710205078125,0.069580078125,2.4962158203125,0.116973876953125
2023-11-04,6.632247924804688,4.667572021484375,3.5225372314453125,0.499481201171875,14.014022827148438,6.43096923828125
2023-11-05,28.563278198242188,24.62505340576172,19.437767028808597,22.259727478027344,35.439178466796875,30.457000732421875
2023-11-06,0.0041732788085937,0.0,0.0,0.0048980712890625,0.0,0.0235671997070312
2023-11-07,0.6703643798828125,0.4808883666992187,11.820442199707031,2.5659942626953125,41.20410919189453,57.070556640625
2023-11-08,5.7135772705078125,8.886360168457031,5.5512542724609375,3.3451919555664062,21.49663543701172,23.78295135498047
2023-11-09,0.0250244140625,0.0,0.00555419921875,0.0201339721679687,0.1189651489257812,0.2129058837890625
2023-11-10,0.0072784423828125,0.0034637451171875,0.0,0.0038909912109375,0.002044677734375,0.0
2023-11-11,0.0014266967773437,0.0,0.0602340698242187,0.0,0.5042572021484375,0.0986785888671875
2023-11-12,14.15583038330078,14.775352478027344,11.278846740722656,11.031280517578123,15.770797729492188,10.55756378173828
2023-11-13,0.0,0.0,0.0,0.0,0.0,0.0
2023-11-14,7.508598327636719,8.229438781738281,17.363754272460938,12.893180847167969,35.474571228027344,27.8240966796875
2023-11-15,2.306060791015625,5.51123046875,3.281036376953125,2.501670837402344,0.0841598510742187,1.4993362426757812
2023-11-16,0.2384185791015625,0.4404525756835937,0.3787002563476562,0.3389053344726562,0.0189895629882812,0.2896499633789062
2023-11-17,0.0,0.0,0.0237960815429687,0.0,0.4130706787109375,0.0113754272460937
2023-11-18,15.150421142578123,13.586654663085938,34.819061279296875,26.24066162109375,33.51191711425781,66.28970336914062
2023-11-19,11.97802734375,12.92913818359375,13.126861572265623,9.148300170898438,12.703048706054688,10.522567749023438
2023-11-20,0.4091949462890625,0.6408004760742188,0.3923416137695312,0.255767822265625,0.2188262939453125,0.142791748046875
2023-11-21,9.872360229492188,12.566146850585938,4.9575042724609375,6.5575103759765625,29.725830078125,32.15087890625
2023-11-22,9.3551025390625,15.015335083007812,20.763931274414062,19.391036987304688,28.738357543945312,38.32958984375
2023-11-23,0.440887451171875,1.2971954345703125,0.27508544921875,0.674468994140625,0.15618896484375,0.3802490234375
2023-11-24,0.0097503662109375,0.0721893310546875,0.751983642578125,0.035980224609375,2.370758056640625,2.9540557861328125
2023-11-25,13.125198364257812,7.8713836669921875,41.68353271484375,22.71009826660156,60.18367004394531,63.557403564453125
2023-11-26,0.645355224609375,0.4023208618164062,0.3806228637695312,0.1503982543945312,5.931427001953125,6.875160217285156
2023-11-27,0.01214599609375,0.0,3.094970703125,0.32366943359375,20.27911376953125,10.207778930664062
2023-11-28,0.4155120849609375,0.076507568359375,10.573532104492188,2.384140014648437,41.45846557617188,34.71124267578125
2023-11-29,5.654876708984375,5.043121337890625,16.490615844726562,6.0933837890625,36.82368469238281,28.06513977050781
2023-11-30,3.263900756835937,3.922317504882813,4.067657470703125,2.108245849609375,7.661483764648437,2.7015838623046875
2023-12-01,0.0003585815429687,0.0152740478515625,0.0302581787109375,0.0480575561523437,0.0,0.0289306640625
2023-12-02,0.0,0.0,0.005218505859375,0.002166748046875,0.0400772094726562,0.0681228637695312
2023-12-03,1.0402679443359375,0.31591796875,1.259552001953125,0.3447494506835937,5.2979278564453125,3.594833374023437
2023-12-04,8.371376037597656,7.785896301269531,7.188385009765625,6.06365966796875,10.632362365722656,6.208541870117188
2023-12-05,0.50433349609375,1.1569290161132812,0.3660507202148437,0.5094146728515625,7.62939453125e-06,0.0841522216796875
2023-12-06,0.0,0.03466796875,0.0,0.01092529296875,0.0,0.0
2023-12-07,5.630126953125,6.011962890625,5.4337005615234375,3.6954193115234375,3.860382080078125,2.9569549560546875
2023-12-08,0.0,0.0,0.0298614501953125,0.037109375,0.0,0.024383544921875
2023-12-09,0.723419189453125,1.959014892578125,0.38250732421875,0.1702346801757812,0.21417236328125,0.479522705078125
2023-12-10,0.0124130249023437,0.0052261352539062,4.959152221679688,0.06121826171875,32.65418243408203,9.627365112304688
2023-12-11,32.116424560546875,27.819435119628903,30.35747528076172,24.79375457763672,43.90538787841797,40.28074645996094
2023-12-12,2.7407379150390625,9.176284790039062,4.040695190429688,1.9878158569335935,0.1333847045898437,0.7075042724609375
2023-12-13,1.4076385498046875,2.5056228637695312,2.6459503173828125,1.3288421630859375,0.4804534912109375,0.7279129028320312
2023-12-14,0.0672149658203125,0.0609970092773437,0.0644454956054687,0.035980224609375,0.0,7.62939453125e-06
2023-12-15,0.0,0.0,0.0,0.0,0.0,0.0
2023-12-16,0.0,0.0,0.0,0.0,0.0,0.0
2023-12-17,0.0,0.0,0.0,0.0,0.0,0.0
2023-12-18,0.48980712890625,0.4669265747070312,0.8700103759765625,0.6665573120117188,0.1082305908203125,0.8376998901367188
2023-12-19,11.655235290527344,10.24676513671875,3.0000228881835938,1.522918701171875,5.683746337890625,4.20849609375
2023-12-20,1.1616363525390625,4.233924865722656,0.6806716918945312,2.2316131591796875,0.7083892822265625,0.5913238525390625
2023-12-21,0.0,0.0,0.0,0.0,0.128265380859375,0.0882110595703125
2023-12-22,0.0,0.0,0.0,0.0,0.0041046142578125,0.0
2023-12-23,0.0,0.0,0.0036468505859375,0.0,0.0148773193359375,0.0
2023-12-24,0.0,0.0,0.0,0.0,0.0010299682617187,0.0
2023-12-25,0.0,0.0,0.0,0.0,0.0,0.0
2023-12-26,0.0,0.0,0.0,0.0,0.0,0.0
2023-12-27,0.0,0.0031204223632812,0.0,0.0,0.0,0.0
2023-12-28,0.0,0.0,0.00555419921875,0.0,0.0,0.0
2023-12-29,0.4226150512695312,0.409759521484375,1.6150741577148438,0.0230331420898437,13.541267395019531,8.854972839355469
2023-12-30,1.3233108520507812,1.3786773681640625,0.606353759765625,0.27294921875,6.285903930664063,4.361259460449219
2023-12-31,1.2228469848632812,2.7930145263671875,2.282020568847656,1.1650543212890625,8.15887451171875,5.385673522949219
2024-01-01,0.0681915283203125,0.2835845947265625,0.439697265625,0.170684814453125,8.199958801269531,1.8527755737304688
2024-01-02,0.0434341430664062,0.0186996459960937,1.5133285522460938,0.0,2.49566650390625,0.5018310546875
2024-01-03,0.295654296875,1.2472305297851562,2.373886108398437,1.1835479736328125,7.607093811035156,5.602333068847656
2024-01-04,7.267364501953125,6.050605773925781,9.16558074951172,5.5962677001953125,14.70806121826172,13.093025207519531
2024-01-05,4.930702209472656,5.726730346679688,7.508155822753906,7.410003662109375,5.23675537109375,7.007270812988281
2024-01-06,0.881011962890625,1.40643310546875,0.7150421142578125,0.7944183349609375,0.0535736083984375,0.426483154296875
2024-01-07,0.0270538330078125,0.0495529174804687,0.0392303466796875,0.0056076049804687,0.0,0.0
2024-01-08,0.0,0.0,0.0,0.0,0.0,0.0
2024-01-09,0.5015640258789062,1.5673141479492188,0.8114776611328125,0.4805145263671875,0.0405120849609375,0.2376861572265625
2024-01-10,0.20166015625,0.27532958984375,0.221405029296875,0.1994476318359375,0.0010223388671875,0.025909423828125
2024-01-11,0.0,0.0,0.023956298828125,0.0,0.39727783203125,0.041351318359375
2024-01-12,1.56109619140625,1.471771240234375,3.3486785888671875,0.45648193359375,28.558074951171875,20.20909118652344
2024-01-13,6.0887451171875,5.8873291015625,2.6689453125,1.6382598876953125,3.8041839599609375,8.890914916992188
2024-01-14,0.1127777099609375,0.0062255859375,2.4890213012695312,0.1346511840820312,11.039100646972656,5.4031982421875
2024-01-15,0.6548919677734375,0.16693115234375,13.778457641601562,6.059005737304688,95.64884948730467,48.94497680664063
2024-01-16,2.0587158203125,2.793701171875,2.726058959960937,2.1298370361328125,16.360382080078125,4.837081909179688
2024-01-17,8.711929321289062,10.307174682617188,18.559295654296875,15.258399963378906,25.27800750732422,39.87125396728516
2024-01-18,0.0,0.0083541870117187,0.032928466796875,0.0408477783203125,0.0041122436523437,0.0753860473632812
2024-01-19,0.0,0.0,0.0,0.0,0.0,0.0
2024-01-20,2.0605697631835938,3.241668701171875,1.5106582641601562,1.2969512939453125,0.3106002807617187,0.8606414794921875
2024-01-21,0.0,7.62939453125e-06,7.62939453125e-06,0.0152511596679687,0.0,0.0128173828125
2024-01-22,6.060356140136719,10.7744140625,2.6584701538085938,5.1192169189453125,0.7120513916015625,1.8571624755859373
2024-01-23,0.043853759765625,0.2633514404296875,0.0152511596679687,0.0169830322265625,0.0020523071289062,0.0
2024-01-24,1.15234375,2.194007873535156,0.7004928588867188,0.9730682373046876,0.0356674194335937,0.3111343383789062
2024-01-25,0.4500274658203125,1.4288101196289062,0.8834915161132812,1.291412353515625,0.1105804443359375,0.9733734130859376
2024-01-26,0.3472442626953125,1.0926971435546875,0.4010238647460937,0.3402328491210937,0.0157089233398437,0.0600433349609375
2024-01-27,0.0048828125,0.0,0.0196990966796875,0.0227508544921875,0.0,0.0057296752929687
2024-01-28,0.0,7.62939453125e-06,0.0,0.0,0.0,0.0
2024-01-29,0.208587646484375,0.7193450927734375,0.027862548828125,0.040069580078125,0.0,0.0
2024-01-30,0.358856201171875,1.254730224609375,0.6027374267578125,0.40618896484375,0.01898193359375,0.20892333984375
2024-01-31,0.0167007446289062,0.0090255737304687,0.0116119384765625,0.0425643920898437,7.62939453125e-06,0.0
2024-02-01,0.0,0.0,0.0,0.0,0.0,0.0
2024-02-02,0.0,0.0,0.0,0.0,0.0,0.0
2024-02-03,0.0,0.0,0.004608154296875,0.0,0.0,0.0
2024-02-04,0.0,0.0,0.0137939453125,0.0,0.317779541015625,0.006622314453125
2024-02-05,0.014556884765625,0.0,0.1996917724609375,0.0,3.061309814453125,0.101531982421875
2024-02-06,0.001068115234375,0.0,0.1125946044921875,0.0027313232421875,1.674041748046875,0.108795166015625
2024-02-07,7.560226440429687,3.298446655273437,30.04379272460937,9.428573608398438,20.371177673339844,17.95024871826172
2024-02-08,12.16278076171875,6.4792327880859375,38.01277160644531,13.43915557861328,50.01405334472656,36.49962615966797
2024-02-09,3.33477783203125,4.92578125,1.429107666015625,1.5754241943359375,7.7559814453125,2.2182769775390625
2024-02-10,2.1044464111328125,2.7841949462890625,1.9609527587890625,1.66375732421875,0.0433349609375,0.457000732421875
2024-02-11,0.3473739624023437,1.5316696166992188,0.9059906005859376,1.1967315673828125,0.0010223388671875,0.18780517578125
2024-02-12,0.0,0.0,0.0,0.0064773559570312,0.0053863525390625,0.00640869140625
2024-02-13,0.0,0.0,0.0,0.0,0.0,0.0
2024-02-14,0.0,0.0,0.0,0.0,0.0,0.0
2024-02-15,0.9340667724609376,1.86907958984375,0.859130859375,0.9092559814453124,0.073883056640625,0.1727294921875
2024-02-16,0.0,0.0083236694335937,0.0,0.0037307739257812,0.004119873046875,0.0189666748046875
2024-02-17,0.6234970092773438,1.6045150756835938,1.427978515625,0.8455581665039062,0.10235595703125,0.91644287109375
2024-02-18,0.2523880004882812,1.030426025390625,0.2266616821289062,0.3714370727539062,0.1962738037109375,0.0128250122070312
2024-02-19,0.0,0.0,0.1341171264648437,0.0,2.795196533203125,0.774627685546875
2024-02-20,0.1048049926757812,0.0339813232421875,1.7393951416015625,0.4111557006835937,12.397598266601562,4.819587707519531
2024-02-21,17.49852752685547,3.5147476196289062,52.178977966308594,12.368743896484377,79.63750457763672,49.45603942871094
2024-02-22,2.3538818359375,1.0081634521484375,7.616172790527344,2.220664978027344,13.314743041992188,9.029510498046877
2024-02-23,0.1072235107421875,0.4483184814453125,0.1605682373046875,0.20196533203125,0.7742919921875,0.178009033203125
2024-02-24,0.082977294921875,0.4185943603515625,0.2397003173828125,0.0345611572265625,1.576690673828125,0.7088623046875
2024-02-25,0.00177001953125,0.0083236694335937,0.0228118896484375,0.0,0.035400390625,0.0
2024-02-26,1.3298492431640625,2.1634445190429688,4.0777587890625,1.7288360595703125,6.902275085449219,3.8835296630859375
2024-02-27,0.70831298828125,1.38922119140625,3.3216705322265625,2.1284942626953125,9.73590087890625,10.723220825195312
2024-02-28,1.363067626953125,0.7046661376953125,0.373809814453125,0.4940338134765625,3.7979736328125,0.2859344482421875
2024-02-29,0.3183212280273437,0.2364120483398437,0.5512847900390625,0.8186874389648438,1.3271102905273438,0.6192855834960938
2024-03-01,0.5484466552734375,1.184417724609375,2.4484405517578125,3.162261962890625,16.99737548828125,8.544113159179688
2024-03-02,4.719154357910156,6.326591491699219,6.436439514160156,8.219200134277344,7.531608581542969,8.79217529296875
2024-03-03,5.249923706054688,6.433929443359375,3.3109130859375,2.2341461181640625,1.7782135009765625,0.5232391357421875
2024-03-04,1.1906051635742188,2.7045669555664062,2.88385009765625,1.6786041259765625,3.4143524169921875,1.2697219848632812
2024-03-05,0.344146728515625,1.4783706665039062,0.4122238159179687,0.2525558471679687,0.774169921875,1.2739105224609375
2024-03-06,0.738006591796875,0.2407684326171875,3.917091369628906,0.4869384765625,11.71208953857422,6.974639892578125
2024-03-07,0.3642196655273437,0.0367507934570312,1.9260177612304688,0.1044540405273437,3.7398605346679688,2.491928100585937
2024-03-08,7.587509155273437,6.8963165283203125,26.038742065429688,12.239532470703123,40.73307800292969,25.554031372070312
2024-03-09,3.4767990112304688,2.509193420410156,0.6539382934570312,0.9109344482421876,5.1751708984375,1.7605209350585938
2024-03-10,4.472412109375,4.893714904785156,3.2478561401367188,3.506629943847656,0.3643341064453125,1.8287887573242188
2024-03-11,2.3347320556640625,6.405914306640625,1.327789306640625,3.1873550415039062,0.17303466796875,1.36859130859375
2024-03-12,0.0038223266601562,0.0045166015625,0.0,0.0057601928710937,0.0385971069335937,0.0035247802734375
2024-03-13,6.559059143066406,1.9376754760742188,3.0979537963867188,2.90380859375,0.4031829833984375,3.3965377807617188
2024-03-14,4.822475433349609,8.061832427978516,4.061382293701172,4.687370300292969,1.4311408996582031,1.0949249267578125
2024-03-15,1.4785842895507812,0.4449081420898437,1.6501960754394531,0.1341896057128906,0.2340888977050781,0.1166419982910156
2024-03-16,4.678237915039063,5.793708801269531,7.563667297363281,6.0121917724609375,8.786506652832031,10.537918090820312
2024-03-17,0.0,0.0,0.0,0.0,0.0,0.0
2024-03-18,0.0,0.02496337890625,0.0060577392578125,0.0,0.0,0.01788330078125
2024-03-19,2.5631866455078125,1.93792724609375,2.61053466796875,2.261459350585937,0.222137451171875,0.622894287109375
2024-03-20,0.0,0.0041656494140625,0.00762939453125,0.0,0.0164413452148437,0.0204010009765625
2024-03-21,10.115257263183594,12.462852478027344,15.097991943359377,21.99726867675781,39.42317199707031,34.53822326660156
2024-03-22,1.6976852416992188,3.6695785522460938,3.3569869995117188,5.634819030761719,3.527694702148437,5.4033203125
2024-03-23,1.8373031616210935,2.9466552734375,10.378410339355469,3.164276123046875,20.44184875488281,18.050704956054688
2024-03-24,1.27801513671875,0.976593017578125,8.567764282226562,1.869544982910156,26.300437927246094,15.134849548339844
2024-03-25,5.254264831542969,6.497962951660156,8.024642944335938,9.902503967285156,13.19476318359375,9.899139404296877
2024-03-26,0.0,0.0,0.1293487548828125,0.0109176635742187,0.2995529174804687,0.0820770263671875
2024-03-27,0.0,0.0,0.0,0.0,0.0,0.0
2024-03-28,0.0,0.0,0.0,0.0,0.0,0.0
2024-03-29,4.682708740234375,3.14404296875,6.5816650390625,3.4691162109375,9.671707153320312,3.4733123779296875
2024-03-30,3.888351440429688,3.0007781982421875,5.193405151367188,3.978713989257813,8.637924194335938,5.872650146484375
2024-03-31,0.0072784423828125,0.0031204223632812,0.0046005249023437,0.0030288696289062,0.0,0.0
2024-04-01,0.0170783996582031,0.1515274047851562,0.3959922790527344,0.0997238159179687,0.1763725280761718,0.9080314636230468
2024-04-02,0.0045280456542968,0.0031166076660156,0.0,0.0057601928710937,0.0030860900878906,0.0
2024-04-03,0.00274658203125,0.0,0.00762939453125,0.0,0.0010299682617187,0.0159378051757812
2024-04-04,0.0,0.0679092407226562,0.04644775390625,0.0258865356445312,0.000762939453125,0.0561599731445312
2024-04-05,0.0,0.0,0.0,0.0,0.0,0.0
2024-04-06,0.0,0.0,0.0,0.0,0.0,0.1218032836914062
2024-04-07,0.0679702758789062,0.093017578125,0.027252197265625,0.0570831298828125,0.0256423950195312,0.3397598266601562
2024-04-08,0.0236053466796875,0.0083160400390625,0.0116119384765625,0.0,0.0,0.0128250122070312
2024-04-09,0.2207565307617187,0.5041122436523438,0.1259994506835937,0.151580810546875,0.0441055297851562,0.0
2024-04-10,0.0,0.0,0.0133514404296875,0.0279006958007812,0.0003814697265625,0.0986862182617187
2024-04-11,0.0,0.0,0.0,0.0,0.0,0.0
2024-04-12,0.0,0.0,0.14263916015625,0.0149688720703125,0.0,0.0
2024-04-13,3.73138427734375,0.8764114379882812,9.869674682617188,2.18060302734375,32.675506591796875,16.25506591796875
2024-04-14,20.90673065185547,20.69964599609375,35.632774353027344,22.719215393066406,63.65898895263672,41.28806686401367
2024-04-15,3.4291534423828125,5.23565673828125,10.161155700683594,7.2006378173828125,3.230575561523437,2.5203933715820312
2024-04-16,1.2214889526367188,1.2376480102539062,3.9433670043945312,1.7766036987304688,3.2396163940429688,9.081878662109377
2024-04-17,2.2467498779296875,2.215850830078125,3.3881607055664062,2.2271652221679688,4.259033203125,2.842933654785156
2024-04-18,17.123764038085938,20.720924377441406,15.990440368652344,14.981971740722656,22.85981750488281,15.294662475585938
2024-04-19,0.034332275390625,0.0252838134765625,0.0030288696289062,0.0030288696289062,0.1673812866210937,0.469635009765625
2024-04-20,3.90865707397461,5.26995849609375,5.706691741943359,13.597759246826172,18.87808609008789,26.55335998535156
2024-04-21,0.3307037353515625,0.68328857421875,2.585166931152344,0.421722412109375,5.140914916992188,1.43414306640625
2024-04-22,2.7512664794921875,2.720867156982422,1.7493324279785156,1.3165168762207031,4.866127014160156,2.7610740661621094
2024-04-23,2.1001968383789062,0.9329681396484376,1.154693603515625,1.411285400390625,1.8065032958984373,1.13641357421875
2024-04-24,0.3523445129394531,0.6528205871582031,0.722564697265625,0.0997276306152343,0.0302391052246093,0.6255722045898438
2024-04-25,0.0,0.0253105163574218,0.0,0.0002975463867187,0.0194206237792968,0.00762939453125
2024-04-26,0.0,0.0,0.0,0.0,0.0,7.62939453125e-06
2024-04-27,0.0,0.0,0.0,0.0,0.01922607421875,0.0
2024-04-28,3.1858062744140625,4.0865020751953125,0.8746490478515625,1.466278076171875,1.1739654541015625,2.411727905273437
2024-04-29,0.835357666015625,2.366523742675781,3.874176025390625,0.8316879272460938,10.75226593017578,3.2592315673828125
2024-04-30,13.859542846679688,12.135726928710938,10.640754699707031,7.682754516601562,10.171257019042969,9.665428161621094
2024-05-01,7.81781005859375,10.38288116455078,6.90618896484375,8.926437377929688,4.711456298828125,7.6661376953125
2024-05-02,3.7106857299804688,2.931709289550781,2.811386108398437,0.6450653076171875,0.61248779296875,1.45538330078125
2024-05-03,0.054962158203125,0.0914840698242187,0.2987899780273437,0.0837783813476562,0.893402099609375,0.3353347778320312
2024-05-04,2.6015548706054688,2.1477127075195312,0.13751220703125,0.2164306640625,0.0,0.4102783203125
2024-05-05,8.460891723632812,9.735847473144531,5.294708251953125,4.032135009765625,3.8639907836914062,6.293083190917969
2024-05-06,21.13194274902344,36.3101806640625,33.96453857421875,26.364654541015625,2.3941574096679688,8.961593627929688
2024-05-07,0.0538749694824218,0.2208900451660156,3.315235137939453,1.4401817321777344,0.812255859375,5.445430755615234
2024-05-08,0.78387451171875,0.8419265747070312,0.4740829467773437,0.5217132568359375,1.0762405395507812,0.6799697875976562
2024-05-09,0.2865066528320312,1.1981048583984375,0.4582138061523437,0.999309539794922,0.678924560546875,0.5839729309082031
2024-05-10,0.4950942993164062,0.1043243408203125,0.643280029296875,0.4749526977539062,0.9783859252929688,0.7585372924804688
2024-05-11,12.611320495605469,7.739044189453125,10.847511291503906,10.971656799316406,1.574981689453125,4.231910705566406
2024-05-12,9.41436004638672,7.812065124511719,3.030952453613281,5.507003784179688,1.6748046875,1.9766082763671875
2024-05-13,0.6246185302734375,6.829193115234375,0.1422271728515625,0.5040130615234375,0.336822509765625,0.879058837890625
2024-05-14,0.4335174560546875,0.27667236328125,0.3301544189453125,0.2479705810546875,0.844512939453125,0.2845001220703125
2024-05-15,0.9397735595703124,0.46044921875,0.0,0.366607666015625,0.2820281982421875,0.0
2024-05-16,4.29144287109375,2.3213653564453125,2.3717041015625,1.2464752197265625,2.1691207885742188,2.3243179321289062
2024-05-17,6.4486083984375,4.891860961914063,1.8892669677734373,3.076568603515625,4.25164794921875,3.5609893798828125
2024-05-18,1.5899429321289062,0.6865692138671875,1.34405517578125,1.4432220458984375,4.238136291503906,3.1405181884765625
2024-05-19,11.768875122070312,11.156478881835938,3.28424072265625,1.5479583740234375,3.9866790771484375,2.7996749877929688
2024-05-20,1.2144317626953125,1.5753173828125,1.1043548583984375,1.869667053222656,1.959190368652344,3.833946228027344
2024-05-21,0.3861541748046875,0.5594558715820312,0.370880126953125,0.2688064575195312,0.171142578125,0.84771728515625
2024-05-22,1.870887756347656,1.04266357421875,5.6004180908203125,2.9866180419921875,4.472908020019531,2.0877609252929688
2024-05-23,10.96990203857422,8.593666076660156,9.792945861816406,10.4080810546875,20.76573181152344,6.637840270996094
2024-05-24,0.9046173095703124,0.4181137084960937,1.5114364624023438,2.2846908569335938,6.585685729980469,1.8183364868164065
2024-05-25,0.4959220886230469,0.5034294128417969,4.790565490722656,2.961612701416016,8.640811920166016,5.771709442138672
2024-05-26,0.6205215454101562,1.7596969604492188,1.383087158203125,1.9060134887695312,8.650192260742188,3.839797973632813
2024-05-27,5.371223449707031,1.7893180847167969,5.329784393310547,2.12856674194336,4.24713134765625,4.739810943603516
2024-05-28,0.3376693725585937,0.1119651794433593,2.791015625,0.1107902526855468,10.169429779052734,1.9260368347167969
2024-05-29,0.3080596923828125,0.0,3.2441635131835938,0.1125030517578125,6.511711120605469,2.005722045898437
2024-05-30,4.321067810058594,9.28595733642578,3.7187728881835938,2.452308654785156,0.4887619018554687,3.014495849609375
2024-05-31,5.539772033691406,4.539276123046875,0.8542022705078125,0.6015777587890625,0.8574142456054688,1.1460418701171875
2024-06-01,0.0,0.0090255737304687,0.0274429321289062,0.02423095703125,0.0,0.0
2024-06-02,0.1710968017578125,0.235015869140625,0.3946762084960937,0.1327056884765625,0.422454833984375,1.1020660400390625
2024-06-03,0.10992431640625,0.2447433471679687,0.0032882690429687,0.0057525634765625,0.1381912231445312,0.1630096435546875
2024-06-04,0.0062026977539062,0.08319091796875,0.4779434204101562,0.0135421752929687,0.1997451782226562,0.1642379760742187
2024-06-05,0.0251312255859375,0.337005615234375,0.3738479614257812,0.1806259155273437,0.072418212890625,1.2377777099609375
2024-06-06,0.0742034912109375,0.0925445556640625,0.9136505126953124,0.00762939453125,0.6138916015625,0.2345123291015625
2024-06-07,0.4415206909179687,0.2066192626953125,0.4297256469726562,0.3189010620117187,0.2251815795898437,0.5384902954101562
2024-06-08,0.0604629516601562,0.0752105712890625,0.0110244750976562,0.0,0.0055694580078125,0.0
2024-06-09,8.294563293457031,6.484489440917969,0.7302169799804688,1.5717544555664062,0.227203369140625,0.938018798828125
2024-06-10,12.530540466308594,12.779403686523438,2.962928771972656,2.4967575073242188,19.606407165527344,14.079360961914062
2024-06-11,8.756622314453125,7.18780517578125,6.5312042236328125,5.517311096191406,2.435249328613281,2.990325927734375
2024-06-12,0.0,0.0,0.0,0.0,0.0020599365234375,0.0128250122070312
2024-06-13,0.4084854125976562,0.870147705078125,0.4149017333984375,0.517547607421875,2.514373779296875,0.7392730712890625
2024-06-14,0.2112655639648437,5.808769226074219,1.6879501342773438,2.4061279296875,4.362236022949219,1.2856521606445312
2024-06-15,0.021087646484375,0.3255081176757812,0.479400634765625,0.1032333374023437,0.0793228149414062,1.2165679931640625
2024-06-16,0.0,0.0,0.0,0.0,0.0020599365234375,0.0
2024-06-17,0.0,0.0013809204101562,0.0,0.005462646484375,0.0,0.0
2024-06-18,0.0,0.0,0.0716629028320312,0.0,0.2307510375976562,0.0
2024-06-19,0.0062026977539062,0.0,0.1010665893554687,0.0,0.0226058959960937,0.3127593994140625
2024-06-20,1.2065277099609375,1.239990234375,0.0109100341796875,1.0770950317382812,0.0300369262695312,0.0
2024-06-21,6.8224945068359375,2.699867248535156,5.42022705078125,13.173324584960938,2.214637756347656,2.648277282714844
2024-06-22,4.592826843261719,4.129974365234375,1.0747909545898438,1.884849548339844,0.8377685546875,1.426666259765625
2024-06-23,5.1336669921875,3.8905181884765625,1.7075424194335938,0.8524093627929688,1.1744232177734375,3.9391403198242183
2024-06-24,14.69951629638672,6.054367065429688,8.8115234375,14.782318115234377,2.469345092773437,3.5311508178710938
2024-06-25,1.2941513061523438,3.2717742919921875,2.18682861328125,2.567955017089844,1.0455245971679688,2.449913024902344
2024-06-26,1.5592727661132812,2.4032974243164062,1.47119140625,1.4051589965820312,0.5179824829101562,0.0256423950195312
2024-06-27,0.0688552856445312,0.0063629150390625,0.0666122436523437,0.0,0.0,0.1153945922851562
2024-06-28,0.0,0.0249557495117187,0.0194091796875,0.0,0.0,0.0128173828125
2024-06-29,22.3812255859375,13.834602355957031,13.547447204589844,11.683677673339844,10.388092041015623,4.153823852539063
2024-06-30,0.0264129638671875,0.38836669921875,0.1077194213867187,0.123260498046875,2.158241271972656,1.2129058837890625
2024-07-01,0.11273193359375,0.2475051879882812,0.25750732421875,0.1631088256835937,6.541252136230469,1.8287582397460935
2024-07-02,0.0,0.0072784423828125,0.0,0.0021743774414062,0.0462265014648437,0.0550765991210937
2024-07-03,0.0,0.0,0.0,0.0,0.0,0.0
2024-07-04,0.0,0.0010452270507812,0.0020751953125,0.0115203857421875,0.00640869140625,0.000946044921875
2024-07-05,0.1487503051757812,0.31689453125,0.0506668090820312,0.1898269653320312,0.0020523071289062,0.047943115234375
2024-07-06,0.315704345703125,0.3644638061523437,0.689788818359375,0.8639068603515625,0.5633087158203125,1.0978317260742188
2024-07-07,0.0,0.0145492553710937,0.0,0.0,0.0132064819335937,0.0
2024-07-08,0.0,0.02496337890625,0.0291824340820312,0.0,0.00616455078125,0.0512847900390625
2024-07-09,3.814697265625e-06,0.0499153137207031,0.0864028930664062,0.0037460327148437,0.1378746032714843,0.4487380981445312
2024-07-10,0.0,0.1485671997070312,0.02044677734375,0.3789825439453125,0.034942626953125,0.5132980346679688
2024-07-11,0.1690750122070312,0.15533447265625,2.7649383544921875,0.8975448608398438,0.4279098510742187,1.3533935546875
2024-07-12,0.0,0.00103759765625,0.0018234252929687,0.0060501098632812,0.0082778930664062,0.0448684692382812
2024-07-13,3.5973052978515625,0.4451065063476562,1.2986831665039062,0.0099105834960937,0.4307098388671875,0.2884750366210937
2024-07-14,0.651397705078125,0.0351028442382812,0.5677871704101562,0.8222808837890625,0.9402618408203124,0.2939376831054687
2024-07-15,0.2066650390625,0.6900215148925781,1.3063087463378906,1.7621803283691406,0.9982681274414062,1.2298698425292969
2024-07-16,1.6728286743164062,1.25408935546875,1.4661788940429688,1.0280227661132812,1.6021652221679688,2.035125732421875
2024-07-17,7.465614318847656,14.712486267089844,17.5465087890625,7.600593566894531,1.6251296997070312,2.179656982421875
2024-07-18,2.1864471435546875,3.437103271484375,0.42889404296875,0.4836578369140625,0.4670791625976562,0.3594436645507812
2024-07-19,9.099479675292969,9.048347473144531,8.019935607910156,4.301826477050781,0.9401397705078124,3.1300506591796875
2024-07-20,0.990997314453125,2.2754058837890625,0.9943771362304688,0.8490371704101562,0.1317138671875,2.801597595214844
2024-07-21,17.39643096923828,19.280174255371094,14.94548797607422,10.825576782226562,3.8704833984375,7.019073486328125
2024-07-22,0.5213470458984375,0.7805938720703125,0.66851806640625,0.7376174926757812,0.0259170532226562,0.5198745727539062
2024-07-23,0.0,0.0,0.0,0.01092529296875,0.0,3.814697265625e-06
2024-07-24,0.0062026977539062,0.0,0.0,0.0,0.0107650756835937,0.0
2024-07-25,7.62939453125e-06,0.0,7.62939453125e-06,0.0,0.0,0.0
2024-07-26,1.3973541259765625,1.5264739990234375,0.9884185791015624,0.553497314453125,0.054901123046875,1.454925537109375
2024-07-27,0.0,0.0,0.0,0.0,0.0,0.0
2024-07-28,0.0,0.0,0.0,0.0,0.0,0.0
2024-07-29,0.0,0.0,0.00762939453125,0.0,0.0,0.0
2024-07-30,1.7454605102539062,3.2132339477539062,1.5193557739257812,0.8689956665039062,0.0569534301757812,0.6987533569335938
2024-07-31,3.363441467285156,4.833229064941406,7.915290832519531,4.432632446289063,4.07061767578125,7.0404815673828125
2024-08-01,0.0,0.0,0.01666259765625,0.005462646484375,0.0710296630859375,0.0898361206054687
2024-08-02,0.0793991088867187,0.0332794189453125,0.0036392211914062,7.62939453125e-06,0.0616531372070312,0.2640151977539062
2024-08-03,0.314208984375,0.329620361328125,1.105224609375,0.9656524658203124,0.973236083984375,0.514007568359375
2024-08-04,0.0,0.0,0.0948410034179687,0.0,0.1507644653320312,0.002838134765625
2024-08-05,0.9100570678710938,0.066558837890625,9.594123840332031,3.067291259765625,0.4970550537109375,3.3091812133789062
2024-08-06,0.1758956909179687,0.3522262573242187,0.2809906005859375,0.4261398315429687,0.2138214111328125,1.492584228515625
2024-08-07,0.0007095336914062,0.0208053588867187,0.1240310668945312,0.0148162841796875,7.62939453125e-06,0.06884765625
2024-08-08,0.0,0.0,0.0,0.0002975463867187,0.0,0.0
2024-08-09,0.0,0.0,0.0,0.0,0.0,0.0
2024-08-10,0.0,0.1081619262695312,0.0391387939453125,0.0,0.0010299682617187,0.00640869140625
2024-08-11,0.8011550903320312,1.9513015747070312,0.8572235107421875,4.33270263671875,0.048492431640625,0.3307342529296875
2024-08-12,0.0,0.0322341918945312,0.0,0.1363906860351562,0.0,0.096160888671875
2024-08-13,0.5375518798828125,1.674346923828125,1.0808486938476562,2.182655334472656,0.1168365478515625,0.1579208374023437
2024-08-14,0.0636672973632812,2.3337631225585938,1.2244110107421875,2.527572631835937,0.960479736328125,6.535240173339844
2024-08-15,0.788177490234375,1.453155517578125,2.6328277587890625,2.697845458984375,5.022613525390625,7.555343627929687
2024-08-16,12.685882568359377,5.334228515625,6.9527587890625,11.61480712890625,11.31219482421875,7.9770050048828125
2024-08-17,6.402580261230469,10.774314880371094,9.4300537109375,11.830596923828123,8.519096374511719,7.685279846191406
2024-08-18,5.072189331054688,6.499870300292969,4.981246948242188,6.548431396484375,8.156158447265625,11.637710571289062
2024-08-19,3.207855224609375,2.5782241821289062,1.41131591796875,2.059555053710937,1.2376708984375,4.24249267578125
2024-08-20,0.0,0.0,7.62939453125e-06,7.62939453125e-06,0.0482406616210937,0.095428466796875
2024-08-21,0.0,0.0,0.0,0.0,0.0908889770507812,0.0
2024-08-22,0.0,7.62939453125e-06,0.0,7.62939453125e-06,0.0045013427734375,0.0
2024-08-23,0.0062026977539062,0.2672653198242187,0.5062103271484375,0.0302810668945312,7.704986572265625,5.339012145996094
2024-08-24,1.5195388793945312,4.010757446289063,3.152008056640625,0.8681564331054688,1.3770980834960938,0.6486358642578125
2024-08-25,2.478851318359375,3.4918975830078125,8.2139892578125,4.804351806640625,1.97698974609375,2.6280517578125
2024-08-26,0.8525924682617188,1.392578125,2.1278610229492188,0.6351852416992188,0.87103271484375,10.270919799804688
2024-08-27,0.9373931884765624,2.3166046142578125,1.6795196533203125,2.1678924560546875,0.5824813842773438,5.068595886230469
2024-08-28,0.3695907592773437,0.6292343139648438,1.0694122314453125,0.776519775390625,1.66571044921875,6.694694519042969
2024-08-29,0.043121337890625,0.1400909423828125,0.5495986938476562,0.5925140380859375,0.3398666381835937,3.2418365478515625
2024-08-30,0.0,0.0,0.0,0.0,0.014251708984375,0.0037841796875
2024-08-31,0.432159423828125,0.7910919189453125,2.32708740234375,0.191070556640625,0.9518890380859376,2.983261108398437
2024-09-01,0.0,0.0166397094726562,0.46954345703125,0.0824127197265625,1.6565704345703125,3.675689697265625
2024-09-02,1.2558364868164062,1.4434127807617188,2.0824050903320312,0.7405166625976562,2.802154541015625,1.1165924072265625
2024-09-03,3.9476394653320312,9.254554748535156,1.7973098754882812,0.6543045043945312,4.791969299316406,2.222991943359375
2024-09-04,0.3396759033203125,2.160797119140625,0.12994384765625,0.1161346435546875,0.3508987426757812,0.682861328125
2024-09-05,0.0076141357421875,0.1539306640625,0.0092010498046875,0.0135498046875,0.159515380859375,0.1642303466796875
2024-09-06,8.385383605957031,11.723724365234377,37.82274627685547,10.616790771484377,30.04913330078125,19.156539916992188
2024-09-07,6.623497009277344,2.376625061035156,9.132888793945312,11.437278747558594,8.567214965820312,15.216781616210938
2024-09-08,0.0,0.0,0.2957687377929687,0.3573150634765625,0.767059326171875,0.8017501831054688
2024-09-09,0.0304718017578125,0.0249557495117187,0.9376983642578124,0.0685043334960937,9.771987915039062,1.7954788208007812
2024-09-10,24.26673889160156,15.255104064941406,11.232322692871094,5.896751403808594,17.310325622558594,15.292510986328123
2024-09-11,14.932571411132812,17.376953125,23.993621826171875,17.217132568359375,31.723052978515625,8.570953369140625
2024-09-12,4.44305419921875,5.493408203125,3.7700347900390634,3.87060546875,1.101043701171875,2.3510284423828125
2024-09-13,3.111328125,2.33587646484375,4.034149169921875,0.813568115234375,0.822052001953125,4.018341064453125
2024-09-14,0.576873779296875,1.8086700439453125,2.413238525390625,0.7398223876953125,4.3643646240234375,2.2318572998046875
2024-09-15,2.807579040527344,7.901443481445312,7.597015380859375,6.861930847167969,10.045768737792969,3.4828414916992188
2024-09-16,8.527305603027344,6.138931274414063,8.729438781738281,5.7411956787109375,15.389381408691406,6.472427368164063
2024-09-17,4.4708404541015625,10.016860961914062,8.252761840820312,9.61187744140625,6.192062377929688,4.4547882080078125
2024-09-18,0.0118789672851562,0.0,0.13916015625,0.0273056030273437,1.0295944213867188,0.0935440063476562
2024-09-19,0.0227813720703125,0.0,0.3324737548828125,0.0,0.0215835571289062,0.3995742797851562
2024-09-20,0.0572662353515625,0.020782470703125,0.0182952880859375,0.0030288696289062,0.0243606567382812,0.0
2024-09-21,1.0037689208984375,1.0010986328125,1.1076812744140625,0.9598236083984376,11.100631713867188,13.250595092773438
2024-09-22,0.12298583984375,0.124908447265625,0.3189697265625,0.2657012939453125,2.9536285400390625,1.1845855712890625
2024-09-23,0.0,0.0,0.0257110595703125,0.0,0.519073486328125,0.045684814453125
2024-09-24,0.0,0.0,0.0,0.0,0.0,0.0
2024-09-25,3.2525863647460938,0.1580810546875,0.4256744384765625,0.0189971923828125,0.5790557861328125,0.0826187133789062
2024-09-26,9.681114196777344,12.625144958496094,11.34636688232422,15.1954345703125,10.877708435058594,5.2816009521484375
2024-09-27,0.0250396728515625,0.0250244140625,0.1761474609375,0.4708099365234375,0.0,0.0641098022460937
2024-09-28,0.0,0.0,0.0,0.0,0.0,0.0
2024-09-29,0.0007171630859375,0.054107666015625,1.84210205078125,0.1419525146484375,4.232925415039063,0.5621337890625
2024-09-30,6.451461791992188,3.0115966796875,17.3734130859375,7.3403167724609375,35.665802001953125,20.48231506347656
2024-10-01,27.213058471679688,19.843292236328125,48.13041687011719,16.638641357421875,72.81298828125,53.013946533203125
2024-10-02,1.053924560546875,1.4068756103515625,1.571563720703125,0.52703857421875,8.17486572265625,2.09893798828125
2024-10-03,8.921173095703125,7.45654296875,5.453292846679688,5.9162445068359375,11.618896484375,6.4774322509765625
2024-10-04,0.0,0.0,0.00921630859375,0.0,0.0,0.0
2024-10-05,0.0,7.62939453125e-06,7.62939453125e-06,0.0,0.0,0.0
2024-10-06,4.4771270751953125,2.153793334960937,4.160171508789063,1.6376800537109375,19.67376708984375,7.050018310546875
2024-10-07,0.0369720458984375,0.0072784423828125,0.60748291015625,0.131622314453125,7.1809844970703125,1.195587158203125
2024-10-08,3.104736328125,4.6146240234375,5.2119140625,6.2342681884765625,11.78106689453125,12.3719482421875
2024-10-09,0.506011962890625,0.805450439453125,1.4700469970703125,0.6996002197265625,0.013092041015625,0.4108123779296875
2024-10-10,0.0,0.0,0.0,0.0,0.0,0.0
2024-10-11,0.031219482421875,0.114044189453125,0.1264495849609375,0.0064849853515625,0.001220703125,0.0303802490234375
2024-10-12,0.0,0.0176620483398437,0.0,0.0,0.0,0.0064163208007812
2024-10-13,0.6185455322265625,0.0381240844726562,0.0060577392578125,0.0,0.0,0.0
2024-10-14,0.0211105346679687,7.62939453125e-06,2.708770751953125,0.2208023071289062,1.816802978515625,2.959381103515625
2024-10-15,0.1846771240234375,0.069122314453125,2.9385528564453125,0.2379302978515625,0.7107696533203125,5.217803955078125
2024-10-16,0.0,0.0,1.52587890625e-05,1.52587890625e-05,0.54107666015625,0.0063934326171875
2024-10-17,0.0,0.0,0.00555419921875,0.00848388671875,0.3919677734375,0.0
2024-10-18,0.0045318603515625,0.0,0.0,0.0002899169921875,0.0,0.006134033203125
2024-10-19,0.0,0.0,0.0,0.0,0.0,0.0070953369140625
2024-10-20,0.0,0.0,0.0,0.0,0.0,0.0
2024-10-21,0.0,0.0,0.0,0.0,0.0,0.0
2024-10-22,0.0,0.0,0.1346054077148437,0.0,0.0,0.0897445678710937
2024-10-23,0.0,0.0083236694335937,0.151611328125,0.0308151245117187,0.1011962890625,1.258819580078125
2024-10-24,0.0,0.0,0.0,0.0023193359375,0.0,0.0128173828125
2024-10-25,0.0,0.0,0.0,0.0,0.041595458984375,0.3304595947265625
2024-10-26,0.0221710205078125,0.1011505126953125,0.1457672119140625,0.03741455078125,0.1796722412109375,0.3826446533203125
2024-10-27,0.01739501953125,0.0007171630859375,0.0,0.016387939453125,0.1740264892578125,0.37957763671875
2024-10-28,0.1155548095703125,0.3728485107421875,0.021820068359375,0.0662078857421875,0.0,0.0
2024-10-29,0.0,0.0,0.0,0.0,0.0,0.0
2024-10-30,0.4191436767578125,1.0814971923828125,0.260162353515625,0.3882293701171875,0.0,0.025634765625
2024-10-31,0.4856414794921875,1.4988250732421875,0.5106964111328125,0.4017791748046875,0.0,0.0225677490234375
2024-11-01,0.0,0.0,0.0,0.0030288696289062,0.0,0.0
2024-11-02,0.0,0.0041580200195312,0.0030288696289062,0.0,0.0,0.0
2024-11-03,0.0,0.0,0.0,0.0,0.0,0.0
2024-11-04,0.0,0.0,0.0,0.0,0.0,0.0
2024-11-05,0.0,0.0,0.0,0.0,0.0,0.0
2024-11-06,0.0,0.0,0.0,0.0,0.0,0.0
2024-11-07,0.0,0.0,0.0,0.0,0.0,0.0
2024-11-08,0.0360107421875,0.0900726318359375,0.1258087158203125,0.0546722412109375,0.0003814697265625,0.01336669921875
2024-11-09,0.0,0.0062255859375,0.0,0.0,0.0,0.0
2024-11-10,0.0,0.0,0.0115966796875,0.0,0.0,0.0
2024-11-11,2.159408569335937,4.01824951171875,3.9095458984375,8.116012573242188,5.241607666015625,9.32952880859375
2024-11-12,0.5063705444335938,1.0451812744140625,0.7986984252929688,0.843048095703125,1.9208450317382808,4.8624114990234375
2024-11-13,0.0261688232421875,0.0724945068359375,0.0702056884765625,0.1085968017578125,0.0,0.007354736328125
2024-11-14,0.0,0.0,0.0,0.0,0.0,0.0
2024-11-15,0.7053070068359375,0.2930450439453125,0.3556976318359375,0.0158538818359375,0.0251617431640625,0.0797271728515625
2024-11-16,0.639923095703125,1.219573974609375,4.646034240722656,1.8507003784179688,11.224273681640623,12.332229614257812
2024-11-17,11.856613159179688,14.97869110107422,19.098373413085938,21.73450469970703,61.28932189941406,54.91301727294922
2024-11-18,3.629562377929688,2.584991455078125,8.14471435546875,3.774703979492188,15.413581848144531,17.072341918945312
2024-11-19,32.29937744140625,26.25936889648437,54.71277618408203,37.540283203125,89.3233871459961,68.04605102539062
2024-11-20,0.0,0.0,0.0,0.01092529296875,0.0143890380859375,0.6729888916015625
2024-11-21,0.0,0.0,0.0,0.0,0.0,0.0
2024-11-22,0.0,0.0,0.0,0.0,7.62939453125e-06,7.62939453125e-06
2024-11-23,0.0,0.0,0.0,0.0035934448242187,0.0,0.0
2024-11-24,0.0,0.0,0.0,0.0,0.0,0.0
2024-11-25,0.0083465576171875,0.0,0.5962371826171875,0.0169830322265625,4.887641906738281,4.170379638671875
2024-11-26,15.42041015625,18.14189910888672,13.752723693847656,10.523788452148438,16.830055236816406,12.835601806640623
2024-11-27,9.346397399902344,9.01513671875,12.281387329101562,12.993980407714844,20.412330627441406,13.686614990234377
2024-11-28,2.9939117431640625,4.397300720214844,9.619293212890623,11.826881408691406,9.86750030517578,18.65149688720703
2024-11-29,0.0987091064453125,0.025634765625,0.0060577392578125,0.0092010498046875,0.0,0.00244140625
2024-11-30,0.0,0.0,0.0,0.0,0.0020599365234375,0.0
2024-12-01,0.227294921875,0.0783538818359375,0.297454833984375,0.1457061767578125,0.3092498779296875,0.4755859375
2024-12-02,2.238265991210937,3.3691558837890625,2.153427124023437,2.095443725585937,0.4873809814453125,4.53558349609375
2024-12-03,3.812713623046875,3.214340209960937,2.518157958984375,1.7498779296875,2.0705108642578125,2.648056030273437
2024-12-04,0.3944549560546875,0.18646240234375,1.047607421875,2.3056640625,5.90240478515625,5.186492919921875
2024-12-05,6.7508087158203125,5.3590240478515625,27.41284942626953,8.997909545898438,38.88427734375,23.29759979248047
2024-12-06,1.2657470703125,1.828765869140625,0.7115325927734375,0.775390625,3.1349639892578125,1.623779296875
2024-12-07,1.3124847412109375,0.457275390625,2.12689208984375,2.9587860107421875,12.338272094726562,0.47601318359375
2024-12-08,4.276641845703125,3.910446166992188,1.87420654296875,0.6314239501953125,1.677032470703125,3.4731597900390625
2024-12-09,0.5837249755859375,0.8564453125,0.4658889770507812,0.3277740478515625,0.4420852661132812,0.8574142456054688
2024-12-10,0.0031051635742187,0.0007095336914062,0.0,0.0,0.0,0.0
2024-12-11,1.742584228515625,2.6020660400390625,4.2644805908203125,4.371734619140625,7.37884521484375,5.516357421875
2024-12-12,3.777542114257813,3.5455322265625,4.05499267578125,4.028564453125,6.5413360595703125,7.883865356445312
2024-12-13,0.08099365234375,0.299468994140625,0.4839401245117187,0.3211441040039062,0.0148773193359375,0.1587371826171875
2024-12-14,0.0,0.0,0.0,0.0,0.0,0.0
2024-12-15,0.0,0.0,0.0,0.0,0.0,0.0
2024-12-16,0.003814697265625,0.0,0.0230865478515625,0.0,0.1603851318359375,0.000274658203125
2024-12-17,17.38658905029297,14.716873168945312,14.60808563232422,7.2099456787109375,30.139694213867188,15.058921813964844
2024-12-18,6.8793792724609375,11.55609130859375,6.0402679443359375,6.228385925292969,0.9113998413085938,4.0521240234375
2024-12-19,0.1258468627929687,0.0242843627929687,0.1390533447265625,0.0175704956054687,0.1792678833007812,0.0470428466796875
2024-12-20,11.220695495605469,3.855567932128906,14.286956787109377,6.2316741943359375,34.659210205078125,30.88842010498047
2024-12-21,7.794334411621094,13.741691589355469,5.4644927978515625,5.048576354980469,1.2222747802734375,1.6890487670898438
2024-12-22,7.944488525390625,16.994064331054688,5.856689453125,5.117919921875,1.3099822998046875,2.714447021484375
2024-12-23,0.4106292724609375,2.332183837890625,0.65924072265625,1.0015716552734375,0.909088134765625,2.2574920654296875
2024-12-24,0.564666748046875,1.67913818359375,0.5926513671875,0.76055908203125,0.178680419921875,0.4815521240234375
2024-12-25,0.0,0.0,0.00555419921875,0.0115203857421875,0.0,0.0
2024-12-26,0.0,0.0,0.0,0.0,0.0,0.0
2024-12-27,0.0,0.0,0.0058135986328125,0.0,0.0,0.0
2024-12-28,0.0,0.0,0.0,0.0,0.0,0.0
2024-12-29,0.0,0.0,0.0,0.0,0.0010223388671875,0.0
2024-12-30,0.0,0.0,0.0350799560546875,0.0,0.0955963134765625,0.0551605224609375
2024-12-31,11.076156616210938,11.056594848632812,18.801193237304688,8.686737060546875,21.590126037597656,18.846481323242188
