0,1,2,3,4,5,6
,,,,,,
2019-01-01,-9.513031005859377,-11.107757568359377,-14.186859130859377,-11.587249755859377,-10.677093505859377,-15.606781005859377
2019-01-02,-7.632659912109375,-7.540863037109375,-10.428558349609377,-8.407073974609375,-6.523284912109375,-11.214691162109377
2019-01-03,-6.6116943359375,-7.9573974609375,-9.0179443359375,-7.5032958984375,-5.8079833984375,-10.2073974609375
2019-01-04,-10.112884521484377,-12.014251708984377,-15.487884521484377,-11.717376708984377,-11.332611083984377,-15.238861083984377
2019-01-05,-5.90557861328125,-4.66241455078125,-7.24346923828125,-6.49639892578125,-3.92706298828125,-7.84503173828125
2019-01-06,-3.936065673828125,-6.088409423828125,-6.186065673828125,-5.682159423828125,-3.794464111328125,-7.588409423828125
2019-01-07,-8.516510009765625,-7.231353759765625,-11.270416259765623,-9.227447509765623,-11.678619384765623,-11.559478759765623
2019-01-08,-9.207122802734377,-9.552825927734377,-13.786224365234377,-12.910247802734377,-10.330169677734377,-11.317474365234377
2019-01-09,-6.402130126953125,-6.015411376953125,-10.524200439453123,-8.617950439453125,-9.986114501953123,-13.006622314453123
2019-01-10,-8.51239013671875,-4.41375732421875,-9.17938232421875,-13.17547607421875,-10.72235107421875,-9.61102294921875
2019-01-11,-10.61920166015625,-7.13287353515625,-12.25494384765625,-10.00201416015625,-7.99127197265625,-10.11236572265625
2019-01-12,-8.113861083984375,-7.910736083984375,-9.782806396484377,-9.037689208984377,-12.258392333984377,-10.266204833984377
2019-01-13,-9.751251220703123,-6.564727783203125,-8.294219970703125,-9.702423095703123,-6.380157470703125,-8.163360595703125
2019-01-14,-8.917327880859375,-2.114593505859375,-4.222991943359375,-9.886077880859377,0.181304931640625,-3.925140380859375
2019-01-15,-2.347442626953125,-1.042755126953125,-0.932403564453125,-1.890411376953125,1.300994873046875,-1.136505126953125
2019-01-16,0.884063720703125,-0.369842529296875,-0.082733154296875,-2.374725341796875,1.911407470703125,-0.921600341796875
2019-01-17,-6.197540283203125,-2.903594970703125,-6.527618408203125,-11.706329345703123,-2.608673095703125,-5.782501220703125
2019-01-18,-2.092132568359375,-1.971038818359375,-1.935882568359375,-1.928070068359375,0.684234619140625,-2.763031005859375
2019-01-19,-2.37939453125,-2.07861328125,-1.28076171875,-1.21240234375,1.74560546875,-2.56005859375
2019-01-20,-7.203887939453125,-2.857208251953125,-2.445098876953125,-5.163848876953125,-0.164825439453125,-2.474395751953125
2019-01-21,-3.32958984375,-4.01025390625,-4.64892578125,-2.92138671875,-1.54248046875,-4.17626953125
2019-01-22,-7.481964111328125,-8.112823486328125,-8.332550048828125,-7.454620361328125,-3.743682861328125,-7.531768798828125
2019-01-23,-18.112213134765625,-11.130767822265623,-14.754791259765623,-14.685455322265623,-9.203033447265623,-10.202056884765623
2019-01-24,-4.225189208984375,-0.069915771484375,-1.004486083984375,-4.936126708984375,0.612701416015625,-1.858001708984375
2019-01-25,-1.409515380859375,0.494781494140625,-1.413421630859375,-0.108734130859375,0.559234619140625,-2.381195068359375
2019-01-26,-7.32501220703125,-2.31329345703125,-4.94024658203125,-4.30450439453125,-3.86016845703125,-4.27716064453125
2019-01-27,-5.424957275390625,-3.122222900390625,-4.882965087890625,-4.714996337890625,-1.347808837890625,-4.140777587890625
2019-01-28,-10.761871337890623,-5.599761962890625,-6.468902587890625,-10.421051025390623,-2.514801025390625,-4.901519775390625
2019-01-29,2.491973876953125,3.854278564453125,1.985137939453125,1.003692626953125,4.286895751953125,1.460723876953125
2019-01-30,2.917449951171875,2.704559326171875,4.405731201171875,0.567840576171875,8.049285888671875,2.412567138671875
2019-01-31,1.481414794921875,0.909149169921875,1.235321044921875,-1.272491455078125,3.706024169921875,1.874969482421875
2019-03-01,-2.203765869140625,0.565765380859375,-2.292633056640625,-1.364898681640625,-0.483062744140625,-1.929351806640625
2019-03-02,-1.432647705078125,-1.216827392578125,-0.542022705078125,-1.559600830078125,3.873992919921875,0.408172607421875
2019-03-03,-1.480194091796875,0.918243408203125,-1.506561279296875,-2.531951904296875,-1.191131591796875,-3.119842529296875
2019-03-04,3.991912841796875,5.263397216796875,2.349334716796875,0.983123779296875,4.324920654296875,1.451873779296875
2019-03-05,1.947967529296875,4.375701904296875,0.616912841796875,1.316131591796875,4.319061279296875,-0.168243408203125
2019-03-06,-1.80047607421875,-0.30633544921875,-1.27313232421875,-0.74676513671875,5.03057861328125,0.57257080078125
2019-03-07,0.477935791015625,1.194732666015625,0.716217041015625,0.400787353515625,4.488677978515625,-0.466400146484375
2019-03-08,-1.15380859375,-2.03564453125,-2.86083984375,-2.04736328125,0.86376953125,-2.98876953125
2019-03-09,-4.553558349609375,-4.391448974609375,-7.681488037109375,-7.404144287109375,-2.676605224609375,-6.054534912109375
2019-03-10,-7.445709228515625,-3.652740478515625,-5.850982666015625,-9.611724853515623,0.957611083984375,-5.364654541015625
2019-03-11,-2.045745849609375,-2.691253662109375,-4.023284912109375,-2.741058349609375,-1.163909912109375,-5.169769287109375
2019-03-12,-6.011138916015625,-3.052154541015625,-6.229888916015625,-4.786529541015625,-3.781646728515625,-4.619537353515625
2019-03-13,-1.6021728515625,-0.2525634765625,-0.2984619140625,-0.6959228515625,1.6614990234375,-0.1011962890625
2019-03-14,-0.516510009765625,3.438568115234375,0.474700927734375,-1.160064697265625,4.998138427734375,-0.222564697265625
2019-03-15,-0.315032958984375,1.395904541015625,1.257232666015625,-0.443939208984375,4.364654541015625,-1.161712646484375
2019-03-16,2.874664306640625,1.530914306640625,-2.112640380859375,2.399078369140625,0.600250244140625,4.040679931640625
2019-03-17,0.61761474609375,-0.20074462890625,-2.00738525390625,-0.62359619140625,1.20355224609375,-2.69000244140625
2019-03-18,0.151611328125,1.455322265625,-3.760498046875,-2.153076171875,0.767822265625,-4.132568359375
2019-03-19,-0.036468505859375,-0.379241943359375,-1.928070068359375,0.443023681640625,1.750640869140625,-1.194671630859375
2019-03-20,1.104461669921875,2.274383544921875,1.197235107421875,0.339813232421875,1.140594482421875,2.228485107421875
2019-03-21,-1.2139892578125,-0.8087158203125,-1.4591064453125,-0.3243408203125,-0.0118408203125,-1.6339111328125
2019-03-22,2.362335205078125,2.739288330078125,-1.895477294921875,-0.080047607421875,1.797882080078125,-2.449188232421875
2019-03-23,-0.389739990234375,-0.894622802734375,-2.344818115234375,-0.548919677734375,2.266510009765625,-2.910247802734375
2019-03-24,-3.27862548828125,-8.36846923828125,-8.54425048828125,-4.26885986328125,-1.11260986328125,-6.59307861328125
2019-03-25,-0.9024658203125,-1.2227783203125,-4.2393798828125,-3.6661376953125,-0.9952392578125,-5.9815673828125
2019-03-26,-0.065521240234375,0.313385009765625,-1.501068115234375,-0.771575927734375,-0.619232177734375,-4.116302490234375
2019-03-27,-0.294281005859375,2.757476806640625,-1.621429443359375,-0.534515380859375,0.573883056640625,-2.851898193359375
2019-03-28,1.625335693359375,3.982757568359375,-0.939117431640625,0.212249755859375,0.251312255859375,-2.186187744140625
2019-03-29,0.7548828125,1.244140625,1.390625,2.35546875,3.2314453125,0.359375
2019-03-30,2.840057373046875,3.666229248046875,1.432830810546875,2.672088623046875,4.904510498046875,0.261932373046875
2019-03-31,2.881439208984375,4.352142333984375,0.746673583984375,1.438079833984375,2.830657958984375,-0.783599853515625
2019-04-01,4.697906494140625,4.718414306640625,2.083648681640625,1.533843994140625,5.576812744140625,1.094390869140625
2019-04-02,1.976409912109375,3.157073974609375,-1.809722900390625,-0.366363525390625,1.600433349609375,1.676605224609375
2019-04-03,6.372161865234375,5.632904052734375,2.676849365234375,3.827239990234375,4.410247802734375,1.532318115234375
2019-04-04,6.560333251953125,5.724395751953125,3.864044189453125,4.499786376953125,5.190216064453125,1.159942626953125
2019-04-05,6.6146240234375,6.0355224609375,3.7923583984375,5.5501708984375,3.9398193359375,1.9622802734375
2019-04-06,6.410369873046875,5.974822998046875,2.486541748046875,5.962127685546875,4.775604248046875,1.684783935546875
2019-04-07,4.2249755859375,5.2464599609375,2.7113037109375,4.1234130859375,5.4642333984375,1.8909912109375
2019-04-08,2.269500732421875,3.218719482421875,-1.308624267578125,-0.287139892578125,2.589813232421875,-1.693389892578125
2019-04-09,3.71075439453125,2.26934814453125,2.03692626953125,3.62774658203125,1.49102783203125,0.28887939453125
2019-04-10,0.923492431640625,0.341461181640625,0.559234619140625,0.898101806640625,3.284820556640625,-0.102874755859375
2019-04-11,3.644989013671875,3.601043701171875,1.996551513671875,3.940887451171875,4.090301513671875,0.998504638671875
2019-04-12,4.53985595703125,2.09552001953125,1.65997314453125,3.59552001953125,2.20391845703125,-0.52166748046875
2019-04-13,0.906829833984375,2.162689208984375,-1.433013916015625,-0.700592041015625,-0.135162353515625,-2.880279541015625
2019-04-14,4.712158203125,2.549072265625,1.458251953125,3.382080078125,2.136962890625,-0.976318359375
2019-04-15,1.69610595703125,1.41290283203125,-1.06365966796875,0.27423095703125,1.76739501953125,-2.43865966796875
2019-04-16,3.265655517578125,4.805694580078125,0.939483642578125,0.966827392578125,1.559600830078125,-1.328094482421875
2019-04-17,0.671112060546875,2.747283935546875,-0.033966064453125,-0.120880126953125,1.783416748046875,-0.397247314453125
2019-04-18,0.754791259765625,0.867095947265625,-0.384857177734375,0.705963134765625,3.888580322265625,-0.891693115234375
2019-04-19,4.6964111328125,5.3575439453125,3.0762939453125,2.6212158203125,7.6329345703125,3.4102783203125
2019-04-20,9.597442626953123,7.912872314453125,5.486114501953125,7.245880126953125,7.598419189453125,4.049591064453125
2019-04-21,5.576812744140625,8.350250244140625,4.682281494140625,5.258453369140625,7.816070556640625,8.043609619140625
2019-04-22,6.68951416015625,9.65142822265625,5.17681884765625,5.36627197265625,9.28131103515625,3.10162353515625
2019-04-23,8.286956787109375,11.353363037109377,6.328948974609375,6.084808349609375,12.435394287109377,3.376800537109375
2019-04-24,3.90087890625,7.08935546875,1.255859375,3.2978515625,6.74609375,2.30126953125
2019-04-25,3.1910400390625,4.8658447265625,1.3306884765625,2.5084228515625,4.9713134765625,-0.3333740234375
2019-04-26,2.75958251953125,4.03204345703125,2.34942626953125,3.61309814453125,4.81622314453125,-0.12030029296875
2019-04-27,2.627532958984375,2.673431396484375,-0.180084228515625,-0.048248291015625,3.829681396484375,-0.765045166015625
2019-04-28,1.47027587890625,3.45074462890625,-1.99261474609375,1.62066650390625,2.69390869140625,0.11480712890625
2019-04-29,2.3570556640625,3.7564697265625,0.0670166015625,1.3570556640625,4.1060791015625,0.3551025390625
2019-04-30,3.00482177734375,5.64056396484375,2.30560302734375,1.70111083984375,6.19525146484375,0.81146240234375
2019-05-01,4.451263427734375,5.864349365234375,3.295989990234375,4.547943115234375,7.734466552734375,2.955169677734375
2019-05-02,3.90325927734375,5.26458740234375,2.56146240234375,1.82904052734375,6.33001708984375,2.39544677734375
2019-05-03,2.142303466796875,1.052459716796875,0.564178466796875,1.575897216796875,2.939178466796875,-0.683868408203125
2019-05-04,2.465576171875,2.349365234375,-2.948486328125,-0.882080078125,-0.003173828125,-3.768798828125
2019-05-05,2.754425048828125,3.872589111328125,2.080596923828125,1.776885986328125,4.488800048828125,0.257354736328125
2019-05-06,4.469329833984375,4.327728271484375,5.051361083984375,5.150970458984375,7.514251708984375,3.402923583984375
2019-05-07,2.98876953125,3.27685546875,3.37353515625,4.44091796875,3.59912109375,0.45263671875
2019-05-08,6.464752197265625,8.310455322265625,4.377838134765625,5.026275634765625,8.527252197265625,2.387603759765625
2019-05-09,8.553070068359375,7.826507568359375,6.068695068359375,7.416351318359375,8.536468505859375,5.202484130859375
2019-05-10,7.381591796875,6.980224609375,4.039794921875,5.414794921875,6.632568359375,-0.248291015625
2019-05-11,4.575592041015625,3.847076416015625,3.257232666015625,5.155670166015625,4.701568603515625,3.755279541015625
2019-05-12,6.118896484375,4.266357421875,3.059326171875,2.593505859375,5.552490234375,-0.494384765625
2019-05-13,5.934661865234375,5.006927490234375,1.325286865234375,4.235443115234375,4.651458740234375,-1.073150634765625
2019-05-14,4.211700439453125,3.668731689453125,1.388458251953125,4.443145751953125,3.830841064453125,1.622833251953125
2019-05-15,4.588836669921875,7.499969482421875,3.812469482421875,3.434539794921875,6.107391357421875,1.585906982421875
2019-05-16,5.375244140625,9.011962890625,4.490478515625,5.365478515625,8.086181640625,2.671142578125
2019-05-17,3.1868896484375,5.4251708984375,3.1419677734375,2.9300537109375,5.2249755859375,-0.2379150390625
2019-05-18,3.799163818359375,5.350921630859375,2.711273193359375,2.305999755859375,5.008148193359375,0.656585693359375
2019-05-19,4.657684326171875,6.002410888671875,2.736785888671875,3.389129638671875,3.315887451171875,0.222137451171875
2019-05-20,9.35296630859375,9.06976318359375,5.76312255859375,7.53167724609375,8.91839599609375,6.00726318359375
2019-05-21,6.88641357421875,7.69207763671875,5.00946044921875,6.43035888671875,7.73406982421875,4.88446044921875
2019-05-22,10.8814697265625,9.6148681640625,7.4234619140625,9.6715087890625,5.9996337890625,3.8677978515625
2019-05-23,9.421783447265623,10.595611572265623,6.579010009765625,9.000885009765625,10.287017822265623,6.656158447265625
2019-05-24,9.87493896484375,11.50189208984375,8.30853271484375,9.15618896484375,11.20697021484375,10.51947021484375
2019-05-25,9.102081298828123,10.447784423828123,8.963409423828125,7.533721923828125,11.699737548828123,7.632354736328125
2019-05-26,7.96636962890625,8.46734619140625,7.21148681640625,6.49566650390625,9.63336181640625,6.96734619140625
2019-05-27,8.963104248046875,8.159393310546875,4.711151123046875,7.920135498046875,5.386932373046875,3.479705810546875
2019-05-28,8.4761962890625,7.4615478515625,5.9039306640625,7.7691650390625,7.4117431640625,5.0513916015625
2019-05-29,8.2845458984375,7.8489990234375,5.6448974609375,5.6761474609375,7.1732177734375,6.6488037109375
2019-05-30,10.760101318359377,9.226898193359377,7.277679443359375,8.169281005859375,8.727874755859375,4.902679443359375
2019-05-31,7.478729248046875,7.452362060546875,7.136932373046875,7.882049560546875,10.286346435546877,7.039276123046875
2019-06-01,9.397705078125,9.458251953125,7.358642578125,8.101806640625,10.687744140625,7.775634765625
2019-06-02,9.761566162109377,10.169769287109377,8.570159912109375,8.884613037109375,11.584808349609377,8.884613037109375
2019-06-03,8.837615966796875,11.111053466796877,7.442108154296875,7.883514404296875,8.975311279296875,7.595428466796875
2019-06-04,11.459259033203123,12.173126220703123,8.801055908203125,10.080352783203123,10.162384033203123,7.685821533203125
2019-06-05,15.028900146484377,15.116790771484377,12.468353271484377,13.663665771484377,12.653900146484377,11.437103271484377
2019-06-06,15.021453857421877,14.935516357421877,11.689422607421877,13.354461669921877,14.056610107421877,10.837860107421877
2019-06-07,12.766143798828123,11.851104736328123,11.960479736328123,11.838409423828123,13.040557861328123,9.841339111328123
2019-06-08,12.31353759765625,12.97271728515625,9.62310791015625,10.12506103515625,11.77642822265625,7.65924072265625
2019-06-09,12.34478759765625,13.31451416015625,12.14459228515625,13.89361572265625,12.95513916015625,11.06646728515625
2019-06-10,12.831817626953123,13.474395751953123,12.021270751953123,13.241973876953123,15.371856689453123,12.779083251953123
2019-06-11,15.087860107421877,15.710906982421877,14.798797607421877,14.376922607421877,13.846649169921877,14.108367919921877
2019-06-12,15.049468994140623,13.813140869140623,14.152984619140623,14.250640869140623,14.268218994140623,13.067047119140623
2019-06-13,14.1163330078125,14.0362548828125,12.0079345703125,13.7725830078125,14.7530517578125,12.7833251953125
2019-06-14,14.273712158203123,13.783477783203123,13.346954345703123,13.803985595703123,14.063751220703123,11.591094970703123
2019-06-15,13.622344970703123,12.873321533203123,12.062774658203123,12.897735595703123,13.135040283203123,11.705352783203123
2019-06-16,13.463134765625,13.260009765625,11.634033203125,12.442626953125,14.520751953125,11.525634765625
2019-06-17,12.918426513671877,12.444793701171877,10.690887451171877,11.923309326171877,12.664520263671877,11.964324951171877
2019-06-18,13.09039306640625,13.49566650390625,11.20074462890625,13.49371337890625,13.26519775390625,10.71343994140625
2019-06-19,14.572357177734377,15.841888427734377,13.139739990234377,13.158294677734377,15.798919677734377,12.078216552734377
2019-06-20,13.777252197265623,13.325103759765623,12.250885009765623,13.481353759765623,15.852447509765623,11.144439697265623
2019-06-21,15.97216796875,14.97021484375,13.72216796875,14.29150390625,14.91455078125,11.88525390625
2019-06-22,16.399169921875,15.511474609375,14.311279296875,14.698974609375,15.936279296875,11.981201171875
2019-06-23,18.19940185546875,16.38104248046875,13.21112060546875,14.08026123046875,15.70819091796875,12.44647216796875
2019-06-24,17.295654296875,18.188232421875,15.004638671875,16.045654296875,16.157958984375,13.227294921875
2019-06-25,14.216522216796877,13.055389404296877,10.806365966796877,12.624725341796877,14.941131591796877,8.800506591796875
2019-06-26,11.933441162109377,11.980316162109377,9.063323974609377,10.508636474609377,12.551605224609377,7.391448974609375
2019-06-27,13.231353759765623,11.064361572265623,12.033111572265623,13.270416259765623,13.981353759765623,11.700103759765623
2019-06-28,14.71142578125,16.72802734375,14.13232421875,13.81298828125,16.27978515625,18.51123046875
2019-06-29,18.727203369140625,17.235015869140625,15.578765869140623,17.991851806640625,16.342437744140625,13.981109619140623
2019-06-30,15.042938232421877,14.394500732421877,12.557586669921877,14.021453857421877,17.004852294921875,17.005828857421875
2019-07-01,13.890167236328123,14.035675048828123,12.932159423828123,14.051300048828123,14.521026611328123,13.427276611328123
2019-07-02,14.8714599609375,14.1790771484375,13.1839599609375,14.4320068359375,14.3402099609375,11.2445068359375
2019-07-03,14.43316650390625,15.97418212890625,12.69781494140625,14.15386962890625,15.66363525390625,12.50933837890625
2019-07-04,15.62646484375,15.80029296875,13.69482421875,14.82470703125,16.73974609375,13.12548828125
2019-07-05,14.058135986328123,14.193878173828123,12.052276611328123,13.247589111328123,16.139190673828125,13.032745361328123
2019-07-06,14.46490478515625,12.60943603515625,13.05377197265625,13.71295166015625,15.63482666015625,13.85845947265625
2019-07-07,10.42974853515625,9.20904541015625,8.27838134765625,9.57525634765625,11.67193603515625,8.02447509765625
2019-07-08,8.125213623046875,7.984588623046875,6.705291748046875,8.535369873046875,10.263885498046877,8.391815185546875
2019-07-09,12.773406982421877,11.930633544921877,9.738250732421877,10.342742919921877,12.386688232421877,8.663055419921875
2019-07-10,13.624298095703123,12.429962158203123,11.489532470703123,13.215118408203123,14.433868408203123,11.533477783203123
2019-07-11,10.28582763671875,10.27020263671875,8.98211669921875,10.15106201171875,11.20672607421875,8.10516357421875
2019-07-12,11.287689208984377,10.795501708984377,9.161712646484377,10.505462646484377,13.432220458984377,9.174407958984377
2019-07-13,11.99920654296875,10.19647216796875,8.04022216796875,9.57342529296875,10.03729248046875,7.00213623046875
2019-07-14,10.625213623046877,10.276580810546877,8.796112060546875,10.038299560546877,11.303924560546877,8.051971435546875
2019-07-15,13.09930419921875,13.57684326171875,10.58563232421875,13.42449951171875,12.63250732421875,9.64617919921875
2019-07-16,12.178619384765623,11.981353759765623,10.860260009765623,12.558502197265623,12.575103759765623,9.787017822265623
2019-07-17,13.97161865234375,12.81829833984375,12.32806396484375,13.22161865234375,14.03607177734375,11.35150146484375
2019-07-18,15.331146240234377,15.301849365234377,14.421966552734377,14.921966552734377,14.295989990234377,12.781341552734377
2019-07-19,16.41864013671875,15.57489013671875,13.72235107421875,15.02117919921875,16.82000732421875,12.65203857421875
2019-07-20,16.12200927734375,16.03607177734375,13.91888427734375,15.44329833984375,16.17962646484375,11.45697021484375
2019-07-21,15.487640380859377,14.075531005859377,12.193695068359377,12.735687255859377,14.759124755859377,10.999359130859377
2019-07-22,13.886383056640623,12.462554931640623,13.350250244140623,13.226226806640623,13.937164306640623,11.705718994140623
2019-07-23,15.859954833984377,16.707611083984375,13.994720458984377,14.721282958984377,16.348236083984375,12.736907958984377
2019-07-24,14.574432373046877,14.752166748046877,12.904510498046877,13.316619873046877,15.883026123046877,12.432830810546877
2019-07-25,17.544830322265625,17.956939697265625,15.324127197265623,16.550689697265625,17.592681884765625,14.022369384765623
2019-07-26,15.861175537109377,15.214691162109377,12.058441162109377,13.789886474609377,14.242034912109377,11.836761474609377
2019-07-27,16.519500732421875,15.302703857421877,14.073211669921877,15.181610107421877,15.874969482421877,12.697235107421877
2019-07-28,17.113372802734375,14.850677490234377,14.235443115234377,15.987396240234377,16.705169677734375,12.968841552734377
2019-07-29,15.73553466796875,15.26873779296875,14.54022216796875,15.74139404296875,16.13201904296875,15.51776123046875
2019-07-30,16.3721923828125,15.3087158203125,14.4581298828125,15.4766845703125,17.5294189453125,14.0177001953125
2019-07-31,12.554443359375,13.068115234375,10.602294921875,12.099365234375,13.588623046875,10.982177734375
2019-08-01,12.493743896484377,11.613861083984377,9.706634521484377,11.434173583984377,11.983001708984377,8.658782958984375
2019-08-02,12.095916748046877,11.320526123046877,10.604705810546877,12.690643310546877,12.496307373046877,10.444549560546877
2019-08-03,14.484375,14.314453125,12.654296875,13.1767578125,14.2705078125,13.4853515625
2019-08-04,14.13916015625,16.35595703125,12.90771484375,13.97509765625,15.64990234375,12.96630859375
2019-08-05,17.935882568359375,18.17123413085937,16.274749755859375,18.11264038085937,16.934906005859375,16.462249755859375
2019-08-06,15.6488037109375,14.4232177734375,13.5120849609375,14.8763427734375,17.3363037109375,15.4984130859375
2019-08-07,17.305389404296875,15.906951904296877,17.479217529296875,16.323944091796875,17.746795654296875,18.360076904296875
2019-08-08,17.882232666015625,16.089263916015625,17.163482666015625,16.456451416015625,16.725006103515625,18.187896728515625
2019-08-09,18.665252685546875,18.452362060546875,18.470916748046875,16.936737060546875,19.810760498046875,21.850799560546875
2019-08-10,21.366607666015625,21.058013916015625,17.732818603515625,17.738677978515625,18.446685791015625,20.299224853515625
2019-08-11,14.692291259765623,13.150299072265623,12.758697509765623,14.121002197265623,16.711822509765625,13.750885009765623
2019-08-12,10.531982421875,9.157958984375,8.413818359375,9.497802734375,14.131591796875,10.294677734375
2019-08-13,10.93865966796875,10.82440185546875,9.04412841796875,10.29608154296875,12.06561279296875,8.59979248046875
2019-08-14,12.0782470703125,9.9093017578125,10.4639892578125,12.0030517578125,11.3389892578125,12.0782470703125
2019-08-15,13.72857666015625,12.78814697265625,12.89361572265625,13.49224853515625,13.35162353515625,12.58892822265625
2019-08-16,15.117218017578123,14.674835205078123,15.751983642578123,14.553741455078123,14.571319580078123,17.106475830078125
2019-08-17,15.32611083984375,14.12396240234375,16.70404052734375,13.74603271484375,15.45013427734375,16.65228271484375
2019-08-18,15.9361572265625,15.9156494140625,15.4508056640625,15.0836181640625,14.8111572265625,13.6334228515625
2019-08-19,16.6861572265625,16.4879150390625,14.0611572265625,14.5875244140625,17.0006103515625,12.3375244140625
2019-08-20,15.381561279296877,15.700897216796877,14.172576904296877,14.098358154296877,17.414764404296875,16.708709716796875
2019-08-21,15.7440185546875,15.4022216796875,14.5477294921875,14.4842529296875,16.0789794921875,15.9500732421875
2019-08-22,14.55950927734375,14.50091552734375,11.96575927734375,13.39837646484375,15.67279052734375,12.93841552734375
2019-08-23,14.05877685546875,13.17498779296875,12.43475341796875,12.90447998046875,15.29901123046875,13.83709716796875
2019-08-24,14.221923828125,14.757080078125,12.900634765625,13.271728515625,14.796142578125,13.969970703125
2019-08-25,15.144195556640623,13.958648681640623,14.029937744140623,13.432281494140623,14.227203369140623,15.331695556640623
2019-08-26,15.969146728515623,14.599029541015623,14.332427978515623,13.632232666015623,14.809967041015623,16.111724853515625
2019-08-27,17.636871337890625,18.602691650390625,13.764801025390623,16.044097900390625,15.848785400390623,12.086090087890623
2019-08-28,14.632232666015623,14.058990478515623,16.034576416015625,13.218170166015623,13.463287353515623,15.618560791015623
2019-08-29,12.75732421875,12.07080078125,12.72998046875,11.12548828125,14.20166015625,15.92626953125
2019-08-30,16.516143798828125,16.866729736328125,12.425323486328123,13.963409423828123,13.459503173828123,11.568878173828123
2019-08-31,13.390167236328123,13.088409423828123,11.439971923828123,12.891143798828123,15.423370361328123,11.774932861328123
2019-09-01,12.965362548828123,12.765167236328123,12.169464111328123,12.140167236328123,13.142120361328123,15.016143798828123
2019-09-02,12.1279296875,12.05078125,11.712890625,10.97265625,13.1826171875,12.5341796875
2019-09-03,12.8934326171875,12.8670654296875,11.4031982421875,12.3133544921875,14.2391357421875,11.0213623046875
2019-09-04,11.80072021484375,11.91009521484375,10.53997802734375,10.70892333984375,13.26263427734375,10.02044677734375
2019-09-05,10.91644287109375,12.30511474609375,9.86566162109375,9.22015380859375,12.36761474609375,8.71917724609375
2019-09-06,11.26251220703125,12.37872314453125,8.86309814453125,9.44903564453125,10.33282470703125,7.58184814453125
2019-09-07,11.770782470703123,12.255157470703123,12.003204345703123,11.620391845703123,11.339141845703123,14.183868408203123
2019-09-08,13.15301513671875,12.56805419921875,11.02313232421875,12.42840576171875,13.65301513671875,11.81512451171875
2019-09-09,14.531890869140623,11.865875244140623,9.326812744140623,11.569000244140623,12.062164306640623,8.607086181640625
2019-09-10,10.310272216796877,11.660858154296877,7.627655029296875,9.622772216796877,10.952850341796877,7.115936279296875
2019-09-11,12.78961181640625,11.98297119140625,9.28277587890625,10.94976806640625,12.06109619140625,8.26812744140625
2019-09-12,10.31817626953125,9.25469970703125,9.60821533203125,9.82305908203125,12.19805908203125,12.04864501953125
2019-09-13,9.65704345703125,11.21759033203125,9.73712158203125,11.62677001953125,12.73809814453125,10.11309814453125
2019-09-14,12.48443603515625,12.06451416015625,12.42095947265625,12.54986572265625,14.71002197265625,11.31549072265625
2019-09-15,9.016571044921877,7.732391357421875,9.026336669921877,9.719696044921877,13.609344482421877,9.254852294921877
2019-09-16,6.119140625,4.12890625,3.359375,5.455078125,9.10546875,5.49609375
2019-09-17,5.123626708984375,4.225189208984375,1.762298583984375,2.795501708984375,6.756439208984375,3.555267333984375
2019-09-18,4.602447509765625,4.223541259765625,5.299713134765625,3.890533447265625,5.668853759765625,6.459869384765625
2019-09-19,8.467529296875,9.222412109375,8.938232421875,8.261474609375,10.710693359375,8.287841796875
2019-09-20,10.790374755859377,12.096038818359377,10.425140380859377,10.537445068359377,13.751312255859377,10.128265380859377
2019-09-21,11.7269287109375,10.9222412109375,10.0706787109375,11.3753662109375,10.7396240234375,9.4720458984375
2019-09-22,10.203033447265623,10.210845947265623,8.992095947265625,8.472564697265625,10.543853759765623,7.300689697265625
2019-09-23,11.896148681640623,10.544586181640623,10.817047119140623,11.997711181640623,11.893218994140623,9.647125244140623
2019-09-24,6.48675537109375,5.99554443359375,6.24261474609375,6.80706787109375,7.65570068359375,6.28948974609375
2019-09-25,8.9249267578125,11.2911376953125,8.5616455078125,9.4415283203125,11.2442626953125,8.1749267578125
2019-09-26,8.744049072265625,11.292877197265623,8.953033447265625,8.136627197265625,12.710845947265623,8.148345947265625
2019-09-27,9.32440185546875,13.06268310546875,8.24530029296875,8.88690185546875,7.29998779296875,4.74334716796875
2019-09-28,7.373199462890625,10.895660400390623,6.563629150390625,7.700347900390625,8.144683837890625,5.398590087890625
2019-09-29,9.618377685546877,12.869354248046877,11.600799560546877,9.311737060546877,12.962127685546877,9.573455810546877
2019-09-30,4.036285400390625,2.584136962890625,1.838043212890625,3.241363525390625,6.659332275390625,3.824371337890625
2019-10-01,2.5369873046875,2.1629638671875,2.1365966796875,2.2293701171875,7.2567138671875,2.9578857421875
2019-10-02,7.384552001953125,6.920684814453125,5.081817626953125,6.923614501953125,8.302520751953125,5.699005126953125
2019-10-03,2.1744384765625,1.9371337890625,1.4166259765625,2.5133056640625,6.6656494140625,2.9781494140625
2019-10-04,4.239471435546875,2.244354248046875,2.125213623046875,3.471893310546875,4.200408935546875,0.688690185546875
2019-10-05,1.55047607421875,4.33465576171875,2.74578857421875,1.18817138671875,8.62762451171875,3.08465576171875
2019-10-06,6.8876953125,10.3759765625,8.900390625,6.548828125,12.4521484375,9.2705078125
2019-10-07,7.584259033203125,9.937774658203123,9.689727783203123,8.258087158203125,11.111602783203123,6.618438720703125
2019-10-08,5.48126220703125,6.43243408203125,5.10137939453125,3.81915283203125,7.67364501953125,6.63946533203125
2019-10-09,6.06500244140625,8.37457275390625,5.71734619140625,7.26519775390625,10.65777587890625,7.00152587890625
2019-10-10,6.023651123046875,8.178924560546875,6.444549560546875,7.260955810546875,7.541229248046875,10.024627685546877
2019-10-11,5.3455810546875,7.9071044921875,4.7303466796875,5.7957763671875,9.3983154296875,6.0096435546875
2019-10-12,4.277557373046875,7.418182373046875,4.522674560546875,6.520721435546875,9.301971435546877,6.689666748046875
2019-10-13,5.023590087890625,8.494293212890625,4.794097900390625,6.314605712890625,8.412261962890625,4.979644775390625
2019-10-14,5.2430419921875,8.3016357421875,4.2557373046875,6.2811279296875,7.9168701171875,7.6746826171875
2019-10-15,5.581939697265625,7.227447509765625,4.996002197265625,5.567291259765625,6.989166259765625,4.411041259765625
2019-10-16,6.032470703125,8.677001953125,5.109619140625,4.275634765625,7.740478515625,4.848876953125
2019-10-17,4.81475830078125,7.21710205078125,4.47100830078125,7.30596923828125,8.23565673828125,7.12042236328125
2019-10-18,7.801055908203125,10.303985595703123,9.317657470703123,8.476837158203125,6.288360595703125,8.240509033203125
2019-10-19,7.61700439453125,9.47930908203125,8.52911376953125,7.62579345703125,7.11505126953125,11.96368408203125
2019-10-20,7.128021240234375,7.966888427734375,7.025482177734375,5.492279052734375,9.049896240234377,12.286224365234377
2019-10-21,6.889129638671875,7.525848388671875,7.022918701171875,7.145965576171875,8.870574951171875,10.984832763671877
2019-10-22,7.20086669921875,10.07098388671875,8.26239013671875,7.52117919921875,6.41766357421875,13.43133544921875
2019-10-23,6.007293701171875,7.629364013671875,6.614715576171875,7.386199951171875,7.976043701171875,9.355926513671877
2019-10-24,5.54461669921875,7.69793701171875,6.45281982421875,7.63153076171875,6.88543701171875,6.17938232421875
2019-10-25,3.6435546875,5.0078125,4.39453125,4.279296875,6.068359375,11.3154296875
2019-10-26,8.194366455078125,5.377960205078125,5.063507080078125,7.531280517578125,6.819366455078125,7.056671142578125
2019-10-27,1.886993408203125,1.096954345703125,0.706329345703125,2.164337158203125,5.117462158203125,0.784454345703125
2019-10-28,4.354034423828125,3.323760986328125,4.091339111328125,5.528839111328125,6.150909423828125,3.098175048828125
2019-10-29,3.181060791015625,3.888092041015625,4.138092041015625,3.508209228515625,8.516021728515625,3.140045166015625
2019-10-30,6.779144287109375,9.885589599609377,7.098480224609375,6.709808349609375,10.435394287109377,6.495941162109375
2019-10-31,10.305084228515623,10.572662353515623,9.058013916015623,9.528717041015623,10.384185791015623,7.303131103515625
2019-11-01,4.38037109375,7.97119140625,6.45458984375,4.54443359375,8.53369140625,5.20751953125
2019-11-02,13.224456787109377,12.534027099609377,9.678558349609377,10.482269287109377,10.861175537109377,7.742034912109375
2019-11-03,8.15814208984375,8.20111083984375,6.47259521484375,8.62396240234375,11.13568115234375,7.79388427734375
2019-11-04,6.938507080078125,8.280303955078125,7.245147705078125,7.992218017578125,10.533233642578123,7.854522705078125
2019-11-05,5.909332275390625,8.078277587890625,4.919097900390625,6.141754150390625,9.358551025390623,7.480621337890625
2019-11-06,6.533111572265625,6.761627197265625,5.052642822265625,5.150299072265625,7.713775634765625,5.224517822265625
2019-11-07,1.573974609375,3.501708984375,1.269287109375,1.310302734375,5.407958984375,2.133544921875
2019-11-08,3.044708251953125,4.329864501953125,1.949005126953125,1.314239501953125,2.009552001953125,0.130645751953125
2019-11-09,8.055389404296875,8.072967529296875,7.027069091796875,7.503631591796875,9.585662841796877,5.754608154296875
2019-11-10,6.336090087890625,7.381011962890625,5.866363525390625,6.409332275390625,7.476715087890625,4.827301025390625
2019-11-11,2.012969970703125,3.926055908203125,1.133087158203125,0.495391845703125,4.780548095703125,1.012969970703125
2019-11-12,8.69964599609375,9.85589599609375,7.53265380859375,6.84613037109375,9.40472412109375,6.17523193359375
2019-11-13,7.354705810546875,7.484588623046875,5.572479248046875,6.153533935546875,9.176971435546877,5.073455810546875
2019-11-14,5.762237548828125,6.720245361328125,4.468292236328125,4.207550048828125,8.623565673828125,3.005401611328125
2019-11-15,1.447174072265625,4.222564697265625,-0.093841552734375,0.040924072265625,1.617095947265625,4.291900634765625
2019-11-16,5.2559814453125,7.3868408203125,4.7891845703125,5.4678955078125,7.8731689453125,5.7764892578125
2019-11-17,0.710784912109375,2.998870849609375,1.652191162109375,-0.065582275390625,6.091644287109375,1.604339599609375
2019-11-18,1.21337890625,2.70166015625,1.21337890625,-0.55419921875,2.35009765625,1.94970703125
2019-11-19,-0.543975830078125,1.946258544921875,-1.097686767578125,-1.665069580078125,2.044891357421875,1.623992919921875
2019-11-20,1.032257080078125,3.235382080078125,0.136749267578125,0.325225830078125,3.189483642578125,3.896514892578125
2019-11-21,2.332183837890625,3.794097900390625,1.009918212890625,3.770660400390625,3.908355712890625,1.775543212890625
2019-11-22,4.62652587890625,4.40386962890625,3.41851806640625,5.04156494140625,4.98785400390625,2.81402587890625
2019-11-23,1.992767333984375,2.504486083984375,0.535736083984375,0.855072021484375,3.225189208984375,1.352142333984375
2019-11-24,5.679107666015625,7.926177978515625,5.648834228515625,5.396881103515625,6.825592041015625,4.697662353515625
2019-11-25,2.72418212890625,4.64410400390625,2.73004150390625,3.61578369140625,5.66558837890625,1.94000244140625
2019-11-26,-0.5286865234375,1.1695556640625,2.1910400390625,1.5406494140625,4.2340087890625,0.3756103515625
2019-11-27,-0.463104248046875,-1.282440185546875,-1.081268310546875,-0.175994873046875,0.252716064453125,-1.506072998046875
2019-11-28,-2.120208740234375,-0.059661865234375,-1.372161865234375,-3.287200927734375,0.302642822265625,-0.550872802734375
2019-11-29,1.226348876953125,0.811309814453125,1.771270751953125,1.284942626953125,6.100372314453125,0.901153564453125
2019-11-30,-4.60125732421875,-6.02606201171875,-9.38641357421875,-6.61590576171875,-4.70281982421875,-9.43035888671875
2019-12-01,-12.117401123046877,-8.210174560546875,-11.698455810546877,-8.202362060546875,-2.855682373046875,-9.666229248046877
2019-12-02,-3.642608642578125,-3.261749267578125,-1.626007080078125,-3.090850830078125,6.393524169921875,-0.658233642578125
2019-12-03,1.027313232421875,3.570281982421875,1.300750732421875,0.817352294921875,6.428680419921875,2.439422607421875
2019-12-04,1.422637939453125,2.586700439453125,2.000762939453125,0.296661376953125,4.417755126953125,-0.220916748046875
2019-12-05,-1.815582275390625,1.379730224609375,1.917816162109375,-1.445465087890625,4.276214599609375,-1.999176025390625
2019-12-06,1.541046142578125,3.124053955078125,3.087921142578125,2.500030517578125,4.818389892578125,1.864288330078125
2019-12-07,-1.811065673828125,-2.687042236328125,-3.621612548828125,-2.026885986328125,1.408660888671875,-2.910675048828125
2019-12-08,-1.937225341796875,-1.938201904296875,-4.779022216796875,-2.289764404296875,-0.018280029296875,-3.360076904296875
2019-12-09,-3.27337646484375,-1.98040771484375,-0.40423583984375,-2.79876708984375,2.09088134765625,-1.79095458984375
2019-12-10,1.20208740234375,0.96185302734375,1.08489990234375,0.04290771484375,2.61322021484375,0.04388427734375
2019-12-11,-3.66595458984375,-2.31243896484375,-7.31536865234375,-3.51165771484375,-1.93939208984375,-5.10052490234375
2019-12-12,-3.160125732421875,0.381866455078125,-3.373016357421875,-3.556610107421875,1.673858642578125,-2.366180419921875
2019-12-13,0.037750244140625,2.726226806640625,2.802398681640625,0.611968994140625,5.851226806640625,1.671539306640625
2019-12-14,-0.548919677734375,2.534088134765625,2.539947509765625,-0.219818115234375,6.991119384765625,2.378814697265625
2019-12-15,1.31005859375,2.99267578125,3.88427734375,1.48583984375,5.02001953125,1.75048828125
2019-12-16,3.729705810546875,3.978729248046875,3.528533935546875,1.591033935546875,5.858612060546875,3.336151123046875
2019-12-17,6.812591552734375,7.266693115234375,5.388763427734375,5.202239990234375,5.928802490234375,2.750091552734375
2019-12-18,2.571319580078125,5.354522705078125,2.631866455078125,5.398468017578125,5.479522705078125,1.320343017578125
2019-12-19,2.516815185546875,3.329315185546875,0.914276123046875,1.999237060546875,4.103729248046875,1.175994873046875
2019-12-20,1.664520263671875,0.319793701171875,-0.859893798828125,0.400848388671875,0.633270263671875,-1.508331298828125
2019-12-21,-4.224761962890625,-4.762847900390625,-4.490386962890625,-4.710113525390625,-4.714019775390625,-9.472808837890623
2019-12-22,-3.44097900390625,-2.00250244140625,-6.84625244140625,-2.40386962890625,-4.17926025390625,-7.92633056640625
2019-12-23,-1.63055419921875,-2.83563232421875,-4.14910888671875,-2.79949951171875,-2.37860107421875,-5.10809326171875
2019-12-24,-3.230255126953125,-4.678497314453125,-5.559356689453125,-4.511505126953125,-5.647247314453125,-7.555450439453125
2019-12-25,-4.871063232421875,-7.384735107421875,-7.073211669921875,-6.593719482421875,-4.060516357421875,-8.669891357421875
2019-12-26,-7.0711669921875,-9.2781982421875,-9.4920654296875,-8.4188232421875,-5.5028076171875,-10.7215576171875
2019-12-27,-16.5206298828125,-15.6671142578125,-14.3819580078125,-13.5909423828125,-6.0831298828125,-15.1319580078125
2019-12-28,-6.887969970703125,-3.108673095703125,-7.334259033203125,-7.564727783203125,-3.506134033203125,-6.273712158203125
2019-12-29,-12.675140380859377,-11.840179443359377,-11.258148193359377,-8.065765380859375,-4.512054443359375,-10.389984130859377
2019-12-30,-13.487945556640623,-7.956695556640625,-14.169586181640623,-11.990875244140623,-3.866851806640625,-8.401031494140625
2019-12-31,-8.959075927734375,-0.922943115234375,-12.040130615234377,-10.414154052734377,-4.037200927734375,-7.347747802734375
2020-01-01,-1.668060302734375,-2.049896240234375,-3.503997802734375,-1.990325927734375,0.266510009765625,-2.868255615234375
2020-01-02,-6.930206298828125,-8.188018798828125,-8.509307861328125,-7.532745361328125,-5.004425048828125,-9.344268798828123
2020-01-03,-11.034515380859377,-12.042327880859377,-16.548187255859375,-11.178070068359377,-9.810882568359377,-15.310882568359377
2020-01-04,-12.80120849609375,-5.74652099609375,-10.94964599609375,-8.86273193359375,-3.67718505859375,-9.55023193359375
2020-01-05,-14.473846435546877,-10.479705810546877,-11.956268310546877,-10.143768310546877,-4.384002685546875,-7.952362060546875
2020-01-06,-13.899078369140623,-6.484039306640625,-9.738922119140623,-6.654937744140625,-2.288726806640625,-5.920562744140625
2020-01-07,-5.55218505859375,4.18609619140625,-2.71136474609375,-2.54339599609375,-2.25335693359375,2.88433837890625
2020-01-08,-0.550323486328125,-1.455596923828125,-2.001495361328125,-1.137237548828125,0.727020263671875,-3.133331298828125
2020-01-09,-12.894622802734377,-7.137786865234375,-10.382904052734377,-6.956146240234375,-2.200286865234375,-8.177825927734375
2020-01-10,-13.127349853515623,-8.314849853515625,-9.459381103515623,-6.150787353515625,-2.566802978515625,-7.809967041015625
2020-01-11,-8.954864501953125,-5.212677001953125,-5.978302001953125,-3.208770751953125,-3.556427001953125,-2.720489501953125
2020-01-12,-8.5384521484375,-5.2923583984375,-1.6341552734375,-4.9046630859375,-2.5667724609375,2.3619384765625
2020-01-13,-8.123931884765625,-6.452056884765625,-5.324127197265625,-4.388580322265625,-1.376861572265625,-2.661041259765625
2020-01-14,-8.268646240234375,-5.828216552734375,-5.883880615234375,-6.000091552734375,5.045806884765625,-5.238372802734375
2020-01-15,-3.873046875,-3.1806640625,-0.9052734375,-2.59765625,1.84375,-3.2041015625
2020-01-16,-2.685546875,-4.3583984375,-4.4169921875,-3.1318359375,-2.802734375,-5.4931640625
2020-01-17,-4.073944091796875,-5.336639404296875,-6.045623779296875,-4.945037841796875,-2.454803466796875,-7.961639404296875
2020-01-18,-10.122222900390623,-7.821441650390625,-4.839996337890625,-1.965972900390625,-1.822418212890625,-5.166168212890625
2020-01-19,-4.211273193359375,-3.171234130859375,-4.729827880859375,-3.196624755859375,-2.017913818359375,-5.188812255859375
2020-01-20,-9.4779052734375,-11.3480224609375,-6.7288818359375,-7.1087646484375,-4.3822021484375,-3.3529052734375
2020-01-21,-4.584808349609375,-2.684417724609375,-0.059417724609375,-1.225433349609375,2.698394775390625,-1.041839599609375
2020-01-22,-2.817779541015625,0.215423583984375,0.345306396484375,-1.651763916015625,4.276947021484375,1.625579833984375
2020-01-23,-0.89678955078125,1.08660888671875,0.46258544921875,-0.38507080078125,2.82879638671875,-0.33917236328125
2020-01-24,-4.093963623046875,-3.674041748046875,-2.054901123046875,-2.549041748046875,1.757598876953125,-2.303924560546875
2020-01-25,2.367828369140625,2.323883056640625,1.056304931640625,2.737945556640625,2.414703369140625,-0.545257568359375
2020-01-26,-5.104095458984375,-7.416595458984375,-6.003509521484375,-4.360931396484375,-2.139251708984375,-4.896087646484375
2020-01-27,-3.721527099609375,-2.308441162109375,-5.056488037109375,-3.492034912109375,-1.360198974609375,-5.688323974609375
2020-01-28,-2.423980712890625,-1.500152587890625,-1.194488525390625,-1.937652587890625,0.772308349609375,-1.612457275390625
2020-01-29,-1.279205322265625,0.147552490234375,0.950286865234375,-0.439361572265625,3.195404052734375,-0.690338134765625
2020-01-30,-0.440032958984375,1.874420166015625,2.531646728515625,1.784576416015625,5.470123291015625,1.646881103515625
2020-01-31,-0.27447509765625,1.52435302734375,2.35150146484375,1.65716552734375,5.79290771484375,1.63470458984375
2020-02-01,-2.079620361328125,-3.197784423828125,-3.956573486328125,-2.839385986328125,-0.210479736328125,-3.599151611328125
2020-02-02,-4.853424072265625,-6.207916259765625,-6.872955322265625,-6.122955322265625,-3.193267822265625,-7.459869384765625
2020-02-03,-4.78863525390625,-5.48101806640625,-9.13140869140625,-8.27496337890625,-5.82281494140625,-9.78179931640625
2020-02-04,-2.544952392578125,-3.473663330078125,-5.275421142578125,-4.117218017578125,-4.069366455078125,-6.754913330078125
2020-02-05,-15.9693603515625,-13.6265869140625,-14.0494384765625,-15.7711181640625,-4.9117431640625,-9.7320556640625
2020-02-06,-9.24835205078125,-5.12725830078125,-3.88604736328125,-7.77081298828125,-1.33135986328125,-6.07452392578125
2020-02-07,1.526275634765625,-0.050872802734375,0.473541259765625,3.874908447265625,3.797760009765625,0.574127197265625
2020-02-08,-2.464019775390625,-2.105621337890625,0.518402099609375,0.776214599609375,4.871917724609375,0.400238037109375
2020-02-09,-0.271148681640625,-1.311187744140625,2.675140380859375,4.556976318359375,5.870452880859375,2.225921630859375
2020-02-10,-3.211456298828125,-2.982940673828125,-3.206573486328125,-4.764190673828125,-0.783721923828125,-3.898956298828125
2020-02-11,0.300201416015625,-0.597259521484375,-1.433197021484375,-0.185150146484375,1.600006103515625,-2.345306396484375
2020-02-12,-10.423553466796877,-8.056365966796875,-9.639373779296877,-7.911834716796875,-4.266326904296875,-8.299530029296875
2020-02-13,-4.470733642578125,-2.554718017578125,-3.197296142578125,-3.087921142578125,-0.063507080078125,-2.626983642578125
2020-02-14,-2.98193359375,-1.23681640625,-1.95263671875,-2.07861328125,0.81884765625,-1.74560546875
2020-02-15,-1.675201416015625,-1.138092041015625,-1.391998291015625,-1.727935791015625,0.828704833984375,-0.812896728515625
2020-02-16,0.469268798828125,-0.065887451171875,-0.088348388671875,-0.012176513671875,3.178253173828125,-0.390106201171875
2020-02-17,-5.769073486328125,-7.212432861328125,-7.626495361328125,-4.620635986328125,-3.705596923828125,-7.106964111328125
2020-02-18,-6.422210693359375,-5.185882568359375,-9.812835693359377,-5.325531005859375,-4.513031005859375,-8.847015380859375
2020-02-19,-5.858795166015625,-5.700592041015625,-9.851959228515623,-8.553131103515625,-3.538482666015625,-5.780670166015625
2020-02-20,-2.417449951171875,-0.131317138671875,-1.973114013671875,-0.882293701171875,0.252471923828125,-1.417449951171875
2020-02-21,-3.062591552734375,-2.740325927734375,-3.626068115234375,-3.586029052734375,0.293853759765625,-3.888763427734375
2020-02-22,4.817535400390625,5.940582275390625,5.014801025390625,4.969879150390625,5.794097900390625,2.930816650390625
2020-02-23,4.836944580078125,4.321319580078125,1.865264892578125,3.675811767578125,3.407257080078125,-0.167938232421875
2020-02-24,-6.393646240234375,-4.370208740234375,-8.135833740234375,-8.594818115234375,-6.487396240234375,-8.247161865234375
2020-02-25,-12.30322265625,-9.01220703125,-12.56298828125,-10.70361328125,-9.99267578125,-8.93798828125
2020-02-26,-5.025115966796875,-1.204803466796875,-5.040740966796875,-4.907928466796875,0.500274658203125,-4.320037841796875
2020-02-27,4.531768798828125,3.239776611328125,3.107940673828125,3.930206298828125,4.299346923828125,1.169464111328125
2020-02-28,7.15087890625,4.56005859375,5.16357421875,4.37255859375,5.33935546875,4.11181640625
2020-02-29,4.27374267578125,4.37432861328125,1.38995361328125,3.23370361328125,5.02569580078125,0.99346923828125
2020-03-01,0.136077880859375,-1.009429931640625,-1.598297119140625,-0.461578369140625,1.964202880859375,-1.402008056640625
2020-03-02,-4.602264404296875,-3.848358154296875,-6.901092529296875,-8.949920654296875,-1.629608154296875,-4.757537841796875
2020-03-03,2.018157958984375,3.328704833984375,2.421478271484375,2.941986083984375,5.402923583984375,1.349212646484375
2020-03-04,-0.08209228515625,-1.19830322265625,-2.14947509765625,-0.97955322265625,1.67181396484375,-1.51470947265625
2020-03-05,-0.64990234375,-2.80126953125,-3.42626953125,-2.12939453125,-1.44580078125,-3.11572265625
2020-03-06,-1.453399658203125,-3.501251220703125,-3.484649658203125,-1.807891845703125,-0.194610595703125,-1.995391845703125
2020-03-07,-1.004302978515625,-4.955474853515625,-2.716217041015625,-1.010162353515625,-1.425201416015625,-4.497467041015625
2020-03-08,-2.344818115234375,0.546783447265625,-3.897552490234375,0.646392822265625,-1.249114990234375,-0.712982177734375
2020-03-09,-0.2703857421875,4.2022705078125,-0.5770263671875,-1.5760498046875,4.8360595703125,0.8292236328125
2020-03-10,3.487640380859375,1.776702880859375,3.282562255859375,3.620452880859375,4.001312255859375,3.606781005859375
2020-03-11,1.737457275390625,0.390777587890625,0.165191650390625,1.041168212890625,3.357574462890625,-1.119964599609375
2020-03-12,-3.613311767578125,-4.523468017578125,-6.208038330078125,-5.372100830078125,-1.935577392578125,-4.576202392578125
2020-03-13,-1.36676025390625,-0.40191650390625,-2.08160400390625,-4.30914306640625,-1.56890869140625,-4.70269775390625
2020-03-14,2.78900146484375,0.70794677734375,-0.65240478515625,0.89837646484375,-0.26177978515625,-0.72662353515625
2020-03-15,0.799835205078125,1.103546142578125,-2.681610107421875,-1.182586669921875,-0.633758544921875,-3.525360107421875
2020-03-16,0.757171630859375,0.911468505859375,1.301116943359375,0.840179443359375,-0.779937744140625,-0.189117431640625
2020-03-17,-0.01837158203125,1.53436279296875,-1.00372314453125,-0.28399658203125,2.08514404296875,-0.72442626953125
2020-03-18,2.640472412109375,5.986175537109375,-1.403472900390625,2.250823974609375,2.241058349609375,-0.843902587890625
2020-03-19,-3.850128173828125,-5.576690673828125,-5.208526611328125,-4.045440673828125,0.307098388671875,-3.605987548828125
2020-03-20,-5.363861083984375,-6.776947021484375,-8.092376708984375,-6.965423583984375,-4.180267333984375,-8.457611083984375
2020-03-21,-3.843963623046875,-4.437713623046875,-5.156463623046875,-3.531463623046875,-2.598846435546875,-4.821502685546875
2020-03-22,-3.757415771484375,-4.084564208984375,-5.771087646484375,-3.275970458984375,-0.441009521484375,-4.130462646484375
2020-03-23,-0.960845947265625,-0.777252197265625,-0.754791259765625,0.241302490234375,3.916107177734375,-0.963775634765625
2020-03-24,1.116424560546875,0.516815185546875,-0.648223876953125,0.544158935546875,2.092010498046875,-1.398223876953125
2020-03-25,0.207733154296875,0.362030029296875,-2.915313720703125,0.007537841796875,-0.354766845703125,-3.137969970703125
2020-03-26,0.442779541015625,-0.120697021484375,-2.538665771484375,-0.541595458984375,-1.066009521484375,-3.316009521484375
2020-03-27,1.649139404296875,-0.255157470703125,-0.248321533203125,1.137420654296875,0.887420654296875,-0.856719970703125
2020-03-28,-5.393341064453125,-6.268341064453125,-6.719512939453125,-5.696075439453125,0.099822998046875,-3.574981689453125
2020-03-29,-4.96697998046875,-4.96209716796875,-6.67498779296875,-6.01971435546875,-8.15545654296875,-7.27166748046875
2020-03-30,-9.949249267578123,-4.131866455078125,-9.261749267578123,-9.986358642578123,-6.572296142578125,-6.606475830078125
2020-03-31,0.421600341796875,-1.211212158203125,-4.616485595703125,-1.842071533203125,-1.812774658203125,-4.064727783203125
2020-04-01,2.163177490234375,0.811614990234375,-0.742095947265625,0.387786865234375,2.522552490234375,-2.072174072265625
2020-04-02,-0.306427001953125,0.325408935546875,-1.918731689453125,-1.704864501953125,-0.142364501953125,-1.832794189453125
2020-04-03,-1.411102294921875,-1.982391357421875,-2.662078857421875,-2.893524169921875,-0.130828857421875,-1.643524169921875
2020-04-04,-1.615081787109375,-0.334808349609375,-2.543792724609375,-2.903167724609375,-0.404144287109375,-3.368011474609375
2020-04-05,-1.487274169921875,-1.309539794921875,-1.275360107421875,-1.668914794921875,0.318389892578125,-2.609344482421875
2020-04-06,1.340789794921875,6.448211669921875,1.266571044921875,0.972625732421875,-0.042022705078125,-1.570343017578125
2020-04-07,4.376678466796875,6.891326904296875,1.876678466796875,4.065155029296875,1.110076904296875,-0.934844970703125
2020-04-08,2.686126708984375,4.925384521484375,1.842376708984375,2.710540771484375,2.500579833984375,-0.457427978515625
2020-04-09,2.317779541015625,4.788482666015625,1.508209228515625,1.736724853515625,4.623443603515625,-0.157806396484375
2020-04-10,4.755767822265625,6.912994384765625,3.294830322265625,4.287994384765625,5.058502197265625,1.194244384765625
2020-04-11,-3.3568115234375,-3.6243896484375,-4.6087646484375,-3.5706787109375,-0.7581787109375,-4.0159912109375
2020-04-12,-6.1180419921875,-3.8563232421875,-6.2899169921875,-3.5565185546875,-3.4803466796875,-5.0252685546875
2020-04-13,0.80853271484375,3.83685302734375,0.04095458984375,0.99993896484375,3.14154052734375,-0.31353759765625
2020-04-14,4.758819580078125,5.259796142578125,1.574249267578125,4.575225830078125,2.448272705078125,1.328155517578125
2020-04-15,3.843536376953125,8.142364501953125,2.465606689453125,3.957794189453125,6.097442626953125,1.941192626953125
2020-04-16,9.263885498046877,7.299041748046875,6.931854248046875,8.550994873046875,6.887908935546875,3.284393310546875
2020-04-17,5.725860595703125,3.776641845703125,2.895782470703125,4.968048095703125,6.463165283203125,2.311798095703125
2020-04-18,4.379425048828125,2.376495361328125,1.383331298828125,2.486846923828125,5.596221923828125,0.942901611328125
2020-04-19,1.916107177734375,1.426849365234375,1.396575927734375,1.877044677734375,5.345794677734375,0.566497802734375
2020-04-20,1.443389892578125,1.334014892578125,0.860382080078125,0.169952392578125,0.383819580078125,0.998077392578125
2020-04-21,0.39862060546875,3.43280029296875,-1.21173095703125,-0.28692626953125,3.38104248046875,-1.27325439453125
2020-04-22,7.83380126953125,6.79864501953125,3.96173095703125,5.84649658203125,5.15899658203125,1.41192626953125
2020-04-23,5.586029052734375,6.017669677734375,2.683685302734375,4.248138427734375,6.489349365234375,1.787200927734375
2020-04-24,5.23834228515625,6.86138916015625,3.21588134765625,5.72174072265625,4.58111572265625,-0.10833740234375
2020-04-25,4.884521484375,7.406005859375,3.004638671875,3.480224609375,6.857177734375,1.450927734375
2020-04-26,4.280242919921875,5.433563232421875,5.121063232421875,4.267547607421875,8.185516357421875,2.652313232421875
2020-04-27,7.085906982421875,7.492156982421875,6.612274169921875,6.916961669921875,8.386688232421875,2.670867919921875
2020-04-28,4.683624267578125,4.222686767578125,4.521514892578125,4.205108642578125,7.789093017578125,2.927764892578125
2020-04-29,4.723114013671875,4.608856201171875,4.954559326171875,5.600067138671875,7.169403076171875,2.693817138671875
2020-04-30,3.845123291015625,4.375396728515625,3.244537353515625,4.004302978515625,5.996490478515625,2.622467041015625
2020-05-01,2.821197509765625,2.182525634765625,0.406158447265625,2.915924072265625,1.497955322265625,-2.232513427734375
2020-05-02,7.760650634765625,6.210845947265625,4.061431884765625,4.946197509765625,6.917877197265625,0.881744384765625
2020-05-03,4.411590576171875,4.504364013671875,2.408660888671875,3.922332763671875,1.982879638671875,-0.112823486328125
2020-05-04,3.548004150390625,4.742340087890625,1.868316650390625,2.120269775390625,2.086090087890625,-1.501800537109375
2020-05-05,2.9586181640625,3.7144775390625,2.5465087890625,4.3238525390625,5.1373291015625,0.7349853515625
2020-05-06,7.248565673828125,7.521026611328125,5.506378173828125,5.696807861328125,7.721221923828125,2.357940673828125
2020-05-07,5.7532958984375,7.6468505859375,4.5355224609375,4.1595458984375,6.3831787109375,2.4075927734375
2020-05-08,9.199798583984377,10.792572021484377,10.024993896484377,9.964447021484377,11.533782958984377,5.514251708984375
2020-05-09,7.560394287109375,6.097503662109375,5.783050537109375,6.597503662109375,6.582855224609375,4.943206787109375
2020-05-10,12.694976806640623,14.782867431640623,10.547515869140623,8.633453369140625,10.723297119140623,5.414703369140625
2020-05-11,13.772186279296877,17.017303466796875,15.622772216796877,11.952850341796877,15.350311279296877,7.845428466796875
2020-05-12,10.918487548828123,12.142120361328123,8.738800048828125,10.218292236328123,17.751495361328125,5.530792236328125
2020-05-13,13.276123046875,13.138427734375,12.505615234375,12.417724609375,15.865966796875,15.340576171875
2020-05-14,14.240692138671877,13.337371826171877,13.464324951171877,13.596160888671877,13.731903076171877,13.674285888671877
2020-05-15,12.023773193359377,11.514007568359377,12.608734130859377,12.446624755859377,15.103851318359377,10.291351318359377
2020-05-16,12.128509521484377,12.119720458984377,10.850189208984377,11.379486083984377,12.918548583984377,11.657806396484377
2020-05-17,9.968719482421877,7.885711669921875,8.019500732421875,9.118133544921877,11.489227294921877,7.453094482421875
2020-05-18,6.6156005859375,5.5140380859375,3.9710693359375,5.0306396484375,7.8685302734375,2.7425537109375
2020-05-19,5.107177734375,4.539794921875,2.143310546875,3.580810546875,5.737060546875,1.068115234375
2020-05-20,7.541168212890625,8.930816650390625,7.391754150390625,8.447418212890625,8.691558837890625,5.885894775390625
2020-05-21,7.415252685546875,5.687713623046875,4.057830810546875,6.318572998046875,7.848846435546875,3.202362060546875
2020-05-22,6.61614990234375,5.85247802734375,4.25384521484375,5.66497802734375,6.38861083984375,4.14642333984375
2020-05-23,5.954010009765625,5.479400634765625,3.932525634765625,5.164947509765625,6.598541259765625,2.894439697265625
2020-05-24,6.51312255859375,6.20062255859375,4.50042724609375,5.00335693359375,6.79632568359375,4.12445068359375
2020-05-25,6.159942626953125,5.972442626953125,4.267364501953125,5.581817626953125,7.216583251953125,2.339630126953125
2020-05-26,7.8275146484375,6.3607177734375,5.6917724609375,6.3343505859375,7.4564208984375,4.6868896484375
2020-05-27,7.9912109375,6.5927734375,5.79296875,6.361328125,7.0419921875,3.0693359375
2020-05-28,6.21002197265625,4.73443603515625,4.62603759765625,6.51177978515625,7.61822509765625,4.86236572265625
2020-05-29,7.942108154296875,6.872772216796875,5.935272216796875,6.613983154296875,7.309295654296875,4.799530029296875
2020-05-30,4.117401123046875,3.339080810546875,2.447479248046875,3.331268310546875,3.718963623046875,-0.536895751953125
2020-05-31,5.1517333984375,7.1292724609375,4.6488037109375,4.4290771484375,7.8587646484375,3.5784912109375
2020-06-01,11.561187744140623,11.302398681640623,8.660797119140625,9.523101806640623,10.123687744140623,6.931304931640625
2020-06-02,11.27313232421875,10.91473388671875,9.37567138671875,9.62469482421875,9.40301513671875,7.94012451171875
2020-06-03,9.141998291015623,8.944732666015625,8.012115478515625,7.716217041015625,11.900787353515623,8.189849853515625
2020-06-04,9.6099853515625,10.0172119140625,8.5689697265625,7.7945556640625,9.6998291015625,6.8853759765625
2020-06-05,10.007843017578123,9.684600830078123,8.331085205078125,8.431671142578125,10.614288330078123,7.138702392578125
2020-06-06,10.13189697265625,10.89947509765625,7.78717041015625,7.60552978515625,11.43853759765625,7.01568603515625
2020-06-07,6.628509521484375,7.941009521484375,5.523040771484375,5.597259521484375,8.267181396484375,4.971282958984375
2020-06-08,7.912933349609375,8.451995849609375,5.204925537109375,6.446136474609375,7.466644287109375,4.191253662109375
2020-06-09,10.4766845703125,11.0343017578125,7.4454345703125,8.1788330078125,10.8233642578125,8.1505126953125
2020-06-10,10.466217041015623,12.678131103515623,9.842193603515623,10.320709228515623,13.054107666015623,10.105865478515623
2020-06-11,8.376708984375,9.273193359375,9.301513671875,9.087646484375,12.463623046875,9.067138671875
2020-06-12,11.722412109375,11.005615234375,9.077880859375,9.598388671875,10.417724609375,7.697021484375
2020-06-13,11.499755859375,11.029052734375,9.554443359375,10.697021484375,11.150146484375,8.282958984375
2020-06-14,11.800750732421877,11.331024169921877,9.980438232421877,10.084930419921877,12.303680419921877,9.479461669921877
2020-06-15,8.949066162109375,10.717620849609377,9.484222412109377,9.409027099609377,12.467620849609377,9.257659912109377
2020-06-16,10.62982177734375,11.05072021484375,7.59759521484375,8.93450927734375,11.82806396484375,8.72747802734375
2020-06-17,13.105377197265623,11.562408447265623,8.915924072265625,10.620025634765623,10.580963134765623,8.991119384765625
2020-06-18,11.781005859375,10.530029296875,8.808349609375,10.487060546875,10.030029296875,8.059326171875
2020-06-19,12.55426025390625,11.99859619140625,10.49176025390625,11.59136962890625,13.01226806640625,9.87261962890625
2020-06-20,9.1539306640625,9.8531494140625,7.4644775390625,8.9849853515625,11.4107666015625,8.9615478515625
2020-06-21,9.896881103515623,8.411529541015625,9.045318603515623,9.612701416015623,12.266021728515623,10.360748291015623
2020-06-22,11.662933349609377,10.913909912109377,10.444183349609377,10.492034912109377,12.266448974609377,11.450042724609377
2020-06-23,13.11322021484375,13.79290771484375,11.17279052734375,12.16595458984375,13.22064208984375,12.27825927734375
2020-06-24,13.57318115234375,13.50775146484375,11.15521240234375,13.03411865234375,13.97454833984375,10.86517333984375
2020-06-25,14.72174072265625,15.07623291015625,13.29400634765625,14.91510009765625,13.95123291015625,11.03619384765625
2020-06-26,14.14697265625,15.93212890625,12.47216796875,13.34912109375,15.30029296875,11.76513671875
2020-06-27,15.09967041015625,16.31646728515625,13.58209228515625,14.34967041015625,15.45025634765625,13.45904541015625
2020-06-28,16.06939697265625,15.84674072265625,14.21881103515625,14.35064697265625,14.74127197265625,13.04888916015625
2020-06-29,16.068328857421875,15.959930419921877,14.149383544921877,15.924774169921877,14.493133544921877,12.888641357421877
2020-06-30,16.88055419921875,16.51824951171875,14.84735107421875,15.57684326171875,15.85516357421875,13.89324951171875
2020-07-01,14.199462890625,14.348876953125,12.469970703125,13.676025390625,14.088134765625,11.255126953125
2020-07-02,14.56201171875,14.25537109375,11.93701171875,13.48974609375,15.67041015625,12.33251953125
2020-07-03,14.339569091796877,13.922576904296877,12.321014404296877,13.600311279296877,15.139373779296877,11.257537841796877
2020-07-04,13.65240478515625,12.19537353515625,11.37896728515625,13.25592041015625,13.97857666015625,10.42095947265625
2020-07-05,9.246856689453123,9.046661376953123,8.495880126953125,8.082794189453125,12.041778564453123,10.080841064453123
2020-07-06,12.887298583984377,11.005462646484377,13.225189208984377,11.145111083984377,12.726165771484377,14.271087646484377
2020-07-07,15.439910888671877,14.499481201171877,13.595184326171877,12.456512451171877,14.650848388671877,14.103973388671877
2020-07-08,15.111114501953123,14.035919189453123,14.048614501953123,15.304473876953123,14.657989501953123,11.817169189453123
2020-07-09,12.140838623046877,10.555877685546877,10.162322998046877,11.309783935546877,13.996307373046877,10.001190185546877
2020-07-10,8.75933837890625,8.91265869140625,6.67340087890625,7.39898681640625,10.50347900390625,7.76226806640625
2020-07-11,11.12237548828125,10.18975830078125,9.08038330078125,10.67510986328125,11.67315673828125,11.61553955078125
2020-07-12,11.526153564453123,10.901153564453123,9.806427001953123,11.153106689453123,13.421661376953123,9.343536376953123
2020-07-13,13.67138671875,12.03857421875,10.27001953125,13.00732421875,12.84228515625,10.01220703125
2020-07-14,14.400726318359377,13.130218505859377,11.638031005859377,13.203460693359377,12.731781005859377,11.086273193359377
2020-07-15,11.179718017578123,9.926788330078123,10.125030517578123,11.421905517578123,12.930694580078123,9.787139892578123
2020-07-16,9.395721435546877,8.754119873046875,8.092010498046875,9.363494873046877,10.007049560546877,6.915252685546875
2020-07-17,12.592132568359377,12.901702880859377,10.527679443359377,12.289398193359377,11.971038818359377,8.892913818359375
2020-07-18,12.9962158203125,12.7071533203125,11.1505126953125,12.3634033203125,13.7188720703125,9.7540283203125
2020-07-19,15.517242431640623,14.747711181640623,14.218414306640623,13.960601806640623,13.714508056640623,14.501617431640623
2020-07-20,15.07366943359375,14.74847412109375,13.22308349609375,14.59613037109375,14.43988037109375,14.11859130859375
2020-07-21,14.06878662109375,14.18890380859375,11.68792724609375,12.51312255859375,15.38323974609375,10.97406005859375
2020-07-22,14.9324951171875,13.9285888671875,11.7742919921875,13.6336669921875,13.4080810546875,10.2069091796875
2020-07-23,13.14300537109375,13.21722412109375,11.81292724609375,12.84515380859375,14.50042724609375,11.78167724609375
2020-07-24,13.9886474609375,13.4954833984375,12.4407958984375,13.5687255859375,15.1956787109375,12.3157958984375
2020-07-25,13.92144775390625,12.75054931640625,13.83648681640625,14.16070556640625,14.31500244140625,12.95269775390625
2020-07-26,16.451080322265625,16.178619384765625,16.034088134765625,16.057525634765625,15.457916259765623,14.496002197265623
2020-07-27,16.486175537109375,17.818206787109375,15.386566162109377,17.031097412109375,17.472503662109375,16.350433349609375
2020-07-28,17.88580322265625,16.13092041015625,15.04107666015625,16.45416259765625,17.71099853515625,14.21978759765625
2020-07-29,16.12493896484375,14.22845458984375,12.55853271484375,14.15032958984375,15.90228271484375,11.66302490234375
2020-07-30,12.51800537109375,11.06390380859375,13.51702880859375,12.55609130859375,14.58636474609375,12.86077880859375
2020-07-31,13.97998046875,15.43310546875,12.83935546875,12.39599609375,15.59912109375,11.70556640625
2020-08-01,15.961151123046877,16.891815185546875,13.899627685546877,16.265838623046875,16.503143310546875,14.297088623046877
2020-08-02,15.803863525390623,14.766754150390623,13.433746337890623,14.270660400390623,14.548004150390623,12.421051025390623
2020-08-03,13.585174560546877,13.668182373046877,12.062713623046877,12.929901123046877,13.996307373046877,11.526580810546877
2020-08-04,14.943695068359377,13.814788818359377,12.992523193359377,14.188812255859377,15.842132568359377,12.379241943359377
2020-08-05,13.9505615234375,14.2796630859375,12.4349365234375,13.4241943359375,15.6751708984375,11.5345458984375
2020-08-06,14.64300537109375,14.66351318359375,12.24652099609375,13.89202880859375,14.78851318359375,10.58343505859375
2020-08-07,14.29803466796875,14.32244873046875,11.49822998046875,13.39276123046875,14.37225341796875,10.62713623046875
2020-08-08,14.5770263671875,14.1737060546875,13.2235107421875,13.4617919921875,14.5438232421875,11.2947998046875
2020-08-09,14.32916259765625,14.18756103515625,12.63677978515625,13.67584228515625,15.25201416015625,11.16802978515625
2020-08-10,14.662261962890623,14.519683837890623,12.306793212890623,13.461090087890623,14.723785400390623,10.687652587890623
2020-08-11,15.609405517578123,15.888702392578123,13.960968017578123,14.420928955078123,17.695343017578125,13.590850830078123
2020-08-12,13.857757568359377,13.797210693359377,12.343109130859377,13.030609130859377,14.670257568359377,12.293304443359377
2020-08-13,13.648651123046877,13.898651123046877,12.226776123046877,12.996307373046877,14.308807373046877,10.497283935546877
2020-08-14,13.68316650390625,14.30133056640625,12.25738525390625,12.99468994140625,14.94976806640625,11.48394775390625
2020-08-15,14.04583740234375,15.52239990234375,12.63275146484375,13.15423583984375,15.49017333984375,11.68939208984375
2020-08-16,12.199371337890623,12.150543212890623,10.530426025390623,11.722808837890623,11.817535400390623,8.882965087890625
2020-08-17,12.85626220703125,14.26446533203125,10.63653564453125,11.96173095703125,12.67169189453125,9.06622314453125
2020-08-18,12.935760498046877,12.223846435546877,12.037322998046877,12.993377685546877,13.911346435546877,9.754119873046877
2020-08-19,13.192779541015623,12.440826416015623,12.641021728515623,13.061920166015623,13.758209228515623,13.186920166015623
2020-08-20,16.453155517578125,16.337921142578125,14.081085205078123,15.483428955078123,16.610382080078125,13.176788330078123
2020-08-21,14.899993896484377,14.420501708984377,12.112884521484377,13.340423583984377,14.863861083984377,11.109954833984377
2020-08-22,14.244842529296877,13.645233154296877,12.805389404296877,13.642303466796877,14.391326904296877,12.677459716796877
2020-08-23,10.58917236328125,11.38311767578125,10.30987548828125,12.93585205078125,13.33038330078125,9.97198486328125
2020-08-24,13.208465576171877,13.275848388671877,13.030731201171877,12.078582763671877,13.314910888671877,13.131317138671877
2020-08-25,12.61907958984375,15.45989990234375,11.35052490234375,11.83587646484375,14.00384521484375,10.85833740234375
2020-08-26,12.748626708984377,16.159759521484375,10.967376708984377,10.219329833984377,15.294525146484377,11.060150146484377
2020-08-27,12.5972900390625,16.4078369140625,11.3951416015625,13.3414306640625,13.5377197265625,12.0035400390625
2020-08-28,15.401336669921877,15.599578857421877,14.388641357421877,14.098602294921877,17.036102294921875,14.491180419921877
2020-08-29,13.00958251953125,11.75860595703125,10.90606689453125,13.07598876953125,10.53302001953125,8.11505126953125
2020-08-30,11.832611083984377,11.085540771484377,9.373626708984377,11.508392333984377,13.110931396484377,11.375579833984377
2020-08-31,12.517364501953123,10.826934814453123,8.517364501953125,10.695098876953123,11.687286376953123,10.829864501953123
2020-09-01,9.6390380859375,9.1741943359375,8.7943115234375,8.8646240234375,11.6888427734375,8.8782958984375
2020-09-02,10.30706787109375,9.04925537109375,9.53070068359375,9.34613037109375,10.77874755859375,12.54730224609375
2020-09-03,12.340545654296877,13.296600341796877,10.583709716796877,11.483123779296877,12.006561279296877,12.259490966796877
2020-09-04,16.0404052734375,14.4398193359375,13.3685302734375,15.0384521484375,14.6595458984375,12.0657958984375
2020-09-05,11.6241455078125,11.8360595703125,10.6690673828125,11.1466064453125,15.0743408203125,12.8897705078125
2020-09-06,12.667633056640623,11.080718994140623,11.645172119140623,12.108062744140623,14.933258056640623,12.395172119140623
2020-09-07,11.63079833984375,14.63665771484375,10.57904052734375,11.20306396484375,14.18255615234375,10.35345458984375
2020-09-08,11.482818603515623,12.248443603515623,10.866607666015623,11.069732666015623,12.870513916015623,12.496490478515623
2020-09-09,12.935455322265623,13.054595947265623,12.018463134765623,12.890533447265623,13.609283447265623,11.113189697265623
2020-09-10,14.785064697265623,14.398345947265623,11.329986572265623,12.343658447265623,14.654205322265623,13.033111572265623
2020-09-11,12.171356201171877,12.676239013671877,10.921356201171877,10.087371826171877,13.832489013671877,13.833465576171877
2020-09-12,12.107879638671877,12.010223388671877,12.276824951171877,11.019989013671877,14.376434326171877,14.065887451171877
2020-09-13,14.184906005859377,11.930999755859377,11.331390380859377,12.599945068359377,14.629241943359377,11.116546630859377
2020-09-14,13.902313232421877,12.916961669921877,11.540985107421877,12.634735107421877,14.242156982421877,10.546844482421877
2020-09-15,10.350494384765623,8.711822509765625,8.210845947265625,9.140533447265623,11.454010009765623,8.028228759765625
2020-09-16,8.461456298828125,7.594268798828125,9.537628173828123,7.997589111328125,10.036651611328123,10.331573486328123
2020-09-17,10.48968505859375,9.30999755859375,9.89202880859375,9.07562255859375,11.96136474609375,11.54241943359375
2020-09-18,11.481292724609377,10.586761474609377,10.830902099609377,10.015472412109377,12.606292724609377,12.137542724609377
2020-09-19,10.911041259765623,12.137603759765623,11.357330322265623,10.965728759765623,14.012603759765623,10.685455322265623
2020-09-20,10.223541259765623,11.097564697265623,11.481353759765623,9.824127197265623,13.882720947265623,10.576080322265623
2020-09-21,10.693450927734377,10.842864990234377,9.268646240234377,9.437591552734377,11.644622802734377,8.850677490234375
2020-09-22,13.830169677734377,13.718841552734377,12.518646240234377,12.552825927734377,16.105560302734375,11.128021240234377
2020-09-23,6.460113525390625,6.102691650390625,4.344879150390625,5.055816650390625,6.423980712890625,3.878082275390625
2020-09-24,8.07696533203125,7.79962158203125,5.63555908203125,7.34161376953125,10.18927001953125,5.59942626953125
2020-09-25,7.861846923828125,8.189971923828125,6.469268798828125,7.594268798828125,10.067901611328123,7.001495361328125
2020-09-26,6.220794677734375,5.646575927734375,5.212982177734375,5.396575927734375,7.127044677734375,4.462005615234375
2020-09-27,7.2933349609375,7.3988037109375,3.4027099609375,5.1995849609375,5.5726318359375,2.8763427734375
2020-09-28,5.671295166015625,7.106842041015625,7.716217041015625,6.069732666015625,9.284576416015623,5.537506103515625
2020-09-29,9.931365966796877,12.233123779296877,10.738983154296877,8.667694091796875,13.810272216796877,10.235076904296877
2020-09-30,17.396881103515625,15.961334228515623,13.623443603515623,11.671295166015623,16.261138916015625,10.393951416015623
2020-10-01,12.18658447265625,16.08892822265625,10.60552978515625,11.87017822265625,12.93463134765625,10.50103759765625
2020-10-02,11.206390380859377,12.524749755859377,9.596038818359377,10.356781005859377,12.037445068359377,8.881195068359375
2020-10-03,9.243896484375,9.410888671875,8.355224609375,7.949951171875,11.722412109375,8.939208984375
2020-10-04,9.417327880859377,9.666351318359377,9.161468505859377,10.555023193359377,11.931976318359377,8.531585693359375
2020-10-05,5.59222412109375,4.80023193359375,2.73870849609375,4.34906005859375,4.43695068359375,1.00238037109375
2020-10-06,4.018524169921875,4.386688232421875,2.682586669921875,4.266571044921875,4.607391357421875,2.490203857421875
2020-10-07,3.570098876953125,6.049591064453125,3.347442626953125,3.202911376953125,6.042755126953125,3.029083251953125
2020-10-08,7.31256103515625,10.06744384765625,6.75592041015625,6.41900634765625,10.96002197265625,5.94244384765625
2020-10-09,4.407012939453125,3.706817626953125,3.514434814453125,9.525177001953123,10.904083251953123,7.958770751953125
2020-10-10,3.556671142578125,3.156280517578125,3.501983642578125,3.757843017578125,5.775421142578125,3.329132080078125
2020-10-11,5.088165283203125,6.931915283203125,5.448516845703125,3.705352783203125,9.244415283203123,4.482696533203125
2020-10-12,6.751983642578125,8.170928955078125,6.160186767578125,7.775421142578125,9.839874267578123,6.387725830078125
2020-10-13,2.01165771484375,2.82025146484375,3.27630615234375,2.08392333984375,4.68255615234375,0.86322021484375
2020-10-14,3.873199462890625,2.700347900390625,3.038238525390625,4.079254150390625,5.203277587890625,1.303863525390625
2020-10-15,2.195892333984375,0.626556396484375,-0.064849853515625,1.102142333984375,1.996673583984375,0.737884521484375
2020-10-16,0.787628173828125,-0.070770263671875,-0.001434326171875,-0.455535888671875,2.053253173828125,-0.660614013671875
2020-10-17,0.302215576171875,2.891082763671875,-0.432159423828125,-0.596221923828125,0.968231201171875,1.836395263671875
2020-10-18,-0.882049560546875,4.161895751953125,0.402130126953125,-1.068572998046875,4.067169189453125,0.990997314453125
2020-10-19,1.086395263671875,5.083465576171875,2.281707763671875,3.004364013671875,6.105926513671875,6.915496826171875
2020-10-20,3.705841064453125,7.303497314453125,3.795684814453125,3.466583251953125,7.194122314453125,4.748809814453125
2020-10-21,8.525848388671875,8.195770263671875,6.595184326171875,7.621551513671875,9.183074951171877,8.114715576171875
2020-10-22,6.998199462890625,6.739410400390625,5.032379150390625,4.123199462890625,7.947418212890625,4.291168212890625
2020-10-23,3.638427734375,5.216552734375,5.150146484375,2.863037109375,6.443115234375,3.021240234375
2020-10-24,4.29522705078125,5.85284423828125,3.87335205078125,2.80889892578125,7.15069580078125,3.54522705078125
2020-10-25,8.248626708984375,8.070892333984375,6.481048583984375,7.948822021484375,6.324798583984375,4.208587646484375
2020-10-26,7.12158203125,7.07373046875,5.15478515625,5.68115234375,4.19482421875,2.32177734375
2020-10-27,4.658294677734375,6.794036865234375,1.719818115234375,3.173919677734375,4.548919677734375,2.352630615234375
2020-10-28,7.871185302734375,7.026458740234375,4.979583740234375,7.191497802734375,4.577239990234375,4.170013427734375
2020-10-29,2.327301025390625,4.994293212890625,2.727691650390625,2.044097900390625,6.074371337890625,2.486480712890625
2020-10-30,8.42919921875,8.58349609375,7.06689453125,7.98291015625,8.84228515625,5.75146484375
2020-10-31,5.329437255859375,7.739593505859375,6.263031005859375,6.816741943359375,7.820648193359375,10.098968505859377
2020-11-01,9.046112060546877,8.153533935546875,7.055877685546875,8.300018310546875,10.135955810546877,7.270721435546875
2020-11-02,6.312774658203125,5.361602783203125,5.659454345703125,6.459259033203125,7.533477783203125,5.531524658203125
2020-11-03,-0.2496337890625,-0.2877197265625,-0.8160400390625,-0.6968994140625,4.0013427734375,1.1966552734375
2020-11-04,-0.098724365234375,0.035064697265625,0.052642822265625,-1.008880615234375,1.698150634765625,4.306549072265625
2020-11-05,1.324371337890625,2.716949462890625,1.782379150390625,1.516754150390625,2.519683837890625,6.800933837890625
2020-11-06,1.098358154296875,2.423553466796875,2.636444091796875,1.079803466796875,2.217498779296875,4.951873779296875
2020-11-07,2.7054443359375,3.3509521484375,-0.5758056640625,0.5814208984375,1.4417724609375,-0.5357666015625
2020-11-08,1.155303955078125,1.096710205078125,0.173858642578125,0.520538330078125,2.526397705078125,-0.741180419921875
2020-11-09,3.535614013671875,4.467254638671875,2.739715576171875,1.894989013671875,5.269012451171875,2.037567138671875
2020-11-10,0.99456787109375,0.95159912109375,0.45745849609375,0.71820068359375,4.34222412109375,1.96234130859375
2020-11-11,-0.936309814453125,0.993377685546875,0.137908935546875,-1.435333251953125,2.355682373046875,0.529510498046875
2020-11-12,-1.166534423828125,2.474090576171875,-0.507354736328125,-1.522003173828125,2.661590576171875,-0.220245361328125
2020-11-13,5.895538330078125,6.964874267578125,4.688507080078125,5.167022705078125,8.456085205078125,5.076202392578125
2020-11-14,3.590118408203125,2.450469970703125,1.426055908203125,2.560821533203125,4.864532470703125,0.321563720703125
2020-11-15,4.56097412109375,3.52581787109375,2.68890380859375,3.79437255859375,4.74945068359375,1.97796630859375
2020-11-16,-2.095855712890625,-0.756988525390625,-2.264801025390625,-3.289215087890625,0.302581787109375,-2.401519775390625
2020-11-17,1.03668212890625,0.05035400390625,-0.91546630859375,0.26617431640625,3.02105712890625,-1.56390380859375
2020-11-18,-1.497406005859375,-2.855804443359375,-3.073577880859375,-1.684906005859375,-0.193695068359375,-2.325531005859375
2020-11-19,-4.469573974609375,-2.288909912109375,-1.643402099609375,-0.897308349609375,-0.175628662109375,3.878082275390625
2020-11-20,2.590972900390625,1.037261962890625,-0.660980224609375,0.860504150390625,0.861480712890625,1.982574462890625
2020-11-21,-0.316253662109375,-1.612152099609375,-3.090667724609375,-1.870941162109375,-0.172698974609375,-3.191253662109375
2020-11-22,-2.995086669921875,-2.062469482421875,-2.964813232421875,-2.913055419921875,0.112335205078125,1.297882080078125
2020-11-23,-3.202850341796875,-1.772186279296875,-2.317108154296875,-3.028045654296875,1.493438720703125,2.737579345703125
2020-11-24,-2.958099365234375,1.119049072265625,-3.005950927734375,-3.295989990234375,0.268463134765625,-1.337005615234375
2020-11-25,-1.303985595703125,-0.431915283203125,1.344451904296875,-0.708282470703125,4.364959716796875,1.658905029296875
2020-11-26,-1.998138427734375,-3.554779052734375,-3.607513427734375,-2.468841552734375,2.471588134765625,-1.745208740234375
2020-11-27,-5.356231689453125,-6.022247314453125,-8.128692626953125,-6.292755126953125,-4.330841064453125,-7.694122314453125
2020-11-28,-6.257965087890625,-6.326324462890625,-4.973785400390625,-5.563629150390625,-0.308746337890625,-2.712066650390625
2020-11-29,-0.979644775390625,-0.321441650390625,0.029144287109375,-1.365386962890625,4.385589599609375,-1.245269775390625
2020-11-30,0.643890380859375,0.857757568359375,1.755218505859375,0.459320068359375,5.262054443359375,-0.484039306640625
2020-12-01,0.631561279296875,3.015350341796875,0.845428466796875,0.118865966796875,3.741912841796875,0.878631591796875
2020-12-02,-0.084503173828125,2.907684326171875,-2.580596923828125,-0.197784423828125,1.305145263671875,2.019012451171875
2020-12-03,3.284820556640625,4.782867431640625,1.089508056640625,2.569000244140625,5.410797119140625,0.652984619140625
2020-12-04,-1.9765625,-0.1376953125,-1.330078125,-1.7138671875,2.3662109375,-0.53515625
2020-12-05,2.953399658203125,2.831329345703125,2.058868408203125,1.751251220703125,5.744415283203125,0.819610595703125
2020-12-06,0.480224609375,2.243896484375,0.532958984375,0.067138671875,3.787841796875,0.088623046875
2020-12-07,-2.236480712890625,-0.996246337890625,-2.616363525390625,-3.718902587890625,0.030120849609375,-3.859527587890625
2020-12-08,0.144317626953125,1.100372314453125,-0.066619873046875,0.516387939453125,3.772247314453125,-0.443572998046875
2020-12-09,-0.103302001953125,0.384979248046875,-1.083770751953125,0.378143310546875,3.022674560546875,-0.390411376953125
2020-12-10,0.961181640625,-0.032958984375,-0.829833984375,0.246337890625,3.497314453125,-0.927490234375
2020-12-11,-0.527740478515625,-1.566802978515625,-3.885162353515625,-1.773834228515625,-0.741607666015625,-5.177154541015625
2020-12-12,-3.784454345703125,-1.626251220703125,-3.694610595703125,-4.194610595703125,2.049530029296875,-4.561798095703125
2020-12-13,-3.209747314453125,-0.500762939453125,-4.713653564453125,-2.473419189453125,-1.065216064453125,-5.674591064453125
2020-12-14,-1.384613037109375,-0.478363037109375,-2.747894287109375,-1.577972412109375,-2.914886474609375,-0.575042724609375
2020-12-15,-2.209930419921875,-1.205047607421875,-3.915985107421875,-2.425750732421875,-2.565399169921875,-4.859344482421875
2020-12-16,-3.653717041015625,-2.857818603515625,-3.441802978515625,-3.179107666015625,-0.622467041015625,-2.261138916015625
2020-12-17,-3.7916259765625,-2.8941650390625,-2.9263916015625,-3.2105712890625,3.3724365234375,0.0667724609375
2020-12-18,-2.097503662109375,0.102691650390625,-2.588714599609375,-2.538909912109375,1.000152587890625,-1.533050537109375
2020-12-19,-1.417816162109375,0.090972900390625,0.886871337890625,-1.009613037109375,3.542144775390625,-1.235198974609375
2020-12-20,-1.979644775390625,-0.050933837890625,1.151214599609375,-0.224761962890625,3.584808349609375,-0.449371337890625
2020-12-21,1.136688232421875,5.307586669921875,4.492156982421875,1.313446044921875,6.134735107421875,2.345672607421875
2020-12-22,0.321990966796875,-0.203399658203125,1.725311279296875,2.113983154296875,4.683319091796875,0.462615966796875
2020-12-23,-3.678375244140625,-5.046539306640625,-5.710601806640625,-4.695953369140625,-1.709625244140625,-4.839508056640625
2020-12-24,-3.777557373046875,-0.676971435546875,-1.069549560546875,-4.435760498046875,0.170684814453125,-2.050994873046875
2020-12-25,5.421722412109375,4.675628662109375,2.353363037109375,4.651214599609375,3.986175537109375,1.067230224609375
2020-12-26,3.72808837890625,3.35504150390625,3.48785400390625,4.28570556640625,5.92437744140625,1.57086181640625
2020-12-27,1.334320068359375,1.763031005859375,0.507171630859375,0.927093505859375,3.956390380859375,0.061859130859375
2020-12-28,0.647613525390625,0.006988525390625,-1.243011474609375,-0.773284912109375,0.502105712890625,-2.313323974609375
2020-12-29,-1.51318359375,0.48095703125,-0.84814453125,-4.57275390625,2.02685546875,-1.68408203125
2020-12-30,0.20794677734375,0.83880615234375,-3.59771728515625,-3.83599853515625,-0.18267822265625,-1.34283447265625
2020-12-31,0.498382568359375,0.891937255859375,0.490570068359375,-0.297515869140625,2.247406005859375,-1.815093994140625
2021-01-01,-0.817840576171875,-0.162567138671875,-1.928192138671875,-1.235809326171875,0.320831298828125,-2.645965576171875
2021-01-02,-1.23193359375,-0.63720703125,-2.24365234375,-2.44970703125,1.67431640625,-3.06591796875
2021-01-03,-0.05767822265625,0.15814208984375,-0.11041259765625,-0.07232666015625,2.37005615234375,-1.40240478515625
2021-01-04,-2.75927734375,-2.24853515625,-4.49853515625,-4.06787109375,-1.37841796875,-3.76220703125
2021-01-05,-1.930816650390625,-3.171051025390625,-2.195465087890625,-2.389801025390625,4.299652099609375,-0.272613525390625
2021-01-06,-3.152008056640625,-4.277984619140625,-2.789703369140625,-2.903961181640625,3.084320068359375,-1.933258056640625
2021-01-07,-1.649627685546875,-1.253143310546875,1.664825439453125,0.916778564453125,8.087677001953125,2.282989501953125
2021-01-08,-5.680450439453125,-5.957794189453125,-1.602325439453125,-3.141387939453125,3.540252685546875,-0.988067626953125
2021-01-09,-4.7108154296875,-5.7489013671875,-5.3905029296875,-4.9129638671875,-0.3944091796875,-3.0272216796875
2021-01-10,-9.534515380859377,-7.600921630859375,-8.363616943359375,-7.049163818359375,-4.947601318359375,-8.844085693359375
2021-01-11,-9.2373046875,-9.8115234375,-11.283203125,-10.4111328125,-8.583984375,-12.4169921875
2021-01-12,-7.556793212890625,-7.978668212890625,-11.608551025390623,-11.371246337890623,-9.302886962890623,-13.772613525390623
2021-01-13,-9.545867919921877,-10.385711669921877,-12.262664794921877,-10.723602294921877,-12.611297607421877,-15.926727294921877
2021-01-14,-18.97021484375,-13.78759765625,-20.25537109375,-16.36669921875,-17.04443359375,-20.81396484375
2021-01-15,-11.815338134765623,-10.467681884765623,-14.823150634765623,-15.424713134765623,-12.835845947265623,-17.510665893554688
2021-01-16,-14.24591064453125,-8.91387939453125,-10.65802001953125,-13.96856689453125,-7.62969970703125,-11.70391845703125
2021-01-17,-2.19586181640625,-0.10406494140625,-0.94000244140625,-2.88433837890625,1.13909912109375,-1.67144775390625
2021-01-18,0.729278564453125,3.615997314453125,1.985137939453125,2.315216064453125,2.480255126953125,0.164825439453125
2021-01-19,2.672332763671875,3.522918701171875,2.812957763671875,1.358856201171875,3.466278076171875,0.921356201171875
2021-01-20,1.330047607421875,1.715789794921875,0.860321044921875,0.691375732421875,3.385711669921875,0.088836669921875
2021-01-21,0.62738037109375,0.86859130859375,0.78363037109375,0.64495849609375,0.93792724609375,-1.13433837890625
2021-01-22,0.13153076171875,0.18035888671875,0.23114013671875,0.46649169921875,2.80047607421875,-1.92218017578125
2021-01-23,-14.617462158203123,-10.898712158203123,-12.179962158203123,-11.481719970703123,-13.366485595703123,-12.642852783203123
2021-01-24,-7.747955322265625,-6.417877197265625,-11.017486572265623,-8.852447509765625,-13.372955322265623,-12.050689697265623
2021-01-25,-4.4349365234375,-4.1312255859375,-4.6439208984375,-4.5032958984375,-1.1282958984375,-5.5238037109375
2021-01-26,0.4677734375,1.896484375,-0.6162109375,0.6962890625,1.4677734375,0.298828125
2021-01-27,0.24517822265625,2.63970947265625,0.28619384765625,-0.82513427734375,-0.79486083984375,-1.16595458984375
2021-01-28,-1.0535888671875,-0.3162841796875,-0.9715576171875,-0.8114013671875,0.9200439453125,-0.6805419921875
2021-01-29,-2.472747802734375,0.261627197265625,0.395416259765625,-2.265716552734375,2.839752197265625,-0.459075927734375
2021-01-30,-2.325164794921875,-0.514617919921875,-1.097625732421875,-3.669891357421875,2.398468017578125,-1.345672607421875
2021-01-31,-1.800933837890625,-1.090972900390625,0.179534912109375,-2.058746337890625,1.424652099609375,-1.214996337890625
2021-02-01,-1.160675048828125,1.256317138671875,-2.906768798828125,-1.133331298828125,0.169403076171875,4.049285888671875
2021-02-02,-0.791107177734375,1.164947509765625,-0.476654052734375,-1.776458740234375,2.306549072265625,1.379791259765625
2021-02-03,0.29449462890625,2.98199462890625,1.54644775390625,-1.27581787109375,3.05426025390625,1.98101806640625
2021-02-04,7.750396728515625,6.338287353515625,4.962310791015625,6.075592041015625,5.655670166015625,2.266998291015625
2021-02-05,1.244903564453125,2.311309814453125,2.055450439453125,3.043731689453125,3.346466064453125,1.345489501953125
2021-02-06,-1.099884033203125,0.736053466796875,-1.402618408203125,-0.719024658203125,3.198944091796875,-0.040313720703125
2021-02-07,5.83367919921875,6.36785888671875,2.78192138671875,5.37860107421875,5.90692138671875,3.40106201171875
2021-02-08,-8.359283447265625,-10.530181884765623,-11.410064697265623,-8.692291259765625,-4.141510009765625,-7.362213134765625
2021-02-09,-10.589630126953123,-16.708770751953125,-16.432403564453125,-13.501739501953123,-9.421661376953123,-14.417755126953123
2021-02-10,-11.208099365234377,-12.784271240234377,-15.071380615234377,-12.786224365234377,-11.214935302734377,-15.649505615234377
2021-02-11,-7.957061767578125,-9.801788330078123,-11.817413330078123,-10.281280517578123,-9.074249267578123,-14.189483642578123
2021-02-12,-8.035125732421875,-11.946258544921877,-14.530242919921877,-11.812469482421877,-14.175750732421877,-15.415008544921877
2021-02-13,-8.36798095703125,-12.58477783203125,-14.34356689453125,-14.30743408203125,-13.67657470703125,-12.07012939453125
2021-02-14,0.201416015625,-0.264404296875,-3.898193359375,-1.180419921875,-3.690185546875,-6.310302734375
2021-02-15,-5.5445556640625,-3.0406494140625,-6.8736572265625,-4.1402587890625,-5.3316650390625,-7.0894775390625
2021-02-16,-3.95233154296875,-2.79901123046875,-2.23944091796875,-2.60272216796875,-0.00115966796875,-3.67498779296875
2021-02-17,0.451995849609375,1.839691162109375,-3.419097900390625,-0.997222900390625,-2.738433837890625,-3.775543212890625
2021-02-18,-3.3785400390625,-2.2877197265625,-4.8638916015625,-3.1090087890625,-3.1842041015625,-3.6197509765625
2021-02-19,-3.925018310546875,1.613067626953125,-3.788299560546875,0.267364501953125,-1.095916748046875,-1.565643310546875
2021-02-20,2.344451904296875,3.620819091796875,-0.027618408203125,2.152069091796875,-0.401641845703125,-0.657501220703125
2021-02-21,-1.6180419921875,-1.6043701171875,0.3790283203125,-1.2772216796875,2.9737548828125,2.9786376953125
2021-02-22,-0.94207763671875,-0.27606201171875,-1.68524169921875,0.43585205078125,1.39093017578125,2.24053955078125
2021-02-23,-1.909881591796875,2.861602783203125,-3.734100341796875,1.564727783203125,0.385040283203125,-0.602264404296875
2021-02-24,2.997772216796875,0.425506591796875,1.248748779296875,1.964569091796875,4.559295654296875,0.748748779296875
2021-02-25,-1.836944580078125,-2.053741455078125,-5.152374267578125,-3.376983642578125,-2.616241455078125,-6.320343017578125
2021-02-26,-0.40740966796875,-1.27752685546875,-4.53143310546875,-1.32928466796875,-1.76190185546875,-4.03826904296875
2021-02-27,-3.202667236328125,-3.375518798828125,-5.057159423828125,-3.065948486328125,-2.028839111328125,-4.588409423828125
2021-02-28,-3.656341552734375,-0.155364990234375,-5.689544677734375,-2.704193115234375,0.969635009765625,-2.531341552734375
2021-03-01,-2.932525634765625,-1.035064697265625,-2.068267822265625,-2.886627197265625,-1.385650634765625,-4.336822509765625
2021-03-02,1.19512939453125,-0.14178466796875,0.54083251953125,1.14044189453125,3.29962158203125,-0.59783935546875
2021-03-03,-6.562713623046875,-8.775604248046875,-8.246307373046875,-7.110565185546875,-4.405487060546875,-7.698455810546875
2021-03-04,-6.056304931640625,-5.751617431640625,-9.532867431640623,-5.430328369140625,-3.405914306640625,-7.734039306640625
2021-03-05,-0.12615966796875,-0.81951904296875,-0.58514404296875,0.11407470703125,2.41583251953125,-0.63397216796875
2021-03-06,-1.755462646484375,-2.728118896484375,-0.812103271484375,-0.136322021484375,3.983795166015625,0.516021728515625
2021-03-07,-5.044342041015625,-7.598052978515625,-6.982818603515625,-7.603912353515625,-3.382232666015625,-6.100006103515625
2021-03-08,-5.8497314453125,-3.2657470703125,-4.8389892578125,-7.6036376953125,-4.5509033203125,-4.6690673828125
2021-03-09,1.609283447265625,2.123931884765625,0.853424072265625,-0.274505615234375,3.447174072265625,-1.075286865234375
2021-03-10,-3.818511962890625,-1.071441650390625,-0.640777587890625,-3.078277587890625,2.339691162109375,-2.245269775390625
2021-03-11,-0.280670166015625,-0.709381103515625,-0.273834228515625,0.465423583984375,3.086517333984375,-0.079498291015625
2021-03-12,-7.73114013671875,-5.37274169921875,-7.19989013671875,-7.52801513671875,-4.14227294921875,-5.87371826171875
2021-03-13,-3.266143798828125,-3.463409423828125,-4.948760986328125,-4.039581298828125,-8.194854736328125,-5.975128173828125
2021-03-14,-2.707366943359375,-3.577484130859375,-6.506195068359375,-4.548187255859375,-5.187835693359375,-8.325531005859375
2021-03-15,-3.86968994140625,-4.42437744140625,-6.36383056640625,-5.20269775390625,-2.77789306640625,-5.90582275390625
2021-03-16,-2.80712890625,-3.56591796875,-4.97900390625,-4.69775390625,-1.90771484375,-4.42822265625
2021-03-17,-2.307281494140625,-3.437164306640625,-3.919586181640625,-3.144195556640625,0.201507568359375,-3.863922119140625
2021-03-18,-2.847808837890625,-4.343902587890625,-4.764801025390625,-4.015777587890625,-0.520660400390625,-4.177886962890625
2021-03-19,-10.593536376953123,-7.617950439453125,-8.537872314453125,-10.008575439453123,-4.841583251953125,-8.438262939453125
2021-03-20,-10.426666259765623,-6.284088134765625,-8.108306884765625,-9.917877197265623,-5.519439697265625,-8.458892822265625
2021-03-21,-5.056640625,-7.958984375,-7.6201171875,-7.7353515625,-8.6064453125,-9.580078125
2021-03-22,-11.45135498046875,-8.64373779296875,-10.33709716796875,-8.83905029296875,-9.63006591796875,-10.90643310546875
2021-03-23,-8.784271240234375,-3.600677490234375,-5.707122802734375,-5.996185302734375,-6.350677490234375,-7.333099365234375
2021-03-24,-2.756927490234375,-1.712982177734375,-2.445404052734375,-2.123138427734375,0.038970947265625,-3.341888427734375
2021-03-25,-1.614471435546875,-2.962127685546875,-1.086151123046875,0.417755126953125,2.374786376953125,-0.239471435546875
2021-03-26,0.500946044921875,-2.584991455078125,-0.983428955078125,-0.073272705078125,-0.481475830078125,-2.171905517578125
2021-03-27,5.216705322265625,3.278228759765625,2.431549072265625,3.820220947265625,4.755767822265625,1.300689697265625
2021-03-28,-1.228729248046875,-3.744354248046875,-1.469940185546875,-1.598846435546875,0.600372314453125,-2.115447998046875
2021-03-29,2.348541259765625,3.990142822265625,0.466705322265625,1.525299072265625,4.765533447265625,0.325103759765625
2021-03-30,4.422698974609375,4.285980224609375,2.665863037109375,3.175628662109375,5.900238037109375,0.624847412109375
2021-03-31,0.63079833984375,-0.71881103515625,-1.41119384765625,-0.38189697265625,3.21966552734375,-1.36041259765625
2021-04-01,-0.365386962890625,-1.955230712890625,-4.008941650390625,-3.573394775390625,-3.089996337890625,-4.309722900390625
2021-04-02,-4.005584716796875,-1.371795654296875,-5.626678466796875,-5.207733154296875,2.131134033203125,-5.062225341796875
2021-04-03,-3.646636962890625,-4.280426025390625,-2.117340087890625,-0.146636962890625,2.400238037109375,-0.131988525390625
2021-04-04,-10.263336181640623,-9.107086181640623,-9.913726806640623,-7.568023681640625,-3.251617431640625,-6.059234619140625
2021-04-05,-12.274505615234377,-10.914154052734377,-8.542083740234375,-8.819427490234375,-8.624114990234375,-9.074310302734377
2021-04-06,-8.98004150390625,-3.42926025390625,-5.57183837890625,-7.99176025390625,-1.57867431640625,-6.44976806640625
2021-04-07,-2.979705810546875,-0.588104248046875,-4.932830810546875,-3.591033935546875,-0.853729248046875,-5.648651123046875
2021-04-08,2.579254150390625,2.682769775390625,0.905426025390625,2.520660400390625,3.219879150390625,0.399566650390625
2021-04-09,2.49810791015625,5.09381103515625,0.55767822265625,3.14166259765625,5.04205322265625,1.87213134765625
2021-04-10,1.311187744140625,1.242828369140625,0.663726806640625,3.198883056640625,4.301422119140625,0.682281494140625
2021-04-11,-0.645721435546875,-1.733612060546875,-2.973846435546875,-1.592010498046875,1.371856689453125,-2.404510498046875
2021-04-12,-2.755615234375,-3.643310546875,-7.775146484375,-4.893310546875,-3.204833984375,-6.448974609375
2021-04-13,-0.332550048828125,-1.180206298828125,-2.547393798828125,-0.880401611328125,2.809051513671875,-1.980010986328125
2021-04-14,0.4603271484375,-0.4410400390625,-0.6881103515625,0.5257568359375,3.2025146484375,-0.5894775390625
2021-04-15,0.153533935546875,0.312713623046875,-2.554473876953125,-0.555450439453125,0.242401123046875,-3.254669189453125
2021-04-16,1.26434326171875,-0.12628173828125,-1.95245361328125,1.02117919921875,2.28192138671875,-0.84698486328125
2021-04-17,-1.02099609375,-0.72607421875,-0.45068359375,-0.66748046875,2.41357421875,-1.16552734375
2021-04-18,-0.9886474609375,0.5074462890625,-0.3616943359375,-1.0179443359375,1.3453369140625,-2.3187255859375
2021-04-19,2.689727783203125,3.622344970703125,2.188751220703125,2.401641845703125,5.878204345703125,1.165313720703125
2021-04-20,5.249786376953125,2.946075439453125,3.053497314453125,4.528106689453125,4.703887939453125,1.270294189453125
2021-04-21,0.914581298828125,1.090362548828125,-0.108856201171875,0.545440673828125,1.223175048828125,-1.616668701171875
2021-04-22,0.606475830078125,3.575225830078125,-1.110321044921875,-0.632781982421875,2.628936767578125,-1.643524169921875
2021-04-23,6.101715087890625,4.661285400390625,2.258941650390625,4.039215087890625,5.761871337890625,0.492340087890625
2021-04-24,3.05340576171875,3.48406982421875,2.45281982421875,2.77606201171875,6.33953857421875,1.32586669921875
2021-04-25,5.356201171875,6.011474609375,3.962646484375,3.444091796875,7.170654296875,2.238037109375
2021-04-26,7.411834716796875,9.385467529296877,5.521209716796875,5.371795654296875,5.607147216796875,2.781951904296875
2021-04-27,7.349639892578125,9.417999267578123,5.697296142578125,5.709991455078125,7.406280517578125,3.202178955078125
2021-04-28,10.60382080078125,13.68389892578125,7.68292236328125,8.20245361328125,11.68975830078125,5.89483642578125
2021-04-29,6.471435546875,5.361083984375,4.217529296875,8.253662109375,7.460693359375,3.717529296875
2021-04-30,7.3677978515625,5.7232666015625,3.6959228515625,6.1500244140625,5.9244384765625,3.0885009765625
2021-05-01,2.855987548828125,5.039581298828125,2.473175048828125,2.538604736328125,6.027862548828125,0.723175048828125
2021-05-02,5.13671875,6.7470703125,5.771484375,5.6591796875,9.423828125,4.158203125
2021-05-03,5.763946533203125,7.114532470703125,5.835235595703125,4.265899658203125,5.301055908203125,0.815704345703125
2021-05-04,8.827392578125,9.592041015625,5.546142578125,6.934814453125,7.706298828125,3.238525390625
2021-05-05,2.056915283203125,1.095001220703125,1.834259033203125,0.651641845703125,3.902618408203125,1.130157470703125
2021-05-06,6.604949951171875,8.620574951171875,5.608856201171875,5.535614013671875,8.643035888671875,6.043426513671875
2021-05-07,8.303070068359375,9.716156005859377,5.905609130859375,8.246429443359375,7.567718505859375,8.103851318359375
2021-05-08,8.66650390625,10.49462890625,6.74365234375,7.67041015625,9.09716796875,4.30517578125
2021-05-09,5.36895751953125,6.05743408203125,4.75567626953125,4.72637939453125,7.83380126953125,2.92755126953125
2021-05-10,5.201751708984375,6.620697021484375,4.124603271484375,4.321868896484375,7.605072021484375,4.048431396484375
2021-05-11,5.048431396484375,6.524993896484375,4.368743896484375,4.760345458984375,8.487884521484375,4.213470458984375
2021-05-12,7.534088134765625,7.388580322265625,5.180572509765625,7.466705322265625,5.182525634765625,3.505767822265625
2021-05-13,9.239654541015623,8.210357666015625,7.676177978515625,8.696685791015625,9.516998291015623,6.230865478515625
2021-05-14,8.706390380859375,8.841156005859375,7.915374755859375,8.264984130859375,11.265960693359377,7.894866943359375
2021-05-15,7.802490234375,7.797607421875,3.691162109375,5.872802734375,7.031982421875,2.896240234375
2021-05-16,4.620849609375,4.264404296875,1.842529296875,3.440185546875,3.928466796875,0.780029296875
2021-05-17,5.994293212890625,4.744293212890625,3.524566650390625,4.635894775390625,4.763824462890625,2.093902587890625
2021-05-18,4.432952880859375,7.035491943359375,4.226898193359375,4.124359130859375,5.726898193359375,2.580413818359375
2021-05-19,6.0814208984375,8.4466552734375,5.0726318359375,4.8157958984375,7.2523193359375,4.7806396484375
2021-05-20,12.310821533203123,13.572540283203123,9.532501220703123,11.815704345703123,12.671173095703123,10.542266845703123
2021-05-21,12.102752685546877,14.436737060546877,11.682830810546877,11.811737060546877,16.516815185546875,15.771697998046877
2021-05-22,12.837677001953123,11.671661376953123,7.116973876953125,11.425567626953123,10.186309814453123,6.605255126953125
2021-05-23,10.024993896484377,9.294525146484377,9.588470458984377,10.739837646484377,9.726165771484377,10.063079833984377
2021-05-24,9.531890869140623,8.926422119140625,8.618804931640625,9.098297119140623,10.047515869140623,6.981109619140625
2021-05-25,7.3724365234375,6.2406005859375,6.4505615234375,7.9241943359375,8.4036865234375,6.4251708984375
2021-05-26,8.401763916015625,6.910552978515625,7.555084228515625,7.548248291015625,10.435943603515623,8.561920166015625
2021-05-27,7.503753662109375,6.407073974609375,4.857269287109375,6.137542724609375,8.781097412109375,5.393402099609375
2021-05-28,7.774627685546875,6.311737060546875,4.759002685546875,6.400604248046875,7.712127685546875,4.829315185546875
2021-05-29,6.152862548828125,4.811065673828125,4.329620361328125,5.738800048828125,5.196807861328125,3.445831298828125
2021-05-30,5.97283935546875,5.77459716796875,5.47381591796875,5.31854248046875,5.59295654296875,5.41912841796875
2021-05-31,7.192657470703125,6.388946533203125,6.175079345703125,6.981719970703125,8.155548095703125,6.233673095703125
2021-06-01,7.42144775390625,6.35797119140625,7.19488525390625,7.37359619140625,7.19097900390625,6.39508056640625
2021-06-02,9.99285888671875,8.05633544921875,8.98211669921875,9.17156982421875,11.00653076171875,8.17352294921875
2021-06-03,10.990142822265623,11.170806884765623,8.525299072265625,9.300689697265623,11.095611572265623,7.366119384765625
2021-06-04,12.111846923828123,10.694854736328123,9.906768798828123,11.205596923828123,11.833526611328123,8.992706298828125
2021-06-05,12.015380859375,10.864990234375,8.382568359375,10.630615234375,11.917724609375,7.569091796875
2021-06-06,12.031646728515623,13.064849853515623,9.097076416015623,10.579498291015623,10.418365478515623,6.843170166015625
2021-06-07,10.884124755859377,10.706390380859377,8.972991943359375,10.235687255859377,11.644866943359377,8.046234130859375
2021-06-08,9.411895751953123,9.497833251953123,7.467559814453125,8.343536376953125,9.061309814453123,6.002716064453125
2021-06-09,10.322998046875,10.796630859375,7.368896484375,8.764404296875,8.591552734375,6.119873046875
2021-06-10,10.49932861328125,8.49151611328125,6.73956298828125,7.71514892578125,9.72784423828125,4.99737548828125
2021-06-11,8.936126708984375,6.125579833984375,4.240814208984375,5.744720458984375,8.227142333984375,3.482025146484375
2021-06-12,9.786346435546877,10.732635498046877,7.210174560546875,7.452362060546875,8.258026123046875,5.237518310546875
2021-06-13,10.758941650390623,9.973785400390623,8.730621337890625,10.483551025390623,10.248199462890623,7.871246337890625
2021-06-14,12.568511962890623,12.025543212890623,11.589996337890623,11.995269775390623,10.952301025390623,9.114410400390623
2021-06-15,12.774658203125,13.596923828125,10.414306640625,11.998291015625,12.489501953125,9.339111328125
2021-06-16,15.2939453125,14.4833984375,12.8876953125,14.0439453125,13.26953125,9.9697265625
2021-06-17,13.471038818359377,14.424163818359377,11.880218505859377,13.766937255859377,14.114593505859377,10.998382568359377
2021-06-18,14.79461669921875,15.57391357421875,12.84344482421875,13.00067138671875,16.27117919921875,12.45477294921875
2021-06-19,15.28900146484375,17.05169677734375,14.83587646484375,14.88177490234375,17.78216552734375,14.34466552734375
2021-06-20,15.906951904296877,18.251678466796875,15.225311279296877,16.112030029296875,17.680389404296875,15.550506591796877
2021-06-21,15.73187255859375,19.10687255859375,15.71722412109375,16.39398193359375,19.22991943359375,15.58831787109375
2021-06-22,15.403564453125,18.671142578125,15.273681640625,15.312744140625,19.026611328125,14.503173828125
2021-06-23,16.904632568359375,14.554046630859377,13.761077880859377,14.936859130859377,15.937835693359377,13.117523193359377
2021-06-24,15.42413330078125,14.27667236328125,14.61553955078125,15.77374267578125,14.28643798828125,13.12725830078125
2021-06-25,14.85736083984375,14.94818115234375,14.23626708984375,15.29681396484375,15.92864990234375,13.86810302734375
2021-06-26,14.31304931640625,16.59625244140625,14.24468994140625,15.28082275390625,17.06011962890625,13.61090087890625
2021-06-27,16.128173828125,17.306884765625,15.146728515625,15.961181640625,18.239501953125,14.572509765625
2021-06-28,17.2591552734375,15.5618896484375,11.0687255859375,14.2034912109375,14.4320068359375,10.0531005859375
2021-06-29,12.994873046875,12.989013671875,11.282958984375,11.816162109375,12.441162109375,11.205810546875
2021-06-30,13.01934814453125,11.82794189453125,10.73126220703125,12.98907470703125,13.34161376953125,9.37774658203125
2021-07-01,14.223388671875,13.449951171875,12.039794921875,13.357177734375,14.690185546875,10.984130859375
2021-07-02,15.36199951171875,14.87176513671875,12.68035888671875,14.73016357421875,15.24969482421875,12.32586669921875
2021-07-03,14.444549560546877,13.880096435546877,12.747283935546877,14.524627685546877,14.248260498046877,12.825408935546877
2021-07-04,16.172698974609375,16.217620849609375,16.202972412109375,16.372894287109375,15.411956787109377,12.703948974609377
2021-07-05,17.137359619140625,15.592437744140623,16.872711181640625,16.137359619140625,16.919586181640625,17.671539306640625
2021-07-06,16.733612060546875,17.275604248046875,15.409393310546877,15.532440185546877,18.027557373046875,18.121307373046875
2021-07-07,16.37274169921875,15.57684326171875,14.17742919921875,14.98504638671875,16.75164794921875,15.25457763671875
2021-07-08,16.021484375,15.767578125,13.138671875,14.087890625,15.931640625,12.404296875
2021-07-09,15.99615478515625,14.92779541015625,14.04595947265625,15.39459228515625,15.41314697265625,11.95025634765625
2021-07-10,15.004974365234377,17.798919677734375,13.889739990234377,14.922943115234377,16.859466552734375,13.645599365234377
2021-07-11,15.77886962890625,17.60113525390625,14.69293212890625,15.58843994140625,17.09039306640625,13.65484619140625
2021-07-12,15.3441162109375,15.5687255859375,12.4417724609375,14.6478271484375,15.5277099609375,13.1146240234375
2021-07-13,16.6763916015625,16.5103759765625,14.4224853515625,15.7535400390625,12.9390869140625,11.0836181640625
2021-07-14,15.34893798828125,14.79913330078125,13.04913330078125,13.73663330078125,15.51983642578125,11.61846923828125
2021-07-15,15.242218017578123,14.620147705078123,13.860382080078123,14.540069580078123,15.135772705078123,12.097686767578123
2021-07-16,16.16656494140625,15.36480712890625,14.04254150390625,15.13433837890625,15.17730712890625,12.62457275390625
2021-07-17,13.14630126953125,13.17559814453125,13.11895751953125,13.77423095703125,14.84063720703125,11.91094970703125
2021-07-18,12.33526611328125,11.40460205078125,9.53546142578125,10.82745361328125,12.36163330078125,7.71319580078125
2021-07-19,12.730743408203123,11.973907470703123,9.905548095703123,11.186798095703123,12.440704345703123,10.211212158203123
2021-07-20,11.847900390625,11.154541015625,10.466064453125,11.472900390625,12.468017578125,10.832275390625
2021-07-21,12.53900146484375,12.88958740234375,11.05950927734375,10.93450927734375,12.04193115234375,12.35540771484375
2021-07-22,15.15484619140625,17.15679931640625,13.86773681640625,14.83648681640625,16.03668212890625,15.12261962890625
2021-07-23,14.60382080078125,17.19171142578125,14.25909423828125,14.53155517578125,17.57159423828125,15.41241455078125
2021-07-24,15.372894287109377,19.26840209960937,15.121917724609377,15.809417724609377,17.562347412109375,14.485198974609377
2021-07-25,15.372314453125,16.979736328125,14.323486328125,17.495361328125,16.572509765625,14.468994140625
2021-07-26,14.69171142578125,19.94171142578125,15.03350830078125,15.48272705078125,17.99151611328125,14.59503173828125
2021-07-27,14.845733642578123,16.900421142578125,14.376007080078123,15.940460205078123,16.949249267578125,14.262725830078123
2021-07-28,16.18829345703125,18.45880126953125,15.56427001953125,17.37774658203125,16.65020751953125,15.24395751953125
2021-07-29,18.251861572265625,22.001861572265625,16.307525634765625,17.451080322265625,20.749908447265625,16.825103759765625
2021-07-30,14.775238037109377,15.760589599609377,13.000823974609377,16.253753662109375,17.190277099609375,13.516448974609377
2021-07-31,14.987945556640623,17.817047119140625,14.527984619140623,16.207672119140625,17.540679931640625,13.727203369140623
2021-08-01,18.07504272460937,19.89926147460937,16.791839599609375,17.831878662109375,20.57797241210937,14.983245849609377
2021-08-02,14.231842041015623,15.032623291015623,13.676177978515623,14.191802978515623,16.182037353515625,12.732818603515623
2021-08-03,12.897918701171877,12.492645263671877,11.258270263671877,12.444793701171877,12.587371826171877,9.776824951171877
2021-08-04,13.854217529296877,15.758514404296877,12.602264404296877,13.749725341796877,14.738006591796877,13.219451904296877
2021-08-05,16.24859619140625,18.47320556640625,15.27398681640625,17.87164306640625,17.66363525390625,15.25152587890625
2021-08-06,16.41412353515625,16.44830322265625,15.35943603515625,16.80572509765625,18.17291259765625,14.64459228515625
2021-08-07,17.195220947265625,18.058502197265625,16.163970947265625,17.538970947265625,18.871978759765625,15.473541259765623
2021-08-08,17.38641357421875,18.36981201171875,14.71844482421875,15.94305419921875,17.71551513671875,15.62664794921875
2021-08-09,15.677001953125,14.977783203125,14.902587890625,15.510986328125,17.694580078125,14.663330078125
2021-08-10,14.880340576171877,14.191864013671877,13.655731201171877,14.469207763671877,15.907684326171877,12.870574951171877
2021-08-11,14.435150146484377,14.721282958984377,15.617767333984377,15.287689208984377,16.090423583984375,14.454681396484377
2021-08-12,17.471893310546875,16.589080810546875,16.521697998046875,16.414276123046875,17.202362060546875,18.878143310546875
2021-08-13,15.775787353515623,17.735748291015625,15.555084228515623,15.922271728515623,17.669342041015625,14.547271728515623
2021-08-14,15.33892822265625,13.59283447265625,14.45513916015625,14.91119384765625,16.19342041015625,15.36041259765625
2021-08-15,14.889312744140623,14.019195556640623,11.725250244140623,13.339508056640623,15.083648681640623,11.360992431640623
2021-08-16,12.802764892578123,12.564483642578123,12.329132080078123,12.956085205078123,14.794952392578123,14.397491455078123
2021-08-17,15.082061767578123,14.403350830078123,12.961944580078123,14.584991455078123,15.845733642578123,13.261749267578123
2021-08-18,12.62396240234375,13.42962646484375,11.69818115234375,13.36810302734375,15.12982177734375,10.72747802734375
2021-08-19,13.29156494140625,12.97222900390625,12.83843994140625,13.29058837890625,13.61383056640625,15.39801025390625
2021-08-20,15.34381103515625,14.28814697265625,15.55279541015625,16.74322509765625,13.91412353515625,11.91607666015625
2021-08-21,13.943328857421877,12.942352294921877,13.344696044921877,14.491180419921877,14.855438232421877,12.186492919921877
2021-08-22,12.79913330078125,11.60772705078125,11.61358642578125,12.74737548828125,14.74249267578125,12.50225830078125
2021-08-23,10.642120361328123,11.279815673828123,11.920440673828123,11.357940673828123,14.001495361328123,9.843292236328123
2021-08-24,10.910308837890623,10.889801025390623,10.329254150390623,10.456207275390623,12.372222900390623,8.876129150390625
2021-08-25,12.321044921875,11.024169921875,10.698974609375,12.757568359375,14.260498046875,10.371826171875
2021-08-26,10.93121337890625,9.79351806640625,9.40972900390625,9.33941650390625,11.64410400390625,10.08160400390625
2021-08-27,8.31195068359375,9.77972412109375,7.08831787109375,8.43206787109375,9.43011474609375,6.31390380859375
2021-08-28,8.828125,10.25390625,7.4248046875,9.1328125,10.0078125,7.044921875
2021-08-29,9.84259033203125,8.79180908203125,6.58770751953125,9.01055908203125,8.84259033203125,6.41192626953125
2021-08-30,8.035003662109375,7.147308349609375,6.425628662109375,8.067230224609375,9.286956787109377,6.538909912109375
2021-08-31,9.009368896484377,8.746673583984375,7.608001708984375,8.289642333984375,9.157806396484377,7.456634521484375
2021-09-01,11.746307373046877,11.291229248046877,9.819549560546877,10.007049560546877,9.525604248046877,10.623260498046877
2021-09-02,12.852935791015623,11.646881103515623,9.971099853515623,12.150787353515623,12.843170166015623,9.436920166015623
2021-09-03,9.228973388671877,8.304168701171875,7.210418701171875,7.818817138671875,10.639129638671877,7.321746826171875
2021-09-04,6.716888427734375,6.547943115234375,5.692474365234375,5.753997802734375,8.835052490234375,8.066497802734375
2021-09-05,9.066619873046877,7.887908935546875,7.417205810546875,7.197479248046875,9.563690185546877,7.887908935546875
2021-09-06,9.590576171875,8.134521484375,8.199951171875,8.748779296875,10.315185546875,8.194091796875
2021-09-07,9.667572021484377,8.842376708984375,8.185150146484375,9.307220458984377,10.671478271484377,7.225189208984375
2021-09-08,13.40155029296875,13.00408935546875,10.29901123046875,11.98162841796875,11.41912841796875,11.77069091796875
2021-09-09,9.568634033203123,9.767852783203123,9.404571533203123,10.094024658203123,9.140899658203123,6.688751220703125
2021-09-10,10.680023193359377,10.325531005859377,9.770843505859377,10.645843505859377,9.136077880859377,7.546234130859375
2021-09-11,10.55865478515625,9.23931884765625,9.54986572265625,11.20611572265625,10.34478759765625,10.05474853515625
2021-09-12,11.32989501953125,12.86407470703125,11.50665283203125,11.64825439453125,14.14434814453125,10.82794189453125
2021-09-13,12.3865966796875,14.0858154296875,11.5955810546875,11.7781982421875,13.9324951171875,10.9373779296875
2021-09-14,12.7144775390625,11.8736572265625,12.6295166015625,12.6549072265625,15.6558837890625,11.7584228515625
2021-09-15,10.82818603515625,11.22271728515625,12.34381103515625,11.20318603515625,15.12799072265625,11.53131103515625
2021-09-16,10.634735107421877,10.620086669921877,10.573211669921877,10.331024169921877,12.599578857421877,10.160125732421877
2021-09-17,12.99468994140625,11.16265869140625,10.35113525390625,11.97808837890625,11.27008056640625,7.04156494140625
2021-09-18,9.7230224609375,8.0736083984375,9.1468505859375,10.2786865234375,10.3265380859375,7.3529052734375
2021-09-19,6.179412841796875,3.279022216796875,3.598358154296875,4.741912841796875,7.548553466796875,3.908905029296875
2021-09-20,1.962310791015625,3.473052978515625,1.540435791015625,1.768951416015625,3.895904541015625,1.523834228515625
2021-09-21,8.01953125,8.0546875,7.806640625,8.123046875,6.787109375,5.6806640625
2021-09-22,8.976409912109375,9.970550537109377,8.667816162109375,9.784027099609377,10.243011474609377,10.574066162109377
2021-09-23,10.183624267578123,10.762725830078123,9.430694580078123,12.738311767578123,10.667022705078123,10.602569580078123
2021-09-24,13.7664794921875,13.6893310546875,11.1160888671875,13.1229248046875,13.4227294921875,12.1053466796875
2021-09-25,12.8651123046875,11.3397216796875,10.8114013671875,11.6873779296875,12.3572998046875,10.3739013671875
2021-09-26,11.4598388671875,10.5067138671875,9.7137451171875,10.9822998046875,12.0057373046875,9.6170654296875
2021-09-27,10.45745849609375,8.65570068359375,9.09515380859375,9.61175537109375,10.67718505859375,8.47406005859375
2021-09-28,6.939910888671875,5.610809326171875,6.211395263671875,4.623504638671875,7.649871826171875,5.481903076171875
2021-09-29,6.480010986328125,6.772003173828125,5.909698486328125,4.264190673828125,8.208526611328125,5.360870361328125
2021-09-30,5.554962158203125,8.395782470703125,5.126251220703125,5.340118408203125,6.936798095703125,4.928985595703125
2021-10-01,5.559814453125,8.445556640625,4.791259765625,3.833251953125,7.268798828125,3.707275390625
2021-10-02,5.881622314453125,8.694122314453125,4.743927001953125,4.370880126953125,7.833770751953125,4.523223876953125
2021-10-03,10.768035888671877,9.700653076171877,9.087371826171877,9.795379638671877,11.763153076171877,7.852020263671875
2021-10-04,8.615020751953125,7.354278564453125,6.056427001953125,6.942169189453125,9.854278564453123,5.067169189453125
2021-10-05,5.839935302734375,4.933685302734375,5.332122802734375,6.013763427734375,8.472747802734375,5.348724365234375
2021-10-06,3.68157958984375,2.68353271484375,2.18157958984375,3.66009521484375,7.07904052734375,3.15423583984375
2021-10-07,3.939544677734375,2.109466552734375,1.305755615234375,2.895599365234375,6.650482177734375,2.992279052734375
2021-10-08,1.4599609375,0.4248046875,-0.1962890625,0.796875,3.685546875,-0.048828125
2021-10-09,3.81219482421875,2.42742919921875,1.26043701171875,2.60711669921875,5.72137451171875,1.83172607421875
2021-10-10,4.20416259765625,2.79205322265625,2.29986572265625,3.16314697265625,5.94732666015625,1.67974853515625
2021-10-11,2.459320068359375,1.599945068359375,-0.194976806640625,0.975921630859375,4.462249755859375,-0.622711181640625
2021-10-12,3.682464599609375,2.491058349609375,1.230316162109375,2.813323974609375,4.651214599609375,1.039886474609375
2021-10-13,4.747406005859375,3.117523193359375,2.617523193359375,3.941741943359375,6.537445068359375,3.119476318359375
2021-10-14,1.452484130859375,1.052093505859375,1.225921630859375,1.777679443359375,5.269866943359375,3.641937255859375
2021-10-15,3.20208740234375,2.38470458984375,3.31146240234375,3.26751708984375,5.28509521484375,2.42474365234375
2021-10-16,0.92205810546875,2.85467529296875,0.44158935546875,0.74920654296875,3.11932373046875,-0.47833251953125
2021-10-17,3.530609130859375,5.047210693359375,4.992523193359375,3.070648193359375,3.879241943359375,2.465179443359375
2021-10-18,8.939544677734375,9.231536865234377,7.776458740234375,5.997161865234375,10.013763427734377,6.762786865234375
2021-10-19,8.210845947265625,6.148345947265625,7.742095947265625,8.455963134765625,10.922760009765623,7.945220947265625
2021-10-20,2.192108154296875,1.540740966796875,2.787811279296875,3.529998779296875,8.274139404296875,4.341522216796875
2021-10-21,-2.124969482421875,-2.173797607421875,-2.618133544921875,-3.049774169921875,2.366241455078125,-0.361297607421875
2021-10-22,0.079498291015625,0.948638916015625,-1.388275146484375,-1.569915771484375,1.541412353515625,1.967193603515625
2021-10-23,2.170013427734375,0.740325927734375,2.240325927734375,-0.411041259765625,4.758880615234375,4.003021240234375
2021-10-24,-0.423431396484375,-0.764251708984375,-1.182220458984375,-1.383392333984375,4.252349853515625,2.558013916015625
2021-10-25,-1.433197021484375,-1.180267333984375,-0.968353271484375,-1.604095458984375,3.393951416015625,1.839263916015625
2021-10-26,0.838348388671875,2.254364013671875,-0.860870361328125,-0.803253173828125,1.750457763671875,3.457489013671875
2021-10-27,1.910491943359375,2.776702880859375,0.721038818359375,-0.115875244140625,4.354827880859375,2.570648193359375
2021-10-28,1.210479736328125,3.189971923828125,0.468292236328125,-0.804168701171875,2.708526611328125,0.127471923828125
2021-10-29,9.68359375,9.849609375,6.763671875,6.7255859375,8.9521484375,4.78125
2021-10-30,3.154083251953125,3.839630126953125,3.470489501953125,0.635528564453125,7.056427001953125,4.645294189453125
2021-10-31,11.748016357421877,11.342742919921877,9.270477294921877,10.400360107421877,11.324188232421877,7.894500732421875
2021-11-01,14.269012451171877,12.038543701171877,11.126434326171877,9.282684326171877,11.687957763671877,8.596160888671875
2021-11-02,5.915069580078125,5.055694580078125,7.685577392578125,9.199249267578123,10.600616455078123,7.081085205078125
2021-11-03,5.29083251953125,5.05938720703125,4.89434814453125,7.35430908203125,10.62774658203125,7.29571533203125
2021-11-04,7.47894287109375,12.72698974609375,6.07952880859375,5.55804443359375,15.41741943359375,6.79925537109375
2021-11-05,5.064971923828125,3.680206298828125,6.879425048828125,7.932159423828125,10.626495361328123,7.292510986328125
2021-11-06,3.657379150390625,2.580230712890625,2.966949462890625,4.232574462890625,8.946441650390625,5.168121337890625
2021-11-07,5.189727783203125,4.228790283203125,6.554962158203125,4.126251220703125,9.730743408203123,6.805938720703125
2021-11-08,2.409027099609375,1.770355224609375,3.617034912109375,2.211761474609375,5.522308349609375,5.870941162109375
2021-11-09,1.033660888671875,0.350067138671875,2.051239013671875,0.780731201171875,5.821746826171875,2.033660888671875
2021-11-10,0.478607177734375,2.063568115234375,1.974700927734375,1.187591552734375,6.528411865234375,3.051849365234375
2021-11-11,2.19036865234375,2.59173583984375,2.03314208984375,2.37396240234375,3.45111083984375,0.51263427734375
2021-11-12,4.197845458984375,2.698822021484375,2.707611083984375,4.191009521484375,5.255462646484375,1.997650146484375
2021-11-13,1.456756591796875,2.142303466796875,0.681365966796875,0.269256591796875,2.634490966796875,2.704803466796875
2021-11-14,2.912506103515625,3.275787353515625,1.446685791015625,3.562896728515625,6.712310791015625,3.402740478515625
2021-11-15,2.310028076171875,0.943817138671875,0.735809326171875,1.692840576171875,5.456512451171875,1.351043701171875
2021-11-16,2.407135009765625,1.955963134765625,-0.292083740234375,1.009674072265625,1.953033447265625,-0.913177490234375
2021-11-17,-1.139312744140625,0.744476318359375,-2.064117431640625,-0.909820556640625,2.717132568359375,0.199554443359375
2021-11-18,1.415252685546875,5.269744873046875,5.012908935546875,2.241424560546875,7.454315185546875,5.189666748046875
2021-11-19,3.265228271484375,4.873626708984375,4.795501708984375,5.257415771484375,7.857025146484375,4.925384521484375
2021-11-20,3.135101318359375,1.677093505859375,2.193695068359375,3.026702880859375,5.736663818359375,2.566741943359375
2021-11-21,-1.343841552734375,-0.137786865234375,-1.329193115234375,-0.002044677734375,2.950103759765625,-1.677825927734375
2021-11-22,3.012481689453125,3.125762939453125,2.746856689453125,1.450958251953125,7.086700439453125,1.468536376953125
2021-11-23,7.448333740234375,6.223724365234375,3.626068115234375,5.960052490234375,5.719818115234375,0.641693115234375
2021-11-24,4.904632568359375,4.482757568359375,3.440765380859375,3.376312255859375,4.967132568359375,1.753265380859375
2021-11-25,0.877960205078125,1.014678955078125,0.279327392578125,1.417022705078125,2.131866455078125,-0.243133544921875
2021-11-26,-2.61273193359375,-4.58245849609375,-5.22601318359375,-3.83636474609375,-0.39105224609375,-4.04046630859375
2021-11-27,-11.319610595703123,-6.590118408203125,-10.265899658203123,-6.858673095703125,-10.665313720703123,-12.489532470703123
2021-11-28,0.365692138671875,2.393035888671875,0.329559326171875,-0.567901611328125,0.953582763671875,-2.134307861328125
2021-11-29,6.360076904296875,5.485076904296875,3.057342529296875,5.024139404296875,3.363006591796875,1.579803466796875
2021-11-30,-4.093658447265625,-5.262603759765625,-5.937408447265625,-4.890533447265625,-1.270416259765625,-5.011627197265625
2021-12-01,-6.177886962890625,-3.196441650390625,-1.429840087890625,-5.049957275390625,1.122894287109375,-3.842926025390625
2021-12-02,-2.410064697265625,1.517669677734375,0.980560302734375,2.281341552734375,3.391693115234375,-0.146392822265625
2021-12-03,-2.316864013671875,-3.768035888671875,-4.675262451171875,-3.596160888671875,-0.019012451171875,-3.938934326171875
2021-12-04,-4.620513916015625,-5.813873291015625,-7.451568603515625,-5.824615478515625,-4.455474853515625,-7.764068603515625
2021-12-05,-3.89337158203125,-0.53790283203125,-2.35333251953125,-5.79180908203125,1.03338623046875,-2.92462158203125
2021-12-06,-0.180938720703125,0.491912841796875,-0.874298095703125,1.173553466796875,1.355194091796875,-1.377227783203125
2021-12-07,-0.158721923828125,-0.974151611328125,-1.922393798828125,-1.912628173828125,0.540496826171875,-3.090362548828125
2021-12-08,-1.4404296875,-2.3662109375,-2.7158203125,-1.951171875,0.970703125,-2.287109375
2021-12-09,-3.350372314453125,-4.786895751953125,-6.811309814453125,-5.483184814453125,-9.205841064453123,-7.136505126953125
2021-12-10,-2.032989501953125,-4.118927001953125,-4.856231689453125,-4.810333251953125,-4.544708251953125,-8.782012939453125
2021-12-11,-4.108642578125,-5.920166015625,-7.538330078125,-7.041259765625,-5.968017578125,-10.709228515625
2021-12-12,-2.684814453125,-3.987548828125,-5.022705078125,-4.091064453125,-2.316650390625,-6.374267578125
2021-12-13,-1.43450927734375,-2.72454833984375,-3.98626708984375,-2.90814208984375,-2.28314208984375,-5.62493896484375
2021-12-14,-3.217010498046875,-4.525604248046875,-5.759002685546875,-4.669158935546875,-4.102752685546875,-6.464080810546875
2021-12-15,-5.432037353515625,-6.208404541015625,-7.463287353515625,-6.221099853515625,-5.068756103515625,-9.491607666015623
2021-12-16,-7.87713623046875,-4.97479248046875,-9.34295654296875,-8.60858154296875,-6.47967529296875,-5.56658935546875
2021-12-17,-5.399993896484375,-6.527923583984375,-7.705657958984375,-6.322845458984375,-7.365814208984375,-10.001556396484377
2021-12-18,-19.27630615234375,-15.91595458984375,-16.40032958984375,-18.86907958984375,-11.67767333984375,-8.07318115234375
2021-12-19,-19.840972900390625,-14.038238525390623,-14.817535400390623,-16.508941650390625,-8.672027587890625,-11.907379150390623
2021-12-20,-0.496185302734375,-2.219818115234375,-3.236419677734375,-1.147552490234375,-0.447357177734375,-4.071380615234375
2021-12-21,-0.53466796875,0.50634765625,0.86962890625,1.27392578125,3.05517578125,-0.35595703125
2021-12-22,1.97259521484375,3.77142333984375,2.66693115234375,4.00189208984375,4.82025146484375,1.44622802734375
2021-12-23,4.386871337890625,3.387847900390625,4.043121337890625,4.319488525390625,5.964996337890625,3.214019775390625
2021-12-24,2.25128173828125,3.01788330078125,1.89678955078125,2.55694580078125,5.35479736328125,1.23760986328125
2021-12-25,-0.148529052734375,0.646392822265625,-0.774505615234375,1.638580322265625,3.250885009765625,-0.067474365234375
2021-12-26,1.60357666015625,0.34674072265625,-0.44134521484375,0.66412353515625,1.27838134765625,-1.43450927734375
2021-12-27,1.904083251953125,1.769317626953125,0.197052001953125,1.121856689453125,4.440216064453125,0.288848876953125
2021-12-28,-0.11700439453125,1.38787841796875,-0.50274658203125,0.21795654296875,2.73846435546875,-2.31036376953125
2021-12-29,-0.199249267578125,-0.180694580078125,-1.592803955078125,-0.261749267578125,1.979461669921875,-0.700225830078125
2021-12-30,-1.130706787109375,2.313629150390625,-0.456878662109375,-1.155120849609375,3.179840087890625,0.734527587890625
2021-12-31,-3.162750244140625,-0.704742431640625,-0.660797119140625,-2.530914306640625,2.015960693359375,-1.823883056640625
2022-01-01,1.237884521484375,4.467376708984375,3.160736083984375,1.566986083984375,4.801361083984375,1.149017333984375
2022-01-02,7.339447021484375,7.096282958984375,3.550384521484375,6.485931396484375,5.195892333984375,2.983978271484375
2022-01-03,-0.943695068359375,-2.499359130859375,-1.183929443359375,-0.729827880859375,0.811187744140625,-0.978851318359375
2022-01-04,-1.377899169921875,-1.580047607421875,-1.810516357421875,-1.392547607421875,2.491241455078125,-2.343719482421875
2022-01-05,-4.9769287109375,-6.1331787109375,-6.3060302734375,-5.0364990234375,-0.2923583984375,-3.5130615234375
2022-01-06,-5.979522705078125,-4.140655517578125,-4.030303955078125,-1.523468017578125,1.242156982421875,-1.950225830078125
2022-01-07,-4.780487060546875,-4.364471435546875,-6.795135498046875,-5.194549560546875,-0.975799560546875,-4.526580810546875
2022-01-08,-6.214324951171875,-7.219207763671875,-8.047332763671875,-6.973114013671875,-2.719207763671875,-6.890106201171875
2022-01-09,-13.636627197265623,-13.058502197265623,-15.047760009765623,-14.349517822265623,-9.681549072265623,-14.650299072265623
2022-01-10,-15.58856201171875,-12.00848388671875,-16.59246826171875,-15.32879638671875,-6.95965576171875,-10.65594482421875
2022-01-11,-5.841400146484375,-5.254486083984375,-7.125579833984375,-7.052337646484375,-1.994720458984375,-6.423431396484375
2022-01-12,-7.599761962890625,-4.998199462890625,-10.869293212890623,-9.173980712890623,-4.175933837890625,-7.349761962890625
2022-01-13,-12.01434326171875,-5.94207763671875,-7.28875732421875,-6.63348388671875,1.42218017578125,-3.78192138671875
2022-01-14,-3.984527587890625,-1.666168212890625,-9.502105712890623,-4.681793212890625,-4.806793212890625,-6.270660400390625
2022-01-15,-6.985015869140625,-6.103179931640625,-9.761383056640623,-8.907867431640625,-7.374664306640625,-8.570953369140625
2022-01-16,-14.5333251953125,-8.5538330078125,-10.3477783203125,-13.5841064453125,-3.9620361328125,-8.4903564453125
2022-01-17,-3.170562744140625,-4.511383056640625,-5.179351806640625,-4.495758056640625,0.384124755859375,-3.566070556640625
2022-01-18,-20.34288024902344,-17.289169311523438,-18.19541931152344,-19.58311462402344,-12.965911865234377,-15.892669677734377
2022-01-19,-7.119140625,-8.7880859375,-10.6240234375,-8.841796875,-14.2255859375,-12.4033203125
2022-01-20,-9.2091064453125,-10.3194580078125,-11.5831298828125,-10.2052001953125,-11.4942626953125,-13.9405517578125
2022-01-21,-16.120941162109375,-15.587738037109377,-18.087722778320312,-16.051605224609375,-15.232269287109377,-18.122879028320312
2022-01-22,-13.575225830078123,-13.546905517578123,-17.764678955078125,-18.190460205078125,-12.568389892578123,-16.264678955078125
2022-01-23,-4.8604736328125,-4.3126220703125,-6.6944580078125,-4.4405517578125,-7.8546142578125,-9.4288330078125
2022-01-24,-13.345062255859377,-6.450531005859375,-9.551116943359377,-11.960296630859377,-4.539398193359375,-7.905609130859375
2022-01-25,-8.414154052734375,-5.340911865234375,-9.453216552734377,-7.563568115234375,-3.017669677734375,-6.074310302734375
2022-01-26,-15.640655517578123,-11.001983642578123,-14.513702392578123,-15.811553955078123,-6.837921142578125,-10.549835205078123
2022-01-27,-4.933074951171875,-1.876434326171875,-7.315887451171875,-6.247528076171875,-5.927215576171875,-7.548309326171875
2022-01-28,-1.661224365234375,-2.724700927734375,-2.257904052734375,-3.009857177734375,0.230377197265625,-2.838958740234375
2022-01-29,-10.063507080078123,-8.294952392578125,-9.209991455078123,-6.917999267578125,-5.300811767578125,-7.827178955078125
2022-01-30,-2.307281494140625,-3.818023681640625,-4.613922119140625,-3.827789306640625,-5.974273681640625,-5.556304931640625
2022-01-31,-11.760772705078123,-7.400421142578125,-9.913116455078123,-12.247100830078123,-7.641632080078125,-8.070343017578125
2022-02-01,-3.628204345703125,-3.087188720703125,-3.128204345703125,-4.164337158203125,0.011444091796875,-4.764923095703125
2022-02-02,-2.093963623046875,-2.321502685546875,-3.380096435546875,-2.322479248046875,-0.081268310546875,-3.329315185546875
2022-02-03,-4.192169189453125,0.730682373046875,-1.559356689453125,-4.906036376953125,0.631072998046875,-3.893341064453125
2022-02-04,-3.092681884765625,-4.095611572265625,-5.389556884765625,-4.125885009765625,-1.689361572265625,-5.195220947265625
2022-02-05,-3.684661865234375,-3.235443115234375,-6.021575927734375,-5.507904052734375,-5.273529052734375,-6.301849365234375
2022-02-06,-8.843780517578125,-1.586944580078125,-5.309600830078125,-5.924835205078125,-3.105499267578125,-3.881866455078125
2022-02-07,-8.176788330078125,-1.635772705078125,-4.407257080078125,-5.126007080078125,-4.393585205078125,-2.515655517578125
2022-02-08,-0.263458251953125,-0.311309814453125,-4.459747314453125,-2.953887939453125,-3.612091064453125,-1.046661376953125
2022-02-09,-9.140533447265623,-7.646392822265625,-7.244049072265625,-8.496978759765625,-1.575103759765625,-4.344635009765625
2022-02-10,-3.633636474609375,-1.378753662109375,-0.249847412109375,-2.620941162109375,1.137847900390625,-1.320159912109375
2022-02-11,-4.715301513671875,-1.426239013671875,-0.583465576171875,-4.664520263671875,1.197784423828125,-1.922332763671875
2022-02-12,0.291961669921875,2.408172607421875,1.868133544921875,1.028289794921875,3.651336669921875,0.425750732421875
2022-02-13,-1.745513916015625,-0.263092041015625,0.314056396484375,0.993743896484375,3.188079833984375,0.129486083984375
2022-02-14,-3.701141357421875,-2.423797607421875,-2.028289794921875,-1.743133544921875,0.837921142578125,-2.449188232421875
2022-02-15,-3.681304931640625,-0.299468994140625,-2.181304931640625,-6.517242431640625,0.319671630859375,-1.275054931640625
2022-02-16,0.04266357421875,-1.08721923828125,-0.45831298828125,1.34637451171875,4.75457763671875,0.20477294921875
2022-02-17,0.342681884765625,-1.101654052734375,-0.140716552734375,1.829010009765625,2.413970947265625,1.150299072265625
2022-02-18,-1.07318115234375,-1.88470458984375,-0.19818115234375,1.43951416015625,3.84381103515625,0.25006103515625
2022-02-19,-1.780548095703125,-3.128204345703125,-3.686798095703125,-3.370391845703125,-1.251251220703125,-4.982696533203125
2022-02-20,-1.700714111328125,-2.724151611328125,-3.763214111328125,-2.506378173828125,-0.244659423828125,-4.191925048828125
2022-02-21,-11.70098876953125,-7.57208251953125,-12.02716064453125,-11.72442626953125,-5.03887939453125,-8.54571533203125
2022-02-22,-10.023040771484377,-5.682220458984375,-5.638275146484375,-4.232025146484375,-2.812103271484375,-5.724212646484375
2022-02-23,-1.079803466796875,-2.018280029296875,-2.909881591796875,-1.318084716796875,1.535430908203125,-3.045623779296875
2022-02-24,-2.621917724609375,-3.381683349609375,-4.668792724609375,-3.585784912109375,-2.423675537109375,-5.376800537109375
2022-02-25,-4.413848876953125,-5.463653564453125,-6.506622314453125,-5.316192626953125,-3.079864501953125,-7.800567626953125
2022-02-26,-9.273345947265623,-7.803619384765625,-7.916900634765625,-6.828033447265625,-7.575103759765625,-8.794830322265625
2022-02-27,-14.075653076171877,-11.019012451171877,-11.652801513671877,-10.299285888671877,-9.092254638671877,-11.847137451171877
2022-02-28,-8.393951416015625,-8.525787353515625,-9.997467041015623,-8.758209228515625,-7.004302978515625,-9.314849853515623
2022-03-01,-5.39630126953125,-10.55255126953125,-9.18536376953125,-7.32891845703125,-5.62481689453125,-5.82110595703125
2022-03-02,-3.475677490234375,-4.998138427734375,-5.875091552734375,-4.267669677734375,-2.083099365234375,-6.638763427734375
2022-03-03,-3.84564208984375,-4.69720458984375,-5.40911865234375,-4.75677490234375,-1.15032958984375,-4.92083740234375
2022-03-04,-6.278533935546875,-7.067596435546875,-7.826385498046875,-6.536346435546875,-3.233612060546875,-7.338104248046875
2022-03-05,-7.967742919921875,-6.730438232421875,-7.153289794921875,-6.376922607421875,-6.207000732421875,-8.394500732421875
2022-03-06,-6.632232666015625,-10.074615478515623,-8.779693603515625,-9.808990478515623,-7.085357666015625,-11.428131103515623
2022-03-07,-9.38873291015625,-10.98638916015625,-10.49810791015625,-12.77935791015625,-13.03228759765625,-11.60748291015625
2022-03-08,-12.0313720703125,-13.0108642578125,-12.8858642578125,-12.2940673828125,-13.4923095703125,-15.1876220703125
2022-03-09,-18.752655029296875,-14.788787841796877,-13.887420654296877,-13.333709716796877,-12.665740966796877,-16.677459716796875
2022-03-10,-10.5257568359375,-9.2581787109375,-8.9241943359375,-7.4847412109375,-10.4017333984375,-10.6234130859375
2022-03-11,-10.789642333984377,-7.546478271484375,-7.912689208984375,-5.557220458984375,-6.951751708984375,-10.483001708984377
2022-03-12,-4.393768310546875,-1.950408935546875,-3.750213623046875,-4.394744873046875,-1.593963623046875,-4.650604248046875
2022-03-13,1.093475341796875,-0.408477783203125,-0.137969970703125,0.594451904296875,1.796600341796875,-0.534454345703125
2022-03-14,-3.088531494140625,-5.274078369140625,-3.143218994140625,-4.066070556640625,-2.355133056640625,-4.001617431640625
2022-03-15,-3.535369873046875,-5.681854248046875,-4.873260498046875,-3.935760498046875,-3.154510498046875,-6.624237060546875
2022-03-16,-5.899810791015625,-12.438873291015623,-10.920318603515623,-8.308013916015625,-6.100982666015625,-12.607818603515623
2022-03-17,-4.530914306640625,-6.131500244140625,-10.314117431640623,-6.580718994140625,-6.215484619140625,-11.396148681640623
2022-03-18,-3.579071044921875,-6.030242919921875,-8.387664794921875,-5.486297607421875,-4.319305419921875,-9.939422607421877
2022-03-19,-0.596343994140625,-1.226226806640625,-1.372711181640625,-1.749664306640625,0.693695068359375,-2.928375244140625
2022-03-20,-1.617156982421875,-0.914031982421875,-3.122039794921875,-1.813446044921875,-0.918914794921875,-5.471649169921875
2022-03-21,0.497406005859375,0.121429443359375,-3.882476806640625,0.109710693359375,0.599945068359375,-3.521148681640625
2022-03-22,-1.3104248046875,-3.2996826171875,-0.2117919921875,0.3145751953125,-1.2489013671875,0.0333251953125
2022-03-23,-2.510894775390625,-0.182769775390625,-3.714996337890625,-2.259918212890625,0.820159912109375,-3.479644775390625
2022-03-24,-0.942840576171875,-0.686981201171875,-3.836395263671875,-1.085418701171875,1.848175048828125,1.079620361328125
2022-03-25,-0.801483154296875,0.045196533203125,-2.197967529296875,-0.527069091796875,3.008087158203125,-0.883514404296875
2022-03-26,0.425140380859375,1.505218505859375,0.915374755859375,0.978851318359375,2.245452880859375,-1.298492431640625
2022-03-27,7.007598876953125,5.857208251953125,3.563262939453125,3.580841064453125,5.457794189453125,1.754669189453125
2022-03-28,5.938629150390625,6.213043212890625,2.351715087890625,5.321441650390625,6.817535400390625,0.887847900390625
2022-03-29,3.570526123046875,3.222869873046875,2.064666748046875,3.261932373046875,4.618377685546875,0.764862060546875
2022-03-30,-1.864715576171875,-2.408660888671875,-2.912567138671875,-2.023895263671875,-0.435028076171875,-3.308074951171875
2022-03-31,-2.368621826171875,-3.868621826171875,-1.755340576171875,-1.243621826171875,0.560089111328125,-2.879364013671875
2022-04-01,-0.817474365234375,-1.246185302734375,-4.688568115234375,-1.834075927734375,-0.445404052734375,-4.433685302734375
2022-04-02,-3.678985595703125,0.065155029296875,-5.782501220703125,-2.562774658203125,-1.013946533203125,-4.993438720703125
2022-04-03,4.077667236328125,4.299346923828125,2.327667236328125,4.306182861328125,5.613800048828125,1.686065673828125
2022-04-04,0.726898193359375,1.943695068359375,2.507171630859375,2.694671630859375,5.428070068359375,1.500335693359375
2022-04-05,8.968902587890625,7.357574462890625,4.726715087890625,6.610504150390625,6.824371337890625,2.846832275390625
2022-04-06,1.391845703125,1.395751953125,5.361572265625,7.003173828125,6.513916015625,2.341064453125
2022-04-07,-1.668792724609375,-3.235198974609375,-3.686370849609375,-2.200042724609375,-0.878753662109375,-4.550628662109375
2022-04-08,-4.686004638671875,-6.187957763671875,-6.399871826171875,-2.817840576171875,-3.100067138671875,-5.794403076171875
2022-04-09,0.8697509765625,1.4625244140625,0.0308837890625,2.4332275390625,0.4029541015625,0.1519775390625
2022-04-10,2.286407470703125,2.690704345703125,3.201446533203125,1.443634033203125,2.714141845703125,4.691680908203125
2022-04-11,1.960113525390625,4.678863525390625,-0.313323974609375,2.729644775390625,2.108551025390625,-0.008636474609375
2022-04-12,8.503448486328125,7.878448486328125,4.007354736328125,6.925323486328125,5.414581298828125,2.345245361328125
2022-04-13,4.854827880859375,3.253265380859375,2.941741943359375,4.037445068359375,6.438812255859375,1.667327880859375
2022-04-14,-0.482879638671875,-1.820770263671875,-3.043426513671875,-1.390106201171875,0.649932861328125,-3.611785888671875
2022-04-15,-2.810516357421875,-3.717742919921875,-4.552703857421875,-4.147430419921875,-0.106414794921875,-4.453094482421875
2022-04-16,0.4281005859375,-0.8394775390625,-0.3355712890625,0.0404052734375,2.0150146484375,-1.1412353515625
2022-04-17,-9.64105224609375,-5.95355224609375,-8.07171630859375,-7.73577880859375,-4.26214599609375,-6.53558349609375
2022-04-18,4.299468994140625,5.270172119140625,1.046539306640625,2.280914306640625,7.365875244140625,4.584625244140625
2022-04-19,4.28289794921875,6.26824951171875,4.00946044921875,5.18914794921875,6.22430419921875,2.40399169921875
2022-04-20,2.076385498046875,2.902557373046875,2.974822998046875,2.768768310546875,5.610565185546875,0.564666748046875
2022-04-21,6.496795654296875,8.389373779296875,4.396209716796875,4.111053466796875,7.537811279296875,0.621795654296875
2022-04-22,3.7215576171875,5.0838623046875,0.9676513671875,2.5672607421875,3.3065185546875,-1.5733642578125
2022-04-23,5.097076416015625,3.430084228515625,1.639068603515625,4.533599853515625,3.993560791015625,0.004302978515625
2022-04-24,7.579010009765625,6.140533447265625,5.669830322265625,7.238189697265625,5.203033447265625,0.843658447265625
2022-04-25,4.003448486328125,3.957550048828125,3.815948486328125,4.913604736328125,7.102081298828125,0.656768798828125
2022-04-26,4.385650634765625,4.472564697265625,0.560455322265625,2.664947509765625,4.926666259765625,2.185455322265625
2022-04-27,4.425628662109375,3.669769287109375,4.601409912109375,3.340667724609375,4.732269287109375,3.826995849609375
2022-04-28,5.263702392578125,5.610382080078125,2.863311767578125,3.813507080078125,3.731475830078125,3.204132080078125
2022-04-29,6.902557373046875,6.821502685546875,4.780487060546875,6.195526123046875,6.487518310546875,1.279510498046875
2022-04-30,2.450286865234375,2.878021240234375,-0.330963134765625,1.596771240234375,2.640716552734375,-1.408111572265625
2022-05-01,3.783416748046875,5.105682373046875,4.068572998046875,3.785369873046875,5.539276123046875,1.117401123046875
2022-05-02,6.866302490234375,6.343841552734375,3.871185302734375,7.017669677734375,5.617279052734375,-0.056549072265625
2022-05-03,10.179412841796877,9.047576904296877,7.633514404296875,8.931365966796875,9.070037841796877,5.112030029296875
2022-05-04,5.569671630859375,5.583343505859375,5.404632568359375,4.627288818359375,6.593109130859375,5.364593505859375
2022-05-05,6.234619140625,6.740478515625,6.143798828125,5.419189453125,5.856689453125,6.322509765625
2022-05-06,10.268402099609377,10.539886474609377,5.663909912109375,7.964691162109375,7.778167724609375,2.473480224609375
2022-05-07,6.491119384765625,5.566314697265625,3.327056884765625,6.004791259765625,6.974517822265625,1.344635009765625
2022-05-08,7.472625732421875,6.575164794921875,6.084930419921875,7.998992919921875,7.871063232421875,3.479461669921875
2022-05-09,9.488677978515623,9.948638916015623,7.765045166015625,9.561920166015623,9.337310791015623,5.557037353515625
2022-05-10,11.415496826171877,12.425262451171877,9.717254638671877,10.891082763671877,10.709442138671877,7.373504638671875
2022-05-11,10.860504150390623,10.600738525390623,9.610504150390623,9.183746337890623,11.256988525390623,7.760894775390625
2022-05-12,8.298553466796875,8.593475341796875,7.642303466796875,8.924530029296875,8.535858154296875,6.537811279296875
2022-05-13,10.08270263671875,9.82293701171875,8.28582763671875,9.19598388671875,9.39031982421875,6.57293701171875
2022-05-14,10.98028564453125,10.48419189453125,9.26934814453125,9.71075439453125,10.24200439453125,7.81134033203125
2022-05-15,3.630584716796875,3.345428466796875,1.379608154296875,1.711639404296875,5.748748779296875,-0.229766845703125
2022-05-16,5.2607421875,6.05859375,3.951171875,5.439453125,5.3505859375,1.4658203125
2022-05-17,8.42852783203125,10.88067626953125,6.93927001953125,10.47833251953125,8.28009033203125,5.61798095703125
2022-05-18,13.7890625,14.1787109375,11.3291015625,12.4755859375,11.177734375,9.3212890625
2022-05-19,11.13385009765625,11.85260009765625,8.63970947265625,10.87799072265625,11.89947509765625,6.96588134765625
2022-05-20,11.14947509765625,11.30767822265625,10.03717041015625,9.45806884765625,10.84674072265625,8.38580322265625
2022-05-21,11.0548095703125,14.5753173828125,10.3077392578125,10.1397705078125,12.7930908203125,9.2872314453125
2022-05-22,10.447662353515623,13.993560791015623,9.596099853515623,9.811920166015623,11.945709228515623,8.073638916015625
2022-05-23,12.8392333984375,13.0511474609375,11.0140380859375,12.5970458984375,11.2005615234375,13.1253662109375
2022-05-24,13.03326416015625,12.37408447265625,11.98834228515625,12.25103759765625,13.05279541015625,9.98345947265625
2022-05-25,13.08526611328125,11.04522705078125,9.84698486328125,12.06866455078125,12.01495361328125,8.62921142578125
2022-05-26,10.083465576171877,10.127410888671877,9.341278076171877,9.604949951171877,12.670379638671877,9.145965576171877
2022-05-27,10.047027587890623,10.199371337890623,10.332183837890623,9.069488525390623,10.885894775390623,7.530426025390625
2022-05-28,10.57489013671875,10.28289794921875,8.69989013671875,10.74676513671875,11.07489013671875,9.39617919921875
2022-05-29,12.55255126953125,12.88848876953125,11.23126220703125,11.59454345703125,12.55352783203125,10.65997314453125
2022-05-30,13.8885498046875,14.0096435546875,13.0799560546875,13.6190185546875,13.3514404296875,11.2928466796875
2022-05-31,14.653076171875,14.397216796875,12.289794921875,13.998779296875,13.891357421875,10.685302734375
2022-06-01,15.583465576171877,16.197723388671875,13.165496826171877,14.618621826171877,15.061981201171877,11.301239013671877
2022-06-02,14.176666259765623,14.895416259765623,13.759674072265623,14.543853759765623,14.398345947265623,10.106353759765623
2022-06-03,15.539703369140623,14.533843994140623,12.829742431640623,13.594390869140623,14.315093994140623,12.245758056640623
2022-06-04,13.510498046875,13.008544921875,11.016357421875,11.895263671875,13.272216796875,13.301513671875
2022-06-05,13.640594482421877,12.618133544921877,10.999969482421877,12.157196044921877,10.693328857421877,8.670867919921875
2022-06-06,12.74310302734375,11.48919677734375,9.84954833984375,11.56341552734375,11.78509521484375,8.29876708984375
2022-06-07,12.8636474609375,12.0775146484375,10.8265380859375,11.9329833984375,13.6781005859375,10.6439208984375
2022-06-08,13.61981201171875,12.40985107421875,11.90496826171875,12.71063232421875,14.77703857421875,10.68621826171875
2022-06-09,13.686920166015623,13.270904541015623,11.827545166015623,12.852935791015623,15.072662353515623,11.384185791015623
2022-06-10,13.94000244140625,14.00543212890625,10.69976806640625,13.02496337890625,13.23394775390625,8.14898681640625
2022-06-11,11.6341552734375,10.9593505859375,9.0023193359375,10.0960693359375,12.8773193359375,10.3714599609375
2022-06-12,9.426300048828123,8.557159423828125,9.169464111328123,9.048370361328123,11.311065673828123,9.527862548828123
2022-06-13,11.0076904296875,10.4227294921875,9.9969482421875,10.6180419921875,13.2049560546875,9.2420654296875
2022-06-14,11.26068115234375,10.84368896484375,9.32025146484375,10.47943115234375,12.52532958984375,9.83392333984375
2022-06-15,10.210693359375,13.225341796875,8.001708984375,9.164794921875,10.881591796875,6.267333984375
2022-06-16,11.9130859375,12.1416015625,10.7255859375,10.26171875,12.43359375,8.8564453125
2022-06-17,13.616943359375,16.532958984375,10.659912109375,11.943115234375,12.894287109375,10.385498046875
2022-06-18,14.457916259765623,14.204010009765623,12.364166259765623,14.361236572265623,14.620025634765623,11.101470947265623
2022-06-19,15.3984375,16.9130859375,13.6044921875,14.6982421875,16.662109375,12.455078125
2022-06-20,14.6923828125,11.7080078125,13.521484375,13.8994140625,15.4189453125,11.91015625
2022-06-21,12.73846435546875,12.56951904296875,11.93963623046875,11.34490966796875,13.76971435546875,10.98260498046875
2022-06-22,14.078155517578123,14.494171142578123,12.019561767578123,14.992218017578123,14.498077392578123,10.369171142578123
2022-06-23,14.706634521484377,14.115814208984377,13.546478271484377,15.479095458984377,14.483001708984377,11.626556396484377
2022-06-24,15.445404052734377,14.299896240234377,14.503021240234377,15.336029052734377,14.853607177734377,13.871185302734377
2022-06-25,16.08203125,15.5859375,15.076171875,16.6279296875,15.9599609375,16.16015625
2022-06-26,15.910797119140623,17.352203369140625,14.203765869140623,15.159820556640623,17.268218994140625,14.593414306640623
2022-06-27,16.41864013671875,17.18914794921875,13.87274169921875,17.50750732421875,16.26336669921875,12.99774169921875
2022-06-28,16.82476806640625,16.31011962890625,14.24664306640625,17.79058837890625,16.46051025390625,13.26910400390625
2022-06-29,17.273040771484375,16.151947021484375,15.495697021484377,15.888275146484377,18.26229858398437,14.102142333984377
2022-06-30,16.7425537109375,15.8255615234375,14.4739990234375,15.7513427734375,17.0970458984375,12.6351318359375
2022-07-01,17.11077880859375,16.95941162109375,14.82659912109375,17.00140380859375,17.26605224609375,14.44671630859375
2022-07-02,16.023162841796875,14.894256591796877,11.894256591796877,13.729217529296877,16.373748779296875,13.748748779296877
2022-07-03,13.709259033203123,13.957305908203123,11.378204345703123,13.079376220703123,15.703399658203123,10.756134033203123
2022-07-04,14.74139404296875,13.49237060546875,11.56072998046875,13.43865966796875,15.37713623046875,11.20721435546875
2022-07-05,11.55426025390625,10.92242431640625,9.44976806640625,10.75836181640625,12.22613525390625,9.28472900390625
2022-07-06,12.331207275390623,10.790191650390623,10.346832275390623,11.058746337890623,13.693511962890623,9.505035400390623
2022-07-07,10.059661865234377,10.087005615234377,7.856536865234375,9.197357177734377,11.722747802734377,8.463958740234375
2022-07-08,9.0987548828125,7.6651611328125,7.5303955078125,8.9014892578125,11.9405517578125,8.3585205078125
2022-07-09,10.819244384765623,9.531158447265623,8.346588134765625,9.593658447265623,12.418853759765623,8.163970947265625
2022-07-10,11.534759521484377,12.981048583984377,9.778900146484377,11.704681396484377,11.484954833984377,7.178314208984375
2022-07-11,13.629302978515623,12.686920166015623,12.842193603515623,14.007232666015623,14.558013916015623,10.550201416015623
2022-07-12,15.185882568359377,17.081390380859375,15.726898193359377,15.054046630859377,14.780609130859377,12.557952880859377
2022-07-13,14.355743408203123,15.175079345703123,14.471954345703123,15.804962158203123,15.428009033203123,16.035430908203125
2022-07-14,15.222808837890623,12.869293212890623,10.248199462890623,12.112457275390623,15.448394775390623,12.307769775390623
2022-07-15,12.4805908203125,12.4981689453125,11.0665283203125,11.3858642578125,14.3985595703125,10.8526611328125
2022-07-16,12.95074462890625,12.65972900390625,11.64703369140625,13.47125244140625,14.31890869140625,11.23492431640625
2022-07-17,14.223876953125,14.187744140625,13.579345703125,14.326416015625,14.538330078125,12.448486328125
2022-07-18,16.01043701171875,16.27703857421875,15.26043701171875,16.13934326171875,15.81512451171875,12.72821044921875
2022-07-19,18.05224609375,17.93310546875,17.17626953125,18.82763671875,17.44775390625,14.66650390625
2022-07-20,19.89630126953125,21.15899658203125,15.73126220703125,19.00177001953125,18.20684814453125,14.80841064453125
2022-07-21,18.851776123046875,18.488494873046875,14.844940185546877,17.301971435546875,17.884002685546875,13.284393310546877
2022-07-22,17.557891845703125,16.670196533203125,16.620391845703125,17.216094970703125,19.274688720703125,18.169219970703125
2022-07-23,20.58203125,20.0107421875,16.0166015625,19.3388671875,18.880859375,15.4599609375
2022-07-24,15.5802001953125,15.3995361328125,14.2891845703125,15.6739501953125,17.0782470703125,14.2188720703125
2022-07-25,15.957305908203123,15.816680908203123,15.206329345703123,17.273712158203125,16.710235595703125,12.157501220703123
2022-07-26,17.003173828125,16.186767578125,15.595947265625,15.844970703125,19.022705078125,13.230712890625
2022-07-27,15.7325439453125,14.6202392578125,13.8057861328125,14.7286376953125,17.4708251953125,12.7471923828125
2022-07-28,13.77508544921875,13.64715576171875,10.60614013671875,12.28387451171875,15.82781982421875,9.94403076171875
2022-07-29,14.157135009765623,13.299713134765623,11.161041259765623,13.516510009765623,15.260650634765623,10.539947509765623
2022-07-30,15.261962890625,14.560791015625,12.477783203125,14.177001953125,15.964111328125,11.048095703125
2022-07-31,15.061920166015623,15.242584228515623,13.066802978515623,15.449615478515623,16.404693603515625,12.456451416015623
2022-08-01,15.82269287109375,14.77484130859375,14.75823974609375,14.83441162109375,16.77288818359375,13.99847412109375
2022-08-02,15.889923095703123,15.099884033203123,14.783477783203123,15.421173095703123,16.940704345703125,14.186798095703123
2022-08-03,17.879547119140625,18.839508056640625,14.563140869140623,16.885406494140625,18.207672119140625,13.038726806640623
2022-08-04,17.056243896484375,15.318939208984377,14.023040771484377,15.844329833984377,17.771087646484375,12.740814208984377
2022-08-05,15.626739501953123,14.868927001953123,13.515411376953123,14.657012939453123,16.684356689453125,13.994903564453123
2022-08-06,14.73944091796875,14.57928466796875,12.96014404296875,14.28631591796875,16.67791748046875,13.47772216796875
2022-08-07,13.05499267578125,12.59698486328125,11.09503173828125,12.16925048828125,14.56768798828125,9.98760986328125
2022-08-08,11.113677978515623,10.342193603515623,9.947662353515623,11.141021728515623,14.053131103515623,10.392974853515623
2022-08-09,12.52679443359375,12.42425537109375,10.16741943359375,11.87054443359375,13.53753662109375,10.60003662109375
2022-08-10,12.821685791015623,12.278717041015623,11.666412353515623,12.672271728515623,13.822662353515623,10.781646728515623
2022-08-11,13.767608642578123,12.082061767578123,11.076202392578123,11.634796142578123,12.821319580078123,8.507843017578125
2022-08-12,13.794525146484377,13.922454833984377,12.814056396484377,12.990814208984377,14.522064208984377,10.899017333984377
2022-08-13,13.477569580078123,13.424835205078123,11.506866455078123,13.981475830078123,14.299835205078123,11.260772705078123
2022-08-14,14.25872802734375,14.80072021484375,13.23431396484375,14.94818115234375,14.86224365234375,13.20111083984375
2022-08-15,16.66143798828125,18.44073486328125,15.65948486328125,16.01593017578125,17.34796142578125,15.83526611328125
2022-08-16,15.307525634765623,17.159088134765625,13.990142822265623,17.191314697265625,17.732330322265625,14.260650634765623
2022-08-17,15.968658447265623,14.754791259765623,13.794830322265623,14.671783447265623,14.522369384765623,11.784088134765623
2022-08-18,14.24249267578125,13.69073486328125,12.61065673828125,14.60577392578125,13.73663330078125,11.98663330078125
2022-08-19,15.37158203125,14.52880859375,13.38818359375,14.44287109375,13.77392578125,11.74560546875
2022-08-20,15.444091796875,14.634521484375,13.177490234375,14.382568359375,14.127685546875,12.224365234375
2022-08-21,16.344879150390625,15.495269775390623,14.289215087890623,15.357574462890623,16.442535400390625,13.097808837890623
2022-08-22,16.7010498046875,15.6903076171875,14.7928466796875,15.9158935546875,17.3768310546875,12.5848388671875
2022-08-23,12.67083740234375,12.09759521484375,11.75970458984375,12.70013427734375,14.85345458984375,13.52923583984375
2022-08-24,12.951385498046877,13.528533935546877,12.307830810546877,11.763885498046877,14.517791748046877,10.481658935546877
2022-08-25,14.023223876953123,14.512481689453123,11.328887939453123,13.554473876953123,14.390411376953123,10.850372314453123
2022-08-26,13.99407958984375,13.60833740234375,13.07122802734375,13.21380615234375,13.07904052734375,9.38275146484375
2022-08-27,13.2657470703125,13.2969970703125,11.5001220703125,13.4884033203125,14.0968017578125,10.7989501953125
2022-08-28,13.44488525390625,12.47125244140625,11.69976806640625,12.88043212890625,13.35699462890625,10.09039306640625
2022-08-29,12.576629638671877,12.852020263671877,10.342254638671877,11.216278076171877,14.408660888671877,12.568817138671877
2022-08-30,12.545806884765623,11.705963134765623,12.131744384765623,13.751861572265623,12.838775634765623,11.256744384765623
2022-08-31,10.898712158203123,12.076446533203123,10.116485595703123,10.835235595703123,12.645782470703123,8.927032470703125
2022-09-01,13.859283447265623,12.246002197265623,11.474517822265623,12.157135009765623,13.746978759765623,11.480377197265623
2022-09-02,11.6268310546875,11.0340576171875,9.7576904296875,9.6600341796875,11.9246826171875,10.7684326171875
2022-09-03,11.069427490234377,10.691497802734377,9.917083740234377,10.481536865234377,12.383880615234377,9.437591552734377
2022-09-04,11.863189697265623,12.026275634765623,10.803619384765623,11.475494384765623,13.782135009765623,10.200103759765623
2022-09-05,12.263427734375,15.070068359375,12.318115234375,11.643310546875,15.871826171875,11.310302734375
2022-09-06,13.027679443359377,14.118499755859377,14.713226318359377,14.028656005859377,16.717132568359375,14.033538818359377
2022-09-07,12.553192138671877,11.997528076171877,8.778778076171875,10.727020263671877,11.991668701171877,6.616668701171875
2022-09-08,10.393585205078123,9.862335205078123,9.471710205078123,10.604522705078123,10.686553955078123,8.478546142578125
2022-09-09,8.919891357421875,9.056610107421877,6.467742919921875,7.497039794921875,8.704071044921875,5.206024169921875
2022-09-10,8.37158203125,9.76708984375,6.90673828125,6.67626953125,9.45166015625,6.00634765625
2022-09-11,11.256561279296877,13.125701904296877,11.321014404296877,11.173553466796877,13.087615966796877,10.962615966796877
2022-09-12,12.73529052734375,15.80267333984375,11.34954833984375,12.10931396484375,16.64544677734375,10.81634521484375
2022-09-13,14.755401611328123,15.713409423828123,13.497589111328123,14.590362548828123,15.917510986328123,12.923370361328123
2022-09-14,5.372283935546875,4.897674560546875,6.902557373046875,7.523651123046875,10.438690185546877,8.473846435546875
2022-09-15,2.594085693359375,3.790374755859375,2.323577880859375,1.838226318359375,6.297210693359375,3.386077880859375
2022-09-16,6.47698974609375,5.66937255859375,5.44671630859375,5.20941162109375,6.02777099609375,5.88226318359375
2022-09-17,4.393524169921875,4.784149169921875,3.264617919921875,4.286102294921875,5.677703857421875,3.021453857421875
2022-09-18,4.69207763671875,3.61785888671875,3.05535888671875,3.98504638671875,5.72235107421875,1.45770263671875
2022-09-19,4.177398681640625,3.509429931640625,1.368804931640625,2.381500244140625,3.800445556640625,1.711578369140625
2022-09-20,1.630523681640625,1.242828369140625,0.699859619140625,1.786773681640625,2.658843994140625,-0.521820068359375
2022-09-21,4.42999267578125,5.40753173828125,3.35089111328125,1.74053955078125,4.73565673828125,2.03448486328125
2022-09-22,10.6279296875,10.9375,8.5927734375,8.5986328125,10.0341796875,7.2734375
2022-09-23,11.223846435546877,10.383026123046877,9.010955810546877,10.196502685546877,10.926971435546877,7.858612060546875
2022-09-24,10.609283447265623,9.662994384765623,9.015533447265623,9.815338134765623,10.806549072265623,8.340728759765625
2022-09-25,7.63372802734375,9.39447021484375,8.81829833984375,8.05169677734375,11.42962646484375,7.63079833984375
2022-09-26,9.43951416015625,11.73541259765625,9.82135009765625,9.23248291015625,12.36236572265625,9.46002197265625
2022-09-27,9.667236328125,11.640869140625,11.205322265625,9.249267578125,11.487548828125,8.313720703125
2022-09-28,8.75360107421875,8.38446044921875,7.62957763671875,9.48797607421875,9.44598388671875,7.92352294921875
2022-09-29,7.301177978515625,9.119537353515623,6.073638916015625,5.444732666015625,9.632232666015623,5.584381103515625
2022-09-30,5.649169921875,5.884521484375,4.091552734375,5.543701171875,7.886474609375,5.511474609375
2022-10-01,4.2904052734375,2.5950927734375,1.2347412109375,2.3646240234375,4.3831787109375,1.3704833984375
2022-10-02,3.69122314453125,4.95782470703125,2.91192626953125,2.37579345703125,4.34454345703125,1.07403564453125
2022-10-03,8.910736083984375,9.613861083984377,6.259368896484375,7.703704833984375,8.553314208984375,7.031829833984375
2022-10-04,5.93060302734375,6.91986083984375,5.72650146484375,4.13177490234375,7.51361083984375,7.93157958984375
2022-10-05,9.061737060546877,10.117401123046877,7.258026123046875,8.972869873046875,9.073455810546877,7.323455810546875
2022-10-06,10.399871826171877,9.520965576171877,8.561004638671875,9.552215576171877,9.416473388671877,8.482879638671875
2022-10-07,10.121795654296877,9.843475341796877,8.875701904296875,10.798553466796877,12.151092529296877,8.971405029296875
2022-10-08,8.069549560546875,8.658416748046875,8.162322998046875,9.763885498046877,9.077362060546877,7.907440185546875
2022-10-09,6.774505615234375,6.877044677734375,4.984466552734375,6.540130615234375,8.111419677734375,6.655364990234375
2022-10-10,9.596405029296877,7.878631591796875,6.248748779296875,8.208709716796875,7.084686279296875,5.731170654296875
2022-10-11,4.81768798828125,4.65948486328125,2.97296142578125,3.18975830078125,5.48468017578125,2.22686767578125
2022-10-12,5.681549072265625,6.450103759765625,5.097564697265625,4.881744384765625,6.722564697265625,4.897369384765625
2022-10-13,5.874542236328125,7.545440673828125,7.793487548828125,5.534698486328125,6.548370361328125,8.545440673828125
2022-10-14,5.35028076171875,5.05242919921875,7.13348388671875,3.76043701171875,6.42645263671875,8.59637451171875
2022-10-15,5.863189697265625,10.108306884765623,3.939361572265625,5.645416259765625,4.593658447265625,2.696197509765625
2022-10-16,8.55780029296875,7.12908935546875,5.94842529296875,7.69549560546875,8.67889404296875,5.71600341796875
2022-10-17,2.123626708984375,2.765228271484375,1.312103271484375,0.840423583984375,3.574798583984375,1.160736083984375
2022-10-18,4.575653076171875,6.572723388671875,4.075653076171875,2.715301513671875,8.233856201171875,4.049285888671875
2022-10-19,9.352874755859377,10.675140380859377,6.284515380859375,7.061859130859375,8.354827880859375,5.925140380859375
2022-10-20,6.343902587890625,9.094879150390623,5.983551025390625,6.653472900390625,7.995269775390625,5.757965087890625
2022-10-21,6.609039306640625,10.785797119140623,6.987945556640625,5.444976806640625,11.046539306640623,6.554351806640625
2022-10-22,11.211029052734377,11.440521240234377,6.394622802734375,9.043060302734377,9.892669677734377,12.288177490234377
2022-10-23,6.645599365234375,6.862396240234375,6.221771240234375,6.591888427734375,7.058685302734375,5.692474365234375
2022-10-24,6.14569091796875,6.42010498046875,5.35565185546875,4.99627685546875,7.76385498046875,7.22381591796875
2022-10-25,5.314178466796875,5.863983154296875,4.876678466796875,4.988006591796875,6.534881591796875,3.354217529296875
2022-10-26,4.313995361328125,5.656768798828125,3.605010986328125,4.115753173828125,6.734893798828125,2.279815673828125
2022-10-27,7.660797119140625,9.717437744140623,5.348297119140625,7.558258056640625,8.858062744140625,5.256500244140625
2022-10-28,7.300628662109375,8.854339599609375,5.401214599609375,6.763519287109375,8.767425537109375,4.157073974609375
2022-10-29,4.292877197265625,9.790924072265623,5.780181884765625,4.823150634765625,9.270416259765623,5.557525634765625
2022-10-30,5.65118408203125,6.66387939453125,6.91387939453125,6.10528564453125,6.66387939453125,8.99298095703125
2022-10-31,4.08953857421875,7.48992919921875,3.92352294921875,3.63934326171875,6.69110107421875,3.64129638671875
2022-11-01,8.610595703125,9.248291015625,6.409423828125,6.044189453125,10.013916015625,5.636962890625
2022-11-02,7.973236083984375,7.904876708984375,6.176361083984375,7.562103271484375,7.844329833984375,5.430267333984375
2022-11-03,7.379913330078125,7.161163330078125,4.667999267578125,5.811553955078125,6.044952392578125,3.918975830078125
2022-11-04,5.066864013671875,6.655731201171875,3.217254638671875,5.030731201171875,3.327606201171875,2.270965576171875
2022-11-05,2.185882568359375,3.190765380859375,1.682952880859375,1.965179443359375,3.232757568359375,0.994476318359375
2022-11-06,1.64154052734375,4.48040771484375,1.35833740234375,0.59954833984375,3.65521240234375,2.49603271484375
2022-11-07,4.577667236328125,5.957550048828125,3.496612548828125,3.361846923828125,3.820831298828125,4.270050048828125
2022-11-08,4.93817138671875,3.76824951171875,1.94207763671875,3.45770263671875,4.15985107421875,1.19793701171875
2022-11-09,1.532989501953125,2.412872314453125,-1.397674560546875,-0.042205810546875,2.209747314453125,-1.598846435546875
2022-11-10,2.270599365234375,3.552825927734375,2.920013427734375,2.390716552734375,5.100677490234375,4.782318115234375
2022-11-11,3.984161376953125,5.768341064453125,4.184356689453125,3.298614501953125,8.392364501953125,5.378692626953125
2022-11-12,1.65692138671875,3.93524169921875,5.78973388671875,4.19403076171875,8.39422607421875,4.46942138671875
2022-11-13,7.262115478515625,8.677154541015625,7.166412353515625,6.641998291015625,9.079498291015623,5.767974853515625
2022-11-14,0.617523193359375,1.156585693359375,4.839202880859375,2.094085693359375,7.784515380859375,3.419281005859375
2022-11-15,6.926300048828125,7.649932861328125,8.620635986328125,6.894073486328125,9.999542236328123,5.710479736328125
2022-11-16,6.392242431640625,6.204742431640625,5.574859619140625,7.281890869140625,10.545562744140623,6.815093994140625
2022-11-17,2.11468505859375,1.24554443359375,2.27484130859375,3.54339599609375,8.30902099609375,4.32757568359375
2022-11-18,0.740264892578125,1.602569580078125,3.086944580078125,1.327178955078125,4.675811767578125,0.972686767578125
2022-11-19,7.44281005859375,5.74261474609375,4.54534912109375,5.31390380859375,6.22894287109375,2.53753662109375
2022-11-20,4.262542724609375,2.941253662109375,2.095550537109375,2.941253662109375,3.967620849609375,0.618011474609375
2022-11-21,-0.810455322265625,-0.588775634765625,-4.788970947265625,-2.819244384765625,-0.574127197265625,-5.517486572265625
2022-11-22,-3.28717041015625,-1.48345947265625,-3.21392822265625,-4.17681884765625,-2.97076416015625,-5.55572509765625
2022-11-23,0.841278076171875,-0.343292236328125,-1.304229736328125,-0.391143798828125,1.958465576171875,-3.349151611328125
2022-11-24,-0.79913330078125,-2.08038330078125,-3.06964111328125,-2.10479736328125,0.25555419921875,-3.55694580078125
2022-11-25,-1.736846923828125,-1.699737548828125,-4.565948486328125,-2.024932861328125,-2.923370361328125,-5.624542236328125
2022-11-26,-1.467254638671875,-2.082489013671875,-4.212371826171875,-1.976043701171875,-1.464324951171875,-4.424285888671875
2022-11-27,0.787445068359375,-0.029937744140625,0.205413818359375,0.918304443359375,4.072601318359375,-0.110992431640625
2022-11-28,-0.286590576171875,-0.970184326171875,-0.641082763671875,-0.072723388671875,3.784698486328125,-1.003387451171875
2022-11-29,-1.809112548828125,-2.266143798828125,-1.217315673828125,-3.293487548828125,1.908660888671875,-1.185089111328125
2022-11-30,1.771453857421875,1.641571044921875,0.856414794921875,1.257781982421875,3.707000732421875,0.997039794921875
2022-12-01,1.722015380859375,3.922210693359375,3.559906005859375,3.436859130859375,6.183929443359375,2.045257568359375
2022-12-02,1.424957275390625,2.338043212890625,2.479644775390625,1.015777587890625,4.118316650390625,2.467926025390625
2022-12-03,0.648773193359375,1.415374755859375,3.637054443359375,1.901702880859375,5.329437255859375,2.153656005859375
2022-12-04,3.784332275390625,2.937652587890625,3.485504150390625,3.132965087890625,5.818511962890625,2.637847900390625
2022-12-05,2.577056884765625,5.378814697265625,4.956939697265625,3.547760009765625,6.743072509765625,2.878814697265625
2022-12-06,9.346588134765623,9.932525634765623,8.202056884765625,8.171783447265625,9.136627197265623,4.428619384765625
2022-12-07,6.444427490234375,7.263763427734375,6.480560302734375,6.123138427734375,8.553802490234375,5.708099365234375
2022-12-08,-1.637725830078125,-1.969757080078125,0.659149169921875,0.769500732421875,2.671844482421875,-0.280303955078125
2022-12-09,-8.097442626953125,-12.369903564453123,-10.306427001953123,-6.240020751953125,-1.772247314453125,-6.448028564453125
2022-12-10,-5.126068115234375,-4.957122802734375,-5.644622802734375,-3.971771240234375,1.662017822265625,-5.082122802734375
2022-12-11,-0.331146240234375,1.050689697265625,2.229400634765625,0.826080322265625,5.958892822265625,1.658111572265625
2022-12-12,7.849761962890625,8.250152587890625,7.977691650390625,6.084136962890625,9.556793212890623,5.379058837890625
2022-12-13,6.451263427734375,8.411224365234375,5.066497802734375,7.257904052734375,7.789154052734375,3.967864990234375
2022-12-14,-0.141387939453125,-1.635528564453125,0.679901123046875,1.560760498046875,4.565643310546875,1.807830810546875
2022-12-15,-4.802764892578125,-5.177764892578125,-3.655303955078125,-2.354522705078125,0.230438232421875,-3.488311767578125
2022-12-16,-3.433380126953125,-3.362091064453125,-2.423614501953125,-5.137481689453125,-1.926544189453125,-3.526153564453125
2022-12-17,-3.386260986328125,-2.143096923828125,-1.347198486328125,-2.430206298828125,0.903778076171875,-0.201690673828125
2022-12-18,-2.522979736328125,5.212371826171875,-2.114776611328125,-1.932159423828125,-0.185089111328125,-1.211456298828125
2022-12-19,-2.33416748046875,0.42462158203125,-1.68475341796875,-0.63690185546875,-0.46697998046875,-4.66912841796875
2022-12-20,-1.669281005859375,0.281890869140625,0.703765869140625,-1.930999755859375,2.348297119140625,-1.454437255859375
2022-12-21,0.266876220703125,2.386016845703125,-1.749725341796875,-0.095428466796875,-0.777069091796875,-1.049530029296875
2022-12-22,-1.269500732421875,1.283233642578125,0.463897705078125,-2.238250732421875,3.353546142578125,-0.690399169921875
2022-12-23,-0.216888427734375,2.315338134765625,1.286041259765625,0.162994384765625,0.882720947265625,-0.016693115234375
2022-12-24,-0.132476806640625,0.379241943359375,-0.453765869140625,0.082366943359375,3.559906005859375,0.715179443359375
2022-12-25,2.750274658203125,2.538360595703125,3.014923095703125,2.211212158203125,4.829376220703125,2.247344970703125
2022-12-26,-1.236541748046875,0.561309814453125,2.484161376953125,-1.173065185546875,4.943145751953125,-1.832244873046875
2022-12-27,-0.4227294921875,2.3800048828125,3.5518798828125,2.0655517578125,5.9298095703125,2.8018798828125
2022-12-28,-1.791290283203125,2.309295654296875,-0.444610595703125,-0.013946533203125,1.256561279296875,-0.191680908203125
2022-12-29,-0.742340087890625,3.110198974609375,0.641448974609375,-0.503082275390625,3.352386474609375,0.065277099609375
2022-12-30,-2.376190185546875,2.241973876953125,-1.227752685546875,-0.726776123046875,1.866973876953125,-1.886932373046875
2022-12-31,1.274627685546875,2.174041748046875,1.380096435546875,2.968963623046875,2.231658935546875,0.149627685546875
2023-01-01,-2.406646728515625,0.305267333984375,-1.329498291015625,-3.019927978515625,1.573822021484375,-3.064849853515625
2023-01-02,-3.1549072265625,1.1781005859375,-0.1842041015625,-1.2242431640625,3.9173583984375,-2.6158447265625
2023-01-03,-3.129791259765625,0.035247802734375,-2.440338134765625,-1.828033447265625,-1.306549072265625,-1.823150634765625
2023-01-04,-3.69305419921875,0.32940673828125,-2.00067138671875,-3.84735107421875,0.98175048828125,-5.21942138671875
2023-01-05,-0.230255126953125,1.766815185546875,0.672088623046875,-1.905059814453125,2.713104248046875,-4.474395751953125
2023-01-06,3.6424560546875,3.4393310546875,2.9910888671875,1.8621826171875,5.6746826171875,1.1522216796875
2023-01-07,-0.958221435546875,-2.198455810546875,-2.935760498046875,-1.751190185546875,1.389434814453125,-3.032440185546875
2023-01-08,-7.016265869140625,-5.472320556640625,-9.511383056640623,-4.030914306640625,-2.472320556640625,-6.033843994140625
2023-01-09,-3.116729736328125,-3.188018798828125,-7.070831298828125,-5.548370361328125,-3.874542236328125,-9.438995361328123
2023-01-10,-0.178985595703125,0.396209716796875,-1.745391845703125,-0.395782470703125,0.280975341796875,-1.909454345703125
2023-01-11,-1.30816650390625,-2.33160400390625,-5.14703369140625,-2.44000244140625,-3.27301025390625,-6.56890869140625
2023-01-12,-2.54144287109375,-2.64593505859375,-2.66937255859375,-3.70648193359375,1.03668212890625,-5.03167724609375
2023-01-13,2.327850341796875,1.110076904296875,0.953826904296875,1.353240966796875,3.118865966796875,-0.308868408203125
2023-01-14,5.849639892578125,3.302764892578125,4.771514892578125,4.403350830078125,6.054718017578125,2.290069580078125
2023-01-15,3.205108642578125,2.152374267578125,1.698272705078125,1.165069580078125,5.617218017578125,0.819366455078125
2023-01-16,-2.366180419921875,-0.450164794921875,-3.318328857421875,-1.298797607421875,0.771514892578125,-1.754852294921875
2023-01-17,-1.153411865234375,-2.372161865234375,-4.431732177734375,-1.408294677734375,-3.379974365234375,-3.770599365234375
2023-01-18,-4.2103271484375,-4.8763427734375,-6.1732177734375,-5.3988037109375,-2.2698974609375,-5.2835693359375
2023-01-19,-1.412506103515625,-2.141021728515625,-3.364654541015625,-2.356842041015625,-0.006256103515625,-3.804107666015625
2023-01-20,-5.854705810546875,-2.592010498046875,-7.050018310546875,-2.622283935546875,-6.054901123046875,-8.178924560546875
2023-01-21,0.569305419921875,-0.631866455078125,-1.373077392578125,-0.260772705078125,-2.151397705078125,-2.361358642578125
2023-01-22,-1.880462646484375,-3.183197021484375,-2.273040771484375,-1.801361083984375,1.074615478515625,-3.071868896484375
2023-01-23,-3.376617431640625,-5.305328369140625,-5.048492431640625,-4.288726806640625,-0.855133056640625,-4.194976806640625
2023-01-24,-5.584930419921875,-6.970672607421875,-7.498992919921875,-6.427703857421875,-3.557586669921875,-7.479461669921875
2023-01-25,-4.697967529296875,-6.108123779296875,-6.451873779296875,-5.281951904296875,-5.378631591796875,-6.800506591796875
2023-01-26,-4.860870361328125,-5.465362548828125,-6.499542236328125,-5.440948486328125,-6.333526611328125,-6.897979736328125
2023-01-27,-4.406280517578125,-3.480499267578125,-6.842803955078125,-7.691436767578125,-7.870147705078125,-9.191436767578123
2023-01-28,-10.873199462890623,-8.934722900390625,-8.988433837890625,-6.756011962890625,-8.395660400390625,-8.653472900390625
2023-01-29,-9.055419921875,-6.201904296875,-7.104248046875,-8.041748046875,-5.173583984375,-7.546630859375
2023-01-30,-4.730712890625,-4.675048828125,-7.033447265625,-5.782470703125,-3.851806640625,-6.546142578125
2023-01-31,-2.713653564453125,-2.726348876953125,-5.460723876953125,-4.571075439453125,-6.037872314453125,-5.535919189453125
2023-02-01,-6.020660400390625,-7.784332275390625,-8.424957275390625,-7.744293212890625,-5.504058837890625,-9.449371337890623
2023-02-02,-10.002838134765623,-11.380767822265623,-12.739166259765623,-11.782135009765623,-10.991119384765623,-14.580963134765623
2023-02-03,-10.294830322265623,-10.724517822265623,-12.048736572265623,-10.653228759765623,-9.833892822265623,-16.015533447265625
2023-02-04,-13.917816162109377,-14.581878662109377,-14.285980224609377,-13.954925537109377,-11.139495849609377,-14.069183349609377
2023-02-05,-19.44551086425781,-19.46699523925781,-13.604705810546877,-16.076385498046875,-10.926971435546877,-11.463104248046877
2023-02-06,-17.524017333984375,-16.337493896484375,-12.403900146484377,-13.180267333984377,-10.294525146484377,-11.081634521484377
2023-02-07,-13.385528564453123,-11.558380126953123,-12.766387939453123,-9.766387939453123,-7.212677001953125,-12.255645751953123
2023-02-08,-7.920867919921875,-6.518524169921875,-11.041961669921877,-8.388641357421875,-6.685516357421875,-11.823211669921877
2023-02-09,-1.489593505859375,-3.071624755859375,-3.897796630859375,-2.368499755859375,-0.487640380859375,-5.145843505859375
2023-02-10,-12.343109130859377,-9.684906005859377,-7.469085693359375,-7.504241943359375,-6.155609130859375,-8.186859130859375
2023-02-11,-2.253936767578125,-2.055694580078125,-7.431671142578125,-3.856475830078125,-3.649444580078125,-8.250030517578125
2023-02-12,-8.864593505859375,-7.218109130859375,-6.386077880859375,-5.769866943359375,-4.454437255859375,-6.314788818359375
2023-02-13,-8.114166259765625,-5.107330322265625,-5.368072509765625,-5.220611572265625,-5.650299072265625,-4.779205322265625
2023-02-14,-5.2869873046875,-3.2010498046875,-3.3426513671875,-4.5203857421875,1.0860595703125,-3.2850341796875
2023-02-15,-3.496490478515625,-2.627349853515625,-0.031646728515625,-0.632232666015625,1.385345458984375,-2.376373291015625
2023-02-16,2.181793212890625,2.110504150390625,1.010894775390625,2.225738525390625,2.664215087890625,0.861480712890625
2023-02-17,-3.178436279296875,-1.244842529296875,-4.925506591796875,-2.530975341796875,-1.083709716796875,-3.340545654296875
2023-02-18,-3.663116455078125,-0.159210205078125,-2.074249267578125,0.096649169921875,0.491180419921875,-2.178741455078125
2023-02-19,-2.212677001953125,0.520721435546875,-2.602325439453125,-2.285919189453125,1.960174560546875,2.928924560546875
2023-02-20,-1.22943115234375,-0.59661865234375,-0.66400146484375,-1.05462646484375,2.42877197265625,-1.87298583984375
2023-02-21,4.872344970703125,4.850860595703125,2.735626220703125,3.310821533203125,4.886016845703125,1.619415283203125
2023-02-22,8.2525634765625,6.3463134765625,3.1568603515625,5.3638916015625,6.1129150390625,2.1353759765625
2023-02-23,-3.851165771484375,-4.779876708984375,-4.290618896484375,-3.951751708984375,3.212310791015625,-0.093353271484375
2023-02-24,-3.743194580078125,-4.816436767578125,-2.568389892578125,-2.122100830078125,2.663055419921875,-1.623077392578125
2023-02-25,-1.861114501953125,-2.941192626953125,-1.369903564453125,0.054901123046875,2.979705810546875,-0.285919189453125
2023-02-26,0.2996826171875,0.3709716796875,0.9598388671875,2.4871826171875,2.8270263671875,-0.3419189453125
2023-02-27,1.791046142578125,1.622100830078125,-3.344696044921875,1.384796142578125,0.605499267578125,0.060577392578125
2023-02-28,-0.313140869140625,-0.737945556640625,-0.594390869140625,0.403656005859375,2.816741943359375,-0.147125244140625
2023-03-01,0.4766845703125,0.1983642578125,-0.5623779296875,0.4288330078125,-0.4393310546875,-0.8123779296875
2023-03-02,-10.153045654296877,-7.320037841796875,-3.410858154296875,-2.130584716796875,1.301055908203125,-2.625701904296875
2023-03-03,-1.554473876953125,-0.425567626953125,-0.417755126953125,-1.463653564453125,1.497283935546875,-1.556427001953125
2023-03-04,-0.185791015625,0.791748046875,0.630615234375,0.128662109375,2.979248046875,0.215576171875
2023-03-05,4.832763671875,5.554443359375,3.418701171875,4.354248046875,4.805419921875,1.489013671875
2023-03-06,1.107940673828125,3.978057861328125,3.478057861328125,5.901885986328125,7.105010986328125,2.625518798828125
2023-03-07,2.152740478515625,3.372467041015625,2.116607666015625,2.446685791015625,6.807037353515625,1.876373291015625
2023-03-08,-3.46905517578125,-4.76983642578125,-6.49835205078125,-3.99249267578125,-0.71221923828125,-4.14971923828125
2023-03-09,-4.020599365234375,-4.668060302734375,-7.139739990234375,-4.475677490234375,-2.333099365234375,-4.450286865234375
2023-03-10,-0.436981201171875,2.404815673828125,-1.377410888671875,-2.030731201171875,0.881378173828125,-1.554168701171875
2023-03-11,3.656951904296875,2.902069091796875,1.596405029296875,1.970428466796875,2.471405029296875,0.396209716796875
2023-03-12,-2.625732421875,-3.177490234375,-5.112060546875,-3.859130859375,-0.977294921875,-5.194091796875
2023-03-13,-3.808197021484375,-7.177337646484375,-5.888275146484375,-4.894134521484375,-2.098236083984375,-6.733001708984375
2023-03-14,-11.666229248046877,-8.331268310546875,-6.034393310546875,-7.289276123046875,-2.675018310546875,-5.062713623046875
2023-03-15,-7.202362060546875,-2.780487060546875,-4.350799560546875,-3.770721435546875,-1.134979248046875,-1.675018310546875
2023-03-16,-0.9639892578125,0.7498779296875,-3.0001220703125,-0.1192626953125,0.3455810546875,-1.4161376953125
2023-03-17,3.275054931640625,2.895172119140625,2.662750244140625,4.428375244140625,1.845367431640625,0.478179931640625
2023-03-18,2.752105712890625,2.097808837890625,3.001129150390625,4.066558837890625,2.832183837890625,1.111480712890625
2023-03-19,0.695587158203125,2.900665283203125,-0.343475341796875,-0.238983154296875,2.136993408203125,-0.949920654296875
2023-03-20,0.62872314453125,2.64923095703125,-0.06951904296875,1.34942626953125,2.58380126953125,-0.71990966796875
2023-03-21,1.343170166015625,4.534576416015625,1.461334228515625,2.324615478515625,3.809967041015625,0.142974853515625
2023-03-22,3.47149658203125,3.84259033203125,1.93731689453125,2.40020751953125,6.52130126953125,2.37774658203125
2023-03-23,6.674102783203125,5.809844970703125,3.596954345703125,5.431915283203125,5.717071533203125,0.608673095703125
2023-03-24,-0.977569580078125,-2.585968017578125,-3.120147705078125,-2.086944580078125,0.147430419921875,-3.285186767578125
2023-03-25,-3.120269775390625,-4.114410400390625,-8.486480712890625,-5.070465087890625,-5.656402587890625,-10.833160400390623
2023-03-26,-2.846282958984375,-0.685150146484375,-5.665618896484375,-4.595306396484375,-4.778900146484375,-7.908782958984375
2023-03-27,1.100128173828125,3.003448486328125,1.270050048828125,1.859893798828125,3.103057861328125,-0.177215576171875
2023-03-28,9.659942626953123,7.955841064453125,5.615020751953125,7.458770751953125,6.753692626953125,2.847442626953125
2023-03-29,1.022552490234375,2.233489990234375,1.583099365234375,1.649505615234375,3.954193115234375,1.050872802734375
2023-03-30,4.068450927734375,3.298919677734375,1.783294677734375,2.610443115234375,1.633880615234375,-0.805572509765625
2023-03-31,-3.108001708984375,-4.642181396484375,-5.142181396484375,-4.018157958984375,-0.654876708984375,-4.494720458984375
2023-04-01,-2.94921875,-4.810546875,-6.0703125,-4.7587890625,-1.185546875,-5.2841796875
2023-04-02,-4.647735595703125,-7.490509033203125,-6.018829345703125,-5.230743408203125,-1.303009033203125,-5.136993408203125
2023-04-03,-6.112457275390625,-4.885894775390625,-10.764801025390623,-7.526519775390625,-6.294097900390625,-6.832183837890625
2023-04-04,-9.931793212890623,-7.254058837890625,-7.525543212890625,-7.089019775390625,-4.983551025390625,-4.891754150390625
2023-04-05,-0.902435302734375,-3.719818115234375,-5.730560302734375,-3.666107177734375,-3.518646240234375,-2.817474365234375
2023-04-06,1.576690673828125,0.061065673828125,-0.667449951171875,0.643096923828125,1.853057861328125,-1.690887451171875
2023-04-07,0.844879150390625,0.235504150390625,-0.098480224609375,0.756011962890625,0.807769775390625,-1.822113037109375
2023-04-08,0.624481201171875,1.290496826171875,-1.082550048828125,-0.066925048828125,1.997528076171875,-0.273956298828125
2023-04-09,0.478302001953125,1.966583251953125,1.491973876953125,0.600372314453125,4.052520751953125,-1.148651123046875
2023-04-10,9.0201416015625,8.1676025390625,6.4322509765625,6.6646728515625,7.5093994140625,3.5426025390625
2023-04-11,0.661407470703125,0.832305908203125,0.623321533203125,0.259063720703125,2.755157470703125,-0.989959716796875
2023-04-12,-0.274383544921875,1.054718017578125,-1.425750732421875,-0.863250732421875,0.532257080078125,-3.593719482421875
2023-04-13,4.783111572265625,4.423736572265625,3.174713134765625,4.573150634765625,4.774322509765625,2.408111572265625
2023-04-14,6.199462890625,4.873291015625,4.473876953125,5.442626953125,5.311767578125,2.136962890625
2023-04-15,4.506805419921875,3.382781982421875,3.792938232421875,4.591766357421875,5.562469482421875,1.529266357421875
2023-04-16,4.354461669921875,3.610321044921875,1.356414794921875,3.839813232421875,3.763641357421875,1.185516357421875
2023-04-17,2.791778564453125,3.147247314453125,2.679473876953125,3.698028564453125,2.085723876953125,1.094512939453125
2023-04-18,4.284759521484375,2.866790771484375,2.608978271484375,3.478118896484375,3.119720458984375,2.149993896484375
2023-04-19,3.077423095703125,3.063751220703125,1.327423095703125,-0.075897216796875,1.838165283203125,-1.672576904296875
2023-04-20,5.443023681640625,5.754547119140625,3.869781494140625,4.515289306640625,5.676422119140625,1.391265869140625
2023-04-21,4.449432373046875,5.077362060546875,5.108612060546875,5.445526123046875,7.478729248046875,3.411346435546875
2023-04-22,5.429595947265625,4.266510009765625,1.216705322265625,3.797760009765625,4.151275634765625,0.184478759765625
2023-04-23,3.469146728515625,1.116607666015625,-1.196868896484375,0.620513916015625,1.860748291015625,-1.739837646484375
2023-04-24,0.735015869140625,0.284820556640625,0.393218994140625,0.506500244140625,0.073883056640625,-3.471038818359375
2023-04-25,4.795318603515625,5.281646728515625,2.303131103515625,2.862701416015625,3.906646728515625,0.807037353515625
2023-04-26,5.48626708984375,4.49993896484375,1.39447021484375,2.48333740234375,3.96087646484375,-0.47662353515625
2023-04-27,7.350860595703125,6.335235595703125,4.584259033203125,5.835235595703125,6.101837158203125,4.025665283203125
2023-04-28,9.27056884765625,8.54302978515625,7.05474853515625,7.97662353515625,9.38580322265625,5.58990478515625
2023-04-29,6.658416748046875,5.898651123046875,5.146697998046875,4.690643310546875,7.550018310546875,2.291229248046875
2023-04-30,8.571197509765625,7.341705322265625,4.660064697265625,5.350494384765625,3.872955322265625,-0.112396240234375
2023-05-01,6.855316162109375,5.420745849609375,3.701995849609375,4.937347412109375,6.625823974609375,2.918792724609375
2023-05-02,5.162689208984375,4.994720458984375,6.173431396484375,4.835540771484375,4.944915771484375,1.518157958984375
2023-05-03,6.0267333984375,5.1702880859375,5.1927490234375,4.6761474609375,5.6038818359375,2.4007568359375
2023-05-04,7.535614013671875,8.297332763671875,5.317840576171875,7.598114013671875,8.410614013671875,2.860809326171875
2023-05-05,10.03594970703125,9.61309814453125,7.97930908203125,9.40997314453125,8.91680908203125,3.04766845703125
2023-05-06,5.389404296875,5.182373046875,5.405029296875,6.585693359375,8.695068359375,5.264404296875
2023-05-07,8.803009033203125,7.896759033203125,7.429962158203125,7.852813720703125,9.525665283203123,5.400665283203125
2023-05-08,6.902740478515625,6.857818603515625,6.738677978515625,7.407623291015625,9.001373291015625,4.839263916015625
2023-05-09,4.116912841796875,4.697967529296875,4.544647216796875,3.428436279296875,7.402069091796875,2.279022216796875
2023-05-10,10.1949462890625,9.5718994140625,7.9117431640625,8.4664306640625,10.3101806640625,6.7623291015625
2023-05-11,12.601806640625,12.031494140625,9.649658203125,11.473876953125,11.174072265625,8.482666015625
2023-05-12,10.976165771484377,10.206634521484377,10.224212646484377,10.393157958984377,14.938079833984377,8.415618896484375
2023-05-13,7.942901611328125,8.161651611328125,6.665557861328125,6.666534423828125,8.623565673828125,5.544464111328125
2023-05-14,9.623687744140623,8.920562744140625,5.650054931640625,6.471343994140625,9.364898681640623,5.960601806640625
2023-05-15,8.548828125,7.4736328125,4.8974609375,6.7255859375,7.8203125,4.322265625
2023-05-16,6.9754638671875,7.8289794921875,7.1229248046875,5.9295654296875,7.1209716796875,7.2674560546875
2023-05-17,8.68780517578125,9.38702392578125,7.53448486328125,8.08526611328125,10.10968017578125,7.32647705078125
2023-05-18,8.48486328125,7.75244140625,5.72021484375,6.71728515625,9.10400390625,8.70166015625
2023-05-19,7.894866943359375,7.629241943359375,6.883148193359375,7.186859130859375,8.787445068359375,5.687835693359375
2023-05-20,7.259979248046875,7.482635498046875,4.791229248046875,6.542205810546875,8.008026123046875,5.652557373046875
2023-05-21,10.237518310546877,10.518768310546877,7.740447998046875,8.051971435546875,9.180877685546877,8.010955810546875
2023-05-22,11.40997314453125,10.70098876953125,10.31329345703125,11.25079345703125,10.29864501953125,7.82403564453125
2023-05-23,12.2161865234375,11.0784912109375,10.3939208984375,10.9212646484375,11.5247802734375,7.4827880859375
2023-05-24,11.79412841796875,10.97283935546875,9.93280029296875,10.89373779296875,11.99041748046875,7.59979248046875
2023-05-25,9.21514892578125,8.94561767578125,7.10089111328125,8.07550048828125,9.56280517578125,8.66729736328125
2023-05-26,10.814056396484377,10.201751708984377,8.696868896484375,10.067962646484377,10.403900146484377,8.286712646484375
2023-05-27,12.0125732421875,11.3055419921875,8.7899169921875,10.8260498046875,11.2000732421875,8.6600341796875
2023-05-28,10.294952392578123,9.618194580078123,9.409210205078123,10.665069580078123,10.540069580078123,6.752960205078125
2023-05-29,10.170867919921877,10.147430419921877,6.880828857421875,8.691375732421875,9.695281982421877,6.810516357421875
2023-05-30,11.240692138671877,11.183074951171877,8.670379638671875,9.453582763671877,10.227020263671877,6.637176513671875
2023-05-31,9.04742431640625,9.19390869140625,7.93414306640625,9.48590087890625,10.21051025390625,7.73394775390625
2023-06-01,10.08203125,10.072265625,7.7060546875,8.7177734375,9.919921875,6.6455078125
2023-06-02,12.209869384765623,11.832916259765623,10.453033447265623,10.690338134765623,11.858306884765623,9.465728759765623
2023-06-03,10.904327392578123,11.201202392578123,9.137725830078123,11.262725830078123,12.636749267578123,10.086944580078123
2023-06-04,13.935791015625,12.595947265625,11.605712890625,12.270751953125,13.447509765625,10.197509765625
2023-06-05,10.69000244140625,9.91558837890625,7.99664306640625,9.32672119140625,10.90972900390625,7.21051025390625
2023-06-06,10.73663330078125,9.88214111328125,9.90753173828125,10.88702392578125,12.49737548828125,8.94073486328125
2023-06-07,12.4473876953125,11.7852783203125,9.5997314453125,11.5089111328125,11.9835205078125,9.4610595703125
2023-06-08,12.792083740234377,11.567474365234377,11.357513427734377,12.145599365234377,12.756927490234377,10.023529052734377
2023-06-09,11.6416015625,10.0439453125,9.419921875,10.17578125,11.85546875,9.072265625
2023-06-10,11.161865234375,9.848388671875,10.602294921875,11.888427734375,10.878662109375,9.408935546875
2023-06-11,11.955474853515623,11.973052978515623,11.011138916015623,11.126373291015623,12.702545166015623,11.725006103515623
2023-06-12,11.4185791015625,10.0709228515625,10.9342041015625,11.9898681640625,11.9508056640625,10.2574462890625
2023-06-13,10.4742431640625,9.9136962890625,8.2291259765625,9.5260009765625,11.1881103515625,8.2730712890625
2023-06-14,10.80523681640625,10.26617431640625,9.00152587890625,10.33941650390625,10.97515869140625,8.99859619140625
2023-06-15,10.007659912109377,10.674652099609377,8.264495849609375,10.372894287109377,10.294769287109377,6.669769287109375
2023-06-16,10.737945556640623,10.457672119140623,9.973297119140623,11.128570556640623,11.450836181640623,8.849273681640625
2023-06-17,14.72381591796875,15.97869873046875,12.38201904296875,14.07049560546875,14.18377685546875,11.41619873046875
2023-06-18,15.288360595703123,14.992462158203123,14.584259033203123,14.187774658203123,14.864532470703123,12.373321533203123
2023-06-19,15.35052490234375,16.81048583984375,14.25970458984375,15.22064208984375,16.83587646484375,12.80072021484375
2023-06-20,15.978729248046877,17.186737060546875,14.321502685546877,14.047088623046877,15.913299560546877,13.675994873046877
2023-06-21,14.083282470703123,12.760040283203123,13.819610595703123,13.964141845703123,17.352813720703125,14.476837158203123
2023-06-22,16.150299072265625,13.617095947265623,13.105377197265623,14.522369384765623,15.463775634765623,12.583892822265623
2023-06-23,14.214385986328123,13.688995361328123,10.242706298828123,12.747589111328123,13.098175048828123,8.730010986328125
2023-06-24,14.268402099609377,13.169769287109377,12.185394287109377,11.626800537109377,12.485198974609377,11.608245849609377
2023-06-25,12.419158935546877,10.308807373046877,11.565643310546877,11.888885498046877,14.330291748046877,10.720916748046877
2023-06-26,9.41583251953125,7.90997314453125,9.45782470703125,7.78497314453125,11.56719970703125,9.30841064453125
2023-06-27,12.2354736328125,12.3839111328125,10.3614501953125,10.6524658203125,13.0987548828125,9.0655517578125
2023-06-28,11.6199951171875,11.6053466796875,10.4422607421875,11.3983154296875,13.0350341796875,10.4002685546875
2023-06-29,12.813568115234377,12.901458740234377,12.158294677734377,13.141693115234377,13.632904052734377,10.405364990234377
2023-06-30,13.990570068359377,13.081390380859377,13.098968505859377,13.265960693359377,16.958343505859375,12.316741943359377
2023-07-01,14.82342529296875,14.24725341796875,12.36248779296875,14.19158935546875,13.86737060546875,11.01873779296875
2023-07-02,13.302734375,12.859375,11.84375,13.349609375,12.3671875,8.466796875
2023-07-03,13.53985595703125,13.31524658203125,12.11798095703125,14.04180908203125,14.01055908203125,10.87481689453125
2023-07-04,11.816436767578123,11.346710205078123,10.625030517578123,11.694366455078123,13.150421142578123,9.067413330078123
2023-07-05,12.06787109375,12.89306640625,10.10205078125,11.57666015625,12.58740234375,6.71826171875
2023-07-06,11.70123291015625,14.54010009765625,13.03912353515625,11.73345947265625,13.13287353515625,7.74713134765625
2023-07-07,14.058624267578123,15.817413330078123,14.347686767578123,13.464874267578123,13.577178955078123,9.238311767578123
2023-07-08,14.96246337890625,16.46734619140625,14.72027587890625,15.04156494140625,16.35699462890625,15.79937744140625
2023-07-09,16.549224853515625,17.770904541015625,15.438873291015623,16.645904541015625,19.646881103515625,18.581451416015625
2023-07-10,16.771209716796875,17.965545654296875,16.110076904296875,16.935272216796875,19.346405029296875,19.546600341796875
2023-07-11,17.46478271484375,17.02923583984375,16.28411865234375,16.46771240234375,17.94622802734375,16.12591552734375
2023-07-12,18.171173095703125,17.767852783203125,17.064727783203125,17.589141845703125,19.310821533203125,14.747344970703123
2023-07-13,17.72686767578125,19.62530517578125,17.34503173828125,18.86944580078125,17.84307861328125,15.03936767578125
2023-07-14,19.13397216796875,20.24725341796875,21.09100341796875,20.04022216796875,19.13397216796875,16.50018310546875
2023-07-15,18.069366455078125,17.995147705078125,17.996124267578125,17.337921142578125,19.548858642578125,13.559600830078123
2023-07-16,17.915374755859375,18.35775756835937,16.650726318359375,18.25619506835937,22.41244506835937,19.54135131835937
2023-07-17,17.323944091796875,17.369842529296875,15.609100341796877,16.862030029296875,24.163787841796875,17.705780029296875
2023-07-18,16.51275634765625,19.34967041015625,17.33306884765625,17.67584228515625,21.10260009765625,16.35943603515625
2023-07-19,15.824615478515623,17.561920166015625,17.045318603515625,17.196685791015625,23.115631103515625,19.454498291015625
2023-07-20,15.69464111328125,15.87725830078125,14.19073486328125,17.00616455078125,22.67022705078125,16.40753173828125
2023-07-21,17.276885986328125,18.598175048828125,16.908721923828125,17.641143798828125,20.013214111328125,20.300323486328125
2023-07-22,21.535919189453125,24.031036376953125,19.167755126953125,20.968536376953125,21.984161376953125,19.874786376953125
2023-07-23,12.080352783203123,10.672149658203123,10.483673095703123,12.183868408203123,14.298126220703123,10.661407470703123
2023-07-24,9.401824951171877,9.872528076171877,9.054168701171877,9.615692138671877,11.119598388671877,6.264129638671875
2023-07-25,13.779327392578123,13.748077392578123,11.751007080078123,14.478546142578123,17.549835205078125,12.861358642578123
2023-07-26,15.205291748046877,16.012908935546875,14.438690185546877,15.301971435546877,16.118377685546875,14.120330810546877
2023-07-27,15.84600830078125,17.01397705078125,14.87921142578125,16.74542236328125,16.37432861328125,15.02960205078125
2023-07-28,14.127532958984377,13.099212646484377,13.153900146484377,12.593353271484377,15.369720458984377,9.526947021484377
2023-07-29,14.400970458984377,16.119720458984375,13.274993896484377,14.715423583984377,19.07675170898437,14.064056396484377
2023-07-30,15.00494384765625,15.61822509765625,13.31451416015625,14.73150634765625,15.18267822265625,13.64068603515625
2023-07-31,16.46502685546875,18.19744873046875,14.73065185546875,16.30194091796875,16.61541748046875,15.65447998046875
2023-08-01,15.94256591796875,17.94940185546875,14.25897216796875,16.00408935546875,16.93768310546875,13.45721435546875
2023-08-02,14.035400390625,13.805908203125,11.590087890625,12.838134765625,13.092041015625,10.127197265625
2023-08-03,11.16424560546875,11.03436279296875,9.26873779296875,10.43670654296875,12.06268310546875,8.91131591796875
2023-08-04,9.06365966796875,9.44354248046875,8.04119873046875,9.88983154296875,11.67694091796875,7.14764404296875
2023-08-05,8.317413330078125,8.626007080078125,7.530303955078125,7.665069580078125,10.443389892578123,4.859405517578125
2023-08-06,10.535125732421877,10.891571044921877,10.873992919921877,11.799774169921877,12.405242919921877,8.021453857421875
2023-08-07,11.06280517578125,11.92608642578125,10.02178955078125,11.70831298828125,11.01788330078125,6.84014892578125
2023-08-08,10.13916015625,10.94580078125,7.94189453125,8.99462890625,11.53857421875,5.11474609375
2023-08-09,9.692962646484377,10.456634521484377,9.755462646484377,8.976165771484375,12.014251708984377,6.026947021484375
2023-08-10,11.69580078125,12.56396484375,11.36962890625,11.26318359375,13.40771484375,8.34716796875
2023-08-11,12.869903564453123,12.922637939453123,13.276153564453123,13.345489501953123,13.564239501953123,9.079864501953123
2023-08-12,13.285247802734377,13.826263427734377,11.601654052734377,13.468841552734377,12.387786865234377,8.924896240234375
2023-08-13,14.18035888671875,14.00457763671875,13.45281982421875,13.44891357421875,15.50067138671875,10.06121826171875
2023-08-14,15.6552734375,15.20703125,14.4189453125,14.58984375,16.4951171875,10.90234375
2023-08-15,16.017852783203125,15.439727783203123,14.906524658203123,15.275665283203123,16.826446533203125,11.144805908203123
2023-08-16,15.981475830078123,15.959991455078123,14.977569580078123,15.444366455078123,16.560577392578125,11.912139892578123
2023-08-17,15.728790283203123,16.078399658203125,14.027618408203123,14.979766845703123,17.169219970703125,11.751251220703123
2023-08-18,15.78314208984375,16.10443115234375,14.09271240234375,15.28997802734375,17.49798583984375,11.65032958984375
2023-08-19,16.43157958984375,16.81243896484375,15.79583740234375,15.50189208984375,17.34954833984375,12.20013427734375
2023-08-20,16.431060791015625,17.177154541015625,16.588287353515625,16.046295166015625,17.694732666015625,12.166412353515623
2023-08-21,15.15350341796875,15.19158935546875,14.16424560546875,15.79315185546875,16.53143310546875,11.27947998046875
2023-08-22,16.4315185546875,16.9754638671875,15.7332763671875,16.6834716796875,17.1004638671875,12.4490966796875
2023-08-23,15.6109619140625,17.1217041015625,14.5172119140625,16.3336181640625,16.9176025390625,15.2564697265625
2023-08-24,15.76220703125,17.59814453125,15.75537109375,17.95654296875,17.47216796875,15.91259765625
2023-08-25,16.692474365234375,16.495208740234375,14.218841552734377,15.856536865234377,15.049896240234377,12.759857177734377
2023-08-26,13.9246826171875,14.8856201171875,11.6746826171875,13.3104248046875,12.7547607421875,9.7313232421875
2023-08-27,12.6881103515625,12.2642822265625,11.6676025390625,11.9195556640625,12.6461181640625,9.0670166015625
2023-08-28,12.07379150390625,12.35406494140625,10.34722900390625,11.57769775390625,9.96539306640625,7.26226806640625
2023-08-29,12.32513427734375,11.92572021484375,13.19427490234375,11.95404052734375,12.03314208984375,8.08392333984375
2023-08-30,13.711395263671877,13.960418701171877,14.173309326171877,13.300262451171877,13.140106201171877,9.852996826171877
2023-08-31,14.441162109375,12.979248046875,12.006591796875,13.225341796875,15.966552734375,9.522216796875
2023-09-01,13.24957275390625,11.83160400390625,10.59234619140625,12.25933837890625,13.65972900390625,9.28863525390625
2023-09-02,11.531158447265623,11.168853759765623,8.413970947265625,10.413970947265623,12.879791259765623,6.673736572265625
2023-09-03,12.120941162109377,11.997894287109377,10.789886474609377,12.120941162109377,14.438323974609377,8.885589599609375
2023-09-04,11.805511474609377,11.248870849609377,10.893402099609377,11.518402099609377,14.144378662109377,8.572113037109375
2023-09-05,10.3310546875,10.302734375,10.20703125,10.578125,13.0087890625,7.25
2023-09-06,11.10894775390625,11.57769775390625,10.29840087890625,10.25640869140625,12.58941650390625,6.31793212890625
2023-09-07,11.298828125,12.4033203125,11.2412109375,10.8564453125,13.0732421875,7.06640625
2023-09-08,11.3035888671875,11.7235107421875,11.9237060546875,12.2430419921875,14.5906982421875,11.4227294921875
2023-09-09,12.280517578125,13.853759765625,11.011962890625,12.468994140625,16.714111328125,13.732666015625
2023-09-10,14.416046142578123,16.561553955078125,12.323272705078123,15.129913330078123,17.763702392578125,14.789093017578123
2023-09-11,13.626922607421877,13.736297607421877,13.274383544921877,13.880828857421877,14.473602294921877,11.730438232421877
2023-09-12,12.828704833984377,12.062103271484377,10.402923583984377,12.030853271484377,12.576751708984377,9.347259521484377
2023-09-13,12.04730224609375,11.70355224609375,11.55218505859375,11.91937255859375,13.54339599609375,9.99066162109375
2023-09-14,13.6552734375,14.20703125,13.5439453125,13.5908203125,14.05859375,10.689453125
2023-09-15,12.69329833984375,13.75482177734375,11.80072021484375,12.42767333984375,17.05462646484375,12.65325927734375
2023-09-16,11.893890380859377,12.424163818359377,10.321624755859377,12.473968505859377,13.866546630859377,11.236663818359377
2023-09-17,11.469879150390623,10.820465087890623,9.559722900390623,10.537261962890623,12.235504150390623,9.487457275390623
2023-09-18,12.633270263671877,14.350067138671877,11.512176513671877,13.111785888671877,14.749481201171877,10.551239013671877
2023-09-19,14.097442626953123,16.339630126953125,12.928497314453123,14.156036376953123,14.721466064453123,11.492950439453123
2023-09-20,14.774383544921877,16.223602294921875,13.548797607421877,14.735321044921877,15.811492919921877,13.936492919921877
2023-09-21,12.7359619140625,12.7320556640625,11.0435791015625,12.8883056640625,13.0533447265625,9.9283447265625
2023-09-22,11.913909912109377,11.324066162109377,9.760589599609377,11.522308349609377,13.181488037109377,9.439300537109377
2023-09-23,9.419586181640623,9.738922119140623,9.617828369140623,9.794586181640623,12.441070556640623,7.097320556640625
2023-09-24,9.092498779296877,9.445037841796877,8.581756591796875,9.423553466796877,10.807342529296877,5.915740966796875
2023-09-25,8.290130615234375,9.498138427734377,8.461029052734375,9.316497802734377,8.644622802734375,4.168060302734375
2023-09-26,8.329132080078125,9.511749267578123,8.017608642578125,7.619171142578125,10.261749267578123,4.390655517578125
2023-09-27,10.78631591796875,11.24432373046875,8.34979248046875,10.54315185546875,12.43377685546875,6.88983154296875
2023-09-28,9.983856201171877,10.199676513671877,8.959442138671875,10.331512451171877,10.758270263671877,6.602996826171875
2023-09-29,7.616607666015625,7.495513916015625,6.850982666015625,6.183013916015625,9.508209228515623,2.404693603515625
2023-09-30,8.554901123046875,11.065643310546877,8.315643310546875,9.098846435546877,13.917205810546877,9.166229248046877
2023-10-01,11.575958251953123,9.838653564453123,10.999786376953123,11.821075439453123,11.473419189453123,7.328887939453125
2023-10-02,9.921783447265623,11.113189697265623,10.935455322265623,11.371978759765623,11.564361572265623,9.560455322265623
2023-10-03,6.47760009765625,6.83697509765625,6.46392822265625,5.71295166015625,8.51177978515625,1.75885009765625
2023-10-04,8.055572509765625,8.409088134765625,8.204010009765625,8.602447509765625,8.149322509765625,4.526275634765625
2023-10-05,11.521270751953123,9.165802001953123,9.563262939453123,10.889434814453123,12.917755126953123,8.277130126953125
2023-10-06,4.50390625,5.75390625,6.91015625,5.408203125,7.037109375,4.330078125
2023-10-07,9.74481201171875,9.52606201171875,9.43426513671875,9.63543701171875,9.44891357421875,7.18231201171875
2023-10-08,6.561920166015625,8.828521728515625,6.611724853515625,7.367584228515625,11.191802978515623,7.244537353515625
2023-10-09,8.080718994140625,11.194000244140623,8.201812744140625,10.321929931640623,11.674468994140623,9.521148681640623
2023-10-10,8.580902099609375,9.689300537109377,9.547698974609377,8.926605224609375,10.753753662109377,9.351409912109377
2023-10-11,7.770294189453125,9.037872314453123,7.777130126953125,7.956817626953125,9.050567626953123,8.030059814453125
2023-10-12,7.13616943359375,5.49066162109375,8.81878662109375,9.36761474609375,11.00433349609375,8.05413818359375
2023-10-13,7.512298583984375,7.652923583984375,7.594329833984375,8.074798583984375,10.872650146484377,6.710540771484375
2023-10-14,4.010284423828125,4.412628173828125,4.384307861328125,4.432159423828125,9.236846923828123,5.167510986328125
2023-10-15,6.174346923828125,7.968292236328125,5.931182861328125,6.175323486328125,9.135284423828123,6.050323486328125
2023-10-16,12.23834228515625,12.48541259765625,10.92681884765625,11.38287353515625,12.22857666015625,6.75103759765625
2023-10-17,16.742584228515625,16.266021728515625,12.266021728515623,14.644927978515623,15.097076416015623,10.253326416015623
2023-10-18,10.8177490234375,13.0765380859375,10.2913818359375,11.9974365234375,11.6517333984375,8.6781005859375
2023-10-19,8.994232177734375,8.648529052734375,8.000091552734375,7.755950927734375,9.107513427734377,6.842864990234375
2023-10-20,7.994598388671875,9.254364013671877,6.839324951171875,7.756317138671875,8.549285888671875,7.629364013671875
2023-10-21,9.047515869140623,11.349273681640623,8.511383056640625,9.577789306640623,14.227203369140623,10.039703369140623
2023-10-22,9.111724853515623,10.849029541015623,9.238677978515623,10.725006103515623,11.463287353515623,8.985748291015625
2023-10-23,11.368377685546877,11.122283935546877,9.947479248046877,10.643768310546877,11.121307373046877,8.103729248046875
2023-10-24,11.123382568359377,11.203460693359377,10.517913818359377,11.595062255859377,12.459320068359377,9.979827880859377
2023-10-25,6.272003173828125,6.970245361328125,5.943878173828125,5.873565673828125,11.204620361328123,5.980987548828125
2023-10-26,5.760406494140625,7.026031494140625,4.682281494140625,5.912750244140625,10.586578369140623,6.287750244140625
2023-10-27,5.593292236328125,7.219268798828125,5.105987548828125,5.742706298828125,7.693878173828125,6.521026611328125
2023-10-28,8.261322021484375,9.451751708984377,9.027923583984377,9.719329833984377,10.435150146484377,7.430267333984375
2023-10-29,7.187225341796875,7.577850341796875,6.730194091796875,7.467498779296875,9.238006591796877,5.774139404296875
2023-10-30,9.97332763671875,9.56121826171875,8.27117919921875,9.06219482421875,9.68817138671875,6.38250732421875
2023-10-31,8.036163330078125,8.066436767578125,5.388702392578125,8.194366455078125,7.756866455078125,5.205108642578125
2023-11-01,2.689544677734375,4.596771240234375,2.833099365234375,5.294036865234375,5.770599365234375,2.740325927734375
2023-11-02,7.050506591796875,8.931365966796875,7.442108154296875,8.833709716796875,8.739959716796875,6.007537841796875
2023-11-03,5.559783935546875,5.892791748046875,5.459197998046875,4.651580810546875,8.735565185546875,4.106658935546875
2023-11-04,8.445281982421875,8.546844482421875,7.890594482421875,9.198211669921877,9.293914794921877,6.811492919921875
2023-11-05,3.308197021484375,4.188079833984375,1.181243896484375,2.426361083984375,4.473236083984375,1.014251708984375
2023-11-06,1.123138427734375,3.696380615234375,0.891693115234375,2.005950927734375,4.350677490234375,2.554779052734375
2023-11-07,5.429901123046875,6.583221435546875,4.055877685546875,4.693572998046875,5.930877685546875,2.354705810546875
2023-11-08,2.136749267578125,2.207061767578125,2.018585205078125,2.038116455078125,3.216827392578125,-0.589813232421875
2023-11-09,-0.498748779296875,0.546173095703125,0.678009033203125,0.196563720703125,3.001251220703125,-4.173553466796875
2023-11-10,3.69781494140625,4.10797119140625,4.43414306640625,4.60504150390625,4.04742431640625,2.23297119140625
2023-11-11,6.063629150390625,7.167144775390625,7.212066650390625,7.298980712890625,8.702301025390625,3.987457275390625
2023-11-12,1.520721435546875,1.541229248046875,0.202362060546875,1.226776123046875,3.447479248046875,-2.712677001953125
2023-11-13,-0.302520751953125,2.968963623046875,0.522674560546875,0.875213623046875,8.258026123046875,2.526580810546875
2023-11-14,3.735626220703125,2.365509033203125,0.395782470703125,2.077423095703125,3.802032470703125,-0.415740966796875
2023-11-15,-1.311492919921875,-2.967742919921875,-4.775360107421875,-3.062469482421875,-2.142547607421875,-7.087860107421875
2023-11-16,-1.064178466796875,-0.201873779296875,-0.590545654296875,-0.246795654296875,3.734649658203125,-0.728240966796875
2023-11-17,1.97882080078125,1.79620361328125,1.69171142578125,1.15069580078125,4.83721923828125,0.71710205078125
2023-11-18,1.442779541015625,1.093170166015625,0.915435791015625,2.602935791015625,6.794342041015625,1.405670166015625
2023-11-19,-0.418548583984375,-1.868743896484375,-2.122650146484375,-0.875579833984375,1.819732666015625,-1.142181396484375
2023-11-20,1.19512939453125,1.15899658203125,3.05548095703125,3.13751220703125,8.92266845703125,2.70782470703125
2023-11-21,1.6072998046875,-0.0372314453125,1.7303466796875,1.6756591796875,5.9901123046875,1.9822998046875
2023-11-22,-8.840240478515625,-9.255279541015623,-12.042388916015623,-9.051177978515623,-6.996490478515625,-12.323638916015623
2023-11-23,-11.709930419921877,-11.667938232421877,-14.144500732421877,-12.739227294921877,-4.962860107421875,-15.440399169921877
2023-11-24,-0.251434326171875,0.944854736328125,-0.792449951171875,0.784698486328125,1.114776611328125,-2.058074951171875
2023-11-25,0.530059814453125,-1.179901123046875,-1.691619873046875,-0.996307373046875,1.524200439453125,-0.914276123046875
2023-11-26,-9.128570556640623,-7.488922119140625,-6.522125244140625,-1.670562744140625,1.082366943359375,-1.993804931640625
2023-11-27,8.899383544921875,6.940399169921875,3.885711669921875,5.905242919921875,6.331024169921875,2.229461669921875
2023-11-28,12.871795654296877,11.415740966796877,8.495819091796875,10.746795654296877,9.254608154296877,5.255584716796875
2023-11-29,1.830047607421875,-0.005889892578125,2.046844482421875,5.004852294921875,5.539031982421875,-0.899444580078125
2023-11-30,-3.693756103515625,-5.375396728515625,-5.687896728515625,-3.912506103515625,0.284759521484375,-4.465240478515625
2023-12-01,-3.149444580078125,-0.535186767578125,-2.031280517578125,-2.186553955078125,2.207977294921875,-5.185577392578125
2023-12-02,-2.66412353515625,-1.23248291015625,-2.51080322265625,-1.91998291015625,1.94915771484375,-2.70025634765625
2023-12-03,-0.800262451171875,-0.177215576171875,0.764190673828125,0.597198486328125,2.384307861328125,-1.008270263671875
2023-12-04,-1.451751708984375,-2.636322021484375,-4.418548583984375,-3.189056396484375,-2.501556396484375,-10.582611083984377
2023-12-05,-6.950439453125,-6.213134765625,-8.559814453125,-5.095947265625,-4.736572265625,-12.455322265625
2023-12-06,-4.285980224609375,-3.530120849609375,-3.960784912109375,-4.121917724609375,0.708160400390625,-3.618011474609375
2023-12-07,0.346771240234375,-1.037017822265625,-1.371002197265625,-0.714752197265625,-0.405181884765625,-4.063385009765625
2023-12-08,-2.3851318359375,-0.9671630859375,-2.3245849609375,-1.7513427734375,1.9918212890625,-1.6488037109375
2023-12-09,0.941802978515625,2.501373291015625,2.319732666015625,2.243560791015625,4.772857666015625,1.658599853515625
2023-12-10,10.515899658203123,9.689727783203123,6.936798095703125,8.880157470703125,7.929962158203125,4.455352783203125
2023-12-11,2.193572998046875,0.592010498046875,-0.873809814453125,0.322479248046875,2.379119873046875,-1.744903564453125
2023-12-12,-1.501800537109375,-3.372894287109375,-3.931488037109375,-2.708831787109375,-0.558441162109375,-5.658050537109375
2023-12-13,-2.415130615234375,-4.741302490234375,-6.784271240234375,-5.712005615234375,-4.907318115234375,-11.243255615234377
2023-12-14,-2.196197509765625,-1.005767822265625,-3.199127197265625,-2.578033447265625,-2.048736572265625,-9.271392822265623
2023-12-15,-2.114013671875,1.521728515625,1.889892578125,0.283447265625,0.993408203125,-3.336669921875
2023-12-16,-1.861419677734375,0.852447509765625,-0.939544677734375,-0.539154052734375,6.820220947265625,2.695220947265625
2023-12-17,-1.760223388671875,-0.390106201171875,-2.204559326171875,-1.132293701171875,-1.276824951171875,-3.991668701171875
2023-12-18,-3.66607666015625,-2.41705322265625,-4.55963134765625,-3.68853759765625,-0.38970947265625,-3.72662353515625
2023-12-19,-0.08477783203125,0.05975341796875,1.92694091796875,1.11932373046875,2.66619873046875,-0.32403564453125
2023-12-20,-0.877105712890625,-1.596832275390625,-2.548980712890625,-1.900543212890625,1.084808349609375,-1.439605712890625
2023-12-21,-1.496002197265625,0.070404052734375,-0.812408447265625,-0.347564697265625,4.349700927734375,0.974700927734375
2023-12-22,-1.61541748046875,1.56427001953125,-1.44744873046875,0.87286376953125,1.12872314453125,3.23223876953125
2023-12-23,-2.127044677734375,1.050689697265625,-2.040130615234375,0.305572509765625,2.552642822265625,-2.896575927734375
2023-12-24,-1.905609130859375,0.722320556640625,0.118804931640625,0.287750244140625,5.771148681640625,3.420562744140625
2023-12-25,-1.64056396484375,0.82623291015625,-1.32708740234375,-0.58782958984375,1.82427978515625,1.38092041015625
2023-12-26,-2.213043212890625,-0.163238525390625,-2.025543212890625,-0.876129150390625,0.848480224609375,-0.308746337890625
2023-12-27,-0.515899658203125,2.832733154296875,1.109100341796875,2.484100341796875,-0.470001220703125,-0.271759033203125
2023-12-28,-0.711334228515625,0.083587646484375,0.759368896484375,0.238861083984375,2.371673583984375,-1.915435791015625
2023-12-29,1.684906005859375,1.846038818359375,2.418304443359375,2.647796630859375,4.162445068359375,0.888031005859375
2023-12-30,0.316741943359375,2.653656005859375,1.926116943359375,3.396820068359375,3.554046630859375,0.914398193359375
2023-12-31,1.235870361328125,2.033721923828125,1.927276611328125,3.069854736328125,4.537628173828125,0.993682861328125
2024-01-01,0.559783935546875,0.936737060546875,1.035369873046875,3.228729248046875,5.525604248046875,0.965057373046875
2024-01-02,6.592742919921875,7.739227294921875,4.635711669921875,6.373992919921875,6.151336669921875,2.420867919921875
2024-01-03,2.202789306640625,4.339508056640625,0.506500244140625,2.397125244140625,3.141265869140625,0.279937744140625
2024-01-04,2.5067138671875,1.6512451171875,0.2381591796875,1.9090576171875,2.5369873046875,-0.8038330078125
2024-01-05,-6.207183837890625,-7.955230712890625,-8.706207275390625,-6.792144775390625,-4.440582275390625,-7.855621337890625
2024-01-06,-6.37542724609375,-7.53558349609375,-8.22113037109375,-6.14007568359375,-5.75726318359375,-9.59027099609375
2024-01-07,-7.4949951171875,-8.1727294921875,-6.5360107421875,-6.3826904296875,-4.6063232421875,-9.4656982421875
2024-01-08,-8.370208740234375,-7.201263427734375,-6.802825927734375,-6.506927490234375,-6.027435302734375,-14.863372802734377
2024-01-09,-5.93438720703125,-7.03106689453125,-9.05157470703125,-7.13458251953125,-7.34649658203125,-12.48516845703125
2024-01-10,-11.366546630859377,-8.152679443359375,-7.970062255859375,-7.185882568359375,-7.434906005859375,-14.639007568359377
2024-01-11,-4.198089599609375,-3.194183349609375,-2.512542724609375,-2.264495849609375,-0.666839599609375,-4.406097412109375
2024-01-12,-2.07342529296875,-2.20330810546875,0.11114501953125,0.50372314453125,1.77423095703125,-0.29998779296875
2024-01-13,-6.156402587890625,-7.129058837890625,-3.911285400390625,-3.683746337890625,1.731292724609375,-2.466949462890625
2024-01-14,6.713714599609375,5.895355224609375,2.731292724609375,5.059417724609375,5.125823974609375,1.617034912109375
2024-01-15,3.8184814453125,5.1964111328125,3.0177001953125,4.8135986328125,5.5684814453125,2.1759033203125
2024-01-16,-2.802703857421875,-4.288055419921875,-3.615203857421875,-2.288055419921875,4.282257080078125,-0.612274169921875
2024-01-17,-10.0198974609375,-8.5335693359375,-9.1146240234375,-7.3822021484375,-5.5111083984375,-8.8001708984375
2024-01-18,-10.401702880859377,-7.375335693359375,-8.333343505859375,-8.767913818359375,-7.724945068359375,-15.410491943359377
2024-01-19,-6.771392822265625,-3.544830322265625,-4.894439697265625,-5.080963134765625,1.277435302734375,-2.376861572265625
2024-01-20,-6.244171142578125,-2.750030517578125,-8.334014892578125,-6.473663330078125,-3.793975830078125,-8.992218017578125
2024-01-21,-1.3748779296875,1.3731689453125,-4.0946044921875,-1.6668701171875,2.5606689453125,1.5557861328125
2024-01-22,-7.436614990234375,-1.950286865234375,-6.164154052734375,-5.341888427734375,-4.919036865234375,-10.751068115234377
2024-01-23,-1.157806396484375,-1.349212646484375,-1.847259521484375,-5.101165771484375,-2.345306396484375,-7.995697021484375
2024-01-24,-7.839630126953125,-7.091583251953125,-10.952911376953123,-9.021270751953123,-4.835723876953125,-16.845489501953125
2024-01-25,-7.955535888671875,-6.190887451171875,-8.971160888671875,-5.791473388671875,-3.799285888671875,-9.403778076171877
2024-01-26,-5.901275634765625,-6.187408447265625,-11.194244384765623,-6.817291259765625,-6.247955322265625,-15.174713134765623
2024-01-27,-6.798309326171875,-5.223114013671875,-8.108856201171875,-8.133270263671875,-5.387176513671875,-14.885223388671877
2024-01-28,-4.356231689453125,-0.627716064453125,-2.411895751953125,-2.872833251953125,-3.977325439453125,-5.152130126953125
2024-01-29,0.656280517578125,0.042999267578125,-3.980438232421875,-1.610321044921875,-1.379852294921875,-5.874969482421875
2024-01-30,-4.429718017578125,-4.748077392578125,-8.335968017578125,-4.509796142578125,-3.529327392578125,-12.841827392578123
2024-01-31,-3.910675048828125,-1.069854736328125,-3.082550048828125,-3.163604736328125,-2.233917236328125,-8.323760986328125
2024-02-01,-2.061981201171875,0.795440673828125,-1.960418701171875,-0.868621826171875,4.756378173828125,1.710479736328125
2024-02-02,-1.961517333984375,1.846099853515625,-0.006439208984375,0.098052978515625,0.268951416015625,1.624420166015625
2024-02-03,-1.786163330078125,-0.809600830078125,-1.032257080078125,0.044891357421875,3.019500732421875,-0.915069580078125
2024-02-04,-0.766265869140625,0.894866943359375,-0.020172119140625,0.215179443359375,3.158538818359375,-1.768218994140625
2024-02-05,0.219757080078125,1.467803955078125,0.212921142578125,1.124053955078125,3.522491455078125,-0.498992919921875
2024-02-06,3.068206787109375,4.461761474609375,1.986175537109375,2.984222412109375,2.335784912109375,-1.868316650390625
2024-02-07,4.914886474609375,3.905120849609375,1.952972412109375,3.702972412109375,4.946136474609375,0.428558349609375
2024-02-08,3.218902587890625,3.415191650390625,1.776519775390625,3.085113525390625,3.441558837890625,0.349761962890625
2024-02-09,3.626007080078125,2.778350830078125,0.094757080078125,0.058624267578125,2.996124267578125,-2.524383544921875
2024-02-10,-2.15484619140625,-2.52691650390625,-4.42828369140625,-2.27008056640625,-1.18707275390625,-9.20074462890625
2024-02-11,-1.7110595703125,-2.8487548828125,-4.2344970703125,-2.9122314453125,-2.5850830078125,-7.9278564453125
2024-02-12,-2.831024169921875,-0.971649169921875,-2.088836669921875,-1.362274169921875,-2.598602294921875,-7.692352294921875
2024-02-13,-2.029266357421875,0.302764892578125,-1.593719482421875,-0.268524169921875,0.361358642578125,-2.106414794921875
2024-02-14,0.434783935546875,1.213104248046875,0.665252685546875,1.582244873046875,0.281463623046875,-2.419708251953125
2024-02-15,0.032867431640625,0.903961181640625,-1.165374755859375,-1.201507568359375,-0.432952880859375,-9.573577880859377
2024-02-16,-0.395965576171875,-1.065887451171875,-0.472137451171875,0.370635986328125,1.430206298828125,-2.800262451171875
2024-02-17,-0.607025146484375,-0.731048583984375,-1.578704833984375,0.579498291015625,1.176177978515625,-1.950775146484375
2024-02-18,-2.76898193359375,-2.10882568359375,-4.14788818359375,-3.23187255859375,2.50738525390625,-6.66351318359375
2024-02-19,3.496734619140625,3.180328369140625,1.900054931640625,3.033843994140625,3.072906494140625,0.103179931640625
2024-02-20,7.664459228515625,6.891998291015625,3.922271728515625,6.156646728515625,4.842193603515625,1.767974853515625
2024-02-21,3.585174560546875,3.889862060546875,1.554901123046875,3.532440185546875,4.457244873046875,0.639862060546875
2024-02-22,0.359619140625,2.437744140625,-0.431396484375,1.421142578125,2.710205078125,-0.713623046875
2024-02-23,1.386810302734375,3.651458740234375,0.476654052734375,2.190521240234375,1.931732177734375,-0.827056884765625
2024-02-24,2.880096435546875,3.631072998046875,2.643768310546875,3.007049560546875,5.368377685546875,1.987518310546875
2024-02-25,3.657470703125,4.765869140625,3.478759765625,3.280517578125,4.386962890625,0.124267578125
2024-02-26,5.514190673828125,5.299346923828125,3.589385986328125,4.889190673828125,6.216339111328125,1.513214111328125
2024-02-27,2.330535888671875,2.083465576171875,0.332489013671875,0.462371826171875,1.905731201171875,-0.760284423828125
2024-02-28,1.4779052734375,1.7523193359375,2.4486083984375,1.5814208984375,4.3206787109375,-0.7906494140625
2024-02-29,0.737060546875,0.940185546875,0.883544921875,-0.220947265625,2.646240234375,-1.119384765625
2024-03-01,4.16455078125,4.25048828125,0.85888671875,2.40283203125,1.77685546875,-1.04736328125
2024-03-02,0.983734130859375,2.077484130859375,-1.897125244140625,1.689788818359375,-0.639312744140625,-2.993804931640625
2024-03-03,1.87353515625,1.30810546875,1.53369140625,0.70654296875,2.58935546875,-1.41845703125
2024-03-04,-0.334808349609375,-1.407073974609375,-1.987152099609375,-0.237152099609375,0.314605712890625,-2.912933349609375
2024-03-05,-3.398712158203125,-3.553009033203125,-5.558868408203125,-4.113555908203125,-2.303985595703125,-8.065704345703125
2024-03-06,3.807647705078125,3.334991455078125,1.327178955078125,2.453155517578125,3.862335205078125,0.208038330078125
2024-03-07,7.087371826171875,6.968231201171875,3.755340576171875,5.567840576171875,6.697723388671875,2.564910888671875
2024-03-08,2.3602294921875,3.6922607421875,1.2615966796875,2.6737060546875,2.4910888671875,0.6160888671875
2024-03-09,3.465118408203125,1.208282470703125,0.986602783203125,1.007110595703125,2.433868408203125,-1.233123779296875
2024-03-10,3.046966552734375,1.689544677734375,0.007904052734375,1.348724365234375,1.058685302734375,-3.290924072265625
2024-03-11,0.319915771484375,0.511322021484375,-3.565826416015625,-0.652740478515625,-2.832427978515625,-7.211334228515625
2024-03-12,0.45086669921875,1.16766357421875,-0.34698486328125,1.58465576171875,3.64422607421875,-2.09796142578125
2024-03-13,3.099365234375,2.366943359375,1.405029296875,3.577880859375,1.781005859375,-0.383056640625
2024-03-14,-0.33648681640625,1.03167724609375,-1.49176025390625,1.72406005859375,0.89788818359375,-4.86773681640625
2024-03-15,2.845184326171875,4.036590576171875,1.363739013671875,3.150848388671875,3.826629638671875,1.394989013671875
2024-03-16,-1.746795654296875,-3.161834716796875,-4.353240966796875,-3.140350341796875,-1.475311279296875,-9.767303466796877
2024-03-17,-2.215118408203125,-0.924102783203125,-2.957305908203125,-0.934844970703125,0.068084716796875,-3.426055908203125
2024-03-18,0.726959228515625,1.076568603515625,2.177154541015625,1.391998291015625,1.109771728515625,-1.510345458984375
2024-03-19,2.424285888671875,2.850067138671875,1.537567138671875,2.217254638671875,4.047332763671875,-0.152862548828125
2024-03-20,2.882354736328125,3.457550048828125,0.762237548828125,1.694854736328125,3.818878173828125,-0.637176513671875
2024-03-21,1.906494140625,0.622314453125,0.260986328125,0.690673828125,3.699462890625,-0.067138671875
2024-03-22,-2.882232666015625,-4.429107666015625,-5.027740478515625,-3.569732666015625,-0.492584228515625,-5.983795166015625
2024-03-23,4.979522705078125,4.903350830078125,4.746124267578125,4.474639892578125,7.000030517578125,1.420928955078125
2024-03-24,7.645263671875,7.877685546875,6.594482421875,7.098388671875,7.587646484375,4.210693359375
2024-03-25,5.9571533203125,6.1553955078125,4.8780517578125,6.4630126953125,6.3409423828125,2.0411376953125
2024-03-26,6.070465087890625,8.193511962890625,5.376129150390625,6.454254150390625,8.390777587890625,6.043121337890625
2024-03-27,8.732818603515625,9.765045166015623,5.002349853515625,6.036529541015625,9.137115478515623,4.563873291015625
2024-03-28,9.932891845703123,11.058868408203123,6.067657470703125,7.657501220703125,9.578399658203123,4.365509033203125
2024-03-29,10.62078857421875,9.44500732421875,7.31707763671875,9.86395263671875,7.06512451171875,5.68817138671875
2024-03-30,1.83734130859375,2.64202880859375,-0.12847900390625,1.46136474609375,1.47210693359375,-1.89996337890625
2024-03-31,6.210357666015625,6.797271728515625,4.072662353515625,6.123443603515625,6.443756103515625,3.724029541015625
2024-04-01,3.0074462890625,4.6187744140625,1.9791259765625,4.1197509765625,3.2359619140625,0.4107666015625
2024-04-02,5.091644287109375,5.784027099609375,5.976409912109375,5.910003662109375,5.704925537109375,3.893402099609375
2024-04-03,8.18719482421875,9.87664794921875,7.89520263671875,9.72528076171875,8.12469482421875,6.88641357421875
2024-04-04,6.611297607421875,6.371063232421875,7.294891357421875,6.360321044921875,7.448211669921875,2.449188232421875
2024-04-05,6.156158447265625,7.951080322265625,5.575103759765625,6.735260009765625,10.108306884765623,6.961822509765625
2024-04-06,7.508453369140625,9.982086181640623,6.386383056640625,8.831695556640625,12.424468994140623,8.284820556640625
2024-04-07,9.884124755859377,8.869476318359375,8.292327880859375,9.355804443359377,9.792327880859377,5.116546630859375
2024-04-08,7.689361572265625,8.566314697265625,5.846588134765625,6.777252197265625,9.200103759765623,2.588775634765625
2024-04-09,9.215301513671877,9.158660888671877,9.143035888671877,8.205535888671875,10.043426513671877,3.841278076171875
2024-04-10,7.748809814453125,9.299591064453123,7.055450439453125,7.414825439453125,8.945098876953125,2.606231689453125
2024-04-11,8.04071044921875,10.90203857421875,7.93719482421875,9.27899169921875,13.69598388671875,9.51239013671875
2024-04-12,9.49365234375,11.07080078125,7.38232421875,8.28369140625,9.89306640625,6.95166015625
2024-04-13,11.3316650390625,10.6617431640625,8.1285400390625,9.7799072265625,8.7554931640625,6.1461181640625
2024-04-14,1.318328857421875,0.209930419921875,-0.945343017578125,0.674774169921875,3.586883544921875,-0.237335205078125
2024-04-15,2.238677978515625,1.817779541015625,0.385162353515625,1.695709228515625,1.516998291015625,-1.620697021484375
2024-04-16,1.01483154296875,1.18865966796875,-2.11212158203125,0.17303466796875,1.75799560546875,-3.19122314453125
2024-04-17,3.470428466796875,2.478240966796875,-0.010040283203125,2.047576904296875,2.109100341796875,-0.983673095703125
2024-04-18,1.831573486328125,0.348175048828125,-1.490692138671875,0.556182861328125,-1.412567138671875,-6.346160888671875
2024-04-19,0.667572021484375,1.003509521484375,1.450775146484375,2.070892333984375,4.508392333984375,0.716400146484375
2024-04-20,3.15228271484375,3.64642333984375,4.01849365234375,4.10247802734375,4.98529052734375,2.27532958984375
2024-04-21,0.880706787109375,1.749847412109375,-0.889801025390625,1.420745849609375,2.035003662109375,-0.984527587890625
2024-04-22,0.34136962890625,1.44781494140625,0.31207275390625,0.87554931640625,3.26617431640625,-1.46722412109375
2024-04-23,1.45855712890625,2.03375244140625,0.98297119140625,1.90777587890625,1.72027587890625,0.30426025390625
2024-04-24,4.015228271484375,5.606048583984375,5.377532958984375,4.400970458984375,5.213470458984375,2.958587646484375
2024-04-25,6.611541748046875,6.978729248046875,6.548065185546875,6.008026123046875,7.166229248046875,3.578338623046875
2024-04-26,6.837921142578125,8.195343017578125,7.919952392578125,6.839874267578125,8.350616455078125,3.382843017578125
2024-04-27,6.0443115234375,5.8206787109375,6.7425537109375,5.9525146484375,8.4105224609375,2.7611083984375
2024-04-28,7.9991455078125,8.1895751953125,7.6182861328125,8.0401611328125,9.4405517578125,4.7774658203125
2024-04-29,7.2293701171875,6.8729248046875,6.8358154296875,6.5194091796875,8.1678466796875,4.4324951171875
2024-04-30,8.2313232421875,6.8875732421875,5.1209716796875,6.3983154296875,5.8192138671875,2.4227294921875
2024-05-01,4.949859619140625,5.052398681640625,4.019195556640625,4.121734619140625,5.622711181640625,0.950836181640625
2024-05-02,5.72967529296875,6.83905029296875,4.99432373046875,5.56658935546875,7.20135498046875,4.37322998046875
2024-05-03,7.266937255859375,8.658538818359375,5.913421630859375,6.872406005859375,8.661468505859375,6.047210693359375
2024-05-04,7.455718994140625,8.188140869140625,6.281890869140625,7.145172119140625,8.467437744140625,6.844390869140625
2024-05-05,10.894927978515623,9.901763916015623,8.577545166015625,9.197662353515623,10.027740478515623,5.434967041015625
2024-05-06,10.15545654296875,9.02850341796875,7.51483154296875,8.87518310546875,10.32830810546875,6.31658935546875
2024-05-07,5.775634765625,4.775634765625,2.979736328125,3.772705078125,7.718994140625,3.545166015625
2024-05-08,6.12066650390625,6.86187744140625,6.22418212890625,5.06793212890625,7.72320556640625,1.97027587890625
2024-05-09,7.25494384765625,7.57135009765625,4.99420166015625,6.10943603515625,7.15435791015625,3.58697509765625
2024-05-10,6.067779541015625,6.213287353515625,5.666412353515625,6.219146728515625,11.239654541015623,5.083404541015625
2024-05-11,8.9736328125,8.060546875,5.4306640625,8.505859375,7.337890625,3.7060546875
2024-05-12,7.690673828125,8.007080078125,5.655517578125,7.666259765625,8.994384765625,6.471923828125
2024-05-13,11.694671630859377,11.212249755859377,11.506195068359377,11.014984130859377,13.989593505859377,9.609710693359377
2024-05-14,7.946014404296875,9.332733154296877,7.882537841796875,8.236053466796875,14.434295654296877,8.383514404296875
2024-05-15,11.562347412109377,12.533050537109377,9.848480224609377,11.431488037109377,12.115081787109377,10.058441162109377
2024-05-16,12.271484375,13.666015625,11.53125,12.4267578125,14.9599609375,10.8955078125
2024-05-17,11.891571044921877,12.785125732421877,10.815399169921877,12.449188232421877,13.859344482421877,11.732391357421877
2024-05-18,10.736053466796877,11.281951904296877,9.150115966796877,9.534881591796877,10.799530029296877,8.156951904296875
2024-05-19,8.56304931640625,8.91656494140625,6.38629150390625,7.65777587890625,8.56988525390625,5.34527587890625
2024-05-20,8.663848876953125,9.687286376953123,6.631622314453125,8.430450439453125,7.997833251953125,6.443145751953125
2024-05-21,9.908050537109377,9.620941162109377,11.022308349609377,9.597503662109377,8.879730224609375,6.802581787109375
2024-05-22,10.0706787109375,10.4691162109375,8.8236083984375,9.1878662109375,10.0101318359375,7.0804443359375
2024-05-23,8.236602783203125,8.426055908203125,7.931915283203125,8.164337158203125,8.938751220703125,4.574493408203125
2024-05-24,9.718780517578123,10.501007080078123,8.075225830078125,10.219757080078123,9.309600830078123,7.161163330078125
2024-05-25,9.17437744140625,10.46929931640625,7.81011962890625,10.04742431640625,9.92633056640625,4.46929931640625
2024-05-26,9.42645263671875,9.51434326171875,7.38446044921875,9.41473388671875,9.82684326171875,6.32196044921875
2024-05-27,8.796722412109375,9.001800537109375,8.692230224609375,8.123870849609375,9.923675537109377,5.479339599609375
2024-05-28,13.611297607421877,13.423797607421877,11.286102294921877,11.974578857421877,11.902313232421877,7.109344482421875
2024-05-29,12.65386962890625,12.48297119140625,10.13433837890625,11.87457275390625,12.03570556640625,10.07476806640625
2024-05-30,12.977691650390623,13.461090087890623,11.284332275390623,13.113433837890623,13.140777587890623,10.818511962890623
2024-05-31,10.68145751953125,11.90411376953125,8.41583251953125,11.51544189453125,13.20880126953125,8.80548095703125
2024-06-01,10.5489501953125,11.7911376953125,7.8302001953125,10.1798095703125,11.0108642578125,8.5469970703125
2024-06-02,11.59283447265625,11.96392822265625,11.13873291015625,11.86334228515625,9.60552978515625,6.71490478515625
2024-06-03,12.0760498046875,11.7899169921875,11.6883544921875,12.0115966796875,12.6610107421875,7.9852294921875
2024-06-04,13.692474365234377,14.099700927734377,14.696380615234377,13.968841552734377,14.464935302734377,10.672943115234377
2024-06-05,14.343292236328123,15.968292236328123,12.384307861328123,14.346221923828123,15.411651611328123,13.546417236328123
2024-06-06,16.01727294921875,17.10711669921875,15.31414794921875,15.57391357421875,16.99481201171875,15.03387451171875
2024-06-07,13.049560546875,14.383544921875,11.657958984375,13.109130859375,13.823974609375,11.411865234375
2024-06-08,12.0545654296875,13.5565185546875,11.5623779296875,12.3201904296875,17.4129638671875,12.1453857421875
2024-06-09,11.845062255859377,12.494476318359377,11.544281005859377,12.294281005859377,13.297210693359377,12.114593505859377
2024-06-10,12.50384521484375,11.86712646484375,9.55364990234375,11.20989990234375,12.83587646484375,11.99017333984375
2024-06-11,8.35040283203125,9.52423095703125,7.21466064453125,8.10919189453125,9.43927001953125,3.87677001953125
2024-06-12,13.19427490234375,12.63079833984375,10.05169677734375,13.95892333984375,12.89154052734375,11.28997802734375
2024-06-13,14.321441650390623,14.303863525390623,12.446441650390623,13.601715087890623,15.681793212890623,12.562652587890623
2024-06-14,14.21636962890625,14.18511962890625,13.59722900390625,14.18218994140625,13.13824462890625,9.61968994140625
2024-06-15,16.219696044921875,15.351531982421877,15.445281982421877,15.470672607421877,16.899383544921875,12.629852294921877
2024-06-16,16.741546630859375,20.25619506835937,17.534515380859375,19.18588256835937,17.029632568359375,13.896820068359377
2024-06-17,17.990570068359375,18.41830444335937,17.823577880859375,17.950531005859375,18.34603881835937,13.710296630859377
2024-06-18,17.9937744140625,20.1988525390625,17.9674072265625,19.6256103515625,18.7965087890625,16.9351806640625
2024-06-19,17.65008544921875,19.49481201171875,16.50750732421875,18.76531982421875,19.48895263671875,16.89227294921875
2024-06-20,16.5084228515625,16.5718994140625,14.9713134765625,16.3433837890625,17.3082275390625,13.6451416015625
2024-06-21,15.040618896484377,15.272064208984377,14.615814208984377,15.359954833984377,15.645111083984377,11.837493896484377
2024-06-22,14.47637939453125,14.35235595703125,13.22149658203125,14.54766845703125,16.17657470703125,14.19024658203125
2024-06-23,14.376190185546877,14.830291748046877,12.758026123046877,14.472869873046877,14.911346435546877,11.342010498046877
2024-06-24,13.95745849609375,13.19183349609375,11.93890380859375,13.12542724609375,12.82073974609375,10.86273193359375
2024-06-25,14.810516357421877,14.214813232421877,13.262664794921877,13.407196044921877,15.207000732421877,10.632781982421877
2024-06-26,16.0194091796875,14.9549560546875,14.5653076171875,14.9373779296875,15.3602294921875,11.3875732421875
2024-06-27,16.54681396484375,17.31732177734375,15.34075927734375,15.94915771484375,21.31732177734375,17.14154052734375
2024-06-28,16.10382080078125,18.09503173828125,15.01593017578125,16.21514892578125,17.97784423828125,15.87823486328125
2024-06-29,13.99456787109375,12.52679443359375,11.33831787109375,13.10198974609375,14.17034912109375,9.62054443359375
2024-06-30,12.03680419921875,11.23895263671875,10.65399169921875,10.09735107421875,12.65399169921875,9.18328857421875
2024-07-01,11.538116455078123,11.151397705078123,10.921905517578123,10.448272705078123,11.705108642578123,6.799835205078125
2024-07-02,13.23199462890625,12.54449462890625,13.99078369140625,12.31304931640625,13.10113525390625,9.19488525390625
2024-07-03,13.568756103515623,14.843170166015623,12.670318603515623,14.249420166015623,14.891998291015623,14.270904541015623
2024-07-04,15.7359619140625,16.5992431640625,15.8326416015625,16.7125244140625,17.3570556640625,16.0963134765625
2024-07-05,17.164306640625,18.400634765625,17.335205078125,17.081298828125,17.465087890625,13.001220703125
2024-07-06,17.4039306640625,17.4791259765625,15.9390869140625,16.5787353515625,18.4146728515625,12.9117431640625
2024-07-07,16.998748779296875,17.118865966796875,18.653045654296875,17.317108154296875,16.964569091796875,12.764373779296877
2024-07-08,18.3450927734375,17.8255615234375,19.0247802734375,18.0267333984375,19.1790771484375,14.7366943359375
2024-07-09,18.4031982421875,18.6961669921875,17.2303466796875,18.3612060546875,19.1053466796875,16.4735107421875
2024-07-10,18.32391357421875,20.52313232421875,16.50848388671875,20.57489013671875,19.43328857421875,18.13934326171875
2024-07-11,18.811676025390625,20.940582275390625,18.811676025390625,20.377105712890625,17.538238525390625,16.315582275390625
2024-07-12,19.34613037109375,19.93109130859375,21.20941162109375,20.09027099609375,19.10784912109375,16.01116943359375
2024-07-13,19.5699462890625,19.9312744140625,20.6129150390625,19.7369384765625,18.1383056640625,15.6070556640625
2024-07-14,19.229156494140625,20.393218994140625,18.925445556640625,18.918609619140625,19.743804931640625,15.293609619140623
2024-07-15,18.56500244140625,19.40093994140625,17.87945556640625,17.98394775390625,18.89801025390625,13.86383056640625
2024-07-16,17.793121337890625,18.264801025390625,16.139801025390625,18.054840087890625,19.684722900390625,13.946441650390623
2024-07-17,16.683135986328125,15.657745361328123,14.310089111328123,16.111846923828125,20.098175048828125,13.999542236328123
2024-07-18,16.3060302734375,17.3900146484375,14.5882568359375,17.1156005859375,16.4642333984375,13.5706787109375
2024-07-19,16.07733154296875,15.50115966796875,13.55291748046875,14.31658935546875,15.71307373046875,11.11834716796875
2024-07-20,16.894805908203125,17.028594970703125,15.710235595703123,15.643829345703123,17.304962158203125,12.030548095703123
2024-07-21,15.212860107421877,14.690399169921877,13.457977294921877,14.691375732421877,16.341766357421875,12.201141357421877
2024-07-22,12.7659912109375,12.1624755859375,10.1331787109375,11.6497802734375,13.7718505859375,7.8245849609375
2024-07-23,11.67437744140625,12.65777587890625,11.09722900390625,10.44683837890625,12.92828369140625,6.62750244140625
2024-07-24,13.92095947265625,13.46978759765625,14.73248291015625,13.53521728515625,14.52056884765625,10.28619384765625
2024-07-25,17.81243896484375,17.95306396484375,17.18939208984375,16.80169677734375,17.32025146484375,12.81048583984375
2024-07-26,14.845458984375,14.599365234375,13.254638671875,14.503662109375,17.211669921875,11.039794921875
2024-07-27,11.97723388671875,12.29559326171875,10.20867919921875,10.82391357421875,13.84637451171875,7.75946044921875
2024-07-28,13.3162841796875,13.6903076171875,14.5565185546875,13.6707763671875,13.8016357421875,9.2489013671875
2024-07-29,16.31573486328125,17.31280517578125,15.52178955078125,17.44073486328125,17.38995361328125,16.09893798828125
2024-07-30,15.846160888671877,16.420379638671875,15.815887451171877,16.920379638671875,19.489715576171875,16.297332763671875
2024-07-31,14.559844970703123,13.803985595703123,13.921173095703123,15.115509033203123,15.873321533203123,10.387969970703123
2024-08-01,13.74371337890625,14.01617431640625,14.15875244140625,13.90777587890625,15.81695556640625,9.69879150390625
2024-08-02,14.32818603515625,13.73150634765625,13.39263916015625,13.76666259765625,16.06842041015625,10.46099853515625
2024-08-03,14.8553466796875,14.0858154296875,14.3260498046875,14.2049560546875,16.1082763671875,10.8602294921875
2024-08-04,14.31866455078125,14.05401611328125,14.92706298828125,15.16534423828125,16.32745361328125,11.33135986328125
2024-08-05,15.34466552734375,17.37493896484375,15.47357177734375,16.33978271484375,16.27044677734375,12.36517333984375
2024-08-06,15.66253662109375,16.65081787109375,15.08929443359375,15.46038818359375,16.50823974609375,10.90765380859375
2024-08-07,14.7366943359375,14.5843505859375,13.4007568359375,14.4359130859375,16.4730224609375,9.9984130859375
2024-08-08,16.011962890625,16.413330078125,16.462158203125,15.622314453125,17.598876953125,11.849853515625
2024-08-09,17.208099365234375,17.741302490234375,18.89950561523437,17.886810302734375,17.325286865234375,13.249114990234377
2024-08-10,18.473175048828125,19.438995361328125,18.714385986328125,18.664581298828125,18.411651611328125,15.198760986328123
2024-08-11,17.127105712890625,18.106597900390625,17.828277587890625,18.018707275390625,18.437652587890625,15.937652587890623
2024-08-12,19.029510498046875,20.262908935546875,19.136932373046875,19.882049560546875,19.065643310546875,15.603729248046877
2024-08-13,17.893524169921875,19.317352294921875,17.381805419921875,19.277313232421875,18.248992919921875,14.303680419921877
2024-08-14,17.490203857421875,18.891571044921875,16.721649169921875,18.191375732421875,17.946258544921875,15.148406982421877
2024-08-15,16.9736328125,17.37890625,14.38671875,16.470703125,17.0361328125,14.2841796875
2024-08-16,16.845794677734375,17.040130615234375,13.780364990234377,15.567474365234377,15.608489990234377,11.941497802734377
2024-08-17,15.023468017578123,13.808624267578123,12.529327392578123,14.447296142578123,13.859405517578123,9.414093017578123
2024-08-18,15.275238037109377,15.208831787109377,14.088714599609377,14.496917724609377,15.926605224609377,10.967620849609377
2024-08-19,14.544158935546877,14.494354248046877,13.475799560546877,13.518768310546877,15.050018310546877,9.639862060546877
2024-08-20,14.982879638671877,15.048309326171877,16.504364013671875,14.926239013671877,17.265106201171875,13.589324951171877
2024-08-21,17.177825927734375,18.07919311523437,17.977630615234375,18.01571655273437,16.980560302734375,13.255950927734377
2024-08-22,16.748565673828125,17.355010986328125,16.998565673828125,17.198760986328125,16.777862548828125,12.621612548828123
2024-08-23,15.96380615234375,16.06243896484375,15.09368896484375,16.10052490234375,15.31634521484375,10.60052490234375
2024-08-24,14.619964599609377,15.632659912109377,13.047698974609377,14.566253662109377,15.927581787109377,10.268402099609377
2024-08-25,14.838287353515623,14.897857666015623,12.594146728515623,14.668365478515623,13.917388916015623,10.702545166015623
2024-08-26,15.06756591796875,15.14959716796875,13.68475341796875,15.03436279296875,15.15057373046875,9.83905029296875
2024-08-27,15.15460205078125,15.49249267578125,12.86553955078125,14.64776611328125,15.79132080078125,10.22296142578125
2024-08-28,15.239471435546877,14.848846435546877,13.333221435546877,13.998260498046877,15.285369873046877,8.968963623046875
2024-08-29,14.179351806640623,15.354156494140623,13.274078369140623,14.783843994140623,13.521148681640623,10.055328369140623
2024-08-30,13.950531005859377,15.632171630859377,14.120452880859377,14.514984130859377,14.991546630859377,12.317718505859377
2024-08-31,14.24652099609375,16.01507568359375,14.38714599609375,16.03656005859375,14.52191162109375,12.28656005859375
2024-09-01,14.930999755859377,17.518890380859375,13.590179443359377,16.991546630859375,15.356781005859377,12.200531005859377
2024-09-02,13.8179931640625,14.6607666015625,11.9761962890625,13.8638916015625,14.3629150390625,11.4840087890625
2024-09-03,13.123016357421877,14.200164794921877,12.387664794921877,12.975555419921877,14.487274169921877,10.829071044921877
2024-09-04,14.287017822265623,13.254791259765623,13.436431884765623,13.676666259765623,15.119049072265623,11.055572509765623
2024-09-05,16.7603759765625,16.0484619140625,15.3004150390625,16.0513916015625,16.9595947265625,13.6265869140625
2024-09-06,13.40460205078125,13.88018798828125,13.13702392578125,14.49932861328125,14.61749267578125,11.82647705078125
2024-09-07,12.239593505859377,12.557952880859377,10.774749755859377,11.710296630859377,12.507171630859377,9.016937255859377
2024-09-08,9.764801025390623,10.938629150390623,9.213043212890623,9.837066650390623,11.670074462890623,8.527496337890625
2024-09-09,13.412933349609377,13.870941162109377,12.038909912109377,12.873870849609377,14.488128662109377,11.281097412109377
2024-09-10,7.29998779296875,5.98455810546875,7.33709716796875,8.98846435546875,10.40155029296875,6.42108154296875
2024-09-11,6.8304443359375,5.2523193359375,3.4993896484375,5.3734130859375,6.6820068359375,3.0511474609375
2024-09-12,6.68341064453125,5.21466064453125,2.97540283203125,4.59356689453125,5.42462158203125,1.09552001953125
2024-09-13,8.321807861328125,7.422393798828125,5.813018798828125,6.847198486328125,7.252471923828125,3.930206298828125
2024-09-14,9.7587890625,8.9560546875,8.220703125,9.6220703125,9.4423828125,6.740234375
2024-09-15,10.24456787109375,9.70452880859375,9.23577880859375,10.34613037109375,9.76605224609375,7.34613037109375
2024-09-16,8.6231689453125,9.6866455078125,6.0567626953125,9.2169189453125,9.5645751953125,6.0714111328125
2024-09-17,10.3824462890625,9.6910400390625,8.9000244140625,10.1724853515625,9.5474853515625,6.4449462890625
2024-09-18,6.758392333984375,6.175384521484375,7.804290771484375,6.007415771484375,8.173431396484375,4.036712646484375
2024-09-19,8.35369873046875,7.92498779296875,7.41815185546875,8.35272216796875,12.34002685546875,7.83514404296875
2024-09-20,9.3895263671875,10.1199951171875,8.9989013671875,8.7098388671875,10.6531982421875,7.9129638671875
2024-09-21,10.3541259765625,9.9664306640625,11.3189697265625,11.1295166015625,12.8297119140625,9.6959228515625
2024-09-22,8.7828369140625,9.7515869140625,8.1578369140625,8.5484619140625,11.6324462890625,7.0269775390625
2024-09-23,10.369842529296877,12.074920654296877,9.428436279296877,9.728240966796877,11.109100341796877,8.380584716796875
2024-09-24,10.464691162109377,12.328948974609377,9.855316162109377,10.161956787109377,14.703948974609377,11.629730224609377
2024-09-25,13.344512939453123,12.549591064453123,12.497833251953123,13.036895751953123,14.099395751953123,11.558380126953123
2024-09-26,5.4632568359375,4.2493896484375,2.8851318359375,4.4720458984375,6.1947021484375,1.4681396484375
2024-09-27,2.985107421875,2.949951171875,2.691162109375,3.704833984375,3.465576171875,-1.169189453125
2024-09-28,4.228668212890625,5.091949462890625,4.740386962890625,4.959136962890625,6.900543212890625,6.596832275390625
2024-09-29,11.456634521484377,12.776947021484377,10.386322021484377,11.691986083984377,12.496673583984377,9.066009521484377
2024-09-30,12.519683837890623,13.149566650390623,10.776519775390623,12.389801025390623,13.903472900390623,10.068511962890623
2024-10-01,9.970916748046877,10.906463623046877,6.548065185546875,9.339080810546877,8.559783935546875,7.483612060546875
2024-10-02,8.766387939453125,8.723419189453125,4.140411376953125,5.979278564453125,9.158966064453123,4.897247314453125
2024-10-03,6.566192626953125,6.699981689453125,2.512481689453125,5.442169189453125,4.863067626953125,0.965606689453125
2024-10-04,5.99127197265625,7.42291259765625,5.42095947265625,6.53521728515625,7.06646728515625,6.99713134765625
2024-10-05,9.338226318359377,11.680999755859377,7.707366943359375,8.814788818359375,9.652679443359377,8.302093505859375
2024-10-06,7.522979736328125,7.910675048828125,6.438018798828125,6.792510986328125,9.371612548828123,6.818878173828125
2024-10-07,13.280181884765623,13.368072509765623,11.732330322265623,13.156158447265623,13.762603759765623,10.197174072265623
2024-10-08,10.26690673828125,8.73663330078125,7.90948486328125,9.07061767578125,10.13897705078125,7.41925048828125
2024-10-09,3.936126708984375,4.121673583984375,3.778900146484375,3.713470458984375,5.521087646484375,3.036712646484375
2024-10-10,6.977020263671875,7.928192138671875,8.037567138671875,7.264129638671875,7.170379638671875,3.894989013671875
2024-10-11,4.459991455078125,5.512725830078125,5.274444580078125,5.347686767578125,8.584991455078125,6.662139892578125
2024-10-12,7.444305419921875,8.305633544921875,6.585906982421875,6.930633544921875,9.163055419921877,2.976531982421875
2024-10-13,5.830657958984375,5.076751708984375,7.350189208984375,5.522064208984375,8.392181396484375,4.528900146484375
2024-10-14,11.328033447265623,11.526275634765623,9.399322509765623,10.227447509765623,12.056549072265623,8.244049072265625
2024-10-15,7.92327880859375,7.25628662109375,6.39984130859375,7.68499755859375,9.55804443359375,5.51995849609375
2024-10-16,5.6397705078125,5.2491455078125,4.8468017578125,5.0167236328125,8.9591064453125,2.9669189453125
2024-10-17,3.9217529296875,4.8826904296875,4.7479248046875,3.2547607421875,5.4217529296875,1.1239013671875
2024-10-18,3.066497802734375,5.053802490234375,6.002044677734375,3.982513427734375,6.850677490234375,4.288177490234375
2024-10-19,5.084625244140625,7.331695556640625,8.119781494140625,7.279937744140625,5.910797119140625,4.888336181640625
2024-10-20,7.5635986328125,7.3477783203125,8.8389892578125,7.2081298828125,7.7520751953125,3.9512939453125
2024-10-21,5.889556884765625,5.854400634765625,6.053619384765625,5.769439697265625,9.308502197265623,6.726470947265625
2024-10-22,7.094696044921875,9.533172607421877,6.163055419921875,8.681610107421875,8.495086669921875,7.588836669921875
2024-10-23,7.100982666015625,7.915435791015625,6.925201416015625,8.183990478515625,8.014068603515625,6.885162353515625
2024-10-24,6.737701416015625,9.219146728515623,6.157623291015625,8.593170166015625,7.510162353515625,7.240631103515625
2024-10-25,7.6883544921875,8.5604248046875,9.1199951171875,8.8016357421875,7.9705810546875,6.7420654296875
2024-10-26,8.216064453125,8.827392578125,6.770751953125,5.973876953125,6.280517578125,3.356689453125
2024-10-27,4.950897216796875,4.923553466796875,4.437225341796875,4.344451904296875,6.198944091796875,0.474334716796875
2024-10-28,6.753753662109375,7.267425537109375,4.323089599609375,6.209808349609375,5.912933349609375,0.732269287109375
2024-10-29,3.122161865234375,5.827239990234375,3.224700927734375,5.025482177734375,5.936614990234375,5.209075927734375
2024-10-30,7.20684814453125,5.26641845703125,4.09454345703125,5.53009033203125,6.70294189453125,1.61505126953125
2024-10-31,-0.55584716796875,-0.96600341796875,-0.73944091796875,-0.88494873046875,2.09844970703125,-2.24822998046875
2024-11-01,-0.017181396484375,1.040435791015625,1.501373291015625,2.108795166015625,3.361724853515625,-1.503509521484375
2024-11-02,0.0889892578125,1.9923095703125,2.0108642578125,1.6563720703125,3.6534423828125,3.6759033203125
2024-11-03,1.135467529296875,1.444061279296875,4.262420654296875,1.181365966796875,3.972381591796875,0.199920654296875
2024-11-04,-0.279388427734375,0.947174072265625,3.346588134765625,0.167877197265625,3.353424072265625,-0.389739990234375
2024-11-05,-0.6590576171875,0.0264892578125,1.7247314453125,-0.0447998046875,2.4718017578125,-1.8553466796875
2024-11-06,-0.2117919921875,-0.4305419921875,-0.1317138671875,0.4630126953125,1.7120361328125,-2.7977294921875
2024-11-07,-1.837738037109375,-2.255706787109375,-3.242034912109375,-3.013519287109375,0.054840087890625,-4.354339599609375
2024-11-08,-2.862030029296875,-2.949920654296875,-3.139373779296875,-1.613983154296875,-1.486053466796875,-6.540740966796875
2024-11-09,-2.633026123046875,-2.425018310546875,-2.456268310546875,-2.062713623046875,2.481231689453125,-1.253143310546875
2024-11-10,-3.277191162109375,-2.774261474609375,-2.730316162109375,-3.243011474609375,1.733551025390625,-1.800628662109375
2024-11-11,-0.918853759765625,-2.427642822265625,-4.694244384765625,-3.333892822265625,-2.137603759765625,-6.935455322265625
2024-11-12,0.21697998046875,-0.70782470703125,-2.67755126953125,-1.38165283203125,-0.33966064453125,-5.70977783203125
2024-11-13,-4.814239501953125,-2.969512939453125,-3.026153564453125,-3.011505126953125,1.740447998046875,-1.100372314453125
2024-11-14,-3.267242431640625,-1.591461181640625,-1.650054931640625,-1.393218994140625,1.859710693359375,-2.307281494140625
2024-11-15,-1.7369384765625,-1.5592041015625,-1.3912353515625,-0.6656494140625,2.5179443359375,-1.9664306640625
2024-11-16,3.622344970703125,4.917266845703125,3.030548095703125,3.851837158203125,5.595001220703125,1.925079345703125
2024-11-17,0.725067138671875,-0.466339111328125,1.549285888671875,2.613739013671875,4.390106201171875,0.935028076171875
2024-11-18,5.687255859375,4.414794921875,2.686279296875,3.809326171875,4.111083984375,0.822021484375
2024-11-19,-10.38226318359375,-10.83831787109375,-8.46234130859375,-7.31976318359375,0.81988525390625,-2.80120849609375
2024-11-20,-8.17095947265625,-8.50299072265625,-8.03033447265625,-6.46588134765625,-4.86724853515625,-11.00103759765625
2024-11-21,-6.22650146484375,-2.87786865234375,-4.27142333984375,-2.58489990234375,1.03033447265625,-2.26361083984375
2024-11-22,-5.328155517578125,-3.012725830078125,-2.946319580078125,-2.137725830078125,1.161102294921875,-2.141632080078125
2024-11-23,-1.7266845703125,0.5614013671875,1.2733154296875,0.8446044921875,1.3543701171875,1.5545654296875
2024-11-24,-2.693328857421875,0.810577392578125,0.246124267578125,1.263702392578125,4.716827392578125,1.870147705078125
2024-11-25,2.15301513671875,3.87664794921875,3.90203857421875,4.40008544921875,6.17547607421875,2.95477294921875
2024-11-26,-0.615386962890625,-1.522613525390625,-3.129058837890625,-1.950347900390625,-0.590972900390625,-5.014801025390625
2024-11-27,-0.586761474609375,-1.213714599609375,-3.308441162109375,-1.025238037109375,1.233551025390625,0.653472900390625
2024-11-28,0.033111572265625,-1.213958740234375,-2.631927490234375,-0.953216552734375,0.248931884765625,-2.393646240234375
2024-11-29,-5.951080322265625,-6.527252197265625,-7.093658447265625,-6.988189697265625,-2.303619384765625,-6.374908447265625
2024-11-30,-2.352935791015625,-4.653717041015625,-2.938873291015625,-4.475006103515625,0.750579833984375,-4.063873291015625
2024-12-01,-0.396148681640625,-1.651031494140625,-2.587554931640625,-1.385406494140625,0.618499755859375,-2.676422119140625
2024-12-02,-0.746307373046875,-2.296112060546875,-3.160369873046875,-2.053924560546875,0.418731689453125,-2.160369873046875
2024-12-03,1.216949462890625,0.371246337890625,0.567535400390625,1.407379150390625,3.679840087890625,1.209136962890625
2024-12-04,2.775299072265625,4.293853759765625,3.060455322265625,4.216705322265625,5.323150634765625,2.350494384765625
2024-12-05,0.616668701171875,2.188934326171875,0.925262451171875,1.091278076171875,2.074676513671875,-0.968292236328125
2024-12-06,-2.18426513671875,-0.54266357421875,0.90557861328125,0.65167236328125,1.94366455078125,-1.31317138671875
2024-12-07,0.68743896484375,-0.16900634765625,-1.60260009765625,-0.37213134765625,-1.34967041015625,-4.79302978515625
2024-12-08,0.341217041015625,-0.354095458984375,-1.086517333984375,0.193756103515625,0.298248291015625,-1.816986083984375
2024-12-09,-0.844329833984375,-3.395111083984375,-4.475189208984375,-2.752532958984375,-2.305267333984375,-5.417572021484375
2024-12-10,-4.6834716796875,-7.9432373046875,-8.7938232421875,-5.7069091796875,-2.6737060546875,-8.0975341796875
2024-12-11,-0.628814697265625,-0.559478759765625,0.742279052734375,0.482513427734375,2.338958740234375,0.180755615234375
2024-12-12,-1.649383544921875,-3.300750732421875,-4.261688232421875,-2.806610107421875,-1.974578857421875,-6.563446044921875
2024-12-13,1.55755615234375,1.21478271484375,0.36907958984375,0.48529052734375,1.11126708984375,-2.68267822265625
2024-12-14,-1.585845947265625,-1.838775634765625,-1.814361572265625,-0.160064697265625,0.705169677734375,-2.643463134765625
2024-12-15,-2.7904052734375,0.0201416015625,-2.2415771484375,0.6080322265625,2.2203369140625,-1.3304443359375
2024-12-16,-0.679107666015625,-0.157623291015625,0.242767333984375,0.445892333984375,2.322845458984375,-3.863677978515625
2024-12-17,-0.009246826171875,-0.916473388671875,-1.617645263671875,-0.219207763671875,2.156768798828125,-0.167449951171875
2024-12-18,-4.233489990234375,-6.968841552734375,-10.486419677734377,-6.556732177734375,-5.542083740234375,-11.656341552734377
2024-12-19,-1.595916748046875,-1.174041748046875,-2.804901123046875,-1.338104248046875,-0.781463623046875,-5.134002685546875
2024-12-20,-3.288238525390625,-4.679840087890625,-6.281402587890625,-4.950347900390625,-3.715972900390625,-7.638824462890625
2024-12-21,-4.130096435546875,-5.344940185546875,-7.072479248046875,-6.371307373046875,-4.790252685546875,-10.172088623046877
2024-12-22,-2.413665771484375,-3.767181396484375,-5.044525146484375,-3.569915771484375,-2.058197021484375,-5.500579833984375
2024-12-23,-2.876983642578125,-4.426788330078125,-4.833038330078125,-3.921905517578125,-1.058624267578125,-5.932647705078125
2024-12-24,-5.451385498046875,-5.965057373046875,-7.293182373046875,-7.268768310546875,-4.270721435546875,-9.270721435546877
2024-12-25,-10.876556396484377,-8.744720458984375,-9.465423583984377,-9.371673583984377,-6.668548583984375,-11.844329833984377
2024-12-26,-8.92352294921875,-3.86590576171875,-3.72918701171875,-4.55731201171875,-2.20281982421875,-3.98406982421875
2024-12-27,-7.618988037109375,-4.269378662109375,-3.679534912109375,-4.074066162109375,-1.969573974609375,-3.894378662109375
2024-12-28,-10.076263427734377,-2.995208740234375,-5.635833740234375,-3.261810302734375,-0.183685302734375,-3.367279052734375
2024-12-29,-9.987152099609377,-4.639495849609375,-6.059417724609375,-4.068206787109375,-0.106292724609375,-4.403167724609375
2024-12-30,-1.19049072265625,1.09368896484375,-0.87799072265625,0.06341552734375,1.99212646484375,-0.92877197265625
2024-12-31,-3.28057861328125,-4.72296142578125,-4.41925048828125,-3.47393798828125,2.62860107421875,-0.36260986328125
