0,1,2,3,4,5,6
,,,,,,
2019-01-01,1.562896728515625,2.186920166015625,0.8852996826171875,0.8785400390625,0.2205657958984375,0.2134552001953125
2019-01-02,4.863914489746094,6.7786865234375,2.8663482666015625,3.620452880859375,0.5439300537109375,1.6916580200195312
2019-01-03,1.9616851806640625,3.49688720703125,1.48834228515625,1.9977874755859373,0.131805419921875,0.9438018798828124
2019-01-04,0.04364013671875,0.022186279296875,0.1013336181640625,0.08892822265625,0.340667724609375,0.035675048828125
2019-01-05,18.71089172363281,19.259796142578125,19.510421752929688,12.05755615234375,24.46038818359375,25.58949279785156
2019-01-06,2.2625274658203125,3.8840484619140634,0.937957763671875,1.3109130859375,0.2449951171875,1.261322021484375
2019-01-07,0.5186767578125,1.201171875,0.619873046875,0.5231781005859375,1.003875732421875,3.0106658935546875
2019-01-08,0.409027099609375,0.703948974609375,0.2373046875,0.295989990234375,0.0010223388671875,0.0085906982421875
2019-01-09,0.1820526123046875,0.277130126953125,0.0934295654296875,0.118988037109375,0.0417327880859375,0.014984130859375
2019-01-10,2.66162109375,4.8116607666015625,4.81072998046875,4.043472290039063,6.2624053955078125,4.9997100830078125
2019-01-11,2.3292160034179688,4.124488830566406,0.832550048828125,1.05340576171875,0.0595016479492187,0.2451324462890625
2019-01-12,0.0,0.0007171630859375,0.0,0.0037384033203125,0.0,0.0
2019-01-13,0.0,0.0,0.04962158203125,0.0027313232421875,0.3607330322265625,0.0763397216796875
2019-01-14,0.2917327880859375,0.8271484375,3.93096923828125,0.446746826171875,12.2884521484375,3.7346343994140634
2019-01-15,3.88330078125,3.580596923828125,4.8709869384765625,3.8436431884765625,11.84771728515625,14.346343994140623
2019-01-16,2.6822280883789062,1.835609436035156,4.698799133300781,1.6803131103515625,13.210700988769531,9.321273803710938
2019-01-17,0.8947830200195312,0.95220947265625,4.0631103515625,1.68994140625,8.146537780761719,7.841392517089844
2019-01-18,10.683601379394531,8.40423583984375,14.253494262695312,7.539627075195312,25.81158447265625,22.47383117675781
2019-01-19,0.8011627197265625,0.5478668212890625,3.9947357177734375,0.9347381591796876,12.856399536132812,7.761795043945312
2019-01-20,2.868270874023437,3.534393310546875,3.943023681640625,3.4542236328125,5.253753662109375,4.8685455322265625
2019-01-21,16.800537109375,19.621826171875,13.975555419921877,18.968582153320312,10.270050048828123,15.37249755859375
2019-01-22,3.536773681640625,3.218048095703125,1.8198394775390625,2.5598602294921875,0.564666748046875,1.17724609375
2019-01-23,0.2804718017578125,0.0263824462890625,4.815826416015625,0.3222198486328125,7.4680023193359375,4.157958984375
2019-01-24,4.852081298828125,4.4536895751953125,25.0489501953125,15.560562133789062,54.42892456054688,41.58726501464844
2019-01-25,1.1563186645507812,1.1933746337890625,1.3144149780273438,0.7132186889648438,14.41338348388672,4.076911926269531
2019-01-26,0.2165069580078125,0.041595458984375,1.6284637451171875,0.1343536376953125,3.4576873779296875,1.58746337890625
2019-01-27,0.951507568359375,0.6267852783203125,6.71771240234375,2.4476776123046875,23.56982421875,21.28999328613281
2019-01-28,0.2949371337890625,0.0263824462890625,5.9612579345703125,0.460052490234375,12.796905517578123,4.513519287109375
2019-01-29,3.5352325439453125,0.9706192016601562,12.265914916992188,4.52496337890625,8.193939208984375,6.926300048828125
2019-01-30,1.9642333984375,0.3219757080078125,2.8231658935546875,0.7142486572265625,0.7443695068359375,0.3152923583984375
2019-01-31,2.38226318359375,0.870941162109375,1.0316619873046875,0.50146484375,0.4338531494140625,0.22625732421875
2019-03-01,0.0358200073242187,0.0093765258789062,1.005126953125,0.1518096923828125,9.941612243652344,2.825035095214844
2019-03-02,0.0,0.0,0.0030288696289062,0.0030288696289062,0.0226974487304687,0.001220703125
2019-03-03,0.0041732788085937,0.0003585815429687,0.0018234252929687,0.0,0.0,0.0
2019-03-04,0.0,0.0,0.0018234252929687,0.0,0.0,0.0
2019-03-05,0.450347900390625,1.7477188110351562,2.504638671875,0.8021087646484375,18.16228485107422,5.896888732910156
2019-03-06,0.0,0.0,0.007293701171875,0.0,0.171539306640625,0.0171585083007812
2019-03-07,11.165542602539062,10.599929809570312,13.66118621826172,7.337760925292969,32.399803161621094,18.758384704589844
2019-03-08,4.5324249267578125,5.150405883789063,8.325126647949219,4.953819274902344,10.27959442138672,8.855514526367188
2019-03-09,0.0,0.0,0.0152587890625,0.0,0.0,0.0128250122070312
2019-03-10,10.518913269042969,12.098167419433594,13.315536499023438,8.026779174804688,21.013916015625,13.954856872558594
2019-03-11,0.9960250854492188,1.1266632080078125,0.2600173950195312,0.6878509521484375,0.6039810180664062,0.1091537475585937
2019-03-12,0.0,0.015960693359375,0.0,0.031646728515625,0.0,0.0
2019-03-13,7.62939453125e-06,0.0,0.1272659301757812,0.0,1.31390380859375,0.035125732421875
2019-03-14,0.1992721557617187,0.0346603393554687,0.6091384887695312,0.05877685546875,5.065925598144531,0.1822052001953125
2019-03-15,0.684722900390625,0.201324462890625,0.00970458984375,0.5096435546875,0.0128250122070312,0.0
2019-03-16,0.9307098388671876,0.958892822265625,0.6522216796875,0.419342041015625,0.0082244873046875,0.2165985107421875
2019-03-17,0.0,7.62939453125e-06,7.62939453125e-06,0.0,0.0,0.0
2019-03-18,0.0,0.0,0.0,0.0,0.0,0.0
2019-03-19,0.0,7.62939453125e-06,0.0,0.0,0.0,0.0
2019-03-20,0.0,0.0,0.0,7.62939453125e-06,7.62939453125e-06,0.0
2019-03-21,0.0014190673828125,0.0062332153320312,0.0,0.0,0.0,0.0
2019-03-22,3.11468505859375,3.68243408203125,5.0391693115234375,2.360504150390625,0.985443115234375,5.222381591796875
2019-03-23,0.0221710205078125,0.0388336181640625,0.1114578247070312,0.0822906494140625,0.078582763671875,0.5935592651367188
2019-03-24,0.0,0.0,0.0,0.0,0.0,0.0
2019-03-25,0.0,0.0,0.0,0.0,0.0,0.0
2019-03-26,0.0,7.62939453125e-06,0.0,0.0,0.0,7.62939453125e-06
2019-03-27,0.0,0.0,0.0,0.0,0.0,0.0
2019-03-28,0.0,0.0,0.0,0.0,0.0042266845703125,0.0
2019-03-29,0.6597442626953125,0.0998687744140625,0.7620849609375,0.2421722412109375,0.3653564453125,0.4515380859375
2019-03-30,0.5427780151367188,0.6836318969726562,2.4040298461914062,2.0972442626953125,6.188385009765625,5.69549560546875
2019-03-31,0.32354736328125,0.9449996948242188,3.6997146606445312,0.4721603393554687,8.837081909179688,3.2806320190429688
2019-04-01,9.555313110351562,2.953109741210937,16.704360961914062,2.5030670166015625,50.29386901855469,12.462875366210938
2019-04-02,0.2722396850585937,0.2759857177734375,0.8874893188476562,0.374908447265625,5.832710266113281,0.7377395629882812
2019-04-03,2.461776733398437,4.6629638671875,2.5433349609375,2.9697723388671875,1.170074462890625,1.1057586669921875
2019-04-04,4.111412048339844,3.09423828125,4.505653381347656,8.311767578125,7.0963134765625,6.818405151367188
2019-04-05,4.63226318359375,5.586151123046875,1.4759368896484375,3.4564666748046875,7.443572998046875,1.0413970947265625
2019-04-06,1.9013748168945312,15.527305603027344,1.8571624755859373,2.3417892456054688,4.8944854736328125,1.0802459716796875
2019-04-07,1.422149658203125,1.4311904907226562,1.8724288940429688,0.8235549926757812,7.624061584472656,1.7132797241210938
2019-04-08,10.817268371582031,15.296012878417969,6.2894134521484375,9.193771362304688,8.31634521484375,9.000587463378906
2019-04-09,1.0651321411132812,5.93060302734375,1.5930557250976562,5.5187530517578125,4.543312072753906,6.629341125488281
2019-04-10,10.974517822265623,14.681915283203123,6.110038757324219,7.0447540283203125,3.297119140625,5.985198974609375
2019-04-11,4.3165283203125,8.434700012207031,5.136283874511719,5.773490905761719,0.9991226196289062,3.309898376464844
2019-04-12,0.0,0.0007171630859375,0.0116119384765625,0.007476806640625,0.3882904052734375,0.099761962890625
2019-04-13,0.0,0.0,0.0,0.0037384033203125,0.0154876708984375,0.0037841796875
2019-04-14,1.114227294921875,1.364166259765625,1.023468017578125,0.824310302734375,0.0001983642578125,0.1678466796875
2019-04-15,0.6416473388671875,3.2397003173828125,0.5198211669921875,1.5547637939453125,0.044403076171875,0.3581695556640625
2019-04-16,0.0,0.0,0.0,0.0,0.0,0.0
2019-04-17,0.0,0.0,0.0,0.0,0.27142333984375,0.0251922607421875
2019-04-18,0.0,0.0,0.00787353515625,0.0,0.0010223388671875,0.0957794189453125
2019-04-19,4.1790924072265625,6.166427612304688,5.179702758789063,4.94818115234375,4.588714599609375,5.1327972412109375
2019-04-20,0.0152587890625,0.081390380859375,0.411163330078125,0.0556640625,0.00640869140625,0.0220794677734375
2019-04-21,0.0617218017578125,0.2293777465820312,0.1029510498046875,0.0995635986328125,0.0041122436523437,0.0166091918945312
2019-04-22,0.927276611328125,0.1304855346679687,0.0,0.0897750854492187,0.0,0.0
2019-04-23,0.08349609375,0.3466339111328125,1.0089874267578125,0.0463104248046875,3.859527587890625,0.5718841552734375
2019-04-24,1.85455322265625,1.0775680541992188,0.0157546997070312,0.269927978515625,0.0256423950195312,0.01336669921875
2019-04-25,2.662689208984375,0.0166397094726562,0.585601806640625,0.7009735107421875,2.411407470703125,0.29144287109375
2019-04-26,1.4540557861328125,1.6311492919921875,4.5246429443359375,1.7384872436523438,5.978302001953125,0.71588134765625
2019-04-27,3.117645263671875,2.5815353393554688,0.6341400146484375,0.5311660766601562,7.125335693359375,0.7049331665039062
2019-04-28,0.8394012451171875,3.17388916015625,2.291473388671875,0.8877944946289062,6.45965576171875,0.57330322265625
2019-04-29,0.3862838745117187,1.66650390625,2.0410308837890625,0.6986846923828125,4.9928131103515625,0.746795654296875
2019-04-30,4.6822052001953125,2.4634780883789062,14.77044677734375,5.339088439941406,46.16504669189453,13.578529357910156
2019-05-01,1.84503173828125,3.050888061523437,1.6164932250976562,0.9992523193359376,13.4910888671875,6.543434143066406
2019-05-02,10.490493774414062,10.196380615234377,9.2554931640625,6.000396728515625,9.820526123046877,2.88531494140625
2019-05-03,1.932159423828125,6.3623046875,1.2769699096679688,3.6814041137695312,0.218597412109375,1.4549179077148438
2019-05-04,0.0,0.0,0.0,0.0,0.0,0.0
2019-05-05,10.258407592773438,12.274055480957031,10.60407257080078,7.62060546875,42.741737365722656,13.920852661132812
2019-05-06,1.2950210571289062,2.527381896972656,4.52105712890625,1.9152297973632808,11.396209716796877,7.4216156005859375
2019-05-07,1.929962158203125,1.2818069458007812,1.5186843872070312,0.5127639770507812,0.9888992309570312,3.3125076293945312
2019-05-08,11.315177917480469,14.307243347167969,13.398574829101562,13.980911254882812,13.47980499267578,19.16468048095703
2019-05-09,19.721275329589844,10.592681884765623,21.01361083984375,12.923263549804688,23.06745147705078,14.34185028076172
2019-05-10,4.8957061767578125,10.494354248046877,5.6319580078125,2.7918624877929688,7.783782958984375,1.5665054321289062
2019-05-11,7.9982757568359375,8.727012634277344,8.883689880371094,4.797027587890625,16.698219299316406,4.864326477050781
2019-05-12,5.432907104492188,4.262008666992188,2.5312042236328125,0.877716064453125,0.9124755859375,0.936981201171875
2019-05-13,0.1325225830078125,3.980636596679688,2.223785400390625,3.7302474975585938,3.221595764160156,1.873573303222656
2019-05-14,0.01861572265625,0.0035400390625,0.0370712280273437,0.1317367553710937,0.034942626953125,0.1927719116210937
2019-05-15,0.0072784423828125,0.3785400390625,0.0,0.1122589111328125,0.0,0.0
2019-05-16,5.705329895019531,4.338493347167969,5.3397064208984375,4.412712097167969,6.854606628417969,6.222335815429688
2019-05-17,0.859588623046875,0.4200592041015625,0.5829849243164062,0.92138671875,0.2698745727539062,0.0035171508789062
2019-05-18,2.8542556762695312,1.351776123046875,1.0669784545898438,0.1836395263671875,1.5636825561523438,0.7606887817382812
2019-05-19,0.35009765625,4.0428619384765625,0.335113525390625,0.358795166015625,0.08367919921875,0.654327392578125
2019-05-20,0.3276290893554687,0.74664306640625,0.2845306396484375,0.540985107421875,0.8885955810546875,0.2570343017578125
2019-05-21,0.016693115234375,0.1124343872070312,0.0910720825195312,0.0,2.0525894165039062,0.4507064819335937
2019-05-22,0.0,0.0810775756835937,0.11749267578125,0.0474319458007812,1.87353515625,2.264442443847656
2019-05-23,6.061004638671875,9.823486328125,9.311805725097656,6.446701049804688,28.988502502441406,13.787025451660156
2019-05-24,0.9051513671875,0.803985595703125,6.848556518554688,2.277694702148437,43.27415466308594,27.542144775390625
2019-05-25,0.4270095825195312,0.4528121948242187,1.8083419799804688,0.3327865600585937,20.073944091796875,4.944786071777344
2019-05-26,10.062370300292969,18.22564697265625,4.08978271484375,6.981407165527344,6.532524108886719,2.4849090576171875
2019-05-27,13.816146850585938,18.512794494628903,8.954620361328125,13.333740234375,8.524459838867188,9.006965637207031
2019-05-28,2.5000076293945312,5.517448425292969,3.11041259765625,3.811370849609375,0.65191650390625,1.9227066040039065
2019-05-29,7.811447143554687,10.101882934570312,4.425498962402344,8.634490966796875,13.22759246826172,9.9371337890625
2019-05-30,2.263710021972656,3.831855773925781,1.5406036376953125,1.2387313842773438,13.566558837890623,3.1172027587890625
2019-05-31,1.469024658203125,3.8878173828125,1.2467193603515625,1.369659423828125,7.041160583496094,3.2801284790039062
2019-06-01,2.2368392944335938,9.390480041503906,8.031455993652344,3.894935607910156,6.4719085693359375,7.376091003417969
2019-06-02,0.4585418701171875,1.3464202880859375,1.4618377685546875,1.4776992797851562,0.6172943115234375,1.07867431640625
2019-06-03,0.1082305908203125,0.0090255737304687,2.7161102294921875,0.0605621337890625,0.0,2.925117492675781
2019-06-04,0.2345199584960937,0.3076171875,0.39031982421875,0.4002761840820312,2.076522827148437,0.296142578125
2019-06-05,0.0069122314453125,0.2140655517578125,0.028778076171875,0.0581207275390625,0.0,0.0070419311523437
2019-06-06,0.94683837890625,2.792022705078125,2.8293914794921875,1.8362045288085935,0.3146286010742187,0.8629837036132812
2019-06-07,0.04791259765625,0.2206268310546875,0.3224945068359375,0.2468719482421875,1.8244781494140625,4.22137451171875
2019-06-08,0.0744476318359375,0.0,0.0060577392578125,0.0,2.133880615234375,0.0240936279296875
2019-06-09,0.0,0.000701904296875,0.29937744140625,0.007476806640625,0.0,0.14788818359375
2019-06-10,0.024810791015625,0.0,0.105804443359375,0.038238525390625,3.1116485595703125,0.4376220703125
2019-06-11,0.0,0.000701904296875,0.0,0.0256500244140625,0.0080642700195312,0.0279922485351562
2019-06-12,0.0586395263671875,0.6808395385742188,1.4517135620117188,0.815643310546875,1.7120513916015625,4.319267272949219
2019-06-13,11.51114273071289,8.01784896850586,10.099132537841797,7.464679718017578,6.688129425048828,0.3633270263671875
2019-06-14,1.409454345703125,4.471870422363281,3.0332794189453125,1.8406524658203125,1.3490524291992188,0.9894638061523438
2019-06-15,0.3677825927734375,3.904712677001953,2.695133209228516,5.20233154296875,1.2953643798828125,9.450702667236328
2019-06-16,1.4632644653320312,6.0020294189453125,4.2950592041015625,2.7522430419921875,2.5568771362304688,7.735893249511719
2019-06-17,1.5750198364257812,3.829185485839844,3.860183715820313,1.2431640625,3.1936569213867188,2.389404296875
2019-06-18,0.1878585815429687,0.255859375,0.1429595947265625,0.018402099609375,0.0842666625976562,0.65411376953125
2019-06-19,4.487663269042969,3.6064300537109375,4.599029541015625,0.7151718139648438,1.839927673339844,2.0369949340820312
2019-06-20,15.84929656982422,19.006874084472656,6.0858154296875,7.68743896484375,1.7906417846679688,8.282135009765625
2019-06-21,1.941253662109375,4.421806335449219,2.906654357910156,2.061309814453125,0.4405441284179687,2.6158599853515625
2019-06-22,1.180389404296875,1.3739700317382812,1.176605224609375,1.780426025390625,0.1119613647460937,3.7527923583984375
2019-06-23,0.0,0.0,0.0,0.012115478515625,0.0,0.0
2019-06-24,0.3820266723632812,0.7925033569335938,0.06585693359375,0.252685546875,0.0,0.0
2019-06-25,0.0,0.0,0.0,0.0,0.0,0.0
2019-06-26,0.0,0.0,0.0,0.0,0.0,0.0
2019-06-27,0.0,0.0,0.00555419921875,0.0,0.0,0.0
2019-06-28,0.0372085571289062,0.0007095336914062,0.0,0.0,0.0020523071289062,0.0128173828125
2019-06-29,1.534698486328125,8.353141784667969,0.0,0.3591232299804687,0.0,2.8964920043945312
2019-06-30,4.516242980957031,4.20965576171875,6.707664489746094,3.849411010742188,0.2702407836914062,0.9154434204101562
2019-07-01,1.9266586303710935,4.507301330566406,0.7791824340820312,0.3648223876953125,0.0,0.0463180541992187
2019-07-02,0.0,0.009735107421875,0.00970458984375,0.0,0.0826950073242187,0.4481964111328125
2019-07-03,0.7153854370117188,0.5137100219726562,1.0691680908203125,0.577117919921875,0.0169296264648437,0.274932861328125
2019-07-04,3.7075042724609375,5.7182159423828125,8.336235046386719,3.2946090698242188,2.704254150390625,18.593345642089844
2019-07-05,35.23433303833008,29.260986328125,14.110248565673828,8.443424224853516,8.9111328125,5.400394439697266
2019-07-06,6.0492706298828125,6.719535827636719,19.026412963867188,16.264022827148438,12.630165100097656,25.20240020751953
2019-07-07,0.0,0.0062332153320312,0.0116119384765625,0.0,0.0,0.0293426513671875
2019-07-08,0.9932403564453124,0.3134613037109375,1.0221633911132812,0.0,0.0,0.0256423950195312
2019-07-09,11.302642822265623,16.950332641601562,14.351394653320312,6.495826721191406,6.749107360839844,17.894203186035156
2019-07-10,10.292976379394531,15.812728881835938,15.829917907714844,14.927169799804688,34.95360565185547,45.38172912597656
2019-07-11,0.5326461791992188,2.4430007934570312,0.7395706176757812,0.6917266845703125,0.4794540405273437,0.1993408203125
2019-07-12,0.0243148803710937,0.3825225830078125,0.0157623291015625,0.092620849609375,0.00653076171875,0.172088623046875
2019-07-13,0.0,0.0,0.0,0.0,0.0,0.0
2019-07-14,0.0003585815429687,0.046112060546875,0.5681991577148438,0.008636474609375,0.0154190063476562,0.23095703125
2019-07-15,1.9725189208984373,5.194061279296875,0.097564697265625,5.515655517578125,0.2124252319335937,4.750190734863281
2019-07-16,7.950508117675781,10.046607971191406,6.059242248535156,1.1292495727539062,0.0143890380859375,0.6966705322265625
2019-07-17,0.0,0.054290771484375,0.01458740234375,0.0,0.0461959838867187,0.0967941284179687
2019-07-18,0.0,0.0,0.0060577392578125,0.0,0.0274887084960937,0.0147171020507812
2019-07-19,0.1528244018554687,0.1387405395507812,0.3498611450195312,0.9282302856445312,0.022613525390625,0.3328933715820312
2019-07-20,0.4533233642578125,0.7730865478515625,0.545501708984375,0.5433578491210938,0.0,0.0386428833007812
2019-07-21,0.01861572265625,0.0,0.0157546997070312,0.0,0.0,0.0
2019-07-22,0.0,0.0,0.0,0.0,0.0,0.0037918090820312
2019-07-23,10.34161376953125,7.773658752441406,10.313278198242188,6.87286376953125,0.0897369384765625,9.213706970214844
2019-07-24,1.858673095703125,2.8432540893554688,0.6241989135742188,0.15716552734375,3.7822036743164062,0.98529052734375
2019-07-25,0.7779617309570312,0.960235595703125,2.2959442138671875,0.8378677368164062,12.040679931640623,8.289924621582031
2019-07-26,3.75128173828125,10.805343627929688,2.794013977050781,3.0995330810546875,1.7573165893554688,8.087760925292969
2019-07-27,3.3614578247070312,1.717742919921875,2.0111007690429688,2.3531494140625,0.6247329711914062,1.089508056640625
2019-07-28,1.7139739990234375,3.5039520263671875,2.253662109375,2.27911376953125,0.5024261474609375,1.5431060791015625
2019-07-29,0.1168670654296875,0.277557373046875,0.0,0.0,0.0,0.0
2019-07-30,5.103385925292969,6.854644775390625,3.891845703125,2.8848114013671875,4.459243774414063,35.31141662597656
2019-07-31,0.2459030151367187,2.3089599609375,0.056640625,0.2426605224609375,0.0205459594726562,0.1437301635742187
2019-08-01,0.0,0.0138778686523437,0.0,0.0074844360351562,0.0,0.0
2019-08-02,0.0,0.0,0.1384735107421875,0.0,0.0102691650390625,0.8523635864257812
2019-08-03,0.0,0.0007095336914062,0.0814208984375,0.0,0.0131988525390625,0.431396484375
2019-08-04,0.0,0.0,0.0,0.0,0.0,0.0
2019-08-05,0.1302871704101562,0.080047607421875,0.0,0.0204238891601562,0.5487442016601562,0.0384674072265625
2019-08-06,0.0083465576171875,0.0069351196289062,0.0092086791992187,0.0,0.0,0.0
2019-08-07,0.0,0.0,0.0,0.0,0.0,0.0
2019-08-08,7.62939453125e-06,0.0,0.0,0.0,0.0,0.0
2019-08-09,0.0,0.0,0.0363311767578125,0.0,0.5995941162109375,0.3461685180664062
2019-08-10,10.44622802734375,5.269821166992188,14.12860107421875,11.179534912109377,3.2700958251953125,7.45367431640625
2019-08-11,0.3283004760742187,0.3703842163085937,0.984100341796875,0.308807373046875,1.6517868041992188,1.3041305541992188
2019-08-12,0.0,0.0,0.0,0.0,0.0267181396484375,1.9995346069335935
2019-08-13,0.0,0.0,0.0,0.0,0.0,0.0
2019-08-14,0.0,0.0,0.0,0.0,0.0,0.0
2019-08-15,0.0,0.0,0.0,0.0,7.62939453125e-06,0.0
2019-08-16,0.0,0.0,0.0,0.0,0.0333709716796875,0.0
2019-08-17,0.0,0.0,0.004852294921875,0.0018692016601562,0.141815185546875,0.0
2019-08-18,0.165618896484375,0.2042236328125,0.0,0.0211944580078125,0.0,0.0
2019-08-19,4.7791900634765625,2.304412841796875,1.1691207885742188,0.3543701171875,0.0,0.0
2019-08-20,0.0,0.04022216796875,0.0,0.0,0.0,0.091644287109375
2019-08-21,3.2696685791015625,7.606590270996094,2.6720428466796875,2.4723663330078125,1.2263565063476562,2.550865173339844
2019-08-22,8.900856018066406,8.573417663574219,6.290718078613281,2.312828063964844,2.9796676635742188,2.728828430175781
2019-08-23,1.0996475219726562,1.87652587890625,4.307289123535156,5.451812744140625,1.364990234375,6.920921325683594
2019-08-24,0.0,0.0187530517578125,0.470977783203125,0.062164306640625,0.121734619140625,0.3518524169921875
2019-08-25,0.0003662109375,0.0,0.0151824951171875,0.0,0.0205535888671875,0.0
2019-08-26,0.0,0.0,0.0,0.0,0.0001907348632812,0.0
2019-08-27,2.07147216796875,0.5603790283203125,3.848098754882813,1.7744598388671875,0.8900909423828125,0.3518524169921875
2019-08-28,0.0,0.0,0.0,0.0,0.0,0.0
2019-08-29,0.0,0.0,0.0,0.0,0.0,0.01470947265625
2019-08-30,0.0462722778320312,0.0,0.127197265625,0.0115203857421875,5.005950927734375,7.62939453125e-06
2019-08-31,0.1238174438476562,0.148162841796875,0.0629348754882812,0.0454788208007812,0.0,0.0
2019-09-01,0.0,0.0,0.0620346069335937,0.0742111206054687,0.0,0.1908721923828125
2019-09-02,5.547035217285156,6.178382873535156,10.268753051757812,9.25957489013672,8.456336975097656,9.745628356933594
2019-09-03,0.2094039916992187,3.744575500488281,0.5708694458007812,0.303009033203125,4.197036743164063,1.607391357421875
2019-09-04,0.59149169921875,1.1364059448242188,1.2632980346679688,0.9251556396484376,2.2248687744140625,1.2305450439453125
2019-09-05,0.3204803466796875,1.7709197998046875,1.034576416015625,0.2725372314453125,4.85052490234375,1.5110702514648438
2019-09-06,0.0601272583007812,0.093475341796875,0.021820068359375,0.0,0.0,0.0
2019-09-07,0.5381011962890625,0.6439971923828125,0.361083984375,0.1857147216796875,0.0946807861328125,0.27862548828125
2019-09-08,0.5210418701171875,8.87353515625,0.607086181640625,0.1195220947265625,0.5427398681640625,0.40936279296875
2019-09-09,0.3728179931640625,3.3628692626953125,0.7923431396484375,0.31207275390625,1.52587890625e-05,0.0267333984375
2019-09-10,0.0,0.042266845703125,0.00555419921875,0.0,0.0,0.0
2019-09-11,0.0833740234375,0.1151123046875,0.231048583984375,0.165924072265625,0.0,0.0
2019-09-12,0.0,0.0,0.0,0.0,0.0,0.0
2019-09-13,0.0,0.0,0.0484466552734375,0.0,0.0,0.0
2019-09-14,2.742904663085937,4.15228271484375,2.7928466796875,0.760162353515625,5.615524291992188,2.490142822265625
2019-09-15,2.794464111328125,4.6283111572265625,10.551422119140623,8.371246337890625,9.52447509765625,24.25508117675781
2019-09-16,0.0,0.0,0.0,0.0,0.0,0.0128173828125
2019-09-17,0.0,0.0,0.0,0.0,0.0,0.0
2019-09-18,0.0,0.0,0.0,0.0,0.0,0.0
2019-09-19,1.1954193115234375,1.6181793212890625,3.516098022460937,1.685211181640625,21.456298828125,5.965866088867188
2019-09-20,7.157516479492188,13.401702880859377,6.098114013671875,5.534271240234375,10.139923095703123,1.57110595703125
2019-09-21,0.1789703369140625,1.3531951904296875,2.81121826171875,2.49688720703125,3.0856170654296875,1.667236328125
2019-09-22,6.7139892578125,10.728271484375,2.80426025390625,3.4574737548828125,21.303939819335938,27.702896118164062
2019-09-23,0.0679244995117187,0.009735107421875,0.0494232177734375,0.07427978515625,0.0291595458984375,0.054168701171875
2019-09-24,0.0,0.0,0.0,0.0,0.0,0.0
2019-09-25,0.000701904296875,0.028076171875,0.0090866088867187,0.0,0.0,0.0
2019-09-26,0.2448272705078125,0.4598770141601562,0.3211593627929687,0.0066146850585937,1.0898208618164062,0.1524505615234375
2019-09-27,0.2570877075195312,1.5584945678710938,0.0,0.0420379638671875,0.0,0.0
2019-09-28,0.0,0.0,0.046844482421875,0.0,0.421173095703125,0.0056915283203125
2019-09-29,12.146034240722656,12.97918701171875,30.416481018066406,16.97662353515625,82.06298828125,64.56729888916016
2019-09-30,0.0451507568359375,0.064544677734375,0.3223190307617187,0.4100494384765625,0.5617828369140625,1.4233551025390625
2019-10-01,0.0806427001953125,0.1834259033203125,0.717041015625,0.3670654296875,3.664306640625,1.9936981201171875
2019-10-02,0.2825469970703125,1.101409912109375,0.2180328369140625,0.417022705078125,0.0064239501953125,0.51702880859375
2019-10-03,0.0,0.0,0.0,0.0018768310546875,0.0,0.025634765625
2019-10-04,0.0,0.000701904296875,0.049591064453125,0.0115203857421875,0.0,0.01959228515625
2019-10-05,0.0,0.0,0.0574493408203125,0.0115203857421875,3.688034057617188,0.3963470458984375
2019-10-06,2.2015533447265625,1.6029510498046875,0.772491455078125,0.0353851318359375,1.529541015625,0.257415771484375
2019-10-07,0.2128753662109375,0.0476226806640625,1.5053558349609375,0.440277099609375,0.00640869140625,0.915863037109375
2019-10-08,0.0,0.0,0.0,0.0,0.0,0.0128173828125
2019-10-09,0.0,0.0,0.0,0.0,0.0,0.0
2019-10-10,0.0,0.0,0.0,0.0,0.0,0.0
2019-10-11,0.0,0.0,0.0,0.0,0.0,0.0
2019-10-12,0.0,0.0,0.0,0.0,0.0,0.0
2019-10-13,0.0,0.0,0.0,0.0,0.0,0.0
2019-10-14,0.0,0.0,0.0,0.0,0.0,0.0
2019-10-15,0.0090560913085937,0.0,0.0109100341796875,0.0,0.0,0.0
2019-10-16,0.0,0.0,0.0,0.0,0.0,0.0
2019-10-17,0.0,0.0,1.52587890625e-05,0.0,0.0,0.0
2019-10-18,0.0,0.0,0.0,0.0,0.0,0.0
2019-10-19,0.0,0.0,0.0,0.0,0.0,0.0
2019-10-20,0.0,0.0,0.0,0.0,0.0,0.0
2019-10-21,0.0,0.0,0.0,0.0,0.0,0.0
2019-10-22,0.0,0.0,0.0,0.0,0.0,0.0
2019-10-23,0.0,0.0,0.0,0.0,0.0,0.0
2019-10-24,0.0,0.0,0.0,0.0,0.0,0.0
2019-10-25,2.6148834228515625,2.80322265625,0.9300384521484376,0.7684326171875,1.6595458984375,1.92669677734375
2019-10-26,3.643722534179688,3.967086791992188,1.1886215209960938,0.7790374755859375,0.0082244873046875,0.3816452026367187
2019-10-27,1.9926605224609373,3.135948181152344,0.6694259643554688,0.3441925048828125,0.93157958984375,0.653594970703125
2019-10-28,0.03619384765625,0.06658935546875,0.3558578491210937,0.0334243774414062,0.4770660400390625,0.8161163330078125
2019-10-29,6.467491149902344,3.1822967529296875,7.776016235351562,5.096580505371094,30.940460205078125,16.28357696533203
2019-10-30,7.307998657226562,0.99420166015625,14.189773559570312,2.798324584960937,54.90618896484375,19.657028198242188
2019-10-31,7.897628784179687,5.989227294921875,13.202804565429688,9.62103271484375,66.63441467285156,34.353790283203125
2019-11-01,0.0159912109375,0.021484375,1.519683837890625,0.059539794921875,15.10601806640625,1.3056640625
2019-11-02,4.683746337890625,5.84881591796875,21.474884033203125,5.0025634765625,75.22384643554688,23.22592163085937
2019-11-03,3.973541259765625,8.2340087890625,18.090240478515625,15.40753173828125,73.0565185546875,59.162384033203125
2019-11-04,4.161102294921875,1.834075927734375,9.95166015625,5.562744140625,20.299346923828125,11.801788330078123
2019-11-05,1.6501617431640625,0.6540985107421875,5.500274658203125,1.285491943359375,27.412033081054688,4.1294708251953125
2019-11-06,8.435989379882812,4.7716827392578125,22.38800048828125,10.776702880859377,40.28572082519531,23.823013305664062
2019-11-07,0.01666259765625,0.0,0.1297760009765625,0.0701751708984375,0.1375732421875,0.0607757568359375
2019-11-08,3.196640014648437,1.64898681640625,6.518096923828125,3.8259429931640634,12.20849609375,6.6251983642578125
2019-11-09,4.071792602539063,3.933761596679688,7.085693359375,8.427139282226562,7.182144165039063,9.448806762695312
2019-11-10,0.44512939453125,0.0284881591796875,3.51849365234375,0.6868438720703125,21.063522338867188,6.8111419677734375
2019-11-11,0.010467529296875,0.0,1.1291046142578125,0.04144287109375,11.010177612304688,1.606689453125
2019-11-12,0.0347137451171875,0.1740570068359375,2.1320953369140625,0.2028656005859375,7.854385375976562,3.8697662353515625
2019-11-13,8.5587158203125,3.5802154541015625,12.839752197265623,6.752975463867188,27.7576904296875,12.802978515625
2019-11-14,2.593475341796875,1.1983184814453125,10.589859008789062,4.48065185546875,25.435760498046875,13.32989501953125
2019-11-15,0.0,0.0,0.0054779052734375,0.0018768310546875,0.052642822265625,0.15228271484375
2019-11-16,2.0832061767578125,4.133514404296875,2.0586700439453125,2.352569580078125,9.581832885742188,4.673492431640625
2019-11-17,0.0,0.0,0.003662109375,0.0152587890625,0.060516357421875,0.00244140625
2019-11-18,0.0,0.0,0.0,0.0,0.0,0.0
2019-11-19,0.0,0.0,0.0018310546875,0.039276123046875,0.0,0.0320587158203125
2019-11-20,0.062896728515625,0.12322998046875,0.854949951171875,0.860595703125,1.6111602783203125,3.0982818603515625
2019-11-21,0.011444091796875,0.0007171630859375,0.052734375,0.04119873046875,0.0,0.0081634521484375
2019-11-22,0.0,0.00726318359375,0.0312652587890625,0.0018768310546875,0.0479583740234375,0.0152587890625
2019-11-23,2.1941375732421875,0.4943084716796875,0.4881134033203125,0.17474365234375,3.777633666992188,1.460601806640625
2019-11-24,1.1204986572265625,2.18621826171875,7.77630615234375,3.1780548095703125,44.59837341308594,21.50254821777344
2019-11-25,0.2644805908203125,0.464813232421875,1.5501556396484375,0.31170654296875,5.379440307617188,2.845123291015625
2019-11-26,1.461090087890625,1.68023681640625,2.77471923828125,1.396728515625,0.787109375,5.473052978515625
2019-11-27,0.0,0.0,0.0504913330078125,0.0,0.434906005859375,0.0509185791015625
2019-11-28,1.7783203125,1.812957763671875,4.141387939453125,1.4634857177734375,25.434646606445312,5.6681671142578125
2019-11-29,1.3867874145507812,1.852088928222656,1.5545806884765625,0.9376754760742188,4.5348968505859375,6.737037658691406
2019-11-30,0.0225372314453125,0.0045166015625,0.0150146484375,0.011810302734375,0.0,0.0008087158203125
2019-12-01,0.0,0.0,0.0,0.0,0.2183837890625,0.0612030029296875
2019-12-02,1.238525390625,0.3307037353515625,0.3992919921875,0.0152587890625,1.7926788330078125,0.10211181640625
2019-12-03,0.224365234375,0.2053375244140625,0.59130859375,0.310882568359375,9.45721435546875,2.321197509765625
2019-12-04,0.0589141845703125,0.1413421630859375,0.0944366455078125,0.0152587890625,0.6678695678710938,0.0498428344726562
2019-12-05,0.4162979125976562,0.47894287109375,3.3923416137695312,1.3056411743164062,19.884201049804688,5.719932556152344
2019-12-06,2.1110763549804688,2.2935104370117188,3.5967254638671875,2.7620773315429688,5.084327697753906,4.103507995605469
2019-12-07,0.52325439453125,0.77008056640625,1.2452850341796875,1.5589218139648438,0.1261825561523437,0.5257034301757812
2019-12-08,0.314788818359375,0.8253936767578125,0.671112060546875,0.0657501220703125,3.50555419921875,1.6552581787109375
2019-12-09,4.1569671630859375,1.702301025390625,15.255218505859377,8.06988525390625,45.148223876953125,24.262619018554688
2019-12-10,2.8781890869140625,4.1708984375,5.245529174804688,1.9043731689453125,10.128173828125,7.020919799804688
2019-12-11,0.0,0.0,0.0,0.0,0.0,0.0
2019-12-12,0.0,0.0,0.0751953125,0.005767822265625,0.9782257080078124,0.010467529296875
2019-12-13,7.62939453125e-06,7.62939453125e-06,0.0157928466796875,0.0027313232421875,0.063385009765625,0.0
2019-12-14,0.0,0.0,0.099212646484375,0.0,0.7976837158203125,0.008575439453125
2019-12-15,1.13226318359375,0.2602386474609375,6.4940032958984375,1.893798828125,15.534942626953123,7.6374969482421875
2019-12-16,0.1928863525390625,0.0562591552734375,3.384429931640625,0.835601806640625,30.449783325195312,8.66534423828125
2019-12-17,7.9097137451171875,4.650238037109375,26.644287109375,15.942047119140623,105.681640625,50.73297119140625
2019-12-18,10.905288696289062,7.53997802734375,21.231353759765625,13.1357421875,54.657989501953125,31.851394653320312
2019-12-19,1.753662109375,5.70257568359375,0.840301513671875,0.71337890625,1.349212646484375,2.286346435546875
2019-12-20,0.3563079833984375,1.4360809326171875,0.1431427001953125,0.7537994384765625,0.0,0.104461669921875
2019-12-21,1.0652008056640625,1.9522705078125,0.0486907958984375,0.5923004150390625,0.0,0.0187835693359375
2019-12-22,1.1537628173828125,6.460052490234375,0.297576904296875,1.8184356689453125,0.0020599365234375,0.117279052734375
2019-12-23,0.53961181640625,1.6356964111328125,0.2439117431640625,0.5883941650390625,0.002044677734375,0.23394775390625
2019-12-24,2.35906982421875,4.905242919921875,1.7963104248046875,2.79296875,0.1402740478515625,0.983306884765625
2019-12-25,0.7804718017578125,1.21075439453125,0.7144775390625,0.9576568603515624,0.10333251953125,0.3008880615234375
2019-12-26,0.281097412109375,0.3454132080078125,0.301025390625,0.3065338134765625,0.0148773193359375,0.070068359375
2019-12-27,0.024322509765625,0.1109619140625,0.0213165283203125,0.0213165283203125,0.0,0.0
2019-12-28,0.0007171630859375,0.0152587890625,0.0152587890625,0.0152587890625,0.0,0.0
2019-12-29,0.0062103271484375,0.0,0.0116119384765625,0.0152587890625,0.00244140625,0.0128173828125
2019-12-30,0.0,0.0,0.0,0.0,0.0,0.0
2019-12-31,0.0072784423828125,0.0034637451171875,0.0,0.003021240234375,0.0,0.0
2020-01-01,5.542251586914063,8.743331909179688,5.76953125,5.420684814453125,2.1561737060546875,5.051803588867188
2020-01-02,0.4341583251953125,0.4325103759765625,0.4514923095703125,0.403778076171875,0.11614990234375,0.1771392822265625
2020-01-03,0.002838134765625,0.0007171630859375,0.022216796875,0.0397186279296875,0.0,0.0
2020-01-04,0.0083465576171875,0.0,0.0036468505859375,0.0,0.0,0.0
2020-01-05,0.004180908203125,0.0,0.0030364990234375,0.0018768310546875,0.0072479248046875,0.0006866455078125
2020-01-06,0.0,0.0,0.0,0.0,0.0,0.0
2020-01-07,0.043426513671875,0.0485687255859375,0.16412353515625,0.0,0.0,0.0
2020-01-08,0.0555419921875,0.0402603149414062,0.0573883056640625,0.0495071411132812,0.0020599365234375,0.030242919921875
2020-01-09,0.0,0.0,0.0,0.0,0.0,7.62939453125e-06
2020-01-10,0.0,0.0,7.62939453125e-06,0.0,7.62939453125e-06,0.0
2020-01-11,0.0,7.62939453125e-06,0.0,7.62939453125e-06,0.0,0.0
2020-01-12,0.0,0.0,0.0,0.0,0.0,0.0
2020-01-13,0.0,0.0,0.0,0.0,0.0,0.0
2020-01-14,0.0,0.0,0.0,0.0,0.0,0.0
2020-01-15,3.81884765625,2.556884765625,4.766410827636719,3.863494873046875,6.437896728515625,5.385169982910156
2020-01-16,0.4756927490234375,0.63726806640625,0.2364349365234375,0.218017578125,0.0,0.154754638671875
2020-01-17,0.0181121826171875,0.0290985107421875,0.0,0.012115478515625,0.0,0.0010833740234375
2020-01-18,0.0,0.0,1.52587890625e-05,0.0,0.0,1.52587890625e-05
2020-01-19,0.03265380859375,0.069366455078125,0.00970458984375,0.019012451171875,0.0,0.0
2020-01-20,0.0,0.0,0.0670013427734375,0.0,0.725433349609375,0.022308349609375
2020-01-21,0.59515380859375,0.689697265625,0.72650146484375,0.7277069091796875,6.30084228515625,2.243377685546875
2020-01-22,0.1337432861328125,0.7151947021484375,4.42230224609375,6.22137451171875,29.100875854492188,16.006454467773438
2020-01-23,0.4978790283203125,2.3606414794921875,0.022552490234375,0.0213165283203125,0.92486572265625,0.1257781982421875
2020-01-24,0.9196853637695312,0.4193954467773437,4.7540130615234375,1.4845504760742188,21.01045227050781,12.612541198730469
2020-01-25,5.826362609863281,6.030059814453125,3.984893798828125,3.7518157958984375,2.2373580932617188,2.28448486328125
2020-01-26,0.0069122314453125,0.0,0.0705718994140625,0.005462646484375,0.0148773193359375,0.034759521484375
2020-01-27,0.0,0.0,0.1852874755859375,0.0027313232421875,1.52801513671875,0.271759033203125
2020-01-28,0.0,0.0,0.0165023803710937,0.0,0.0433273315429687,0.00189208984375
2020-01-29,0.0038223266601562,0.00970458984375,0.3228607177734375,0.0,2.7139129638671875,0.2557373046875
2020-01-30,0.0003509521484375,0.0,0.18548583984375,0.0049057006835937,1.4142379760742188,0.1376876831054687
2020-01-31,11.320938110351562,12.204826354980469,10.758193969726562,6.5046234130859375,28.70903778076172,15.849639892578123
2020-02-01,11.715438842773438,17.985740661621094,6.97412109375,8.728752136230469,0.7855758666992188,4.575675964355469
2020-02-02,0.0764694213867187,0.17144775390625,0.2942276000976562,0.4027252197265625,0.1346435546875,0.3097763061523437
2020-02-03,0.744659423828125,1.404876708984375,0.5720977783203125,0.839630126953125,0.0008392333984375,0.09710693359375
2020-02-04,0.2512969970703125,0.5277862548828125,0.1174163818359375,0.243011474609375,0.0,0.0403594970703125
2020-02-05,0.0,0.0,0.0,0.0,0.0,0.0
2020-02-06,1.7222137451171875,3.396797180175781,1.759857177734375,0.92913818359375,10.719581604003906,4.073883056640625
2020-02-07,3.4226226806640625,2.9894943237304688,3.9095687866210938,3.397178649902344,6.568206787109375,2.814422607421875
2020-02-08,0.268890380859375,0.5901336669921875,1.2921295166015625,0.9720458984375,0.27655029296875,0.6009674072265625
2020-02-09,2.132553100585937,4.5221710205078125,2.460067749023437,2.78265380859375,4.8302154541015625,4.825042724609375
2020-02-10,6.506233215332031,8.315696716308594,4.335372924804688,5.7103271484375,4.44384765625,6.402183532714844
2020-02-11,0.23553466796875,0.3404769897460937,0.3067474365234375,0.5195388793945312,0.0,0.091644287109375
2020-02-12,0.0,0.000701904296875,0.0,0.0,0.0,0.0
2020-02-13,0.0,0.0,0.0,0.0,0.0,0.0
2020-02-14,0.0,0.0,0.0,0.0,0.0,0.0
2020-02-15,0.0097503662109375,0.3660736083984375,0.119171142578125,0.0417327880859375,0.1632080078125,0.3459930419921875
2020-02-16,5.8536529541015625,11.581878662109377,6.924285888671875,6.040618896484375,2.4971466064453125,5.535614013671875
2020-02-17,0.0145416259765625,0.0298004150390625,0.03192138671875,0.0621490478515625,0.0,0.0128173828125
2020-02-18,0.0,0.0,7.62939453125e-06,0.0,7.62939453125e-06,0.0256500244140625
2020-02-19,0.0,0.0,0.0,0.0,0.0,0.0
2020-02-20,0.2484283447265625,0.457733154296875,0.209747314453125,0.1914825439453125,0.0,0.0512847900390625
2020-02-21,0.0,0.0,0.74725341796875,0.033966064453125,4.8759307861328125,0.6641693115234375
2020-02-22,4.081825256347656,2.6747589111328125,18.678466796875,7.3660125732421875,79.0025863647461,41.93478393554688
2020-02-23,4.0531158447265625,4.102272033691406,9.42865753173828,4.307884216308594,18.32099151611328,17.860267639160156
2020-02-24,3.253257751464844,3.084785461425781,5.864463806152344,5.1140899658203125,16.868331909179688,11.607429504394531
2020-02-25,0.0,0.0,0.0914535522460937,0.0,0.88330078125,0.2988510131835937
2020-02-26,1.077362060546875,0.5181350708007812,10.980796813964844,2.535850524902344,34.21949005126953,13.14568328857422
2020-02-27,1.0921478271484375,1.036407470703125,4.920997619628906,2.639854431152344,31.14215087890625,12.8856201171875
2020-02-28,21.012489318847656,10.74262237548828,38.3931884765625,23.12535858154297,52.12859344482422,41.42285919189453
2020-02-29,15.74957275390625,15.55718994140625,23.54014587402344,13.69439697265625,54.78759765625,36.16465759277344
2020-03-01,2.265487670898437,4.549819946289063,1.591217041015625,2.9825439453125,1.239898681640625,2.4659576416015625
2020-03-02,4.0243682861328125,1.4700164794921875,11.582839965820312,4.018844604492188,25.288360595703125,8.282577514648438
2020-03-03,4.490631103515625,6.4877471923828125,14.588027954101562,12.4654541015625,41.9686279296875,33.64518737792969
2020-03-04,3.2427902221679688,4.905685424804688,4.597190856933594,3.3234786987304688,2.1995620727539062,2.098175048828125
2020-03-05,0.039093017578125,0.0114517211914062,0.1785888671875,0.040283203125,0.0138473510742187,0.3068466186523437
2020-03-06,0.0488815307617187,0.0551528930664062,0.1096725463867187,0.1173248291015625,0.0074310302734375,0.0525054931640625
2020-03-07,0.0,7.62939453125e-06,7.62939453125e-06,0.0045928955078125,0.0,0.001220703125
2020-03-08,0.0,0.0,0.0,0.0,0.0,0.0
2020-03-09,0.014556884765625,0.0568313598632812,0.0,0.0,0.0,0.0
2020-03-10,12.61481475830078,14.59601593017578,8.115982055664062,3.9324951171875,0.1411209106445312,7.810630798339844
2020-03-11,2.4683761596679688,4.3878021240234375,4.482734680175781,4.0904083251953125,2.812080383300781,7.493263244628906
2020-03-12,3.814697265625e-06,0.0,0.0055580139160156,0.005462646484375,0.0,0.0
2020-03-13,0.0,0.0,7.62939453125e-06,0.0,0.0,0.0
2020-03-14,0.0,0.0,7.62939453125e-06,0.0,0.0,0.0
2020-03-15,0.0,0.0,0.0,0.0,0.0,0.0
2020-03-16,0.0,0.0,0.0,0.0,0.0,0.0
2020-03-17,1.2410736083984375,1.803558349609375,0.012115478515625,0.01727294921875,0.0,0.0
2020-03-18,7.288482666015625,9.7620849609375,4.9713897705078125,7.5123291015625,2.71063232421875,9.119338989257812
2020-03-19,3.8782882690429688,5.0712738037109375,6.348869323730469,4.034591674804688,2.6663589477539062,9.941139221191406
2020-03-20,5.441207885742188,8.237350463867188,3.036956787109375,3.7827301025390634,2.7423095703125,3.327011108398437
2020-03-21,2.693809509277344,2.1749725341796875,6.47857666015625,4.175834655761719,6.207435607910156,10.51251220703125
2020-03-22,1.86053466796875,3.112335205078125,4.19537353515625,5.11492919921875,7.7472991943359375,8.01800537109375
2020-03-23,2.883544921875,2.84661865234375,8.577590942382812,6.133087158203125,12.231048583984377,10.6280517578125
2020-03-24,0.3837432861328125,0.6521148681640625,0.4862213134765625,1.13641357421875,0.063262939453125,0.3105010986328125
2020-03-25,0.1303253173828125,0.77581787109375,0.1642913818359375,0.64178466796875,0.101715087890625,0.01470947265625
2020-03-26,1.6933822631835938,3.209014892578125,1.0831222534179688,1.4502029418945312,1.30364990234375,0.3614273071289062
2020-03-27,0.31427001953125,0.1026687622070312,0.7381591796875,0.155670166015625,3.50445556640625,0.8134918212890625
2020-03-28,4.769570350646973,8.289995193481445,10.003534317016602,10.226457595825195,16.151901245117188,21.31632232666016
2020-03-29,0.0801925659179687,0.1044235229492187,0.173736572265625,0.2095794677734375,0.00640869140625,0.0268630981445312
2020-03-30,7.62939453125e-06,0.0,0.0,0.0,7.62939453125e-06,0.0
2020-03-31,0.0,0.014556884765625,0.0176620483398437,0.0109176635742187,0.0131988525390625,0.0384597778320312
2020-04-01,0.021209716796875,0.025299072265625,0.0319747924804687,0.0064697265625,0.0074386596679687,0.0128173828125
2020-04-02,0.0,0.0,0.0,0.0,0.0,0.0
2020-04-03,0.0,0.0,0.0,0.0,0.0,0.0
2020-04-04,0.0,0.0,0.0,0.0,0.0,0.0
2020-04-05,0.0,0.0,0.0,0.0,0.0,0.0
2020-04-06,0.0,0.0,0.0,0.0,0.0,0.0
2020-04-07,0.0101165771484375,0.266448974609375,0.058807373046875,0.066680908203125,0.0123291015625,0.1101531982421875
2020-04-08,0.0,0.0017471313476562,0.0092010498046875,0.0,0.0,0.1410293579101562
2020-04-09,3.814697265625e-06,0.0,0.0267524719238281,0.0,0.0,0.0
2020-04-10,17.11431884765625,19.474327087402344,20.727313995361328,18.90027618408203,20.37328720092773,21.372772216796875
2020-04-11,0.029541015625,0.056610107421875,0.45343017578125,0.7149581909179688,1.1057891845703125,3.429389953613281
2020-04-12,0.0,0.0027618408203125,0.0002517700195312,0.0,0.0,0.0
2020-04-13,0.0,0.0027618408203125,0.0018234252929687,0.0002975463867187,0.0072479248046875,0.006683349609375
2020-04-14,0.0,0.0,0.0,0.0,0.0,0.0128250122070312
2020-04-15,0.0021209716796875,0.0215835571289062,0.0121078491210937,0.0037384033203125,0.0,0.0
2020-04-16,0.4159011840820312,0.6510238647460938,0.4126129150390625,0.0967178344726562,0.0041122436523437,0.4731521606445312
2020-04-17,0.4126701354980469,0.9263648986816406,11.768924713134766,10.372108459472656,8.441291809082031,14.158885955810549
2020-04-18,2.2713775634765625,1.8927764892578125,5.118263244628906,4.313194274902344,1.7651214599609375,6.111564636230469
2020-04-19,0.0,0.0,0.0036468505859375,0.0027313232421875,0.3957443237304687,1.3779754638671875
2020-04-20,0.0,0.0,0.0,0.0,0.003082275390625,0.0
2020-04-21,3.747596740722656,4.831489562988281,0.3976287841796875,0.6880416870117188,0.051666259765625,0.0
2020-04-22,4.5074005126953125,2.953842163085937,7.318695068359375,3.953948974609375,1.2274398803710938,6.273353576660156
2020-04-23,0.2778396606445312,3.0842056274414062,0.9685745239257812,0.6068038940429688,3.491783142089844,1.1933517456054688
2020-04-24,0.0118865966796875,0.2267608642578125,0.0111083984375,0.0158538818359375,0.0,0.0
2020-04-25,1.3359527587890625,3.422401428222656,1.8791046142578125,0.5751419067382812,18.50904083251953,3.0225982666015625
2020-04-26,0.0045318603515625,0.0041580200195312,0.0768661499023437,0.0046043395996093,0.9640159606933594,0.05462646484375
2020-04-27,3.1126937866210938,5.717628479003906,8.025672912597656,4.203826904296875,27.414695739746094,12.411788940429688
2020-04-28,11.434432983398438,12.421180725097656,10.652633666992188,4.3112335205078125,18.86443328857422,14.787330627441406
2020-04-29,4.640190124511719,7.1890869140625,6.419731140136719,4.478614807128906,6.162376403808594,1.8736343383789065
2020-04-30,0.0003509521484375,0.0072784423828125,0.0018157958984375,0.0030288696289062,0.0005111694335937,0.0
2020-05-01,0.1664276123046875,0.9073257446289062,1.668731689453125,0.4542236328125,0.0,0.0106964111328125
2020-05-02,0.9336700439453124,1.7658462524414062,1.0198745727539062,1.4230499267578125,0.0,0.2012481689453125
2020-05-03,7.62939453125e-06,7.62939453125e-06,7.62939453125e-06,0.0,0.0,7.62939453125e-06
2020-05-04,0.0,0.0,0.0,0.0,0.0,0.0
2020-05-05,0.0,7.62939453125e-06,0.05450439453125,0.0,0.0,0.0
2020-05-06,0.0223007202148437,0.0966110229492187,0.0030288696289062,0.0676345825195312,0.0,0.0002670288085937
2020-05-07,0.0,0.0,0.0036468505859375,0.0,0.0128173828125,0.0
2020-05-08,6.5474700927734375,7.702072143554687,6.334747314453125,3.776077270507813,6.393234252929688,1.4099349975585938
2020-05-09,0.014556884765625,0.008331298828125,0.0,0.0037384033203125,0.0,0.0
2020-05-10,0.0667800903320312,0.0014114379882812,0.0,0.0092086791992187,0.1109771728515625,0.0189590454101562
2020-05-11,0.0,0.0,0.0,0.0,0.0,0.0
2020-05-12,0.10723876953125,0.3472213745117187,0.0,0.0,0.0,0.0
2020-05-13,1.2080230712890625,0.636260986328125,0.0,0.0,0.0,0.0
2020-05-14,0.0,0.0056533813476562,0.0222244262695312,0.1066360473632812,0.0,0.0
2020-05-15,8.541595458984375,6.758251190185547,3.307506561279297,2.589344024658203,2.544010162353516,11.365089416503906
2020-05-16,44.32149124145508,37.19926071166992,24.18891143798828,29.75115203857422,5.82232666015625,6.3050689697265625
2020-05-17,0.0,0.0,0.0,0.027374267578125,0.2111396789550781,0.0299720764160156
2020-05-18,0.0,0.0,0.0,0.0,0.0,0.0
2020-05-19,0.0,0.0,0.0,0.0,0.0,0.0
2020-05-20,5.830589294433594,7.394943237304687,11.36334228515625,10.129051208496094,6.004219055175781,23.00780487060547
2020-05-21,0.2370529174804687,1.5920181274414062,0.0176773071289062,0.171295166015625,0.0134429931640625,0.0151596069335937
2020-05-22,5.7789154052734375,16.425384521484375,3.330474853515625,4.632232666015625,0.9852142333984376,6.683639526367188
2020-05-23,2.2759780883789062,11.893272399902344,3.654815673828125,5.865974426269531,0.15118408203125,2.843841552734375
2020-05-24,4.073165893554688,13.621574401855469,2.8224105834960938,8.327568054199219,0.5246429443359375,4.485466003417969
2020-05-25,4.03143310546875,12.684738159179688,5.005760192871094,4.13739013671875,5.874870300292969,8.161834716796875
2020-05-26,10.252311706542969,9.912063598632812,11.037742614746094,5.194511413574219,16.2430419921875,10.625526428222656
2020-05-27,0.2944869995117187,0.3145980834960937,10.116744995117188,5.427452087402344,2.6328277587890625,10.32013702392578
2020-05-28,1.9895477294921875,3.73785400390625,1.641357421875,1.0684661865234375,3.743560791015625,7.93994140625
2020-05-29,4.498748779296875,10.344436645507812,4.485450744628906,6.671051025390625,0.28857421875,2.77178955078125
2020-05-30,0.000701904296875,0.5432205200195312,0.075286865234375,0.0037460327148437,0.0082244873046875,0.078826904296875
2020-05-31,0.580810546875,0.4066619873046875,0.4306259155273437,0.0878219604492187,0.3621826171875,0.1846389770507812
2020-06-01,5.170417785644531,3.5598068237304688,14.171707153320312,7.2356414794921875,42.007789611816406,14.221893310546877
2020-06-02,0.4137115478515625,1.08819580078125,0.948028564453125,0.3120574951171875,6.092376708984375,2.274261474609375
2020-06-03,0.0257415771484375,0.2100830078125,0.041229248046875,0.011505126953125,0.433441162109375,0.00189208984375
2020-06-04,2.3891754150390625,3.2188262939453125,1.7039337158203125,0.065460205078125,0.461273193359375,0.6735076904296875
2020-06-05,10.140213012695312,8.934112548828125,5.009796142578125,2.620590209960937,2.859222412109375,6.255615234375
2020-06-06,0.6097564697265625,2.451812744140625,0.657440185546875,0.41937255859375,3.37310791015625,1.4615020751953125
2020-06-07,2.545639038085937,1.0991058349609375,2.060333251953125,0.8981170654296875,1.1450958251953125,0.961029052734375
2020-06-08,0.5349578857421875,1.0841827392578125,0.3516845703125,0.4899063110351562,1.440185546875,0.1524887084960937
2020-06-09,0.0,0.0,0.0,0.0,1.032623291015625,0.0816650390625
2020-06-10,2.4922332763671875,6.630851745605469,3.106353759765625,2.827133178710937,1.1925582885742188,1.6880416870117188
2020-06-11,5.968452453613281,3.2259292602539062,7.3068695068359375,1.6465988159179688,5.4138031005859375,2.6457061767578125
2020-06-12,0.9241714477539062,1.4178848266601562,1.303070068359375,0.5812759399414062,9.42290496826172,10.381546020507812
2020-06-13,2.8265914916992188,13.86529541015625,10.081268310546877,7.443702697753906,13.320228576660156,12.167266845703123
2020-06-14,0.7993392944335938,2.795127868652344,1.8382797241210935,0.6645126342773438,5.2954864501953125,0.8804931640625
2020-06-15,0.0849151611328125,0.2029266357421875,0.222808837890625,0.1890792846679687,1.8506622314453125,0.0876693725585937
2020-06-16,5.210418701171875,6.523979187011719,5.106613159179688,1.8855514526367188,6.906883239746094,1.7523117065429688
2020-06-17,0.0720367431640625,1.5210342407226562,0.0353317260742187,0.8829116821289062,0.0082244873046875,0.0489349365234375
2020-06-18,10.356002807617188,11.197402954101562,6.103530883789063,4.6241607666015625,0.11248779296875,0.963653564453125
2020-06-19,22.82169342041016,33.88026428222656,18.30805206298828,23.87979888916016,3.3949432373046875,7.2590789794921875
2020-06-20,0.0,0.0,0.0,7.62939453125e-06,0.0,0.0384674072265625
2020-06-21,0.0317306518554687,0.0879898071289062,0.0242156982421875,0.0218429565429687,0.0,3.4617156982421875
2020-06-22,2.396759033203125,1.6332855224609375,2.4338531494140625,0.2485198974609375,0.0513763427734375,1.2050933837890625
2020-06-23,0.0,0.11358642578125,0.122589111328125,0.0,0.0082244873046875,0.2762832641601562
2020-06-24,0.0326385498046875,0.6337966918945312,1.4721908569335938,0.2432479858398437,1.9600830078125,3.0472488403320312
2020-06-25,0.3427505493164062,1.269073486328125,0.3364791870117187,0.27960205078125,0.558013916015625,0.34210205078125
2020-06-26,0.071685791015625,0.4665603637695312,0.012115478515625,0.0,0.0164413452148437,0.5949172973632812
2020-06-27,0.00848388671875,0.4588470458984375,0.0292816162109375,0.2658233642578125,0.0,0.294891357421875
2020-06-28,0.0250473022460937,0.0673980712890625,0.0302810668945312,0.009796142578125,0.0,0.0256423950195312
2020-06-29,6.402580261230469,5.739517211914063,3.9960708618164062,2.6711578369140625,1.969566345214844,6.3756103515625
2020-06-30,14.640907287597656,13.585418701171877,16.281112670898438,10.256912231445312,4.571128845214844,14.541900634765623
2020-07-01,4.325553894042969,6.213737487792969,5.019866943359375,7.07574462890625,3.140296936035156,6.2025146484375
2020-07-02,4.423751831054688,3.9183502197265625,2.526771545410156,2.8422775268554688,2.0175094604492188,1.4552001953125
2020-07-03,5.500587463378906,15.656341552734377,5.651138305664063,7.7119598388671875,1.2899551391601562,2.49566650390625
2020-07-04,0.0,0.07696533203125,0.072906494140625,0.0166854858398437,0.2464218139648437,0.1720046997070312
2020-07-05,0.0,0.0,0.0,0.0,0.0,0.0
2020-07-06,0.0,0.0,0.0,0.0,0.0,0.0
2020-07-07,0.0,0.29119873046875,0.6651687622070312,0.0,0.053924560546875,0.3759689331054687
2020-07-08,0.26171875,0.7255477905273438,0.65185546875,0.5000839233398438,1.0473785400390625,12.053199768066406
2020-07-09,0.0,0.0083160400390625,0.2176971435546875,0.0146636962890625,0.0,0.0179672241210937
2020-07-10,0.0062026977539062,0.0,0.0,0.0,0.0,0.0641098022460937
2020-07-11,0.0,0.0062255859375,0.00555419921875,0.0,0.0533294677734375,0.0792694091796875
2020-07-12,0.0652618408203125,0.36456298828125,1.2554168701171875,1.10101318359375,0.2678070068359375,3.7555084228515625
2020-07-13,5.9416351318359375,10.108734130859377,20.89222717285156,14.964828491210938,0.081207275390625,25.340576171875
2020-07-14,12.595802307128906,8.539779663085938,17.749359130859375,16.387977600097656,11.506820678710938,27.778839111328125
2020-07-15,8.908058166503906,7.656288146972656,6.025169372558594,2.53729248046875,3.0706329345703125,12.740745544433594
2020-07-16,0.0083465576171875,0.1961441040039062,0.0558853149414062,0.0,0.0256423950195312,0.0141754150390625
2020-07-17,0.03338623046875,1.18060302734375,0.0116119384765625,0.095306396484375,0.0020523071289062,0.0781021118164062
2020-07-18,0.001434326171875,0.0083236694335937,0.0060577392578125,0.0,0.0041122436523437,0.0788192749023437
2020-07-19,6.776771545410156,5.293907165527344,2.6996078491210938,1.1983642578125,0.0,0.7608718872070312
2020-07-20,9.588882446289062,9.142845153808594,5.693870544433594,1.25396728515625,0.0128250122070312,6.304664611816406
2020-07-21,15.343406677246094,14.505355834960938,14.50323486328125,13.296875,4.193183898925781,14.167922973632812
2020-07-22,2.3212127685546875,5.0192718505859375,1.3744049072265625,2.640167236328125,0.3334197998046875,3.6667404174804688
2020-07-23,0.4111785888671875,3.295806884765625,0.0408935546875,0.3207321166992187,0.0,0.069793701171875
2020-07-24,0.0,0.0,0.0,0.0,0.0,0.0
2020-07-25,0.0,0.0,0.0,0.00115966796875,0.0055694580078125,0.0104293823242187
2020-07-26,1.18634033203125,0.3579559326171875,0.2196807861328125,0.0709991455078125,0.1150894165039062,0.7073211669921875
2020-07-27,5.551925659179688,9.763336181640623,4.886001586914063,3.443672180175781,0.9016342163085938,1.54193115234375
2020-07-28,0.9739532470703124,1.1482162475585938,0.3895797729492187,1.4347305297851562,0.0287704467773437,0.2956008911132812
2020-07-29,0.0,0.0,0.0,0.0,0.0,0.0
2020-07-30,0.0,0.004150390625,0.0136795043945312,0.0,0.0008392333984375,0.000946044921875
2020-07-31,1.5786590576171875,3.3792495727539062,1.994384765625,0.2795867919921875,3.790084838867188,0.8732528686523438
2020-08-01,19.626983642578125,29.876724243164062,5.529830932617188,8.794021606445312,7.901779174804687,2.777191162109375
2020-08-02,22.15411376953125,20.96885681152344,12.629745483398438,13.665802001953123,7.000946044921875,10.8939208984375
2020-08-03,4.5633087158203125,2.898101806640625,2.308349609375,2.4094696044921875,0.029754638671875,0.8996353149414062
2020-08-04,4.7608184814453125,4.202964782714844,8.398330688476562,7.123992919921875,0.2379989624023437,6.100143432617188
2020-08-05,4.665718078613281,4.107017517089844,4.9300384521484375,5.750244140625,3.047676086425781,7.5430145263671875
2020-08-06,1.1087722778320312,1.52435302734375,2.0688934326171875,2.8885040283203125,0.48248291015625,4.409477233886719
2020-08-07,0.44866943359375,0.870208740234375,0.3091583251953125,0.4006500244140625,0.184844970703125,0.883026123046875
2020-08-08,1.5738143920898438,2.9425277709960938,6.247016906738281,1.296844482421875,3.5998687744140625,9.124160766601562
2020-08-09,0.2608261108398437,1.0774688720703125,0.4315109252929687,0.3654022216796875,0.7169876098632812,4.596015930175781
2020-08-10,0.0276412963867187,0.5869140625,0.7589340209960938,0.2844696044921875,0.4484024047851562,0.9280624389648438
2020-08-11,3.518463134765625,6.726417541503906,10.427871704101562,5.2416839599609375,0.73590087890625,9.3333740234375
2020-08-12,1.7946701049804688,10.992416381835938,3.8437576293945312,3.134437561035156,0.8904037475585938,19.23731231689453
2020-08-13,0.0090560913085937,0.422943115234375,0.160308837890625,0.0233383178710937,0.2718505859375,1.3653030395507812
2020-08-14,0.8942031860351562,0.7482223510742188,0.6900787353515625,0.018402099609375,0.0498199462890625,0.2454071044921875
2020-08-15,9.614898681640623,13.722518920898438,4.810302734375,2.6262969970703125,3.6060791015625,10.284934997558594
2020-08-16,0.8429794311523438,2.4781036376953125,0.1617965698242187,0.6218795776367188,0.0,0.0139083862304687
2020-08-17,0.0,0.0408935546875,0.0,0.0092086791992187,0.0,0.0
2020-08-18,0.0,0.0,0.0,0.0,0.0,0.0
2020-08-19,0.0615386962890625,0.0007171630859375,0.0899658203125,0.0037384033203125,0.00616455078125,0.3365936279296875
2020-08-20,6.2479248046875,3.6152191162109375,6.052642822265625,5.976333618164063,0.19256591796875,2.3134002685546875
2020-08-21,13.214454650878906,14.588874816894531,4.0760040283203125,7.231826782226562,2.742759704589844,2.260833740234375
2020-08-22,0.0498123168945312,0.0505905151367187,0.0834274291992187,0.1727752685546875,0.086700439453125,0.412078857421875
2020-08-23,0.0,0.0,0.0036468505859375,0.0,0.0441360473632812,0.0512847900390625
2020-08-24,0.1700897216796875,0.051971435546875,0.0,0.115966796875,0.0,0.0897445678710937
2020-08-25,0.0,0.0,7.62939453125e-06,0.0,7.62939453125e-06,0.0
2020-08-26,0.0,0.0,0.0,0.0,0.0,0.0
2020-08-27,0.0,0.0,0.0,0.0,0.0,0.0
2020-08-28,5.466827392578125,9.279541015625,2.9151611328125,1.282928466796875,13.761199951171877,0.89764404296875
2020-08-29,2.275848388671875,1.6591796875,1.371063232421875,0.4415130615234375,0.0,0.603851318359375
2020-08-30,3.0955352783203125,1.012054443359375,0.312255859375,0.910247802734375,0.00640869140625,0.2566986083984375
2020-08-31,0.0,0.0,0.012115478515625,0.0,0.0513763427734375,0.1099700927734375
2020-09-01,0.0,0.0,0.0,0.0,0.0,0.0
2020-09-02,0.0,0.0,0.0,0.0,0.0,0.0
2020-09-03,0.2669143676757812,0.0062255859375,0.0060577392578125,0.0,0.0,0.0
2020-09-04,0.87371826171875,0.758087158203125,0.8601608276367188,0.75128173828125,0.1503143310546875,0.7596969604492188
2020-09-05,0.0,0.0,0.3886566162109375,0.0,0.016937255859375,0.26824951171875
2020-09-06,0.0,0.0,0.0,0.0,0.04315185546875,0.7179718017578125
2020-09-07,0.0,0.0,0.0,0.0,0.0,0.0
2020-09-08,0.0,0.0,0.0,0.0,0.024658203125,0.2692413330078125
2020-09-09,0.0,0.0,0.0,0.0,0.0,0.093536376953125
2020-09-10,0.0,0.0077667236328125,0.0,0.0,0.0,0.0
2020-09-11,0.0,0.0,0.0,0.0,0.00616455078125,0.0056915283203125
2020-09-12,0.2063446044921875,0.2247467041015625,0.38885498046875,0.1367340087890625,0.1779022216796875,0.066009521484375
2020-09-13,12.731307983398438,12.830856323242188,6.9793701171875,3.59564208984375,0.4704132080078125,3.624847412109375
2020-09-14,9.715957641601562,5.154205322265625,6.4007720947265625,7.017669677734375,0.4275665283203125,1.3827743530273438
2020-09-15,0.0,0.0,0.027374267578125,0.0,0.0,0.0
2020-09-16,0.004180908203125,0.0,0.0058135986328125,0.0,0.0,0.007354736328125
2020-09-17,0.6365203857421875,0.004150390625,1.3701934814453125,0.034637451171875,0.0010223388671875,0.696044921875
2020-09-18,0.049835205078125,0.183807373046875,0.183013916015625,0.6796875,0.7507476806640625,3.8044281005859375
2020-09-19,0.177093505859375,0.45159912109375,0.3509063720703125,0.08953857421875,4.266845703125,1.85260009765625
2020-09-20,1.296417236328125,0.4217071533203125,1.851226806640625,0.2613525390625,4.3589935302734375,1.3048095703125
2020-09-21,0.0462570190429687,0.0,0.355926513671875,0.0054550170898437,0.2499923706054687,0.0
2020-09-22,2.6727447509765625,4.0219268798828125,13.928619384765623,10.861602783203123,51.07388305664063,40.54779052734375
2020-09-23,24.134811401367188,22.357147216796875,30.14141845703125,21.617355346679688,99.12472534179688,41.38648986816406
2020-09-24,8.67181396484375,10.35400390625,28.68133544921875,13.972396850585938,81.20449829101562,48.674407958984375
2020-09-25,15.952301025390623,13.572509765625,13.907012939453123,8.361907958984375,32.097869873046875,14.82098388671875
2020-09-26,0.0,0.0072784423828125,0.0139007568359375,0.0146636962890625,0.0845489501953125,0.005950927734375
2020-09-27,0.0,0.0,0.0127716064453125,0.0,0.56109619140625,0.0212249755859375
2020-09-28,0.078094482421875,0.0093994140625,1.00555419921875,0.0549468994140625,26.985260009765625,3.243072509765625
2020-09-29,3.868072509765625,2.159332275390625,38.65606689453125,1.9446563720703125,55.24305725097656,27.50701904296875
2020-09-30,4.5727081298828125,0.775726318359375,40.59564208984375,11.54962158203125,138.58277893066406,88.80026245117188
2020-10-01,0.18475341796875,0.135009765625,6.547332763671875,1.24810791015625,91.33670043945312,49.139984130859375
2020-10-02,0.577606201171875,0.677520751953125,1.19818115234375,0.5745849609375,3.804534912109375,2.567779541015625
2020-10-03,5.76922607421875,6.6622314453125,6.084991455078125,3.4370574951171875,12.677276611328123,4.5198516845703125
2020-10-04,0.430328369140625,1.1163330078125,0.924560546875,0.7569732666015625,0.8001556396484375,2.735107421875
2020-10-05,0.0,0.0,0.0,0.0,0.0,0.0
2020-10-06,0.0,0.0,0.0,0.0,0.0,0.0
2020-10-07,0.0269622802734375,0.0,0.161773681640625,0.0,0.892059326171875,0.0204086303710937
2020-10-08,18.63270568847656,11.502342224121094,18.51914978027344,6.098854064941406,20.26795196533203,11.896446228027344
2020-10-09,12.971603393554688,24.580474853515625,17.401275634765625,28.317626953125,37.09075927734375,27.42030334472656
2020-10-10,1.6661529541015625,0.4337005615234375,1.7267913818359375,0.1786956787109375,6.717529296875,2.069305419921875
2020-10-11,4.583763122558594,5.009147644042969,29.163719177246094,8.877250671386719,80.73306274414062,37.184837341308594
2020-10-12,0.358154296875,1.09429931640625,0.30194091796875,1.08465576171875,7.77294921875,7.647125244140625
2020-10-13,3.056747436523437,4.736297607421875,3.240020751953125,1.009765625,3.0660400390625,1.1295166015625
2020-10-14,1.2233734130859375,2.098541259765625,2.5344696044921875,1.9602203369140625,0.994903564453125,3.925704956054688
2020-10-15,0.0,0.0,0.0060577392578125,0.0,0.0,0.0152587890625
2020-10-16,7.62939453125e-06,0.0,0.0,0.0,0.0,0.0
2020-10-17,0.0,0.0,0.0,0.0,0.0,0.0
2020-10-18,0.0,0.0,0.0,0.0,0.0,0.0
2020-10-19,0.0,0.0,0.0,0.0,0.0,0.0
2020-10-20,0.0,0.0,0.0,0.0,0.0,0.0
2020-10-21,12.30364990234375,10.544883728027344,6.814422607421875,9.734573364257812,5.558128356933594,8.8994140625
2020-10-22,0.014556884765625,0.0,0.1911163330078125,0.0,2.9897003173828125,0.2866592407226562
2020-10-23,0.0,0.0,0.0,0.0,0.0284652709960937,0.0
2020-10-24,1.112579345703125,4.75604248046875,1.48114013671875,1.2863311767578125,2.301918029785156,0.5430831909179688
2020-10-25,0.1137847900390625,0.275299072265625,0.0579299926757812,0.4420318603515625,0.0278854370117187,0.0130462646484375
2020-10-26,0.52166748046875,1.2432479858398438,0.265960693359375,0.6894378662109375,0.0,0.0166091918945312
2020-10-27,0.969146728515625,4.7542877197265625,0.4022293090820312,1.1304855346679688,0.0128173828125,0.1298370361328125
2020-10-28,0.0145416259765625,0.3994293212890625,0.0055465698242187,0.0913238525390625,0.0,0.0
2020-10-29,0.0,0.0,7.62939453125e-06,0.1821746826171875,0.0152664184570312,0.8357162475585938
2020-10-30,1.3479232788085938,3.554481506347656,0.3399505615234375,1.4885101318359375,0.0173187255859375,0.8404159545898438
2020-10-31,0.10101318359375,0.1125946044921875,0.004852294921875,0.0008697509765625,0.0,0.2371826171875
2020-11-01,1.1311416625976562,2.6045074462890625,1.0377349853515625,0.3516998291015625,1.4114151000976562,2.069198608398437
2020-11-02,0.6776580810546875,0.8837432861328125,0.42718505859375,0.5372467041015625,0.0,0.035400390625
2020-11-03,0.0,0.0,0.0,0.0,0.0,0.0
2020-11-04,0.0,0.0,0.0,0.0,0.0,0.0
2020-11-05,0.00726318359375,0.0027618408203125,0.0,0.0,0.0072479248046875,0.0
2020-11-06,0.014190673828125,0.00762939453125,0.0030364990234375,0.005767822265625,0.0,0.001220703125
2020-11-07,0.0283737182617187,0.000701904296875,0.00555419921875,0.0219039916992187,0.0,0.0037918090820312
2020-11-08,0.014556884765625,0.0,0.0,0.0,0.0,0.0
2020-11-09,0.06787109375,0.0173416137695312,2.4399185180664062,1.3140716552734375,0.7060012817382812,0.8526763916015625
2020-11-10,0.0083465576171875,0.0090255737304687,0.0,0.005462646484375,0.0020523071289062,0.0010833740234375
2020-11-11,0.0,0.0,0.0,0.0,0.0,0.0
2020-11-12,0.0982589721679687,0.0083236694335937,0.2391510009765625,0.0,0.5475692749023438,0.0370254516601562
2020-11-13,9.658111572265623,13.976959228515623,13.360374450683594,13.197265625,22.1180419921875,22.42758178710937
2020-11-14,0.6802139282226562,0.701904296875,0.5788803100585938,0.2247772216796875,0.0,0.1476211547851562
2020-11-15,0.0007171630859375,0.022186279296875,0.055145263671875,0.0587310791015625,0.0020599365234375,0.0334930419921875
2020-11-16,5.0902252197265625,10.253082275390623,3.32476806640625,2.51025390625,0.0233306884765625,0.8449249267578125
2020-11-17,1.9728851318359373,3.65655517578125,1.181549072265625,0.565704345703125,0.0,0.157562255859375
2020-11-18,0.0187225341796875,0.026702880859375,0.0490570068359375,0.0179901123046875,0.0,0.0227508544921875
2020-11-19,0.0,0.0,0.0,0.0,0.0,0.0
2020-11-20,0.008697509765625,0.0287628173828125,0.0030364990234375,0.004608154296875,0.0,0.0
2020-11-21,0.0,0.000701904296875,0.0073699951171875,0.003021240234375,0.0,0.000274658203125
2020-11-22,0.0,0.0,0.0,0.0,0.0,0.0
2020-11-23,0.0,0.0,0.0039825439453125,0.0,0.0,0.0
2020-11-24,0.0083465576171875,0.0290985107421875,0.0,0.0,0.0,0.0
2020-11-25,0.7862701416015625,0.605499267578125,1.5644683837890625,0.284912109375,4.3869171142578125,1.6407318115234375
2020-11-26,2.272689819335937,4.428558349609375,4.745864868164063,4.341796875,4.6202239990234375,8.650650024414062
2020-11-27,0.0,0.0,0.0,0.0,0.0,0.0016250610351562
2020-11-28,5.3146514892578125,3.136962890625,20.366912841796875,8.7713623046875,28.8701171875,22.814910888671875
2020-11-29,5.764823913574219,1.3765945434570312,22.824440002441406,6.332450866699219,28.16840362548828,19.151885986328125
2020-11-30,0.2573699951171875,0.13189697265625,4.876220703125,1.37347412109375,12.904830932617188,8.01556396484375
2020-12-01,0.0014190673828125,0.0,0.6461181640625,0.0,1.3239288330078125,0.2468414306640625
2020-12-02,1.624725341796875,0.503204345703125,5.89599609375,2.5184326171875,8.154022216796875,7.0868682861328125
2020-12-03,4.912200927734375,5.166290283203125,15.518646240234377,9.592559814453123,25.049530029296875,17.330169677734375
2020-12-04,0.8548583984375,0.0069580078125,2.51239013671875,0.28082275390625,11.059844970703123,4.92901611328125
2020-12-05,5.18109130859375,2.975738525390625,19.89999389648437,9.802734375,45.19577026367188,31.61236572265625
2020-12-06,0.06243896484375,0.093841552734375,1.3746795654296875,0.28521728515625,4.7943878173828125,3.0697174072265625
2020-12-07,6.4037017822265625,4.9532470703125,7.342971801757812,3.0943756103515625,12.361312866210938,13.07061767578125
2020-12-08,0.4867401123046875,0.319610595703125,0.1888580322265625,0.125518798828125,1.910369873046875,0.8454132080078125
2020-12-09,3.76751708984375,5.944381713867188,2.354827880859375,2.699066162109375,0.1619415283203125,0.553466796875
2020-12-10,2.005706787109375,4.2850189208984375,3.004257202148437,3.98724365234375,0.744903564453125,1.5380706787109375
2020-12-11,0.0003509521484375,0.0003509521484375,0.008331298828125,0.001861572265625,0.0,0.00518798828125
2020-12-12,0.0,0.0,0.0,0.0,0.0,0.0
2020-12-13,0.0,0.0,0.0,0.0,0.0,0.0
2020-12-14,0.0031051635742187,0.0,0.0,0.0,0.0,0.0
2020-12-15,0.0,0.0,0.0,0.0,0.0,0.0
2020-12-16,0.0,0.0,0.0092010498046875,0.03277587890625,0.1959915161132812,0.0384674072265625
2020-12-17,0.0,0.0,0.0,0.0,0.0547943115234375,0.0814361572265625
2020-12-18,0.000701904296875,0.000701904296875,0.076873779296875,0.035980224609375,0.216827392578125,0.0765533447265625
2020-12-19,0.0,0.0,0.016998291015625,0.0,0.0443878173828125,0.0018997192382812
2020-12-20,0.0,0.0155792236328125,0.3174819946289062,0.0103607177734375,6.482696533203125,0.6338577270507812
2020-12-21,4.569694519042969,3.9591140747070312,6.629951477050781,3.2842330932617188,53.41069793701172,27.60877990722656
2020-12-22,21.52220916748047,23.41119384765625,28.301292419433597,22.161773681640625,32.57487487792969,37.994285583496094
2020-12-23,3.1031494140625,4.0449066162109375,4.026710510253906,4.571441650390625,7.402381896972656,12.054328918457031
2020-12-24,0.482421875,0.176422119140625,9.927352905273438,2.5658721923828125,26.574920654296875,13.13592529296875
2020-12-25,23.72198486328125,10.907150268554688,38.75390625,17.47174072265625,87.736083984375,44.01841735839844
2020-12-26,9.084747314453123,8.666854858398438,26.287033081054688,14.461990356445312,72.40756225585938,40.35630798339844
2020-12-27,1.420867919921875,1.505645751953125,7.5147705078125,3.65350341796875,23.57235717773437,14.20306396484375
2020-12-28,0.042999267578125,0.0,1.627532958984375,0.0291900634765625,3.171249389648437,1.047271728515625
2020-12-29,0.1970062255859375,0.000701904296875,3.1588897705078125,0.0529022216796875,4.954360961914063,1.6362152099609375
2020-12-30,2.1878204345703125,0.81597900390625,8.387863159179688,2.4701080322265625,22.325210571289062,17.745437622070312
2020-12-31,0.548919677734375,1.012298583984375,3.1986083984375,2.505767822265625,12.620819091796877,9.469635009765623
2021-01-01,0.0021209716796875,0.0152587890625,1.3121185302734375,0.136383056640625,7.2145843505859375,3.8869781494140634
2021-01-02,2.4615631103515625,2.304290771484375,11.210861206054688,4.2111663818359375,25.203414916992188,24.028976440429688
2021-01-03,0.336151123046875,0.6521759033203125,1.4581146240234375,1.297088623046875,6.0093536376953125,7.6564788818359375
2021-01-04,0.0431060791015625,0.165863037109375,0.630645751953125,1.0573272705078125,0.53607177734375,5.9607696533203125
2021-01-05,2.7812042236328125,3.2775115966796875,5.7798614501953125,7.14129638671875,17.260040283203125,16.115219116210938
2021-01-06,18.173324584960938,19.25244140625,34.686920166015625,19.83447265625,66.14138793945312,62.1434326171875
2021-01-07,3.3702850341796875,5.26220703125,6.245529174804688,4.147735595703125,19.53231811523437,23.172409057617188
2021-01-08,0.480133056640625,3.14581298828125,1.026641845703125,1.53741455078125,3.485809326171875,7.6839599609375
2021-01-09,1.89501953125,2.70709228515625,1.2205810546875,1.4445343017578125,0.48822021484375,1.956634521484375
2021-01-10,4.484619140625,6.27313232421875,4.963302612304688,4.602447509765625,5.844161987304688,4.895721435546875
2021-01-11,1.5984039306640625,3.087310791015625,1.1414642333984375,1.78948974609375,0.0212860107421875,0.27203369140625
2021-01-12,1.227630615234375,2.0912628173828125,0.9593353271484376,1.169921875,0.020263671875,0.19610595703125
2021-01-13,1.203643798828125,1.968292236328125,0.287200927734375,0.551239013671875,0.0,0.0177001953125
2021-01-14,0.020751953125,0.015960693359375,0.00555419921875,0.0060577392578125,0.0,0.0010833740234375
2021-01-15,0.3502349853515625,0.511962890625,0.1915740966796875,0.334869384765625,0.0148773193359375,0.0422515869140625
2021-01-16,0.0,0.0,0.542449951171875,0.02850341796875,1.3512115478515625,0.5496673583984375
2021-01-17,0.028564453125,0.01739501953125,2.225692749023437,0.6586456298828125,20.371841430664062,6.5826263427734375
2021-01-18,4.786224365234375,2.1903228759765625,22.150619506835938,9.074981689453123,54.28086853027344,27.784988403320312
2021-01-19,1.091461181640625,1.4426422119140625,15.809677124023438,9.462539672851562,60.31303405761719,37.31309509277344
2021-01-20,7.322433471679687,7.23541259765625,14.660247802734377,8.157745361328125,40.80903625488281,30.801193237304688
2021-01-21,11.792770385742188,12.942611694335938,27.677963256835938,16.066421508789062,39.79576110839844,37.8873291015625
2021-01-22,14.237548828125,21.1446533203125,28.690841674804688,30.909103393554688,37.21034240722656,42.17762756347656
2021-01-23,0.12542724609375,1.147369384765625,0.027374267578125,0.0440673828125,0.0,0.0128173828125
2021-01-24,1.49371337890625,1.496978759765625,2.293212890625,1.117889404296875,3.700042724609375,1.7969970703125
2021-01-25,6.724868774414063,6.37139892578125,3.013458251953125,4.18414306640625,10.592132568359377,6.872100830078125
2021-01-26,4.742843627929688,3.096771240234375,13.394172668457031,7.058174133300781,28.944854736328125,13.40448760986328
2021-01-27,4.897613525390625,3.783882141113281,16.25487518310547,6.405670166015625,44.49177551269531,20.766944885253903
2021-01-28,1.4103851318359375,2.6185073852539062,2.363243103027344,1.1217422485351562,14.9434814453125,11.392822265625
2021-01-29,1.318023681640625,3.029037475585937,1.24371337890625,1.0657730102539062,6.73773193359375,3.2920379638671875
2021-01-30,0.0,0.020782470703125,0.060943603515625,0.0,0.5139923095703125,0.0204010009765625
2021-01-31,0.0,0.0062332153320312,0.0992507934570312,0.0,0.3004074096679687,0.0147171020507812
2021-02-01,0.0,0.0,0.0,0.0,0.0,0.0
2021-02-02,0.0,0.0,0.0,0.0,0.0,0.0
2021-02-03,1.9089279174804688,0.7764968872070312,5.963249206542969,2.0495147705078125,10.259506225585938,4.647682189941406
2021-02-04,13.656219482421877,8.117904663085938,29.68628692626953,25.514732360839844,79.87970733642578,43.22499084472656
2021-02-05,1.8431167602539065,1.5859832763671875,11.90875244140625,6.89605712890625,56.66812133789063,27.138351440429688
2021-02-06,8.629287719726562,4.039474487304688,29.754714965820312,12.094619750976562,48.23077392578125,30.97325134277344
2021-02-07,12.352508544921877,11.078506469726562,21.781295776367188,19.11265563964844,39.40866088867188,33.80845642089844
2021-02-08,0.0,0.014556884765625,0.0092010498046875,0.0,0.0342559814453125,0.108428955078125
2021-02-09,0.0,0.0,0.0152587890625,0.0092010498046875,0.075836181640625,0.4363555908203125
2021-02-10,1.3432693481445312,2.1177902221679688,1.3447952270507812,1.436370849609375,0.8495635986328125,1.5747222900390625
2021-02-11,0.4111480712890625,1.0884246826171875,0.7403717041015625,0.8820953369140625,0.1260223388671875,0.4807891845703125
2021-02-12,0.0,0.0,0.0,0.0,0.0,0.0
2021-02-13,1.192718505859375,2.2061004638671875,0.9884796142578124,0.4184417724609375,0.498443603515625,0.3102264404296875
2021-02-14,0.0166778564453125,0.1212921142578125,0.06103515625,0.1203460693359375,0.0128173828125,0.0275421142578125
2021-02-15,7.62939453125e-06,7.62939453125e-06,0.0,0.0,0.0,0.0
2021-02-16,0.0,0.0,0.0092010498046875,0.0,0.0338592529296875,0.0
2021-02-17,0.0,0.015960693359375,0.0,0.02191162109375,0.0,0.0
2021-02-18,0.0,0.0,0.0,0.0,0.0,0.0
2021-02-19,0.0,0.0,0.0,0.0,0.0010223388671875,0.001220703125
2021-02-20,0.0,0.0,0.0,0.0,0.0,0.0
2021-02-21,0.0,0.0,0.0,0.0,0.0,0.0
2021-02-22,0.0,0.00311279296875,0.0,0.0,0.0,0.0
2021-02-23,0.08612060546875,1.0079498291015625,0.3522491455078125,0.1260986328125,0.0,0.0194549560546875
2021-02-24,0.0234909057617187,0.0152587890625,0.0813140869140625,0.005462646484375,0.0,0.0198135375976562
2021-02-25,0.0243072509765625,0.1275634765625,0.0208053588867187,0.0420455932617187,0.0,7.62939453125e-06
2021-02-26,0.0236053466796875,0.014556884765625,0.02081298828125,0.037689208984375,0.0,0.0
2021-02-27,0.0,0.0,0.0,0.0,0.0,0.0
2021-02-28,0.0,0.0,0.0,0.0,0.0,0.0
2021-03-01,0.049102783203125,0.0934829711914062,0.0164947509765625,0.0,0.61102294921875,0.0018997192382812
2021-03-02,1.3306808471679688,1.973419189453125,1.971282958984375,1.1468353271484375,1.054901123046875,3.67816162109375
2021-03-03,0.0,0.0,0.0,0.0,0.0,0.0
2021-03-04,0.0,0.0,0.0,0.0,0.0,0.0
2021-03-05,6.129364013671875,3.979415893554688,5.541549682617188,1.1257553100585938,0.2020797729492187,1.054931640625
2021-03-06,8.059829711914062,10.481849670410156,14.22966766357422,11.751480102539062,19.86766815185547,26.85015869140625
2021-03-07,0.0083465576171875,0.0,0.0324249267578125,0.005462646484375,0.0128173828125,0.0291595458984375
2021-03-08,0.2653636932373047,0.2321605682373047,1.594013214111328,0.4646797180175781,1.4611930847167969,0.2263107299804687
2021-03-09,0.7148895263671875,1.014617919921875,1.900672912597656,0.3221435546875,10.147354125976562,3.8768844604492183
2021-03-10,1.3599777221679688,0.5082626342773438,2.4488677978515625,0.3145370483398437,8.372917175292969,3.821357727050781
2021-03-11,7.737815856933594,9.069969177246094,12.879974365234377,12.954734802246094,8.55438232421875,12.866317749023438
2021-03-12,0.8883590698242188,2.620918273925781,1.080413818359375,1.0010223388671875,0.2843399047851562,3.039497375488281
2021-03-13,1.4214553833007812,1.5450515747070312,1.4765090942382812,1.7457122802734375,0.4504165649414062,0.8621749877929688
2021-03-14,2.1413345336914062,2.951972961425781,0.9513626098632812,1.0403594970703125,0.0131988525390625,0.0128173828125
2021-03-15,0.8592987060546875,1.0256576538085938,3.153144836425781,3.1181182861328125,0.977569580078125,2.9550704956054688
2021-03-16,19.061325073242188,13.844932556152344,33.77257537841797,14.966232299804688,52.44950866699219,41.042327880859375
2021-03-17,4.96636962890625,6.5692138671875,6.525917053222656,8.797523498535156,9.001617431640625,15.50347900390625
2021-03-18,11.94952392578125,14.692337036132812,10.408424377441406,7.014938354492188,7.437637329101562,8.76727294921875
2021-03-19,0.4130325317382812,0.8349456787109375,0.4354629516601562,0.3712692260742187,0.023345947265625,0.19854736328125
2021-03-20,2.7498779296875,5.5753326416015625,1.6813812255859375,2.475936889648437,0.1389617919921875,1.1691436767578125
2021-03-21,0.0471878051757812,0.00762939453125,0.0469818115234375,0.0237503051757812,0.0,0.00640869140625
2021-03-22,0.0090560913085937,0.0159683227539062,0.0076217651367187,0.0087890625,0.0064010620117187,0.0
2021-03-23,0.004180908203125,0.0,0.0,0.0,0.0,0.0
2021-03-24,0.0128631591796875,0.1178817749023437,0.0,0.0030288696289062,0.147430419921875,0.0128250122070312
2021-03-25,0.1083984375,0.162994384765625,0.0134353637695312,0.0640640258789062,0.037811279296875,0.0218048095703125
2021-03-26,0.0,0.0,0.002777099609375,0.01092529296875,0.0,0.0
2021-03-27,1.546844482421875,0.8900146484375,0.9535064697265624,0.6153564453125,0.100860595703125,1.300048828125
2021-03-28,0.0,0.0,0.0,0.003021240234375,0.0,0.0
2021-03-29,4.688117980957031,5.525161743164063,0.2225112915039062,1.8004302978515625,0.2025680541992187,0.0
2021-03-30,3.3058090209960938,6.682334899902344,7.0785064697265625,6.226341247558594,8.496345520019531,5.584129333496094
2021-03-31,2.816070556640625,6.860862731933594,9.464607238769531,8.438201904296875,6.993095397949219,15.925300598144531
2021-04-01,0.0381317138671875,0.076324462890625,0.0573883056640625,0.0823516845703125,0.0,0.0128173828125
2021-04-02,4.569259643554688,4.273468017578125,6.538520812988281,2.2259979248046875,20.17333984375,9.243171691894531
2021-04-03,4.7498321533203125,6.627212524414063,9.4990234375,6.270515441894531,8.403617858886719,12.46379852294922
2021-04-04,0.4392623901367187,1.1905670166015625,0.1864166259765625,0.4813461303710937,0.1479263305664062,0.2835006713867187
2021-04-05,0.0,0.0,0.004608154296875,0.0,0.0,0.0061416625976562
2021-04-06,0.0,0.0,0.0,0.0,0.0,0.0
2021-04-07,0.8095855712890625,0.1722335815429687,3.1357574462890625,1.314910888671875,1.3712844848632812,2.6624526977539062
2021-04-08,0.00274658203125,0.003814697265625,0.0,0.0067672729492187,0.0010299682617187,0.02166748046875
2021-04-09,1.1566314697265625,0.418701171875,1.29052734375,0.2481689453125,0.9277801513671876,0.5085601806640625
2021-04-10,3.1807861328125,5.26123046875,6.2469635009765625,8.50604248046875,14.48681640625,19.395278930664062
2021-04-11,0.44012451171875,0.6529083251953125,2.8028717041015625,1.789703369140625,9.312210083007812,11.726226806640623
2021-04-12,0.0,0.0145492553710937,0.0,0.0,0.0,0.0119171142578125
2021-04-13,3.19195556640625,3.369979858398437,5.841339111328125,6.1201019287109375,4.2171783447265625,11.160675048828123
2021-04-14,0.9197845458984376,1.0623779296875,0.917938232421875,0.4036407470703125,0.8820648193359375,0.8111572265625
2021-04-15,5.978439331054688,4.75494384765625,5.9442138671875,9.714599609375,7.556076049804687,16.665359497070312
2021-04-16,3.5232162475585938,3.4413986206054688,2.7204513549804688,2.374702453613281,6.2643585205078125,2.0889892578125
2021-04-17,0.6469039916992188,0.945281982421875,0.2518157958984375,0.67620849609375,0.4697036743164062,0.0128173828125
2021-04-18,2.02685546875,1.5672531127929688,5.048385620117188,0.6115646362304688,8.657768249511719,3.0917510986328125
2021-04-19,1.7654647827148438,3.4494400024414062,4.07415771484375,4.1383209228515625,17.594207763671875,12.11298370361328
2021-04-20,0.0,0.0,0.03607177734375,0.042266845703125,0.0169296264648437,0.1947555541992187
2021-04-21,0.0,0.0,0.0,0.0,0.0,0.0
2021-04-22,0.8126068115234375,0.3040237426757812,3.4183425903320312,1.5671844482421875,0.4421310424804687,1.39984130859375
2021-04-23,0.7658157348632812,0.70440673828125,1.359710693359375,3.739227294921875,1.13525390625,1.2339706420898438
2021-04-24,3.154579162597656,4.625656127929688,6.012367248535156,6.4088897705078125,5.466651916503906,2.0639572143554688
2021-04-25,0.504241943359375,0.7973251342773438,0.05908203125,0.00677490234375,0.7117080688476562,0.0743484497070312
2021-04-26,1.6865348815917969,1.4717903137207031,0.0952186584472656,0.0717849731445312,0.0,0.0
2021-04-27,0.0007095336914062,0.0,0.1396408081054687,0.0224380493164062,0.6333236694335938,0.1505126953125
2021-04-28,0.0097503662109375,0.22186279296875,0.2758026123046875,0.1376190185546875,0.750457763671875,0.2034149169921875
2021-04-29,0.1457901000976562,0.62713623046875,0.1325149536132812,0.031646728515625,0.50592041015625,0.1050872802734375
2021-04-30,0.1845169067382812,0.2366256713867187,1.7119369506835938,1.5482635498046875,1.0548934936523438,0.58740234375
2021-05-01,1.0460205078125,1.5618438720703125,0.329803466796875,0.4300460815429687,0.8981399536132812,0.9981231689453124
2021-05-02,1.3466873168945312,1.5613784790039062,0.3684921264648437,0.1085357666015625,5.627738952636719,1.0191650390625
2021-05-03,0.0,0.0145492553710937,0.0,0.0,0.0,0.0
2021-05-04,8.403778076171875,9.96527099609375,6.588127136230469,5.485603332519531,0.6742477416992188,3.0345230102539062
2021-05-05,0.0,0.0,0.0,0.0,0.0,0.0
2021-05-06,0.0,0.0,0.0,0.0,0.0,0.0
2021-05-07,0.0,7.62939453125e-06,0.0,0.0221481323242187,0.0719375610351562,0.24774169921875
2021-05-08,5.0929107666015625,5.6416778564453125,6.749771118164063,1.79168701171875,12.621932983398438,8.887191772460938
2021-05-09,0.7465972900390625,3.6705169677734375,5.1844482421875,0.4961700439453125,17.561355590820312,4.8587188720703125
2021-05-10,0.66497802734375,0.8228759765625,1.1556396484375,0.8322906494140625,3.035018920898437,2.2783355712890625
2021-05-11,12.50518798828125,11.91777801513672,15.75360870361328,5.269386291503906,20.58740234375,5.999412536621094
2021-05-12,7.047050476074219,11.38617706298828,5.029533386230469,6.908363342285156,10.548095703125,9.470916748046877
2021-05-13,1.0453643798828125,2.42718505859375,0.7370071411132812,0.1954498291015625,2.283119201660156,1.1954269409179688
2021-05-14,3.8572921752929688,3.0856857299804688,1.6098480224609375,1.885833740234375,1.95294189453125,1.7470703125
2021-05-15,4.752845764160156,12.79155731201172,8.020011901855469,2.5874252319335938,4.622581481933594,3.8178558349609375
2021-05-16,0.1326217651367187,1.4101104736328125,0.4539718627929687,0.3516845703125,0.2203750610351562,0.3522186279296875
2021-05-17,0.5093536376953125,2.419746398925781,0.3524551391601562,1.1999435424804688,0.3431015014648437,0.0613021850585937
2021-05-18,0.0,0.0,0.0036468505859375,0.0,0.0,0.0
2021-05-19,0.0,0.0,0.0,0.0060577392578125,0.0,0.0
2021-05-20,0.0541458129882812,0.03118896484375,0.0060501098632812,0.0,0.0016708374023437,0.0
2021-05-21,0.0,7.62939453125e-06,0.0,7.62939453125e-06,0.0,0.0
2021-05-22,1.3757858276367188,1.442047119140625,0.1284561157226562,0.4704742431640625,0.0041122436523437,0.2445068359375
2021-05-23,0.5651016235351562,1.9364700317382808,0.2876205444335937,0.3245468139648437,0.0558090209960937,0.3584442138671875
2021-05-24,0.0569992065429687,0.1969528198242187,0.4493484497070312,0.0523681640625,2.79290771484375,4.915000915527344
2021-05-25,3.70361328125,6.152496337890625,5.647178649902344,4.977073669433594,1.6510086059570312,5.972251892089844
2021-05-26,0.4219894409179687,0.5477981567382812,0.0181732177734375,0.1044998168945312,0.0,0.0512847900390625
2021-05-27,17.94078826904297,25.186363220214844,17.393508911132812,19.652099609375,16.426063537597656,20.212501525878903
2021-05-28,1.7339859008789062,4.713127136230469,9.919235229492188,1.3002853393554688,0.8436508178710938,11.710372924804688
2021-05-29,0.0,0.0083236694335937,0.007293701171875,0.0638198852539062,0.0410995483398437,0.5569992065429688
2021-05-30,0.0,0.0,0.1236648559570312,0.0,1.7367324829101562,0.0747528076171875
2021-05-31,0.0,0.0,0.0,0.0,0.0,0.0
2021-06-01,0.0,0.0,0.0583724975585937,0.0,0.0318145751953125,0.013275146484375
2021-06-02,3.0269851684570312,5.5196380615234375,9.140220642089844,3.4262619018554688,2.5174789428710938,7.188201904296875
2021-06-03,8.200477600097656,10.03350067138672,6.0423126220703125,4.745941162109375,15.20905303955078,14.208610534667969
2021-06-04,0.1770858764648437,0.2884979248046875,1.1828384399414062,0.5954437255859375,1.0067138671875,2.5410614013671875
2021-06-05,0.0035324096679687,0.1562881469726562,0.5902023315429688,0.6465072631835938,0.8066940307617188,2.5145492553710938
2021-06-06,6.1808624267578125,8.896186828613281,6.396728515625,5.263816833496094,0.1754684448242187,8.408439636230469
2021-06-07,7.213325500488281,4.338096618652344,4.6175689697265625,3.7356033325195312,1.3681640625,8.759223937988281
2021-06-08,4.742759704589844,8.092491149902344,2.7287521362304688,5.83294677734375,0.8117446899414062,8.364952087402344
2021-06-09,3.151885986328125,6.141937255859375,5.336097717285156,4.971427917480469,1.0482254028320312,11.106697082519531
2021-06-10,0.1317214965820312,1.7688751220703125,0.0280685424804687,0.2769012451171875,0.0,0.0351715087890625
2021-06-11,0.0083465576171875,0.0437545776367187,0.0055618286132812,0.0054550170898437,0.0,0.0
2021-06-12,0.0,0.0,0.0,0.0,0.0106658935546875,0.0113754272460937
2021-06-13,0.0400772094726562,0.0,0.7921066284179688,0.0406112670898437,0.25531005859375,1.4272842407226562
2021-06-14,0.10699462890625,0.4911117553710937,0.4017257690429687,0.1183395385742187,0.7585906982421875,0.5624160766601562
2021-06-15,2.4301910400390625,4.730918884277344,3.636672973632813,9.78961181640625,0.3534774780273437,7.884971618652344
2021-06-16,0.9359664916992188,1.6947708129882812,1.5712661743164062,1.7339096069335938,0.0700531005859375,0.7548065185546875
2021-06-17,1.06927490234375,1.668701171875,6.390060424804688,4.478965759277344,1.1052398681640625,6.033203125
2021-06-18,0.0,0.0021209716796875,0.133087158203125,0.0112228393554687,0.0,1.8948974609375
2021-06-19,0.0041732788085937,0.0045089721679687,0.0070114135742187,0.0018768310546875,0.0,0.00189208984375
2021-06-20,0.0,0.0,0.0863037109375,0.0037384033203125,0.0738906860351562,0.3066253662109375
2021-06-21,0.2061538696289062,0.0007095336914062,1.0140304565429688,0.044891357421875,0.0,0.7764892578125
2021-06-22,2.354530334472656,1.1368026733398438,1.7836761474609375,0.8389053344726562,0.17181396484375,1.9207229614257808
2021-06-23,0.231292724609375,0.7312393188476562,1.5016098022460938,0.6032867431640625,0.2949295043945312,0.8488006591796875
2021-06-24,0.0,0.0,0.0,0.0,0.0041122436523437,0.193206787109375
2021-06-25,0.0,0.0,0.0,0.0,0.0,0.0185089111328125
2021-06-26,0.0021209716796875,0.0959930419921875,0.0842742919921875,0.3358154296875,0.0,0.5660247802734375
2021-06-27,0.88580322265625,3.707595825195313,0.0802459716796875,0.0166778564453125,0.0,0.0
2021-06-28,4.94781494140625,9.70941162109375,4.4144439697265625,3.007659912109375,0.2706756591796875,3.5539703369140625
2021-06-29,4.690284729003906,7.987709045410156,15.949188232421877,3.272186279296875,4.887619018554688,18.18865966796875
2021-06-30,0.0,0.0,0.8760910034179688,0.0,6.206832885742188,2.9269943237304688
2021-07-01,1.684295654296875,2.480377197265625,9.963333129882812,1.410003662109375,4.702194213867188,20.05415344238281
2021-07-02,0.5077667236328125,4.085708618164063,0.165435791015625,0.7916412353515625,0.0,0.08251953125
2021-07-03,0.0,0.0,0.0,0.0,0.0,0.0
2021-07-04,0.0,0.0,0.0,0.0,0.0,0.0
2021-07-05,0.0069961547851562,0.53143310546875,0.0154647827148437,0.0,0.0,0.2090072631835937
2021-07-06,23.04511260986328,4.50897216796875,3.0683822631835938,1.8605499267578125,1.2848968505859375,6.104034423828125
2021-07-07,4.3235931396484375,5.4063720703125,0.429656982421875,4.576690673828125,0.30413818359375,4.59075927734375
2021-07-08,1.850738525390625,7.188980102539063,14.33234405517578,8.374946594238281,0.9098892211914062,18.871658325195312
2021-07-09,0.0,0.0340194702148437,0.0989990234375,0.0037460327148437,0.00616455078125,0.3759613037109375
2021-07-10,0.0,0.018035888671875,0.0,0.0,0.0074386596679687,0.0
2021-07-11,0.1201858520507812,0.065826416015625,0.1839370727539062,7.62939453125e-06,1.1570281982421875,0.3409271240234375
2021-07-12,3.1612548828125,15.130386352539062,1.264251708984375,1.026519775390625,0.0272064208984375,0.252532958984375
2021-07-13,12.29302978515625,33.043731689453125,2.732391357421875,15.8585205078125,0.256927490234375,12.642059326171877
2021-07-14,28.510574340820312,34.24730682373047,18.627914428710938,30.836875915527344,24.504966735839844,20.35004425048828
2021-07-15,12.128059387207031,13.99676513671875,12.544281005859377,8.750541687011719,6.7137451171875,10.886062622070312
2021-07-16,4.99420166015625,18.957183837890625,6.2450103759765625,6.210723876953125,1.4254150390625,17.094955444335938
2021-07-17,0.1195602416992187,0.4786758422851562,0.2627105712890625,0.4228973388671875,0.0,0.0
2021-07-18,0.0,0.0,0.0,0.0,7.62939453125e-06,0.0
2021-07-19,0.070068359375,0.0853195190429687,0.023223876953125,0.0486831665039062,0.0020523071289062,0.0037918090820312
2021-07-20,0.0,0.0104827880859375,0.0060577392578125,0.012115478515625,0.0,0.0
2021-07-21,0.0077743530273437,0.0,0.0960159301757812,0.005462646484375,0.0,0.1882400512695312
2021-07-22,0.84844970703125,0.0935745239257812,0.5153121948242188,0.2650833129882812,0.0,1.6880340576171875
2021-07-23,0.0062026977539062,0.0,0.0060501098632812,0.0,7.62939453125e-06,0.0279922485351562
2021-07-24,0.2573394775390625,0.7490997314453125,0.176849365234375,0.0,0.0,0.102569580078125
2021-07-25,0.0,0.0,0.0,0.0027313232421875,0.0,0.0
2021-07-26,0.0,0.0,0.003021240234375,0.0030364990234375,0.0,0.0
2021-07-27,0.0,0.0083160400390625,0.0,0.0,0.0,0.0
2021-07-28,0.0,0.0,0.0060577392578125,0.0,0.0,0.0
2021-07-29,0.0145492553710937,0.7666168212890625,0.007293701171875,0.0,0.0,0.0
2021-07-30,0.0751266479492187,0.13311767578125,0.0,0.0,0.0,0.0
2021-07-31,0.6724166870117188,0.64630126953125,0.0363388061523437,0.007476806640625,0.0205535888671875,0.0128250122070312
2021-08-01,5.883453369140625,9.318641662597656,8.981636047363281,2.0279312133789062,16.203201293945312,17.006492614746094
2021-08-02,1.5988616943359375,1.7685623168945312,3.0997543334960938,2.3879318237304688,3.044464111328125,3.6190338134765625
2021-08-03,0.0,0.0,0.0,0.0,0.0,0.0
2021-08-04,0.0,0.0,0.0,0.0,0.0,0.0
2021-08-05,0.007781982421875,0.0838165283203125,0.0,0.02423095703125,0.0,0.307708740234375
2021-08-06,0.6528244018554688,0.9291305541992188,0.0055618286132812,0.6499176025390625,0.0,0.1930313110351562
2021-08-07,1.700042724609375,4.5723876953125,2.1234588623046875,3.3504791259765625,0.1538238525390625,7.8657379150390625
2021-08-08,0.227996826171875,0.1401214599609375,0.00555419921875,0.0060577392578125,0.0,0.0641021728515625
2021-08-09,0.0,0.0,0.0,0.0,0.0,0.0901947021484375
2021-08-10,0.0,0.0,0.0,0.0,0.0,0.0
2021-08-11,1.52587890625e-05,0.0,0.0,0.0,0.0,0.0
2021-08-12,0.0,0.0062255859375,0.026702880859375,0.0,0.0,0.130126953125
2021-08-13,9.728729248046877,8.722412109375,0.898834228515625,0.083770751953125,0.0,0.115386962890625
2021-08-14,5.200202941894531,11.042243957519531,9.750358581542969,3.640182495117188,11.576492309570312,15.804115295410156
2021-08-15,0.0,0.0,0.0,0.0,0.0,0.0147247314453125
2021-08-16,0.0,0.000701904296875,0.2679977416992187,0.0460128784179687,0.0,1.5443115234375
2021-08-17,0.0,0.0152969360351562,0.0432052612304687,0.0074844360351562,0.066680908203125,0.2820663452148437
2021-08-18,0.0,0.0,0.0,0.0,0.0,0.0
2021-08-19,3.814697265625e-06,0.0,0.0109405517578125,3.814697265625e-06,3.814697265625e-06,0.0403556823730468
2021-08-20,9.131057739257812,5.847862243652344,3.0476531982421875,0.7941665649414062,0.0631256103515625,0.3399810791015625
2021-08-21,11.602066040039062,22.15306854248047,15.349456787109377,10.312278747558594,9.113983154296877,23.12078094482422
2021-08-22,0.3961639404296875,1.4957962036132812,4.10406494140625,4.520072937011719,3.721649169921875,11.04534912109375
2021-08-23,0.6148452758789062,0.581268310546875,0.1454849243164062,0.0,0.0912704467773437,0.0
2021-08-24,1.861656188964844,1.907440185546875,3.7339096069335938,0.044586181640625,2.9418182373046875,1.4881210327148438
2021-08-25,6.789268493652344,4.363761901855469,15.996742248535156,6.798912048339844,7.169181823730469,12.277687072753906
2021-08-26,0.0028305053710937,0.0,0.1063156127929687,0.0,0.0,0.13299560546875
2021-08-27,0.0,0.0,0.0412216186523437,0.0,0.0,0.0
2021-08-28,0.9581222534179688,3.65869140625,2.293907165527344,0.8573379516601562,0.6826324462890625,0.645111083984375
2021-08-29,0.02838134765625,0.494964599609375,0.0844192504882812,0.08062744140625,0.0,0.0016250610351562
2021-08-30,0.0,0.0,0.0,0.0,0.0,0.0
2021-08-31,2.619049072265625,2.849700927734375,4.64117431640625,8.62347412109375,17.623519897460938,10.09771728515625
2021-09-01,0.0083465576171875,0.1547393798828125,0.3434600830078125,0.0721893310546875,0.1763916015625,0.0641021728515625
2021-09-02,0.067138671875,0.0565261840820312,0.0076370239257812,0.002166748046875,0.022125244140625,0.0061492919921875
2021-09-03,0.0,0.0,0.0,0.0,0.0,0.0
2021-09-04,0.0,0.0,0.0,0.0,0.0,0.0
2021-09-05,0.0021209716796875,0.111785888671875,0.7143096923828125,0.0362701416015625,0.2499847412109375,0.864501953125
2021-09-06,0.5655517578125,0.0332794189453125,0.2542572021484375,0.0,4.752655029296875,1.091796875
2021-09-07,0.0,0.0035400390625,0.24835205078125,0.0,0.5980758666992188,1.6465606689453125
2021-09-08,0.0,0.009033203125,0.1065521240234375,0.0984344482421875,2.22406005859375,2.3265838623046875
2021-09-09,0.0014190673828125,0.0532684326171875,0.19879150390625,0.1186065673828125,0.090667724609375,0.1139373779296875
2021-09-10,0.0,0.0,0.0351715087890625,0.0,0.024658203125,0.1599884033203125
2021-09-11,0.0,0.0880889892578125,0.0,0.0,0.042083740234375,0.27203369140625
2021-09-12,0.1091995239257812,0.1133346557617187,0.5705795288085938,0.30999755859375,0.2939834594726562,0.6512527465820312
2021-09-13,0.3251724243164062,0.7519302368164062,0.2906646728515625,0.0135345458984375,0.0,1.3205718994140625
2021-09-14,6.656730651855469,11.593124389648438,12.344703674316406,3.25262451171875,25.819259643554688,26.01792907714844
2021-09-15,0.2200546264648437,0.3661956787109375,1.9546127319335935,0.1607131958007812,11.177719116210938,5.8324127197265625
2021-09-16,2.0261688232421875,2.6197662353515625,5.45550537109375,0.4633636474609375,3.56890869140625,8.23211669921875
2021-09-17,0.984283447265625,1.6482925415039062,0.6028366088867188,0.0152587890625,0.0,1.41680908203125
2021-09-18,1.334869384765625,0.8668975830078125,1.627349853515625,1.0608139038085938,0.6597671508789062,4.5738372802734375
2021-09-19,0.0,7.62939453125e-06,0.0,7.62939453125e-06,0.004119873046875,0.0209426879882812
2021-09-20,0.0,0.0,0.0,0.0,0.0,0.0
2021-09-21,0.0,0.0,0.0,0.0,0.0,0.0
2021-09-22,0.001068115234375,0.0,0.0018157958984375,0.0,0.0,0.0330047607421875
2021-09-23,0.3992691040039062,3.3055343627929688,0.463714599609375,0.2355499267578125,0.034942626953125,4.97772216796875
2021-09-24,4.2222747802734375,11.365386962890623,3.63665771484375,2.9377899169921875,1.4580078125,10.406875610351562
2021-09-25,4.6107177734375,5.667633056640625,5.5428314208984375,5.946372985839844,7.314903259277344,3.7238922119140634
2021-09-26,5.230018615722656,6.043495178222656,8.5155029296875,5.7971038818359375,12.60553741455078,10.595466613769531
2021-09-27,0.9383392333984376,1.087799072265625,1.1245956420898438,3.2240447998046875,0.5372314453125,2.279632568359375
2021-09-28,0.0,0.0,0.0,0.0,0.0,0.0
2021-09-29,0.0,0.0,0.0,0.0,0.0,0.0
2021-09-30,0.0,7.62939453125e-06,7.62939453125e-06,0.0,7.62939453125e-06,0.0
2021-10-01,0.4482879638671875,0.215972900390625,0.410888671875,0.0963592529296875,5.1106719970703125,0.7226715087890625
2021-10-02,4.642181396484375,3.28424072265625,4.7136077880859375,1.1226654052734375,22.27552795410156,3.513397216796875
2021-10-03,20.57244873046875,8.593902587890625,23.234603881835938,7.8709716796875,26.18760681152344,15.520263671875
2021-10-04,6.1448516845703125,5.529556274414063,8.49310302734375,4.54498291015625,6.252166748046875,5.6979827880859375
2021-10-05,2.9084014892578125,4.010910034179688,3.070281982421875,2.6082916259765625,0.933258056640625,2.566390991210937
2021-10-06,20.167938232421875,21.02691650390625,20.641159057617188,24.06829833984375,28.057403564453125,37.08988952636719
2021-10-07,0.15185546875,0.237945556640625,0.67340087890625,0.4191131591796875,0.0333709716796875,0.7254638671875
2021-10-08,1.062286376953125,2.85076904296875,0.46429443359375,1.33056640625,0.08221435546875,0.524261474609375
2021-10-09,0.85601806640625,1.9463348388671875,0.597930908203125,0.4991302490234375,0.3553619384765625,1.5961151123046875
2021-10-10,7.8259735107421875,14.184127807617188,16.945632934570312,17.570297241210938,17.324508666992188,23.495819091796875
2021-10-11,3.796669006347656,5.6507720947265625,4.598274230957031,3.711639404296875,0.777496337890625,1.2279739379882812
2021-10-12,0.61358642578125,1.1979827880859375,0.65118408203125,0.92901611328125,0.0,0.2085723876953125
2021-10-13,0.863006591796875,0.8686065673828125,0.1660308837890625,0.3575439453125,0.1730499267578125,0.382598876953125
2021-10-14,0.0,0.0069427490234375,0.0036468505859375,0.0,0.03082275390625,0.0607757568359375
2021-10-15,0.0228958129882812,7.62939453125e-06,0.00555419921875,0.0121078491210937,0.0,0.0005416870117187
2021-10-16,0.0,0.0041656494140625,0.0,0.0030288696289062,0.0,0.0
2021-10-17,0.0,0.0,1.052032470703125,0.0081939697265625,5.3110198974609375,0.8026580810546875
2021-10-18,7.774909973144531,10.181533813476562,13.396743774414062,12.55229949951172,34.79484558105469,19.156219482421875
2021-10-19,4.4835052490234375,7.944732666015625,14.246383666992188,9.888931274414062,9.952011108398438,19.59437561035156
2021-10-20,0.396331787109375,0.6663970947265625,0.6896209716796875,0.3650665283203125,0.1213226318359375,0.696441650390625
2021-10-21,0.0,0.0,0.0,0.0,0.0,0.0
2021-10-22,0.00274658203125,0.0,0.0,0.0060577392578125,0.001220703125,0.007080078125
2021-10-23,0.0003509521484375,0.0,0.0,0.0027313232421875,0.0010223388671875,0.00518798828125
2021-10-24,0.0152587890625,0.0,0.00555419921875,0.00604248046875,0.0,1.52587890625e-05
2021-10-25,0.0,1.52587890625e-05,0.0772857666015625,0.0210113525390625,0.465423583984375,0.0294189453125
2021-10-26,0.0,0.0,0.0,0.0,0.0,0.0
2021-10-27,0.0,0.0,0.01007080078125,0.0,0.1380157470703125,0.6145172119140625
2021-10-28,1.2686309814453125,2.301483154296875,4.9389190673828125,1.844482421875,36.16731262207031,17.607421875
2021-10-29,8.405166625976562,10.472305297851562,28.20172119140625,13.579513549804688,40.25108337402344,41.426177978515625
2021-10-30,2.591537475585937,3.67010498046875,19.959991455078125,1.390960693359375,37.731475830078125,18.642364501953125
2021-10-31,0.2461395263671875,0.027801513671875,5.363067626953125,0.183837890625,11.58612060546875,1.185821533203125
2021-11-01,5.655120849609375,3.062957763671875,5.983856201171875,0.8306732177734375,7.5286102294921875,2.9014892578125
2021-11-02,11.806777954101562,7.180709838867188,17.616989135742188,2.7130584716796875,17.361221313476562,3.157211303710937
2021-11-03,0.1817626953125,6.27276611328125,1.01556396484375,0.44964599609375,0.005523681640625,0.17828369140625
2021-11-04,0.7229766845703125,2.672149658203125,0.140045166015625,0.1732025146484375,0.17498779296875,0.04296875
2021-11-05,14.68951416015625,11.392288208007812,15.721817016601562,8.624359130859375,4.46710205078125,4.967437744140625
2021-11-06,0.0037994384765625,0.0121612548828125,0.012725830078125,0.05572509765625,0.0,0.0833282470703125
2021-11-07,0.0165863037109375,0.116424560546875,0.04095458984375,0.0650482177734375,0.0,0.012969970703125
2021-11-08,0.0,0.0,0.0,0.0,0.0,0.0128173828125
2021-11-09,0.00762939453125,0.0,0.0,0.0030364990234375,0.0,0.0
2021-11-10,4.4940338134765625,2.5306854248046875,2.2291717529296875,2.542709350585937,3.003814697265625,3.75494384765625
2021-11-11,0.1360702514648437,0.0155868530273437,0.0222625732421875,0.010650634765625,0.1643142700195312,0.5601425170898438
2021-11-12,0.0087127685546875,0.038543701171875,0.0161285400390625,0.067352294921875,0.0,0.0346221923828125
2021-11-13,2.150848388671875,0.5655517578125,2.2776336669921875,0.2116851806640625,1.275604248046875,1.83416748046875
2021-11-14,1.50933837890625,2.286102294921875,1.8234405517578125,1.99884033203125,1.0946044921875,3.2624664306640625
2021-11-15,0.1202545166015625,0.7507476806640625,0.4410247802734375,0.468048095703125,0.0,0.2411956787109375
2021-11-16,0.0170364379882812,0.3218994140625,0.0858230590820312,0.0656280517578125,0.00640869140625,0.0057373046875
2021-11-17,0.0,0.0,0.12872314453125,0.00115966796875,1.712982177734375,0.3957290649414062
2021-11-18,1.5719223022460938,1.213623046875,5.121376037597656,3.6113128662109375,17.16529083251953,25.02720642089844
2021-11-19,2.4190216064453125,2.487777709960937,2.621078491210937,2.312446594238281,4.80230712890625,7.218902587890625
2021-11-20,0.0833282470703125,0.1661224365234375,0.1244659423828125,0.136138916015625,0.0,0.1569671630859375
2021-11-21,0.0083465576171875,0.009033203125,0.0728836059570312,0.0152587890625,0.5051116943359375,0.0973358154296875
2021-11-22,7.34765625,5.496734619140625,26.686294555664062,9.29718017578125,49.05082702636719,44.03485107421875
2021-11-23,0.748870849609375,0.4345855712890625,11.975448608398438,3.4298095703125,45.454925537109375,43.94097900390625
2021-11-24,9.855361938476562,9.05987548828125,37.53643798828125,9.571929931640623,50.77757263183594,37.1953125
2021-11-25,5.529022216796875,8.884490966796875,11.77117919921875,7.043304443359375,13.235595703125,20.825653076171875
2021-11-26,0.694122314453125,1.42144775390625,1.837005615234375,1.88177490234375,1.513397216796875,3.303680419921875
2021-11-27,0.0083465576171875,0.0152587890625,0.850250244140625,0.01092529296875,3.1957244873046875,1.32452392578125
2021-11-28,1.362701416015625,0.2451324462890625,12.501602172851562,2.312744140625,35.620330810546875,22.090255737304688
2021-11-29,31.531051635742188,15.591262817382812,26.52084350585937,10.742210388183594,36.002197265625,25.78058624267578
2021-11-30,0.0850830078125,0.184173583984375,0.42803955078125,0.218017578125,0.0082244873046875,0.4310455322265625
2021-12-01,4.167755126953125,7.4482574462890625,19.546173095703125,10.315826416015623,43.969970703125,36.53132629394531
2021-12-02,10.382598876953123,11.557479858398438,15.567520141601562,11.637344360351562,19.20452880859375,18.175796508789062
2021-12-03,1.3142242431640625,3.16650390625,1.581817626953125,2.44683837890625,0.138763427734375,0.788177490234375
2021-12-04,0.097869873046875,0.1057891845703125,0.04742431640625,0.1174774169921875,0.0,0.0
2021-12-05,16.5172119140625,11.651596069335938,36.03244018554688,25.94154357910156,46.99351501464844,42.124420166015625
2021-12-06,0.21392822265625,0.48980712890625,1.381866455078125,1.279205322265625,16.745925903320312,13.182601928710938
2021-12-07,9.082077026367188,12.923263549804688,18.91981506347656,17.601852416992188,32.56597900390625,46.21600341796875
2021-12-08,12.52264404296875,21.408279418945312,12.089263916015623,14.60650634765625,4.91754150390625,8.330291748046875
2021-12-09,1.34722900390625,1.8477630615234373,0.43377685546875,0.8664093017578125,0.0,0.0391387939453125
2021-12-10,0.36676025390625,0.1865386962890625,0.1517486572265625,0.24407958984375,0.0,0.0
2021-12-11,0.2022247314453125,0.203887939453125,0.166168212890625,0.2616424560546875,0.0,0.0139007568359375
2021-12-12,2.0011138916015625,4.613937377929688,1.2699737548828125,1.118316650390625,0.0276947021484375,0.0954437255859375
2021-12-13,1.8046875,3.671585083007813,0.9015960693359376,1.89776611328125,0.0276947021484375,0.3699188232421875
2021-12-14,8.437774658203125,13.497299194335938,5.908935546875,6.6536407470703125,0.6669921875,2.264007568359375
2021-12-15,0.65264892578125,1.129852294921875,1.05108642578125,0.955322265625,0.1665496826171875,0.344451904296875
2021-12-16,0.41925048828125,0.8675384521484375,0.0982666015625,0.1335906982421875,0.0,0.0037841796875
2021-12-17,0.628387451171875,1.06475830078125,0.3336181640625,0.6849517822265625,0.0,0.0384674072265625
2021-12-18,0.0045318603515625,0.0003509521484375,0.01031494140625,0.0048980712890625,0.1071319580078125,0.1327362060546875
2021-12-19,0.0330047607421875,0.0506134033203125,0.823883056640625,0.047607421875,2.6068572998046875,1.0944366455078125
2021-12-20,0.0,0.0031280517578125,0.447906494140625,0.0184478759765625,2.6438446044921875,0.4943084716796875
2021-12-21,0.0003509521484375,0.0003662109375,0.9705963134765624,0.0194091796875,7.3291168212890625,4.50787353515625
2021-12-22,0.2938079833984375,0.065582275390625,6.802543640136719,1.1029205322265625,43.14330291748047,22.95478057861328
2021-12-23,5.244293212890625,5.7786712646484375,17.695327758789062,8.01177978515625,63.89112854003906,45.44145202636719
2021-12-24,6.274749755859375,9.891830444335938,15.56231689453125,7.2897796630859375,29.67808532714844,19.881759643554688
2021-12-25,0.0007171630859375,0.000701904296875,0.00555419921875,0.027374267578125,0.0,0.0062255859375
2021-12-26,0.6196746826171875,1.630828857421875,0.679901123046875,1.641632080078125,0.004119873046875,0.67071533203125
2021-12-27,0.1313629150390625,0.8436431884765625,0.0990142822265625,0.266357421875,0.0,0.0384674072265625
2021-12-28,0.582061767578125,1.3338165283203125,0.0995941162109375,0.8180999755859375,0.0,0.0256500244140625
2021-12-29,0.0,0.0,0.0,0.0060577392578125,0.0,0.0
2021-12-30,0.0,0.0,0.022552490234375,0.0,0.2444915771484375,0.00433349609375
2021-12-31,0.0,0.0062408447265625,0.4869537353515625,0.0,3.99810791015625,0.376129150390625
2022-01-01,1.7879104614257812,0.167877197265625,4.6844635009765625,0.1450347900390625,10.345443725585938,1.3285980224609375
2022-01-02,3.086944580078125,5.652923583984375,4.033126831054688,1.7493362426757812,8.647102355957031,1.742919921875
2022-01-03,2.2139892578125,2.8232879638671875,2.675086975097656,2.0565109252929688,5.418785095214844,6.300827026367188
2022-01-04,3.2766647338867188,7.236526489257812,5.371849060058594,5.2004241943359375,10.335968017578123,11.268638610839844
2022-01-05,0.6012420654296875,1.4326400756835938,0.6564102172851562,1.350341796875,0.534942626953125,4.204879760742188
2022-01-06,7.602996826171875,11.277252197265623,6.201446533203125,7.781829833984375,0.31048583984375,3.5525054931640625
2022-01-07,5.880538940429688,10.434616088867188,4.492111206054688,2.506683349609375,4.214599609375,7.337783813476562
2022-01-08,0.3394622802734375,0.408447265625,0.4165191650390625,0.52655029296875,0.0,0.0468597412109375
2022-01-09,0.0741729736328125,0.016632080078125,0.0222320556640625,0.0662689208984375,0.0,0.0
2022-01-10,0.0030975341796875,0.0,0.0039825439453125,0.0015869140625,0.0,0.0
2022-01-11,0.167999267578125,0.494415283203125,0.153839111328125,0.1453399658203125,0.0,0.024200439453125
2022-01-12,0.009063720703125,0.0,0.0,0.0060577392578125,0.0288543701171875,0.0
2022-01-13,0.0,0.0,0.0,0.0,0.0160369873046875,0.0
2022-01-14,0.957427978515625,1.5138397216796875,1.297454833984375,1.4154510498046875,0.117706298828125,1.0704803466796875
2022-01-15,0.0909576416015625,0.067626953125,0.02081298828125,0.0864181518554687,0.0,0.0
2022-01-16,7.33917236328125,8.029495239257812,7.16455078125,5.52215576171875,4.369796752929688,2.5642852783203125
2022-01-17,1.0533447265625,2.22711181640625,2.7362823486328125,2.7341537475585938,8.176437377929688,16.353904724121094
2022-01-18,1.5314865112304688,3.1247482299804688,0.988739013671875,1.4730072021484375,0.1234893798828125,0.5121231079101562
2022-01-19,1.5757293701171875,2.4410858154296875,1.266357421875,1.4741363525390625,0.0533294677734375,0.645751953125
2022-01-20,0.526336669921875,1.2630767822265625,1.1831817626953125,0.7795791625976562,0.0702667236328125,0.237548828125
2022-01-21,0.6877517700195312,1.5676422119140625,0.5948104858398438,0.7263641357421875,0.0074386596679687,0.3219757080078125
2022-01-22,0.464813232421875,0.7964935302734375,0.3068389892578125,0.4411773681640625,0.0,0.1083984375
2022-01-23,0.011810302734375,0.0128555297851562,0.0138092041015625,0.0341339111328125,0.0010299682617187,0.0
2022-01-24,0.2573318481445312,0.9310989379882812,1.6757736206054688,0.3993911743164062,0.3863677978515625,0.5175323486328125
2022-01-25,0.6308746337890625,1.48760986328125,0.5490875244140625,0.7813262939453125,0.00640869140625,0.175262451171875
2022-01-26,0.4055023193359375,1.864532470703125,0.6976165771484375,1.087005615234375,0.0095062255859375,0.3610992431640625
2022-01-27,0.0792694091796875,0.0485687255859375,5.1265716552734375,0.564483642578125,15.16302490234375,10.383712768554688
2022-01-28,5.647499084472656,10.100296020507812,12.59601593017578,12.000335693359377,13.790565490722656,16.94355010986328
2022-01-29,1.641815185546875,2.9746170043945312,1.7188034057617188,2.2970504760742188,0.063995361328125,1.164642333984375
2022-01-30,2.2044677734375,4.3837738037109375,1.7433624267578125,3.231414794921875,0.15557861328125,1.734100341796875
2022-01-31,0.0,0.0,0.0051116943359375,0.0030364990234375,0.2923126220703125,0.013946533203125
2022-02-01,0.2868499755859375,0.5142974853515625,1.4180755615234375,0.2215118408203125,0.982086181640625,0.7230224609375
2022-02-02,0.071502685546875,0.34869384765625,0.21295166015625,0.15911865234375,0.0020599365234375,0.061492919921875
2022-02-03,7.159210205078125,9.773361206054688,9.351829528808594,7.529541015625,9.020645141601562,10.225830078125
2022-02-04,2.2964859008789062,4.325248718261719,3.1656723022460938,3.6576156616210938,0.9376983642578124,2.1192779541015625
2022-02-05,0.2257766723632812,0.8758316040039062,0.2776412963867187,0.7189407348632812,0.0128250122070312,0.3390350341796875
2022-02-06,0.0,7.62939453125e-06,0.0,0.0,0.0,0.0
2022-02-07,0.0,0.0,0.0076217651367187,0.0,0.0,0.0061416625976562
2022-02-08,1.27972412109375,2.717529296875,2.0308380126953125,0.7485198974609375,0.0062255859375,0.141204833984375
2022-02-09,0.0007095336914062,0.017547607421875,0.5904693603515625,0.1898117065429687,2.525917053222656,2.1787567138671875
2022-02-10,0.1912460327148437,0.0911941528320312,0.2112274169921875,0.0,8.277717590332031,4.7673187255859375
2022-02-11,0.0072784423828125,0.0,0.0499114990234375,0.0015716552734375,1.481903076171875,0.9513168334960938
2022-02-12,4.577156066894531,4.755012512207031,19.47846984863281,7.069450378417969,44.02385711669922,30.47443389892578
2022-02-13,0.0,0.0,0.0073013305664062,0.0,0.153106689453125,0.167572021484375
2022-02-14,2.31463623046875,5.888916015625,0.9895477294921876,2.810005187988281,0.0,0.2800750732421875
2022-02-15,0.0,0.2362213134765625,0.0,0.0018768310546875,0.00762939453125,0.005462646484375
2022-02-16,3.2335739135742188,3.148712158203125,1.8990325927734373,1.41412353515625,11.125999450683594,5.095008850097656
2022-02-17,5.025062561035156,4.7015533447265625,8.061874389648438,5.064353942871094,13.427734375,9.455215454101562
2022-02-18,6.350143432617188,15.303298950195312,18.537643432617188,17.451171875,16.638153076171875,18.76216125488281
2022-02-19,1.4084548950195312,3.979583740234375,1.081085205078125,2.7027130126953125,0.0338592529296875,1.123565673828125
2022-02-20,0.6648941040039062,1.4670257568359375,0.9407958984375,1.1736221313476562,0.1374435424804687,0.589813232421875
2022-02-21,0.0,0.0,0.0,0.0,0.0,0.0
2022-02-22,2.759124755859375,3.5766525268554688,3.1510467529296875,0.5740127563476562,3.2724685668945312,1.5362625122070312
2022-02-23,14.678619384765623,19.44806671142578,26.748069763183597,20.458351135253903,19.315185546875,31.712631225585938
2022-02-24,5.207893371582031,13.819236755371094,6.688270568847656,5.789848327636719,0.509429931640625,2.7311553955078125
2022-02-25,0.722137451171875,1.7993927001953125,0.8214874267578125,1.3034210205078125,0.0297393798828125,0.48486328125
2022-02-26,0.0124130249023437,0.0,0.0,0.0074844360351562,0.0,0.0
2022-02-27,0.0,7.62939453125e-06,0.0189056396484375,0.0054550170898437,0.0,0.0
2022-02-28,0.0,0.0436859130859375,0.0244598388671875,0.005462646484375,0.00152587890625,0.0187835693359375
2022-03-01,0.3053359985351562,0.5135650634765625,1.6133270263671875,1.824127197265625,0.760223388671875,5.124717712402344
2022-03-02,2.3408966064453125,1.5434799194335938,7.470649719238281,5.048683166503906,6.376495361328125,11.734466552734377
2022-03-03,3.127754211425781,5.196769714355469,7.096244812011719,2.737884521484375,2.5241012573242188,10.445327758789062
2022-03-04,1.6924591064453125,2.2338790893554688,3.2435302734375,2.105331420898437,5.576141357421875,6.56219482421875
2022-03-05,1.52593994140625,4.367347717285156,1.0182571411132812,2.612144470214844,0.039581298828125,0.7978057861328125
2022-03-06,0.448089599609375,1.286041259765625,0.790740966796875,0.7370758056640625,0.0138473510742187,0.196380615234375
2022-03-07,0.0455245971679687,0.1106491088867187,0.2764968872070312,0.1318588256835937,0.0074386596679687,0.1227493286132812
2022-03-08,0.000701904296875,0.0,0.0820159912109375,0.03912353515625,0.0,0.0403594970703125
2022-03-09,0.0,0.0,0.0,0.0,0.0,0.0
2022-03-10,0.0,0.0,0.0,0.0,0.0,0.0
2022-03-11,0.0,1.52587890625e-05,1.52587890625e-05,0.0,0.0,0.0
2022-03-12,0.6848907470703125,1.1923675537109375,0.457855224609375,0.5803070068359375,0.0128173828125,0.025634765625
2022-03-13,0.2196121215820312,0.1373367309570312,0.5862045288085938,0.4555587768554687,0.0102767944335937,0.8426666259765625
2022-03-14,0.0034637451171875,0.0045166015625,0.04486083984375,0.0152587890625,0.0,0.0064239501953125
2022-03-15,0.014556884765625,0.0582733154296875,0.2446365356445312,0.0572891235351562,7.62939453125e-06,0.0916366577148437
2022-03-16,0.0,0.0,0.0,0.0,0.0,0.0
2022-03-17,0.009063720703125,0.15594482421875,0.1724090576171875,0.2708282470703125,0.0,0.0128173828125
2022-03-18,0.0,0.0045166015625,0.003021240234375,0.0007171630859375,0.0,0.0
2022-03-19,0.0,0.0,0.040771484375,0.0314788818359375,0.0,0.00640869140625
2022-03-20,0.0,0.0,0.0,0.0,0.0,0.0
2022-03-21,0.0,0.0,0.0,0.0,0.0,0.0
2022-03-22,0.0,0.0,0.0,0.0,0.0384521484375,0.03485107421875
2022-03-23,0.0003509521484375,0.0007095336914062,0.31951904296875,0.2153167724609375,0.3630523681640625,0.38824462890625
2022-03-24,0.0,0.0,0.0018234252929687,0.0087890625,0.984375,0.5790176391601562
2022-03-25,0.0,0.0038223266601562,0.0,0.0037384033203125,0.0,0.0
2022-03-26,1.9716262817382808,1.961219787597656,3.905563354492188,2.991668701171875,5.426155090332031,2.38092041015625
2022-03-27,2.183700561523437,1.0738296508789062,21.98990631103516,7.750518798828125,54.229888916015625,32.01268005371094
2022-03-28,1.3016815185546875,3.896331787109375,10.852020263671877,5.47113037109375,45.73989868164063,40.996917724609375
2022-03-29,0.913818359375,2.8607330322265625,5.0652618408203125,3.122283935546875,29.15264892578125,15.671188354492188
2022-03-30,2.764739990234375,3.011932373046875,3.11529541015625,2.9615936279296875,2.4209442138671875,3.772537231445313
2022-03-31,6.4007568359375,7.5211181640625,13.614913940429688,6.588714599609375,17.7255859375,11.135299682617188
2022-04-01,0.0041656494140625,0.0,0.3610687255859375,0.2798919677734375,0.06610107421875,0.1394500732421875
2022-04-02,0.2099838256835937,0.16461181640625,2.19329833984375,3.5937042236328125,0.0,0.0
2022-04-03,3.1798858642578125,8.930885314941406,10.757728576660156,8.596542358398438,16.59807586669922,15.74469757080078
2022-04-04,0.0,0.0,0.1529006958007812,0.0,0.5949859619140625,0.0111007690429687
2022-04-05,4.354530334472656,3.2046051025390625,8.211868286132812,2.0622329711914062,18.830978393554688,9.386833190917969
2022-04-06,9.03662109375,12.164909362792969,8.052703857421875,7.336883544921875,9.739898681640623,10.209724426269531
2022-04-07,0.0,0.0,0.0,0.0092086791992187,0.0,0.0147171020507812
2022-04-08,0.0,0.0,0.0,0.0,0.0,0.0
2022-04-09,0.0,0.0,0.0,0.0,0.0,0.0
2022-04-10,0.0,0.0,0.0,0.0,0.0,0.0
2022-04-11,0.0166702270507812,0.0589141845703125,0.017669677734375,0.0,0.0,0.0
2022-04-12,9.623085021972656,13.79412841796875,11.010246276855469,7.013587951660156,0.998748779296875,3.0581817626953125
2022-04-13,1.3675918579101562,4.461112976074219,3.3110809326171875,1.5373916625976562,0.059600830078125,1.329681396484375
2022-04-14,1.1389846801757812,1.1131134033203125,0.8945770263671875,0.6846084594726562,0.0156402587890625,0.2351150512695312
2022-04-15,1.868614196777344,3.4871597290039062,1.87054443359375,1.6908187866210938,4.9574127197265625,7.79876708984375
2022-04-16,2.55731201171875,2.4553375244140625,5.363227844238281,3.1387252807617188,10.417976379394531,5.926315307617188
2022-04-17,0.0,0.0,0.0,0.0,0.0,0.0
2022-04-18,6.544898986816406,3.9403228759765625,11.675148010253906,10.359588623046877,34.60420227050781,28.349899291992188
2022-04-19,0.3639755249023437,0.754547119140625,0.39642333984375,0.341400146484375,5.5888519287109375,1.0022735595703125
2022-04-20,0.0021209716796875,0.0590667724609375,0.0702972412109375,0.1028671264648437,0.0074462890625,7.62939453125e-06
2022-04-21,0.1960220336914062,0.1046829223632812,0.1470794677734375,0.053558349609375,0.496978759765625,0.092987060546875
2022-04-22,2.8467788696289062,0.9044342041015624,1.5721282958984375,1.9475173950195312,0.5074844360351562,0.0763702392578125
2022-04-23,0.0278244018554687,0.1316070556640625,0.0845184326171875,0.0,0.0,0.0
2022-04-24,1.62127685546875,4.830867767333984,2.118492126464844,1.2217674255371094,0.0,0.19610595703125
2022-04-25,0.2897911071777344,0.6988067626953125,0.5246391296386719,0.1852951049804687,0.0,0.0128211975097656
2022-04-26,0.0,0.004241943359375,0.0,0.0060577392578125,0.0164413452148437,0.0
2022-04-27,4.8305206298828125,5.28607177734375,5.07293701171875,7.228034973144531,11.596336364746094,10.06976318359375
2022-04-28,5.99114990234375,4.071784973144531,13.453407287597656,8.310546875,15.83837890625,9.556320190429688
2022-04-29,4.2730255126953125,4.2864990234375,4.100128173828125,1.5633010864257812,4.850715637207031,2.8521957397460938
2022-04-30,0.30841064453125,0.7463302612304688,1.0949325561523438,0.3212890625,0.4809341430664062,0.4046249389648437
2022-05-01,1.3978729248046875,0.7372589111328125,2.714935302734375,0.5274200439453125,0.613006591796875,1.0407180786132812
2022-05-02,7.4202117919921875,5.865211486816406,6.785469055175781,3.6379470825195312,6.070060729980469,7.790069580078125
2022-05-03,15.561981201171877,16.626869201660156,8.575645446777344,4.1016998291015625,6.1371002197265625,2.2275314331054688
2022-05-04,0.62506103515625,0.6155319213867188,0.0109481811523437,0.0,3.502845764160156,0.0
2022-05-05,0.0300674438476562,0.0207977294921875,0.1991653442382812,0.1761550903320312,1.2407760620117188,0.4379425048828125
2022-05-06,0.7617950439453125,0.3546905517578125,1.7228851318359375,3.873245239257813,5.8182373046875,1.8764801025390625
2022-05-07,0.3189163208007812,0.8779144287109375,0.5888671875,0.4655990600585937,0.566680908203125,0.7566146850585938
2022-05-08,0.0,0.0,0.0,0.0,0.2472991943359375,0.28765869140625
2022-05-09,0.1117782592773437,1.2374954223632812,0.1209793090820312,0.4295806884765625,0.944366455078125,0.213623046875
2022-05-10,7.753021240234375,10.9237060546875,10.204513549804688,8.840301513671875,7.3217315673828125,9.982101440429688
2022-05-11,0.0069122314453125,0.0021209716796875,0.0588836669921875,0.2669601440429687,3.5428695678710938,7.302253723144531
2022-05-12,0.0021209716796875,0.0,0.31903076171875,0.005462646484375,0.1749801635742187,0.5597915649414062
2022-05-13,4.162750244140625,5.218238830566406,2.000396728515625,0.2017822265625,1.37664794921875,0.5605392456054688
2022-05-14,0.625701904296875,2.9306869506835938,0.3639450073242187,0.4177169799804687,0.0547103881835937,0.67156982421875
2022-05-15,0.0,0.0,0.0,0.0,0.0,0.0
2022-05-16,0.0,0.0,0.0,0.0,0.0,0.0
2022-05-17,0.01861572265625,0.000701904296875,0.0655899047851562,0.0,0.0185012817382812,0.1218795776367187
2022-05-18,0.030517578125,0.0874710083007812,0.221343994140625,0.0673294067382812,2.41143798828125,10.217430114746094
2022-05-19,3.7933578491210938,9.44135284423828,10.495346069335938,3.681350708007813,4.432388305664063,8.938926696777344
2022-05-20,0.0084800720214843,0.0373878479003906,0.8361015319824219,0.0279617309570312,0.0,0.0256423950195312
2022-05-21,0.0,0.3213348388671875,0.0,0.0,0.0,0.0
2022-05-22,0.1502227783203125,0.0109634399414062,0.0,0.0,0.0,0.0769271850585937
2022-05-23,5.065650939941406,4.472602844238281,5.555633544921875,4.877372741699219,0.0041122436523437,9.618507385253906
2022-05-24,11.654930114746094,12.379539489746094,3.32666015625,10.218162536621094,0.0709075927734375,4.8663177490234375
2022-05-25,3.474449157714844,3.747802734375,5.690452575683594,6.731056213378906,8.90130615234375,9.986473083496094
2022-05-26,0.2613525390625,0.4524688720703125,1.6236801147460938,0.3158416748046875,8.451347351074219,2.733642578125
2022-05-27,0.860015869140625,1.6729278564453125,0.530364990234375,0.4510421752929687,0.0,0.33642578125
2022-05-28,0.07037353515625,0.3737030029296875,0.1910400390625,0.0680999755859375,0.0290145874023437,0.7109832763671875
2022-05-29,0.0,0.0,0.0182418823242187,0.0,0.0457077026367187,1.0950088500976562
2022-05-30,1.5792617797851562,1.5271530151367188,0.2747344970703125,0.3805999755859375,0.314453125,1.5966644287109375
2022-05-31,2.378646850585937,3.3862838745117188,4.828651428222656,2.8572006225585938,8.936813354492188,9.457595825195312
2022-06-01,0.0163192749023437,0.10980224609375,0.275390625,0.1509628295898437,0.0010299682617187,0.2417449951171875
2022-06-02,3.2550582885742188,0.9988021850585938,4.780494689941406,4.068595886230469,1.344573974609375,2.5560760498046875
2022-06-03,2.9453201293945312,4.9708404541015625,7.432929992675781,3.995651245117188,1.3386383056640625,9.513526916503906
2022-06-04,13.00493621826172,14.310684204101562,6.504188537597656,10.682640075683594,5.20684814453125,7.0435943603515625
2022-06-05,10.464584350585938,23.21915435791016,16.050682067871094,19.788375854492188,10.6373291015625,14.434944152832031
2022-06-06,19.478103637695312,28.9271240234375,9.523307800292969,12.474105834960938,4.228004455566406,4.107154846191406
2022-06-07,6.586860656738281,9.601280212402344,6.139884948730469,9.410118103027344,0.0518646240234375,2.2807159423828125
2022-06-08,1.8752899169921875,6.3118743896484375,2.764129638671875,4.9019927978515625,0.5201416015625,2.050384521484375
2022-06-09,0.0,0.140899658203125,0.7944183349609375,1.489715576171875,0.295928955078125,2.26678466796875
2022-06-10,1.0727691650390625,0.0312347412109375,1.587890625,0.3985137939453125,1.6283416748046875,2.854248046875
2022-06-11,0.0,0.0,0.0,0.0,0.0123291015625,0.0019073486328125
2022-06-12,0.0,0.0,0.0,0.0,0.0020523071289062,0.0223007202148437
2022-06-13,8.078529357910156,2.757659912109375,8.129913330078125,3.8012008666992183,1.0572891235351562,2.8571014404296875
2022-06-14,0.2997512817382812,0.7338333129882812,0.0973663330078125,0.2205123901367187,0.0,0.102569580078125
2022-06-15,0.0,0.0,0.0,0.0,0.0,0.0
2022-06-16,0.0003585815429687,0.0027618408203125,0.0002517700195312,0.0018692016601562,0.0053787231445312,0.0
2022-06-17,0.2189254760742187,0.7634353637695312,0.0856475830078125,0.138824462890625,0.0238800048828125,0.3746109008789062
2022-06-18,0.0027542114257812,0.0233306884765625,0.1421890258789062,0.065460205078125,0.0552978515625,0.0265426635742187
2022-06-19,0.6613235473632812,2.5228347778320312,3.0279693603515625,2.6771163940429688,0.5384292602539062,7.384613037109375
2022-06-20,0.0908203125,0.025665283203125,0.19024658203125,0.1864776611328125,0.0,0.0121917724609375
2022-06-21,10.479583740234377,4.5312347412109375,4.7159271240234375,6.420578002929688,0.0384674072265625,8.720321655273438
2022-06-22,0.041717529296875,1.5573577880859375,0.0403594970703125,0.001007080078125,0.044830322265625,0.1107330322265625
2022-06-23,0.1607208251953125,1.514129638671875,0.0545806884765625,0.3510284423828125,0.00860595703125,0.254791259765625
2022-06-24,0.0,0.0,0.0,0.0,0.0,0.0
2022-06-25,0.2642974853515625,0.4722137451171875,0.3373260498046875,0.5737762451171875,0.623077392578125,1.9083404541015625
2022-06-26,0.068572998046875,0.33306884765625,0.0060577392578125,0.05450439453125,0.0,0.0294342041015625
2022-06-27,0.0,0.0106048583984375,0.542510986328125,0.1405410766601562,0.9210052490234376,2.434532165527344
2022-06-28,1.06231689453125,0.50006103515625,0.2822113037109375,0.25909423828125,0.2096405029296875,2.042755126953125
2022-06-29,0.4752731323242187,1.1990585327148438,0.1678009033203125,0.06768798828125,0.0356292724609375,0.3371429443359375
2022-06-30,2.3520278930664062,0.8354949951171875,1.3316192626953125,2.2513351440429688,0.4267959594726562,1.725067138671875
2022-07-01,0.11968994140625,0.12396240234375,1.4915390014648438,0.2002716064453125,0.1585006713867187,2.6262359619140625
2022-07-02,1.2518997192382812,2.0860366821289062,2.176597595214844,0.7797622680664062,2.524253845214844,3.4186935424804688
2022-07-03,0.0,0.0,0.0148849487304687,0.013092041015625,0.0020599365234375,0.0204086303710937
2022-07-04,16.46184539794922,19.04308319091797,11.86920928955078,13.0419921875,2.42364501953125,9.8370361328125
2022-07-05,8.869216918945312,26.877105712890625,9.810813903808594,12.769432067871094,12.843132019042969,20.68592071533203
2022-07-06,1.4399566650390625,3.5603790283203125,1.0224609375,2.297714233398437,0.0582275390625,2.439300537109375
2022-07-07,0.0083465576171875,0.0443649291992187,0.044036865234375,0.005462646484375,0.0020599365234375,0.0160675048828125
2022-07-08,0.02978515625,0.1845550537109375,0.0,0.0224456787109375,0.0,0.0113754272460937
2022-07-09,0.0,0.0,0.0,0.0060577392578125,0.0,0.0
2022-07-10,0.0,0.0,0.0,0.0,0.0,0.0
2022-07-11,0.0,0.0,0.0121078491210937,0.0,0.0,0.0
2022-07-12,0.6594619750976562,1.35601806640625,2.2553634643554688,0.451751708984375,0.0466766357421875,1.253936767578125
2022-07-13,4.295684814453125,4.315803527832031,1.16796875,0.3188400268554687,1.201812744140625,15.237785339355469
2022-07-14,0.0,0.0,0.0,0.0,0.0,0.0
2022-07-15,0.0,0.0,0.0,0.0,0.0,0.0
2022-07-16,0.0,0.0,0.0,0.0,0.0,0.0
2022-07-17,0.0,0.0,0.0,0.0,0.0,0.0
2022-07-18,0.0,0.0014114379882812,0.0,0.0,0.0020523071289062,2.925117492675781
2022-07-19,0.0,0.0,0.0,0.0,0.0,0.0256423950195312
2022-07-20,1.1222686767578125,2.3731231689453125,1.28912353515625,0.433868408203125,1.1515350341796875,4.271675109863281
2022-07-21,0.0,0.0,0.0867462158203125,0.0037460327148437,0.0071945190429687,0.84619140625
2022-07-22,1.1295623779296875,2.9647979736328125,0.0109024047851562,0.0112228393554687,0.0,0.0448760986328125
2022-07-23,2.265289306640625,2.993759155273437,12.78533172607422,2.3502960205078125,0.061065673828125,6.885459899902344
2022-07-24,0.0594253540039062,0.1232986450195312,0.5013427734375,0.4236602783203125,0.2108001708984375,3.24505615234375
2022-07-25,0.0208663940429687,0.259979248046875,0.1261520385742187,0.1558609008789062,0.1821136474609375,0.57952880859375
2022-07-26,0.197509765625,1.7943572998046875,0.0127334594726562,0.0,0.0,0.0192337036132812
2022-07-27,0.2764511108398437,1.1541290283203125,0.5361328125,0.4239120483398437,0.1139144897460937,3.5070953369140625
2022-07-28,0.0003585815429687,0.248931884765625,0.0030364990234375,0.0,0.0,0.0
2022-07-29,0.22113037109375,0.0,0.0,0.0,0.0,0.0
2022-07-30,0.3155899047851562,1.0659561157226562,0.1312942504882812,0.1685791015625,0.0,0.002166748046875
2022-07-31,0.0236053466796875,0.0142822265625,0.0,0.012115478515625,0.00103759765625,0.0
2022-08-01,0.0,0.0,0.0,0.0,0.0,0.0
2022-08-02,7.62939453125e-06,0.0,0.0,0.0,0.0,0.0
2022-08-03,1.55499267578125,1.5671310424804688,1.0155715942382812,1.0060043334960938,0.0108489990234375,0.6486892700195312
2022-08-04,8.251968383789062,10.404266357421877,0.6548004150390625,0.3548126220703125,3.8824615478515625,0.4496917724609375
2022-08-05,22.292160034179688,16.349525451660156,13.421142578125,16.965164184570312,15.409622192382812,5.525505065917969
2022-08-06,0.0442123413085937,1.1462936401367188,0.2018585205078125,0.6237564086914062,0.3846664428710937,1.2680587768554688
2022-08-07,0.0993194580078125,2.753631591796875,0.5558624267578125,0.9747772216796876,0.405029296875,5.602447509765625
2022-08-08,2.2628707885742188,2.724517822265625,0.823944091796875,3.5511932373046875,7.494003295898437,8.999496459960938
2022-08-09,24.43760681152344,22.73291015625,11.886566162109377,14.892868041992188,5.2491607666015625,6.0106048583984375
2022-08-10,2.67974853515625,4.8460540771484375,4.8563385009765625,8.192276000976562,13.360992431640623,10.472030639648438
2022-08-11,1.255401611328125,2.5082931518554688,2.168785095214844,1.7080764770507812,3.0822830200195312,1.24896240234375
2022-08-12,0.9531517028808594,1.446533203125,3.5278282165527344,0.8279914855957031,1.1229515075683594,0.3283653259277344
2022-08-13,0.008331298828125,0.27801513671875,0.0078811645507812,0.0010147094726562,0.0,0.17840576171875
2022-08-14,0.0072708129882812,0.0045089721679687,0.0009536743164062,0.0030288696289062,0.0,0.14007568359375
2022-08-15,1.9343338012695312,2.1996383666992188,4.982749938964844,0.0748214721679687,5.5653839111328125,0.3589935302734375
2022-08-16,9.039215087890623,11.064010620117188,4.615669250488281,1.0422210693359375,0.035552978515625,0.7655487060546875
2022-08-17,4.570846557617188,10.483543395996094,4.760108947753906,8.007987976074219,9.415550231933594,12.298133850097656
2022-08-18,10.355308532714844,12.926658630371094,7.670127868652344,8.405586242675781,4.036781311035156,9.101707458496094
2022-08-19,13.127151489257812,13.073104858398438,8.405303955078125,10.577957153320312,19.10615539550781,3.599838256835937
2022-08-20,3.051116943359375,3.0501251220703125,2.311859130859375,3.0654754638671875,1.235443115234375,1.3578338623046875
2022-08-21,4.6552734375,5.036140441894531,4.0581817626953125,2.84283447265625,0.4294281005859375,1.0890731811523438
2022-08-22,0.8357315063476562,0.5009078979492188,0.5791549682617188,0.7347412109375,0.3123931884765625,0.86370849609375
2022-08-23,1.14599609375,7.366050720214844,5.532096862792969,4.940559387207031,3.349571228027344,11.095474243164062
2022-08-24,0.4635009765625,0.4487533569335937,4.822807312011719,0.1876220703125,0.4052047729492187,1.080352783203125
2022-08-25,4.847564697265625,4.57537841796875,11.871910095214844,9.620246887207031,4.178413391113281,5.667808532714844
2022-08-26,5.7670745849609375,12.078109741210938,5.821258544921875,6.430267333984375,7.74053955078125,9.875274658203123
2022-08-27,1.2194747924804688,7.110527038574219,4.054840087890625,1.5020294189453125,7.448318481445312,9.631622314453123
2022-08-28,4.001136779785156,6.517868041992188,7.043136596679688,5.613800048828125,7.913162231445312,18.22822570800781
2022-08-29,12.914169311523438,8.104423522949219,2.0753402709960938,2.532699584960937,3.089584350585937,7.937576293945312
2022-08-30,0.0535736083984375,0.13665771484375,0.0799407958984375,0.1401824951171875,0.0810699462890625,0.15032958984375
2022-08-31,2.186592102050781,1.7429275512695312,1.616302490234375,0.090301513671875,0.0,0.254974365234375
2022-09-01,0.9802169799804688,2.397323608398437,0.728057861328125,1.5793380737304688,0.466400146484375,2.3181686401367188
2022-09-02,0.0815887451171875,0.8311386108398438,0.662872314453125,0.08087158203125,0.4309539794921875,1.1410751342773438
2022-09-03,0.0264129638671875,0.0520477294921875,0.5261993408203125,0.005462646484375,0.047271728515625,0.9441375732421876
2022-09-04,0.1479568481445312,0.1338882446289062,1.035980224609375,0.0037384033203125,0.0011520385742187,0.0384597778320312
2022-09-05,1.4892654418945312,3.513336181640625,1.6305923461914062,0.791473388671875,24.214645385742188,3.2140884399414062
2022-09-06,0.2365570068359375,0.1940155029296875,0.3555755615234375,0.2609405517578125,1.9041900634765625,0.50225830078125
2022-09-07,17.265113830566406,15.965721130371094,3.1096725463867188,7.783058166503906,1.3200454711914062,0.8684158325195312
2022-09-08,1.994293212890625,3.125457763671875,1.0733642578125,1.510467529296875,0.019775390625,0.4118499755859375
2022-09-09,0.0436553955078125,0.4916839599609375,0.0116119384765625,0.1404876708984375,0.0,0.013092041015625
2022-09-10,0.0,0.0,0.0,0.0,0.0,0.0
2022-09-11,0.0,0.0,0.0,0.0,0.0,0.0
2022-09-12,4.52337646484375,1.26531982421875,37.211334228515625,0.579315185546875,9.7103271484375,1.39947509765625
2022-09-13,26.24232482910156,19.2696533203125,17.943038940429688,29.179901123046875,67.04597473144531,57.77651977539063
2022-09-14,1.191650390625,2.034149169921875,2.917724609375,2.22357177734375,3.608673095703125,2.510894775390625
2022-09-15,0.0,0.000732421875,0.0,0.0,0.0,0.0
2022-09-16,4.09185791015625,6.1693115234375,5.1503448486328125,3.5565643310546875,0.0,0.1431884765625
2022-09-17,0.8412628173828125,1.9817352294921875,1.2077102661132812,1.0879669189453125,0.0143814086914062,0.86767578125
2022-09-18,0.222412109375,1.0233230590820312,0.3452301025390625,0.338348388671875,0.0035858154296875,0.0512847900390625
2022-09-19,1.034271240234375,3.2106170654296875,0.3749542236328125,2.2423248291015625,0.0082244873046875,0.0780029296875
2022-09-20,0.0,0.0,0.0,0.0,0.0,0.0
2022-09-21,0.0,0.0,0.0036468505859375,0.0,0.0,0.0
2022-09-22,6.2549591064453125,3.5826416015625,14.062606811523438,3.97393798828125,33.68595886230469,5.014068603515625
2022-09-23,2.2494659423828125,2.360458374023437,6.0365753173828125,2.679550170898437,58.37498474121094,32.87269592285156
2022-09-24,0.0750579833984375,0.161712646484375,1.7914581298828125,0.497528076171875,9.190017700195312,2.7227020263671875
2022-09-25,0.265716552734375,0.2557830810546875,20.090606689453125,2.6284637451171875,54.19319152832031,19.84039306640625
2022-09-26,0.429412841796875,0.22998046875,2.079498291015625,0.3410491943359375,8.330230712890625,4.528335571289063
2022-09-27,0.0069122314453125,0.0,0.50091552734375,0.005462646484375,2.343231201171875,2.1598663330078125
2022-09-28,0.774505615234375,1.194488525390625,0.0840301513671875,0.0279693603515625,0.0,0.0128173828125
2022-09-29,0.5271453857421875,1.6779327392578125,0.5845947265625,0.5662384033203125,0.0071868896484375,0.5837554931640625
2022-09-30,0.1204681396484375,1.62310791015625,0.3060302734375,0.45391845703125,0.0,0.0130462646484375
2022-10-01,0.0,0.0,0.0,0.0,0.0,0.0
2022-10-02,0.0,0.0045166015625,0.0,0.0,0.00640869140625,0.00640869140625
2022-10-03,0.0,0.0,0.0,0.0,0.0,0.0
2022-10-04,0.0,0.0,0.0,0.0,0.0,0.0
2022-10-05,0.4009246826171875,2.2144927978515625,0.8589935302734375,0.7255401611328125,0.0229644775390625,0.364227294921875
2022-10-06,0.1444244384765625,0.0045166015625,0.05615234375,0.0966033935546875,0.1162567138671875,2.505966186523437
2022-10-07,19.94837951660156,20.98622131347656,22.64564514160156,20.83062744140625,25.65570068359375,15.758285522460938
2022-10-08,0.43695068359375,1.3370361328125,0.646881103515625,0.8078765869140625,0.137664794921875,2.303375244140625
2022-10-09,0.0173797607421875,0.1919708251953125,0.0319290161132812,0.1203536987304687,0.0102767944335937,0.320343017578125
2022-10-10,0.7048416137695312,1.1756668090820312,0.4857025146484375,1.0505294799804688,1.4453353881835938,2.2274398803710938
2022-10-11,0.0,0.0124664306640625,0.0073013305664062,0.0,0.1006011962890625,0.0157089233398437
2022-10-12,0.0,0.0003509521484375,0.0,0.0046005249023437,0.0,0.0061416625976562
2022-10-13,0.0,0.0,0.0,0.0,0.0,0.0
2022-10-14,0.0,0.0,0.0,0.0,0.0,0.0
2022-10-15,0.176025390625,1.6584014892578125,0.2629852294921875,0.7093353271484375,0.0,0.0407257080078125
2022-10-16,0.1504364013671875,0.453704833984375,0.1015472412109375,0.11956787109375,0.0,0.00640869140625
2022-10-17,0.0010833740234375,0.0,0.0,0.0,0.0,0.006683349609375
2022-10-18,0.0,0.0,0.0,0.0,0.0,0.0
2022-10-19,0.0,0.022552490234375,0.0,0.0048980712890625,0.00103759765625,0.000946044921875
2022-10-20,0.0,0.0,0.0,0.0,0.0,0.0
2022-10-21,0.0,0.0066375732421875,0.0,0.0,0.0,0.0
2022-10-22,0.1495132446289062,0.0569000244140625,0.163665771484375,0.160430908203125,0.0,0.145172119140625
2022-10-23,0.0093154907226562,0.0083160400390625,0.0360870361328125,0.0060501098632812,0.0,0.0
2022-10-24,0.0,0.0010528564453125,0.0058135986328125,0.0030288696289062,0.0,0.0
2022-10-25,0.0,1.52587890625e-05,0.0,0.0,0.0,0.0
2022-10-26,0.0,0.0,0.0,0.0,0.0,0.0
2022-10-27,0.0,0.0,0.0,0.0,0.0,0.0075836181640625
2022-10-28,0.0,0.0,0.0,0.0,0.0,0.2820587158203125
2022-10-29,0.0,0.0,0.0,0.0,0.0,0.0
2022-10-30,0.0,0.0,0.0908355712890625,0.0,0.0,0.0769271850585937
2022-10-31,2.446395874023437,2.2275848388671875,19.436996459960938,3.1865005493164062,30.98603820800781,8.666244506835938
2022-11-01,0.4891128540039062,0.0083236694335937,4.637359619140625,0.242218017578125,7.685768127441406,1.8796157836914065
2022-11-02,11.527664184570312,13.083343505859377,6.159439086914063,8.2879638671875,2.5568084716796875,3.3258514404296875
2022-11-03,0.06787109375,0.13629150390625,0.32232666015625,0.0060577392578125,0.00018310546875,0.10540771484375
2022-11-04,7.62939453125e-06,0.0333175659179687,0.0,0.009796142578125,0.0,0.00433349609375
2022-11-05,0.0,0.0,0.0,0.0,0.0,0.0
2022-11-06,0.0,0.0,0.0,0.0,0.0,0.0
2022-11-07,5.178276062011719,7.663429260253906,2.7302780151367188,3.726654052734375,0.044189453125,3.212242126464844
2022-11-08,0.1177978515625,0.2389984130859375,0.0503387451171875,0.3195648193359375,0.0,0.0801239013671875
2022-11-09,0.0030975341796875,0.0,0.0018310546875,0.0048980712890625,0.00018310546875,0.0
2022-11-10,0.0,0.0,0.005462646484375,0.0,0.0,0.206085205078125
2022-11-11,0.4322509765625,0.746246337890625,0.6976165771484375,0.2147064208984375,3.093734741210937,1.174285888671875
2022-11-12,0.0,0.0,0.0679779052734375,0.0,0.5881500244140625,0.0267333984375
2022-11-13,11.126144409179688,12.102401733398438,12.71539306640625,11.36724853515625,31.13861083984375,23.876220703125
2022-11-14,2.4152374267578125,3.8319244384765625,3.2096710205078125,2.32861328125,13.111129760742188,7.1857757568359375
2022-11-15,27.852935791015625,21.316680908203125,20.427520751953125,3.9771881103515625,20.29048156738281,16.9964599609375
2022-11-16,22.1990966796875,21.479080200195312,34.54359436035156,11.935928344726562,52.27900695800781,19.02035522460937
2022-11-17,6.9769287109375,7.944549560546875,11.48406982421875,8.068374633789062,15.056793212890623,9.417922973632812
2022-11-18,17.852859497070312,7.355926513671875,41.21237182617188,19.99888610839844,57.69146728515625,45.134124755859375
2022-11-19,2.721160888671875,1.9202880859375,9.048171997070312,2.728485107421875,31.89463806152344,10.580459594726562
2022-11-20,0.99578857421875,1.7083587646484375,1.3245849609375,1.1175384521484375,0.53228759765625,0.4753570556640625
2022-11-21,0.0,0.0069427490234375,0.0,0.0,0.0,0.0
2022-11-22,8.494644165039062,5.8129730224609375,13.35479736328125,5.856536865234375,5.866256713867188,5.34222412109375
2022-11-23,9.1419677734375,9.2069091796875,12.155502319335938,8.027267456054688,5.231903076171875,11.730697631835938
2022-11-24,0.3352508544921875,0.1498260498046875,0.4158172607421875,0.4530181884765625,0.0082244873046875,0.7578887939453125
2022-11-25,0.0181121826171875,0.045806884765625,0.0731353759765625,0.12432861328125,0.10882568359375,0.5744171142578125
2022-11-26,2.023406982421875,1.8534088134765625,6.8605804443359375,6.63330078125,14.817092895507812,17.277923583984375
2022-11-27,1.56024169921875,2.133270263671875,5.551185607910156,2.7925338745117188,12.947433471679688,10.32550811767578
2022-11-28,2.032295227050781,2.7292556762695312,1.5201950073242188,0.9932174682617188,4.590568542480469,3.143470764160156
2022-11-29,0.0083465576171875,0.000701904296875,0.3754425048828125,0.2302398681640625,0.6833648681640625,0.3388519287109375
2022-11-30,3.4854736328125,1.1183319091796875,9.725814819335938,4.472015380859375,22.00556945800781,18.780044555664062
2022-12-01,0.4235992431640625,0.8215789794921875,0.2941436767578125,0.014251708984375,1.2330474853515625,0.6081695556640625
2022-12-02,1.974212646484375,3.91839599609375,2.507919311523437,1.5680999755859375,14.52508544921875,10.979446411132812
2022-12-03,0.8775482177734375,0.4910430908203125,0.666900634765625,0.2476654052734375,2.4748687744140625,1.45623779296875
2022-12-04,0.0159683227539062,0.0062255859375,0.4385528564453125,0.0135421752929687,4.344940185546875,1.75177001953125
2022-12-05,1.5554275512695312,0.72723388671875,18.26720428466797,5.425498962402344,58.62397766113281,29.67964172363281
2022-12-06,8.614608764648438,2.803955078125,37.59773254394531,14.62603759765625,102.92625427246094,48.28041076660156
2022-12-07,6.4484405517578125,7.409912109375,12.439498901367188,7.780868530273437,36.59648132324219,26.66099548339844
2022-12-08,4.791915893554688,7.134979248046875,14.05364990234375,10.210678100585938,10.606063842773438,14.802780151367188
2022-12-09,0.0149078369140625,0.0,0.023590087890625,0.0171356201171875,0.00640869140625,0.0307769775390625
2022-12-10,1.8859405517578125,2.728134155273437,21.25946044921875,6.023101806640625,46.32879638671875,36.75828552246094
2022-12-11,2.590667724609375,1.2761383056640625,7.5408172607421875,2.8882598876953125,24.181442260742188,13.934646606445312
2022-12-12,6.306976318359375,3.3048553466796875,51.83833312988281,7.038055419921875,95.26412963867188,74.2176513671875
2022-12-13,2.097503662109375,7.911102294921875,41.65071105957031,19.26353454589844,37.26756286621094,27.582260131835938
2022-12-14,0.0597076416015625,0.1643524169921875,0.0872039794921875,0.0323944091796875,0.0,0.2466583251953125
2022-12-15,0.004180908203125,0.0,0.00738525390625,0.0,0.0,0.00640869140625
2022-12-16,0.0,0.0,0.0,0.0,0.0,0.0
2022-12-17,0.0,0.0,0.007965087890625,0.0,0.0,0.0128173828125
2022-12-18,0.1206817626953125,0.579345703125,0.0421295166015625,0.191497802734375,0.0,0.0128326416015625
2022-12-19,0.0,0.0,0.05853271484375,0.0,1.169830322265625,0.026092529296875
2022-12-20,0.241943359375,0.631103515625,0.01458740234375,0.012115478515625,0.108734130859375,0.0
2022-12-21,0.0,0.00836181640625,0.0,0.003021240234375,0.0,0.0
2022-12-22,0.0,0.0,0.0,0.0,0.0,0.0
2022-12-23,0.612457275390625,1.7949295043945312,1.124908447265625,0.2951507568359375,0.10235595703125,1.759979248046875
2022-12-24,0.0062026977539062,0.0,0.180511474609375,0.005462646484375,0.3436813354492187,0.3716278076171875
2022-12-25,0.0152587890625,0.0021209716796875,0.2565460205078125,0.0060577392578125,0.4694671630859375,0.1812057495117187
2022-12-26,0.0,0.0,0.4098739624023437,0.0,2.387123107910156,0.0260467529296875
2022-12-27,7.62939453125e-06,7.62939453125e-06,0.0036392211914062,0.0,0.0193710327148437,0.0266265869140625
2022-12-28,0.0,0.0,0.0,0.0,0.0,7.62939453125e-06
2022-12-29,0.0,0.0,0.0,0.0,0.0,0.0
2022-12-30,0.0,0.0,0.0,0.0,0.0,0.0
2022-12-31,0.0367279052734375,0.0083160400390625,0.0227203369140625,0.0290985107421875,0.0,0.0
2023-01-01,0.0,0.0,0.0,0.0,0.0132064819335937,0.0
2023-01-02,0.0,0.0,0.0,0.0,0.0160293579101562,0.0
2023-01-03,0.0,0.0,0.0,0.0,0.0,0.0
2023-01-04,7.62939453125e-06,0.0,0.0,7.62939453125e-06,0.0,0.0
2023-01-05,10.657577514648438,4.576919555664063,23.992477416992188,7.90484619140625,66.06904602050781,40.77018737792969
2023-01-06,10.76300048828125,18.400070190429688,10.4521484375,13.951431274414062,7.544281005859375,11.498428344726562
2023-01-07,0.118560791015625,1.883995056152344,0.3255615234375,1.064300537109375,0.0818710327148437,0.5983963012695312
2023-01-08,2.2366485595703125,2.90826416015625,2.9052276611328125,2.6630401611328125,0.758514404296875,1.720947265625
2023-01-09,0.004180908203125,0.092926025390625,0.0706634521484375,0.0337066650390625,0.0,0.045806884765625
2023-01-10,1.6671142578125,2.7078399658203125,0.858978271484375,0.8278350830078125,0.2309112548828125,0.8607177734375
2023-01-11,0.0045318603515625,0.0048675537109375,0.002777099609375,0.0178680419921875,0.0,0.0
2023-01-12,0.37957763671875,0.16802978515625,9.803329467773438,3.168563842773437,44.40937805175781,34.754119873046875
2023-01-13,27.771041870117188,17.309219360351562,54.18817138671875,38.09686279296875,87.76094055175781,73.85391235351562
2023-01-14,28.038818359375,16.3525390625,45.19834899902344,23.039138793945312,53.9620361328125,56.56890869140625
2023-01-15,12.247650146484377,9.267181396484377,39.00543212890625,21.92584228515625,53.89840698242188,50.829498291015625
2023-01-16,14.0787353515625,26.8797607421875,18.843231201171875,14.52392578125,12.0863037109375,7.884002685546875
2023-01-17,12.835723876953123,15.84234619140625,24.47430419921875,14.094940185546877,29.8590087890625,23.614959716796875
2023-01-18,6.502120971679688,5.446929931640625,8.684738159179688,6.956024169921875,9.91033935546875,6.620147705078125
2023-01-19,10.663177490234377,11.774002075195312,22.29815673828125,14.813720703125,26.785140991210938,17.392593383789062
2023-01-20,1.441650390625,2.5419921875,0.7346038818359375,1.4240570068359375,0.0128173828125,0.2890167236328125
2023-01-21,1.214263916015625,1.8330078125,0.964630126953125,0.5980224609375,0.0,0.35943603515625
2023-01-22,0.8298492431640625,1.3386688232421875,1.3590240478515625,1.3051300048828125,0.310943603515625,2.816650390625
2023-01-23,4.199554443359375,6.604751586914063,4.100616455078125,3.9266357421875,0.2143096923828125,1.0151214599609375
2023-01-24,2.9735107421875,4.06298828125,1.84820556640625,3.841842651367188,0.27691650390625,0.7736053466796875
2023-01-25,0.86932373046875,1.5057525634765625,0.5888824462890625,0.7635955810546875,0.0179595947265625,0.2172393798828125
2023-01-26,0.045074462890625,0.1060943603515625,0.074066162109375,0.0647735595703125,0.048736572265625,0.08441162109375
2023-01-27,1.1764602661132812,2.446395874023437,0.93011474609375,1.888641357421875,0.1519393920898437,0.3921279907226562
2023-01-28,0.0,0.0,0.03167724609375,0.0,0.04071044921875,0.0
2023-01-29,3.8668060302734375,8.332244873046875,1.577362060546875,2.1995086669921875,0.3495941162109375,0.5328826904296875
2023-01-30,1.1420135498046875,3.24578857421875,0.6488037109375,1.3278656005859375,0.028717041015625,0.4463043212890625
2023-01-31,11.754119873046877,17.19134521484375,8.49078369140625,10.888137817382812,2.5903472900390625,6.313278198242188
2023-02-01,1.0893402099609375,1.7768936157226562,1.07354736328125,0.7815780639648438,0.1130828857421875,0.408599853515625
2023-02-02,0.8610076904296875,1.337982177734375,1.2909393310546875,1.0395660400390625,0.0128326416015625,0.076934814453125
2023-02-03,0.1938629150390625,0.273284912109375,0.594207763671875,0.38006591796875,0.0,0.01922607421875
2023-02-04,0.42266845703125,0.587127685546875,0.4898834228515625,0.2902679443359375,0.0,0.0192413330078125
2023-02-05,0.0079803466796875,0.01177978515625,0.0177764892578125,0.003021240234375,0.0,0.0
2023-02-06,0.0,0.009033203125,0.0060577392578125,0.0,0.0,0.0
2023-02-07,0.0083465576171875,0.032928466796875,0.0,0.00762939453125,0.0,0.0
2023-02-08,2.901031494140625,6.156646728515625,3.753448486328125,3.460601806640625,0.483001708984375,1.8112945556640625
2023-02-09,0.0850677490234375,0.07073974609375,0.260833740234375,0.27410888671875,0.0,0.0330963134765625
2023-02-10,0.0194244384765625,0.0672378540039062,0.0027694702148437,0.013397216796875,7.62939453125e-06,0.0
2023-02-11,0.0236053466796875,0.009033203125,0.0171661376953125,0.027374267578125,0.0,0.0
2023-02-12,0.0,0.0,0.0,0.0,0.0,0.0
2023-02-13,0.0,0.0,0.0054702758789062,0.0,0.4839935302734375,0.0126419067382812
2023-02-14,0.0,0.0,0.0036468505859375,0.0,0.0883560180664062,0.0005416870117187
2023-02-15,0.0290985107421875,0.1510467529296875,0.0111083984375,0.0,0.1487655639648437,0.0037994384765625
2023-02-16,0.0,0.0003509521484375,0.0500869750976562,0.00848388671875,0.4189453125,0.06591796875
2023-02-17,0.0,0.0,0.0,0.0,0.0,0.0
2023-02-18,0.0,0.0,0.0,0.0,0.0,0.0
2023-02-19,0.37640380859375,0.8759307861328125,4.383392333984375,0.75830078125,0.544708251953125,1.1641693115234375
2023-02-20,0.000701904296875,0.0193939208984375,0.04254150390625,0.0,0.1194915771484375,0.0
2023-02-21,0.9445037841796876,0.7783737182617188,3.389717102050781,0.1377944946289062,3.0656890869140625,0.7404556274414062
2023-02-22,20.626197814941406,17.070693969726562,34.468971252441406,17.47332000732422,38.972801208496094,27.90477752685547
2023-02-23,1.4848785400390625,0.7140655517578125,2.510444641113281,0.6600189208984375,7.285423278808594,5.575584411621094
2023-02-24,0.3786468505859375,0.4528045654296875,0.6242523193359375,0.7085723876953125,0.325958251953125,1.0971832275390625
2023-02-25,1.259002685546875,3.26611328125,2.909088134765625,2.926116943359375,5.096282958984375,4.254486083984375
2023-02-26,5.666648864746094,4.48162841796875,1.879486083984375,3.2715835571289062,2.321441650390625,0.987579345703125
2023-02-27,1.7789840698242188,4.828582763671875,2.128890991210937,4.367843627929688,2.221298217773437,10.90887451171875
2023-02-28,1.2821807861328125,1.5217742919921875,1.4397811889648438,0.41876220703125,1.710968017578125,1.1566848754882812
2023-03-01,0.70098876953125,1.6872100830078125,1.170166015625,0.5658416748046875,0.2938079833984375,1.2359619140625
2023-03-02,0.165374755859375,0.1554107666015625,6.0167083740234375,0.5651397705078125,16.150497436523438,11.680526733398438
2023-03-03,0.0090484619140625,0.0007095336914062,1.2890472412109375,0.0681533813476562,14.364608764648438,6.241264343261719
2023-03-04,0.402130126953125,0.181793212890625,2.076744079589844,0.1487884521484375,8.922981262207031,3.2836837768554688
2023-03-05,2.7345123291015625,0.6775283813476562,3.942352294921875,1.8274459838867188,29.5899658203125,10.083244323730469
2023-03-06,12.984367370605469,6.287750244140625,8.897109985351562,4.581077575683594,22.018356323242188,14.25091552734375
2023-03-07,6.009101867675781,9.257438659667969,9.262702941894531,4.561241149902344,4.101531982421875,7.689804077148437
2023-03-08,0.0,0.0,0.0,0.0,0.0,0.0
2023-03-09,0.0,0.0,0.0,0.0,0.0,0.0
2023-03-10,2.5125885009765625,0.117889404296875,1.6170578002929688,1.512603759765625,3.486412048339844,0.424896240234375
2023-03-11,8.800666809082031,14.224571228027344,12.991340637207031,9.31781768798828,27.858360290527344,21.40917205810547
2023-03-12,1.1370849609375,1.331146240234375,0.69793701171875,0.9312744140625,0.0338592529296875,0.461029052734375
2023-03-13,0.0,0.0,0.02777099609375,0.01092529296875,0.0,0.0128173828125
2023-03-14,0.0,0.0,0.0,0.0,0.0,0.0
2023-03-15,0.1991958618164062,0.0180511474609375,0.0279464721679687,0.0,0.0,0.0
2023-03-16,0.0,0.0,0.0058059692382812,0.0049057006835937,0.0,0.006134033203125
2023-03-17,0.0,0.0,0.0,0.0,0.0001907348632812,0.0
2023-03-18,0.0455322265625,0.0806732177734375,0.17724609375,0.1079025268554687,0.1025543212890625,0.0206832885742187
2023-03-19,0.0,0.0,0.0,0.0,0.0,0.0
2023-03-20,0.0,0.0,0.0,0.0,0.0,0.0
2023-03-21,0.1338882446289062,0.6203231811523438,0.0111160278320312,0.3662643432617187,0.0,0.0
2023-03-22,0.7223739624023438,0.8663101196289062,1.8780441284179688,0.7087936401367188,0.42877197265625,0.152984619140625
2023-03-23,10.494651794433594,11.916034698486328,17.52118682861328,14.393844604492188,40.24975204467773,22.483142852783203
2023-03-24,0.2169113159179687,0.6409225463867188,0.404632568359375,0.2414627075195312,0.2129058837890625,0.8660049438476562
2023-03-25,0.0,0.0079803466796875,0.0628128051757812,0.0149612426757812,0.119140625,0.2608871459960937
2023-03-26,0.0,0.0034713745117187,0.01458740234375,0.0,0.0001907348632812,0.024505615234375
2023-03-27,0.533447265625,0.6479339599609375,1.475250244140625,1.290740966796875,2.5214080810546875,0.399993896484375
2023-03-28,6.6331939697265625,11.633453369140623,11.757568359375,1.6305694580078125,40.48257446289063,22.387481689453125
2023-03-29,7.18878173828125,6.5116119384765625,3.341796875,1.7100372314453125,0.6364593505859375,0.2402496337890625
2023-03-30,7.4761962890625,11.524200439453123,17.474700927734375,16.813247680664062,20.67787170410156,20.37705993652344
2023-03-31,2.0489959716796875,9.072731018066406,2.1178970336914062,3.4557113647460938,0.7946548461914062,1.846771240234375
2023-04-01,0.48052978515625,0.816253662109375,3.267562866210937,1.3427276611328125,8.18389892578125,6.393325805664063
2023-04-02,0.013916015625,0.027130126953125,0.88446044921875,0.278656005859375,3.99481201171875,5.2878265380859375
2023-04-03,0.0048904418945312,0.0190811157226562,0.00762939453125,0.0247650146484375,0.0,0.0805892944335937
2023-04-04,0.13330078125,0.338653564453125,0.7465896606445312,0.3726730346679687,0.3871841430664062,1.41387939453125
2023-04-05,3.835617065429688,2.8228988647460938,8.506126403808594,7.786994934082031,11.66204833984375,6.55322265625
2023-04-06,1.19573974609375,1.6167984008789062,1.3158416748046875,1.8107452392578125,0.3201522827148437,2.5607833862304688
2023-04-07,1.991973876953125,1.4286651611328125,4.0694122314453125,1.2570343017578125,0.3633575439453125,2.2453155517578125
2023-04-08,0.0,0.0038299560546875,0.0140533447265625,0.0,0.0,0.0
2023-04-09,0.1381378173828125,0.0,0.06585693359375,0.003021240234375,0.1371917724609375,0.0037841796875
2023-04-10,8.95672607421875,8.165931701660156,22.818138122558597,14.900306701660156,35.751487731933594,30.026519775390625
2023-04-11,0.808197021484375,1.6776580810546875,1.0216827392578125,1.1526641845703125,3.756271362304688,3.025970458984375
2023-04-12,6.0030670166015625,6.55023193359375,3.190948486328125,4.588226318359375,0.45635986328125,0.4696044921875
2023-04-13,10.52734375,9.880157470703123,3.8192291259765625,3.2165679931640625,16.01764678955078,4.6451416015625
2023-04-14,8.966079711914062,11.41144561767578,12.052772521972656,13.284645080566406,10.276512145996094,2.086753845214844
2023-04-15,2.256866455078125,9.859992980957031,3.9201583862304688,2.102500915527344,2.0837554931640625,1.2759017944335938
2023-04-16,0.7849960327148438,3.336021423339844,6.832778930664063,2.7568511962890625,2.9840087890625,3.3787841796875
2023-04-17,0.24737548828125,0.7480316162109375,0.5206375122070312,0.2347335815429687,2.010292053222656,2.5748214721679688
2023-04-18,0.098114013671875,0.2402496337890625,0.7146987915039062,0.0640716552734375,1.1663055419921875,0.8652801513671875
2023-04-19,0.1327438354492187,0.2212753295898437,1.1739654541015625,0.5982742309570312,0.3642425537109375,0.1634140014648437
2023-04-20,5.165458679199219,7.039077758789063,4.783317565917969,0.7164230346679688,14.040725708007812,13.012130737304688
2023-04-21,5.194755554199219,7.509361267089844,5.285240173339844,3.1492996215820312,15.007530212402344,6.7187042236328125
2023-04-22,5.719902038574219,7.044792175292969,3.978828430175781,3.591552734375,0.4024429321289062,1.8933563232421875
2023-04-23,0.0,0.0,0.00555419921875,0.0027313232421875,0.0,0.0
2023-04-24,0.0,0.0,0.0066757202148437,0.0,0.0010223388671875,0.002838134765625
2023-04-25,4.5274658203125,6.8924102783203125,4.755516052246094,2.344398498535156,2.13323974609375,3.1536636352539062
2023-04-26,0.5611038208007812,2.411468505859375,0.4286422729492187,0.7267532348632812,0.6306838989257812,0.6485366821289062
2023-04-27,0.473114013671875,1.742706298828125,2.6676483154296875,0.3985671997070312,4.97149658203125,1.4464263916015625
2023-04-28,6.481239318847656,4.199211120605469,11.030197143554688,8.644943237304688,19.811378479003903,16.048255920410156
2023-04-29,5.615982055664063,8.263404846191406,12.466567993164062,6.213569641113281,9.272926330566406,2.9040756225585938
2023-04-30,2.5761260986328125,6.0018310546875,4.5967864990234375,8.126449584960938,0.9685211181640624,0.613861083984375
2023-05-01,0.3792877197265625,0.8648681640625,0.2878189086914062,1.051422119140625,0.0633544921875,0.337860107421875
2023-05-02,0.0045242309570312,0.0669784545898437,0.104156494140625,0.0038909912109375,0.1363677978515625,0.0849609375
2023-05-03,1.407684326171875,1.8015899658203125,3.532745361328125,0.30426025390625,0.6665878295898438,1.1952133178710938
2023-05-04,6.4528656005859375,9.263206481933594,13.846893310546877,6.990005493164063,11.648727416992188,13.780067443847656
2023-05-05,6.2319183349609375,12.998184204101562,9.038047790527344,5.912254333496094,0.2809524536132812,0.7169036865234375
2023-05-06,10.034446716308594,7.385856628417969,4.414321899414063,6.957603454589844,8.476951599121094,9.826004028320312
2023-05-07,12.472915649414062,8.852035522460938,15.565818786621094,6.496894836425781,26.47979736328125,17.092140197753906
2023-05-08,6.072265625,6.272087097167969,3.1243438720703125,0.611083984375,5.4831085205078125,6.159942626953125
2023-05-09,2.696044921875,2.2568817138671875,5.51513671875,1.991973876953125,7.066680908203125,7.8798828125
2023-05-10,5.4661865234375,2.322982788085937,9.60272216796875,3.80126953125,32.484619140625,9.63299560546875
2023-05-11,5.274688720703125,3.3988189697265625,6.82666015625,0.67333984375,20.425018310546875,9.580291748046877
2023-05-12,0.6776123046875,0.5426177978515625,6.4408111572265625,1.4875030517578125,25.79698181152344,5.01324462890625
2023-05-13,4.4940032958984375,2.0977325439453125,5.2857818603515625,1.5668792724609375,13.105758666992188,4.177017211914063
2023-05-14,2.30303955078125,3.533294677734375,4.691207885742188,4.304351806640625,9.9765625,10.733642578125
2023-05-15,0.2079620361328125,0.1844482421875,0.144287109375,0.1012725830078125,0.158447265625,0.163604736328125
2023-05-16,0.1593475341796875,0.4189910888671875,0.042205810546875,0.076416015625,2.933868408203125,0.064117431640625
2023-05-17,0.5862197875976562,0.971221923828125,0.871490478515625,1.5065536499023438,1.8416671752929688,7.937965393066406
2023-05-18,1.936614990234375,1.02313232421875,0.5184326171875,1.112091064453125,2.7159423828125,0.837615966796875
2023-05-19,2.3966217041015625,6.451507568359375,0.8870697021484375,2.6043853759765625,8.460220336914062,4.045417785644531
2023-05-20,1.8090362548828125,0.791595458984375,1.3655853271484375,1.524871826171875,7.15625,1.66900634765625
2023-05-21,9.095794677734377,4.389434814453125,5.39935302734375,11.086868286132812,13.645477294921877,6.3689727783203125
2023-05-22,1.8676605224609373,1.7160186767578125,2.8096160888671875,1.6467437744140625,2.1196441650390625,7.629180908203125
2023-05-23,2.97772216796875,9.62189483642578,6.593467712402344,8.693168640136719,0.4468307495117187,6.46246337890625
2023-05-24,4.407638549804688,6.935272216796875,4.688148498535156,6.131278991699219,4.220375061035156,4.624786376953125
2023-05-25,3.602142333984375,13.397087097167969,6.471488952636719,4.44097900390625,8.7120361328125,5.43280029296875
2023-05-26,9.94831085205078,8.670059204101562,8.008285522460938,9.71026611328125,16.554824829101562,8.541610717773438
2023-05-27,11.1417236328125,14.190834045410156,8.066795349121094,14.287948608398438,14.345413208007812,7.037818908691406
2023-05-28,5.3954010009765625,7.040435791015625,8.417770385742188,7.406379699707031,8.558212280273438,2.5457992553710938
2023-05-29,6.628875732421875,11.327865600585938,12.222747802734377,5.667327880859375,7.5180816650390625,12.674583435058594
2023-05-30,5.316459655761719,8.822402954101562,12.165969848632812,7.664039611816406,13.487136840820312,16.091712951660156
2023-05-31,3.9633636474609375,4.0794677734375,1.2118453979492188,1.8433685302734373,1.6749343872070312,1.899810791015625
2023-06-01,8.656417846679688,0.61871337890625,0.4014739990234375,0.078582763671875,0.0446243286132812,0.6221771240234375
2023-06-02,3.912803649902344,0.9635696411132812,0.012115478515625,2.968017578125,0.034942626953125,6.462654113769531
2023-06-03,10.42840576171875,16.276321411132812,17.759185791015625,17.138687133789062,21.44530487060547,10.51911163330078
2023-06-04,20.271255493164062,6.071693420410156,18.601715087890625,7.2731781005859375,8.116401672363281,10.295440673828123
2023-06-05,3.251411437988281,3.1105728149414062,6.12359619140625,4.498313903808594,3.951141357421875,11.258506774902344
2023-06-06,3.547836303710937,7.184837341308594,10.553260803222656,3.3734664916992188,12.063331604003906,19.09088134765625
2023-06-07,2.7571029663085938,5.76727294921875,3.2776412963867188,4.872505187988281,10.060707092285156,16.213958740234375
2023-06-08,0.9373626708984376,2.0886764526367188,1.1269607543945312,1.953208923339844,0.0431671142578125,0.2213821411132812
2023-06-09,0.5791473388671875,1.8166732788085935,13.495742797851562,1.2151947021484375,1.7004852294921875,10.901718139648438
2023-06-10,0.0709762573242187,0.358306884765625,0.6296310424804688,0.1259841918945312,0.1346359252929687,0.8300247192382812
2023-06-11,9.00727081298828,9.082542419433594,5.537078857421875,8.666946411132812,6.0605316162109375,10.186172485351562
2023-06-12,20.83043670654297,18.972023010253903,18.41460418701172,18.000465393066406,14.63262939453125,9.461921691894531
2023-06-13,18.402496337890625,23.79483795166016,27.821823120117188,27.940231323242188,25.25115966796875,17.62744140625
2023-06-14,0.2221908569335937,1.94110107421875,0.3567733764648437,1.45794677734375,0.00616455078125,0.8924179077148438
2023-06-15,0.0,0.0,0.0,0.0,0.0020523071289062,0.0075836181640625
2023-06-16,0.0,0.0,0.0904769897460937,0.0,0.0702667236328125,0.0682525634765625
2023-06-17,0.0,0.024322509765625,0.0073013305664062,0.0037384033203125,0.9338836669921876,0.267333984375
2023-06-18,0.0272979736328125,0.0395126342773437,0.1262130737304687,0.0659713745117187,0.559783935546875,1.1382598876953125
2023-06-19,0.0207290649414062,0.0028228759765625,1.447418212890625,0.3486251831054687,0.0,0.829833984375
2023-06-20,12.554351806640623,21.016380310058597,13.501510620117188,15.432472229003906,6.734291076660156,7.441757202148437
2023-06-21,0.0079803466796875,0.0052871704101562,5.211273193359375,3.4416046142578125,1.362457275390625,2.840003967285156
2023-06-22,0.0361862182617187,0.2748565673828125,0.0959701538085937,0.0736846923828125,0.1995773315429687,0.1011276245117187
2023-06-23,0.0367202758789062,0.0430145263671875,0.203460693359375,0.1035995483398437,0.0847549438476562,0.0
2023-06-24,9.862930297851562,6.870819091796875,14.876388549804688,14.885910034179688,12.690582275390623,31.3577880859375
2023-06-25,0.1569061279296875,0.790435791015625,4.736968994140625,0.7551422119140625,12.093536376953123,17.493270874023438
2023-06-26,0.0,0.00347900390625,0.0034027099609375,0.0024261474609375,0.0,0.011871337890625
2023-06-27,9.855972290039062,9.016677856445312,4.6537628173828125,3.440765380859375,8.973480224609375,5.570236206054688
2023-06-28,2.7764434814453125,2.989814758300781,1.8203887939453125,1.239593505859375,2.3498611450195312,4.3097686767578125
2023-06-29,0.0578384399414062,0.0131683349609375,0.0070114135742187,0.166351318359375,0.1954727172851562,0.72857666015625
2023-06-30,6.306175231933594,4.4959869384765625,6.455329895019531,7.618247985839844,2.21588134765625,2.4821014404296875
2023-07-01,1.482635498046875,1.898475646972656,2.7818527221679688,2.185493469238281,0.7522659301757812,2.7962570190429688
2023-07-02,1.4275665283203125,2.357368469238281,0.8932342529296875,1.2951126098632812,0.7503204345703125,0.62469482421875
2023-07-03,3.0801315307617188,3.1184005737304688,3.3629302978515625,2.085731506347656,1.2835540771484375,2.099472045898437
2023-07-04,0.0695953369140625,0.014556884765625,0.0657501220703125,0.2446441650390625,0.0,0.028076171875
2023-07-05,0.0,0.0,0.0,0.0,0.0,0.0
2023-07-06,0.0,0.0010528564453125,0.0012054443359375,0.0,0.0,0.000946044921875
2023-07-07,0.0,0.0083160400390625,0.0,0.01727294921875,0.0,0.089752197265625
2023-07-08,0.3002777099609375,0.0394744873046875,0.0923004150390625,0.01123046875,0.0,0.0
2023-07-09,0.0072784423828125,0.0,0.0,0.0421600341796875,0.00103759765625,0.0330047607421875
2023-07-10,0.1128311157226562,0.1705398559570312,1.45855712890625,0.7296218872070312,0.0,0.1205368041992187
2023-07-11,0.0331649780273437,0.30157470703125,0.0782241821289062,0.0037384033203125,0.0,0.0128173828125
2023-07-12,7.62939453125e-06,0.0,0.0,0.0,0.0,0.0
2023-07-13,7.62939453125e-06,0.0,0.0,7.62939453125e-06,0.0,0.0128250122070312
2023-07-14,0.0,0.0166397094726562,0.0,0.0,0.0,0.0256423950195312
2023-07-15,0.0014190673828125,0.0,0.0,0.012115478515625,0.1119537353515625,0.269256591796875
2023-07-16,0.4836883544921875,0.3131866455078125,0.2142410278320312,0.9399261474609376,0.2817459106445312,0.71282958984375
2023-07-17,0.1314163208007812,0.0235824584960937,0.0116195678710937,0.0,0.0,0.0128250122070312
2023-07-18,0.0124053955078125,0.02496337890625,0.0060577392578125,0.0,0.0,0.0
2023-07-19,0.0383148193359375,0.5465545654296875,0.2486419677734375,0.1061553955078125,0.0148773193359375,0.0641021728515625
2023-07-20,0.0,0.0,0.0,0.0,0.0,0.0
2023-07-21,0.0,0.0,0.0,0.0,0.0,0.0
2023-07-22,3.8133697509765625,3.802276611328125,1.3071746826171875,1.8064041137695312,3.2859420776367188,0.1399459838867187
2023-07-23,0.6015090942382812,0.8407745361328125,0.5610275268554688,0.8533782958984375,0.427947998046875,0.6834640502929688
2023-07-24,0.0,0.0,0.0,0.0,0.0,0.0
2023-07-25,0.032440185546875,0.0,0.19976806640625,0.0037384033203125,0.0,0.58453369140625
2023-07-26,0.0434417724609375,0.1296234130859375,0.0850143432617187,0.009796142578125,0.01849365234375,0.5132904052734375
2023-07-27,4.373298645019531,8.283279418945312,2.2520675659179688,2.56658935546875,1.1044082641601562,1.4941635131835938
2023-07-28,0.1097412109375,0.0,0.0310134887695312,0.0,0.0408935546875,0.0
2023-07-29,0.2350692749023437,0.1338577270507812,0.1574478149414062,0.0181732177734375,0.0256423950195312,0.0128173828125
2023-07-30,0.0,0.0,0.0,0.0,0.0,0.0
2023-07-31,0.0,0.0,0.0,0.0,0.0,0.0
2023-08-01,9.987678527832031,11.637725830078123,13.981704711914062,15.269744873046877,19.38416290283203,16.17597198486328
2023-08-02,2.873970031738281,3.3154067993164062,0.492095947265625,1.0981369018554688,3.756752014160156,0.3588104248046875
2023-08-03,18.479400634765625,12.849609375,8.56573486328125,7.9965667724609375,13.658523559570312,6.63970947265625
2023-08-04,0.25390625,0.18670654296875,0.891143798828125,0.479583740234375,0.0267181396484375,0.1231536865234375
2023-08-05,0.0083465576171875,0.0,0.0,0.0,0.000762939453125,0.0
2023-08-06,0.009765625,0.0748748779296875,0.0,0.0719757080078125,0.208740234375,1.5536041259765625
2023-08-07,0.03338623046875,0.1761322021484375,0.0504302978515625,0.0702972412109375,0.0852813720703125,0.03314208984375
2023-08-08,0.0610580444335937,0.4125595092773437,0.0363311767578125,0.0927352905273437,0.0,0.0
2023-08-09,0.0,0.0,0.0,0.0,0.0,0.0
2023-08-10,0.009765625,0.0014190673828125,0.081024169921875,0.2768096923828125,0.2587432861328125,0.730804443359375
2023-08-11,0.50164794921875,1.3747177124023438,0.4833908081054687,0.8556365966796875,0.4510574340820312,0.7306137084960938
2023-08-12,4.661323547363281,6.760955810546875,12.43902587890625,8.989738464355469,5.3651123046875,6.042961120605469
2023-08-13,0.2091827392578125,0.3587570190429687,0.0515899658203125,0.0872802734375,0.665557861328125,1.5104522705078125
2023-08-14,0.3228836059570312,0.7024002075195312,0.7989959716796875,0.2860946655273437,0.1670913696289062,0.3535308837890625
2023-08-15,0.93914794921875,0.70111083984375,1.027923583984375,0.8169403076171875,2.640586853027344,1.1759796142578125
2023-08-16,0.4693679809570312,0.2664947509765625,0.4725799560546875,0.1778030395507812,0.0607376098632812,0.3589935302734375
2023-08-17,0.794708251953125,0.9852142333984376,0.5979843139648438,0.6643295288085938,0.0109024047851562,1.6683807373046875
2023-08-18,0.4006690979003906,0.8945045471191406,0.3633842468261719,0.84808349609375,0.3311576843261719,0.0275421142578125
2023-08-19,0.071258544921875,0.5353660583496094,0.2960205078125,0.356292724609375,0.028076171875,0.4487380981445312
2023-08-20,2.542465209960937,2.286689758300781,1.3581390380859375,1.6881790161132812,2.4620513916015625,3.498992919921875
2023-08-21,0.0991973876953125,0.175323486328125,0.03466796875,0.5195159912109375,0.7691192626953125,1.8162689208984373
2023-08-22,0.00311279296875,0.00762939453125,0.0,0.0,0.0093536376953125,0.46014404296875
2023-08-23,0.0,0.0,0.019195556640625,0.0401382446289062,0.1568756103515625,0.1605758666992187
2023-08-24,0.0682525634765625,0.5179824829101562,0.4299545288085937,0.3076934814453125,0.190826416015625,0.5256576538085938
2023-08-25,0.2474517822265625,2.2448883056640625,1.36798095703125,0.2223052978515625,3.344573974609375,0.76275634765625
2023-08-26,0.083221435546875,0.1462554931640625,0.712890625,0.1114959716796875,7.38812255859375,1.3125152587890625
2023-08-27,0.550933837890625,2.06378173828125,2.420318603515625,0.3350982666015625,1.5760345458984375,0.686553955078125
2023-08-28,0.557891845703125,0.6677093505859375,1.163848876953125,0.9239349365234376,0.9066162109375,2.1038360595703125
2023-08-29,0.1240921020507812,0.3306427001953125,0.0111160278320312,0.0,0.0256423950195312,0.0256423950195312
2023-08-30,0.0696640014648437,0.153900146484375,0.1419754028320312,0.0149612426757812,0.0082244873046875,0.296783447265625
2023-08-31,4.698333740234375,7.679054260253906,6.323417663574219,4.7269439697265625,0.0594940185546875,1.3373641967773438
2023-09-01,0.68487548828125,0.6338348388671875,2.2586822509765625,0.431549072265625,0.0148773193359375,0.2612152099609375
2023-09-02,0.006195068359375,0.0062255859375,0.0334320068359375,0.01495361328125,0.0407562255859375,0.0128326416015625
2023-09-03,0.56414794921875,0.505126953125,0.0157470703125,0.01123046875,0.423828125,0.0
2023-09-04,0.0,0.0062255859375,0.0,0.0,0.651336669921875,0.0
2023-09-05,0.0,0.0,0.0,0.0,0.002288818359375,0.0
2023-09-06,0.0,0.0,0.0,0.0,0.0,0.0
2023-09-07,0.0,0.0,0.0,0.0,0.0,0.0
2023-09-08,0.0,0.0,0.0,0.0,0.0,0.0
2023-09-09,0.0,0.0083160400390625,0.0570526123046875,0.0,0.0,0.0
2023-09-10,2.8724441528320312,3.7683181762695312,2.488388061523437,1.9611587524414065,0.1400375366210937,1.4012908935546875
2023-09-11,2.5047836303710938,3.07232666015625,5.440757751464844,1.4594650268554688,0.3701248168945312,5.632316589355469
2023-09-12,0.391082763671875,0.697723388671875,0.2844772338867187,0.3990631103515625,0.0226058959960937,0.6110763549804688
2023-09-13,0.0,0.0498809814453125,0.0237045288085937,0.0018692016601562,0.1447906494140625,0.0555343627929687
2023-09-14,0.0076141357421875,0.689910888671875,0.05712890625,0.272369384765625,0.1653900146484375,0.430572509765625
2023-09-15,0.2180938720703125,0.076446533203125,1.1612701416015625,0.84368896484375,0.3226776123046875,5.0530548095703125
2023-09-16,0.4342803955078125,1.330535888671875,5.740737915039063,1.77862548828125,1.82305908203125,1.1453094482421875
2023-09-17,0.5096435546875,0.6230621337890625,0.48565673828125,0.32440185546875,0.193756103515625,0.6211090087890625
2023-09-18,0.00762939453125,0.0,0.0038909912109375,0.0027313232421875,0.002899169921875,0.007080078125
2023-09-19,0.0,0.0,0.0,0.0,0.0,0.0
2023-09-20,1.106170654296875,1.6211700439453125,1.6365814208984375,0.9389801025390624,2.7582244873046875,1.0346221923828125
2023-09-21,1.1924285888671875,0.57330322265625,16.517074584960938,5.107818603515625,7.434463500976562,17.355636596679688
2023-09-22,0.0,0.0,0.0060501098632812,7.62939453125e-06,0.0261154174804687,0.0
2023-09-23,0.0,0.0,0.0,0.0,0.055816650390625,0.0
2023-09-24,0.0,0.0,0.0060577392578125,0.0,0.3985595703125,0.1538543701171875
2023-09-25,0.006195068359375,0.0,0.00604248046875,0.018157958984375,0.069244384765625,0.60260009765625
2023-09-26,0.0,0.0,0.0,0.0018768310546875,0.0,0.0
2023-09-27,1.8182373046875,4.9402618408203125,2.1416473388671875,2.3911285400390625,0.0276947021484375,1.8826141357421875
2023-09-28,0.0007095336914062,0.0014114379882812,0.0643386840820312,0.3098373413085937,7.62939453125e-06,0.0
2023-09-29,0.0,0.0,0.0,0.0,0.0,0.0
2023-09-30,0.05694580078125,0.397186279296875,0.323760986328125,0.4248504638671875,0.3548583984375,0.2720489501953125
2023-10-01,0.000701904296875,0.0,0.038482666015625,0.0299224853515625,0.5400543212890625,0.370452880859375
2023-10-02,0.019500732421875,0.152587890625,0.4644317626953125,0.3572845458984375,1.0908203125,0.4522552490234375
2023-10-03,0.0,0.0,0.0,0.0,0.0,0.0
2023-10-04,1.029144287109375,2.96783447265625,2.307464599609375,1.6523895263671875,0.061065673828125,0.914276123046875
2023-10-05,0.1446990966796875,0.017333984375,0.2966461181640625,0.300567626953125,0.0,0.352142333984375
2023-10-06,0.0,0.0,0.0,7.62939453125e-06,0.0,0.0
2023-10-07,0.0376129150390625,0.2364578247070312,0.1146316528320312,0.2508621215820312,0.0151519775390625,0.0788192749023437
2023-10-08,7.62939453125e-06,0.0,0.0,7.62939453125e-06,0.0,0.0
2023-10-09,0.0,0.0,7.62939453125e-06,0.0,0.0205459594726562,7.62939453125e-06
2023-10-10,0.0,0.0,0.0,0.0,0.0,0.0
2023-10-11,6.215103149414063,3.783370971679688,0.9680938720703124,0.2971954345703125,6.4606475830078125,2.420883178710937
2023-10-12,4.108329772949219,4.129486083984375,8.183837890625,5.608406066894531,7.946685791015625,7.485633850097656
2023-10-13,11.179183959960938,14.529754638671877,26.0986328125,17.84790802001953,26.62664794921875,32.318626403808594
2023-10-14,0.1506118774414062,0.0776596069335937,0.55584716796875,0.2310028076171875,0.1886749267578125,0.5383071899414062
2023-10-15,0.0,0.0,0.2515411376953125,0.0,0.0594482421875,0.0
2023-10-16,0.0,0.0045013427734375,0.685150146484375,0.0030364990234375,1.56195068359375,0.2753448486328125
2023-10-17,27.31636047363281,22.910858154296875,68.07415771484375,21.791519165039062,66.27568054199219,19.9727783203125
2023-10-18,0.225860595703125,0.1546783447265625,0.275848388671875,0.007476806640625,3.109619140625,2.998046875
2023-10-19,0.0317230224609375,0.0,0.0425262451171875,0.0,0.0267181396484375,0.0
2023-10-20,0.01312255859375,0.0062408447265625,0.0310211181640625,0.0,0.0128173828125,0.0
2023-10-21,2.163558959960937,1.6129913330078125,5.007415771484375,1.96478271484375,13.07659912109375,6.591232299804688
2023-10-22,0.1070709228515625,0.009735107421875,0.6045989990234375,0.0886993408203125,9.192398071289062,3.0398101806640625
2023-10-23,1.6946258544921875,1.81805419921875,7.907333374023437,6.778488159179688,39.660247802734375,46.72779846191406
2023-10-24,0.0,0.0028228759765625,3.190902709960937,2.943023681640625,4.6590728759765625,0.82232666015625
2023-10-25,0.0,0.0,0.0128326416015625,0.0,0.1251678466796875,0.0503692626953125
2023-10-26,0.0,0.0,0.0,0.0,0.0,0.0
2023-10-27,0.25640869140625,0.94635009765625,1.9312591552734373,0.5966339111328125,12.761489868164062,2.519027709960937
2023-10-28,0.8987274169921875,0.7633209228515625,0.131256103515625,0.2223358154296875,0.09771728515625,0.130096435546875
2023-10-29,0.732269287109375,0.1706695556640625,1.8657073974609373,2.0904083251953125,4.7824554443359375,6.1489105224609375
2023-10-30,2.209442138671875,1.845947265625,21.651535034179688,1.631072998046875,50.42149353027344,36.4625244140625
2023-10-31,0.231658935546875,0.27337646484375,1.666046142578125,1.7401275634765625,8.020172119140625,3.489105224609375
2023-11-01,9.317825317382812,7.625640869140625,12.484970092773438,3.7946624755859375,40.95751953125,34.14324951171875
2023-11-02,0.0167083740234375,0.0193939208984375,0.163909912109375,0.003753662109375,5.1100006103515625,0.1596221923828125
2023-11-03,0.686187744140625,0.14385986328125,1.056640625,0.0897979736328125,4.5655517578125,0.8943939208984375
2023-11-04,24.272628784179688,10.9117431640625,12.854461669921877,11.134140014648438,24.78173828125,26.538330078125
2023-11-05,0.0,0.0142288208007812,0.0,0.0,0.0010299682617187,0.0446853637695312
2023-11-06,22.350601196289062,7.721015930175781,25.76239013671875,7.8676605224609375,44.36216735839844,22.614028930664062
2023-11-07,11.091964721679688,3.7102203369140634,7.47955322265625,11.860794067382812,28.436737060546875,18.044647216796875
2023-11-08,1.4636383056640625,1.104583740234375,0.0718841552734375,0.101348876953125,0.2991180419921875,0.0391845703125
2023-11-09,0.0,0.0,0.0,0.0,0.0,0.0
2023-11-10,2.65985107421875,1.9705047607421875,0.03558349609375,0.0037384033203125,0.577484130859375,0.1622314453125
2023-11-11,16.695968627929688,15.819992065429688,17.306716918945312,15.319351196289062,16.632904052734375,13.165802001953123
2023-11-12,0.0,0.0013961791992187,0.0,0.0,0.00762939453125,0.0057296752929687
2023-11-13,16.5594482421875,16.541656494140625,24.13681030273437,18.792030334472656,22.913124084472656,25.417320251464844
2023-11-14,1.7542877197265625,4.032783508300781,1.9196243286132808,2.139251708984375,0.1015853881835937,0.8543167114257812
2023-11-15,0.6884765625,1.3230361938476562,0.7406158447265625,1.0953140258789062,0.0461883544921875,0.8508834838867188
2023-11-16,0.0,0.0,0.08349609375,0.0060577392578125,0.9251251220703124,0.2099151611328125
2023-11-17,27.603179931640625,23.171295166015625,24.815460205078125,21.12860107421875,40.74586486816406,57.70768737792969
2023-11-18,18.837234497070312,23.738265991210938,21.33697509765625,13.17352294921875,12.046859741210938,20.344482421875
2023-11-19,0.1963653564453125,0.3508148193359375,0.2031707763671875,0.11572265625,0.01898193359375,0.01959228515625
2023-11-20,5.35833740234375,4.113800048828125,0.901214599609375,0.3724365234375,6.45037841796875,8.050491333007812
2023-11-21,13.722030639648438,18.199920654296875,18.142654418945312,16.861770629882812,20.470458984375,38.786865234375
2023-11-22,0.8136138916015625,0.83758544921875,0.3478546142578125,0.34735107421875,0.0,0.022613525390625
2023-11-23,0.45501708984375,0.46038818359375,1.9987030029296875,0.27850341796875,6.0263671875,5.18304443359375
2023-11-24,23.00473022460937,16.523239135742188,47.40913391113281,28.914093017578125,57.637054443359375,56.2420654296875
2023-11-25,0.925323486328125,1.0556793212890625,1.06427001953125,1.0010528564453125,3.954513549804688,2.4756317138671875
2023-11-26,0.0,0.0,0.7795257568359375,0.0,2.3657379150390625,1.4912872314453125
2023-11-27,1.3064422607421875,0.32635498046875,11.225723266601562,3.6070404052734375,57.8223876953125,24.950942993164062
2023-11-28,13.7269287109375,12.825088500976562,24.567901611328125,14.366912841796877,37.02690124511719,48.974945068359375
2023-11-29,0.78070068359375,1.126007080078125,1.17279052734375,1.6173095703125,1.1731109619140625,1.166046142578125
2023-11-30,0.1659393310546875,0.53436279296875,0.21185302734375,0.1999359130859375,0.0162200927734375,0.14984130859375
2023-12-01,0.0041656494140625,0.0,0.71539306640625,0.0,2.5827789306640625,2.3726043701171875
2023-12-02,2.6150131225585938,2.6422882080078125,4.193168640136719,1.8420257568359373,14.126670837402344,6.240547180175781
2023-12-03,2.343940734863281,1.5292282104492188,1.7626800537109375,3.0909652709960938,3.6699142456054688,1.978065490722656
2023-12-04,0.605804443359375,1.8025131225585935,0.4631729125976562,0.5902557373046875,0.0,0.0641021728515625
2023-12-05,0.0,0.0062408447265625,0.0,0.0,0.0,0.0
2023-12-06,1.12847900390625,2.1974639892578125,1.2326202392578125,1.0431365966796875,1.370269775390625,1.523529052734375
2023-12-07,0.2326202392578125,0.266937255859375,0.0508270263671875,0.2372589111328125,0.0,0.0128173828125
2023-12-08,0.0,0.0,0.0815887451171875,0.0,1.99267578125,0.2208404541015625
2023-12-09,0.04913330078125,0.0166397094726562,4.8828887939453125,0.0492172241210937,33.84989929199219,8.715553283691406
2023-12-10,13.801795959472656,6.94183349609375,6.711959838867188,9.39348602294922,36.098899841308594,28.302810668945312
2023-12-11,1.8392791748046875,5.8896026611328125,2.4924087524414062,2.778877258300781,0.262420654296875,1.7382431030273438
2023-12-12,1.1943588256835938,1.7879409790039062,2.558143615722656,1.0601119995117188,0.1020736694335937,0.1301116943359375
2023-12-13,0.3306427001953125,0.1955413818359375,0.1529312133789062,0.0745697021484375,0.0128250122070312,0.0
2023-12-14,0.0,0.0,0.0,0.0,0.5119781494140625,0.0
2023-12-15,0.0,0.0,0.0,0.0,0.0,0.0
2023-12-16,0.0,0.0,0.0,0.0,0.0,0.0
2023-12-17,0.0908355712890625,0.1081695556640625,0.1118621826171875,0.0351409912109375,0.15411376953125,0.0056915283203125
2023-12-18,0.0,0.0,0.066497802734375,0.0,0.5520172119140625,0.1966476440429687
2023-12-19,8.031745910644531,11.934288024902344,5.704681396484375,6.472457885742188,3.2238311767578125,3.150062561035156
2023-12-20,0.0,0.0041656494140625,0.0,0.005767822265625,0.003082275390625,0.0097503662109375
2023-12-21,0.0069122314453125,0.0,0.0152587890625,0.0,0.0020599365234375,0.0
2023-12-22,0.0,0.0,0.0,0.0,0.0,0.0
2023-12-23,0.0,0.0,0.0,0.0,0.0,0.00189208984375
2023-12-24,0.0,7.62939453125e-06,7.62939453125e-06,0.0,0.0,0.0
2023-12-25,0.0,0.0,0.0,0.0,0.0,0.0
2023-12-26,0.03265380859375,0.2218856811523437,0.0,0.0,0.0,0.0135498046875
2023-12-27,7.62939453125e-06,0.0,0.0,0.0,0.0,0.0
2023-12-28,0.129608154296875,0.2053375244140625,0.5489730834960938,0.1358795166015625,3.4625778198242188,1.812744140625
2023-12-29,0.0083465576171875,0.0083236694335937,0.1290054321289062,0.2651443481445312,2.339935302734375,3.066932678222656
2023-12-30,2.4537811279296875,2.672271728515625,4.049980163574219,1.4132461547851562,17.11046600341797,7.367034912109375
2023-12-31,0.1901931762695312,0.0845489501953125,0.4050140380859375,0.171356201171875,6.683097839355469,2.000228881835937
2024-01-01,0.0326614379882812,0.0658493041992187,2.732627868652344,0.1280593872070312,5.647102355957031,2.388214111328125
2024-01-02,0.2415847778320312,0.0187606811523437,3.3455810546875,0.5403900146484375,7.518043518066406,4.10443115234375
2024-01-03,11.204635620117188,11.810752868652344,16.451499938964844,11.781692504882812,36.0281982421875,18.996841430664062
2024-01-04,5.092521667480469,6.159393310546875,4.958465576171875,5.256080627441406,16.885887145996094,9.292098999023438
2024-01-05,1.09393310546875,1.4169158935546875,0.9013519287109376,0.899871826171875,0.0662078857421875,0.666961669921875
2024-01-06,0.097259521484375,0.1449127197265625,0.0964508056640625,0.05755615234375,0.00640869140625,0.03033447265625
2024-01-07,0.0,0.0,0.0,0.0,0.0,0.0
2024-01-08,0.7813796997070312,1.804969787597656,0.7087783813476562,0.4811630249023437,0.0128250122070312,0.078155517578125
2024-01-09,0.2349319458007812,0.3769149780273437,0.1873779296875,0.3316497802734375,0.0074310302734375,0.028076171875
2024-01-10,0.0,0.0003509521484375,0.0,0.0027313232421875,0.0600738525390625,0.033050537109375
2024-01-11,3.094696044921875,4.1184844970703125,4.270721435546875,1.863067626953125,22.18597412109375,17.567855834960938
2024-01-12,0.961517333984375,0.9124603271484376,0.3565521240234375,0.1793060302734375,0.6776580810546875,2.6862335205078125
2024-01-13,0.342926025390625,1.0588836669921875,2.8652801513671875,0.48736572265625,17.092544555664062,11.020751953125
2024-01-14,2.548309326171875,1.156097412109375,31.96083068847656,12.924331665039062,92.3956298828125,53.26325988769531
2024-01-15,3.864990234375,4.7794342041015625,5.32861328125,3.7831878662109375,16.266281127929688,8.887786865234375
2024-01-16,9.333847045898438,11.928970336914062,13.22265625,10.019546508789062,21.677261352539062,29.912185668945312
2024-01-17,0.01739501953125,0.0270538330078125,0.030517578125,0.0463104248046875,0.0210418701171875,0.0599517822265625
2024-01-18,0.0,0.0,0.0,0.0,0.0,0.0
2024-01-19,2.3675460815429688,1.7944869995117188,1.8012847900390625,1.0152740478515625,0.2344436645507812,1.0515060424804688
2024-01-20,0.0,0.1872177124023437,0.0,0.012115478515625,0.0,0.0256423950195312
2024-01-21,3.222137451171875,3.937667846679688,1.8469696044921875,2.688995361328125,0.6097564697265625,1.361297607421875
2024-01-22,0.0207595825195312,0.1199417114257812,0.1252288818359375,0.129486083984375,0.0,0.0256423950195312
2024-01-23,0.767181396484375,1.80792236328125,0.9207763671875,0.823638916015625,0.0123291015625,0.375244140625
2024-01-24,0.0139389038085937,0.1800918579101562,0.0492630004882812,0.1993255615234375,0.0082244873046875,0.2236557006835937
2024-01-25,0.0045242309570312,0.0367507934570312,0.002777099609375,0.0418624877929687,0.0010299682617187,0.0
2024-01-26,0.0,0.0,0.0,0.005462646484375,0.0,0.0
2024-01-27,0.0,0.0,0.0,0.0,0.0,0.0
2024-01-28,0.0076141357421875,0.181854248046875,0.027374267578125,0.0530242919921875,0.0,0.0128173828125
2024-01-29,0.6698760986328125,1.331024169921875,1.560638427734375,1.3592681884765625,0.03179931640625,0.42987060546875
2024-01-30,0.0,0.0,0.0,0.0,0.0,0.0
2024-01-31,0.0,0.0,0.0,0.0,0.0,0.0
2024-02-01,0.0,0.0,0.0,0.0,0.0,0.0
2024-02-02,0.0,0.0,0.0,0.0,0.0,0.0
2024-02-03,0.0,0.0,0.0223846435546875,0.0,0.0416717529296875,0.002166748046875
2024-02-04,0.004180908203125,0.0,0.226776123046875,0.0,2.455078125,0.1933135986328125
2024-02-05,0.0,0.0,0.1290130615234375,0.0,1.9839935302734373,0.199981689453125
2024-02-06,1.09814453125,0.1748199462890625,3.2759246826171875,0.5850982666015625,1.7823944091796875,1.0801239013671875
2024-02-07,6.7586212158203125,2.7538604736328125,30.145904541015625,8.87005615234375,46.1875,36.01873779296875
2024-02-08,3.7332611083984375,10.0904541015625,3.389755249023437,10.793869018554688,4.594940185546875,6.8602447509765625
2024-02-09,2.616302490234375,6.0078125,4.937103271484375,4.962646484375,1.8878326416015625,5.0318145751953125
2024-02-10,0.033966064453125,0.1683197021484375,0.1778564453125,0.2117919921875,0.0,0.2355194091796875
2024-02-11,0.4672088623046875,1.4948883056640625,0.8297195434570312,0.6983184814453125,0.0309677124023437,0.2480621337890625
2024-02-12,0.0,7.62939453125e-06,0.0,0.0,0.0,7.62939453125e-06
2024-02-13,0.0124053955078125,0.0,0.0,0.0,0.0,0.0
2024-02-14,4.7245635986328125,4.653076171875,3.531341552734375,2.354644775390625,0.8378753662109375,1.8106689453125
2024-02-15,0.0,0.0045013427734375,0.0,0.0,0.0,0.0097503662109375
2024-02-16,0.53411865234375,0.6903076171875,1.3144989013671875,0.7772674560546875,1.373382568359375,2.926605224609375
2024-02-17,0.02716064453125,0.023590087890625,0.0157623291015625,0.170196533203125,0.0003814697265625,0.04278564453125
2024-02-18,0.0,0.0,0.0663299560546875,0.0,0.5009765625,0.041351318359375
2024-02-19,0.7996902465820312,0.6424713134765625,5.671562194824219,0.5773849487304688,26.798599243164062,13.576248168945312
2024-02-20,8.056999206542969,0.7360763549804688,36.30802154541016,7.443740844726562,54.29566192626953,37.282318115234375
2024-02-21,0.445526123046875,0.3217620849609375,8.416900634765625,1.4781036376953125,17.09844970703125,10.536788940429688
2024-02-22,0.16912841796875,0.140228271484375,0.0854034423828125,0.246826171875,1.922332763671875,0.4238128662109375
2024-02-23,0.1154937744140625,0.150787353515625,0.2927093505859375,0.0382080078125,1.6880950927734375,0.1693267822265625
2024-02-24,0.0,0.0,0.0,0.0,0.0520477294921875,0.0
2024-02-25,3.50372314453125,2.6321563720703125,8.201065063476562,4.057174682617188,12.831680297851562,16.037734985351562
2024-02-26,0.5789337158203125,0.7975616455078125,1.7289276123046875,2.05615234375,8.872665405273438,6.520675659179688
2024-02-27,0.4339141845703125,1.1278533935546875,1.0054779052734375,0.825408935546875,0.8788909912109375,0.6141510009765625
2024-02-28,0.0507965087890625,0.10845947265625,0.1264801025390625,0.052215576171875,2.3463592529296875,0.4520263671875
2024-02-29,0.07672119140625,0.1613616943359375,1.0573883056640625,0.537933349609375,13.481781005859377,7.258453369140625
2024-03-01,9.087539672851562,12.4632568359375,8.989883422851562,13.774658203125,8.483001708984375,12.033279418945312
2024-03-02,5.59814453125,2.6991729736328125,1.7857666015625,1.2326889038085938,1.4631500244140625,0.420928955078125
2024-03-03,2.1396636962890625,5.50421142578125,1.0138092041015625,2.5649566650390625,1.7459564208984375,0.51702880859375
2024-03-04,0.019439697265625,0.14141845703125,0.0877838134765625,0.12091064453125,0.071929931640625,0.3331146240234375
2024-03-05,0.16046142578125,0.0520095825195312,0.3411865234375,0.1016159057617187,0.7657546997070312,0.7591934204101562
2024-03-06,17.739280700683594,4.359420776367188,20.424972534179688,5.396484375,20.86871337890625,13.847549438476562
2024-03-07,9.591110229492188,8.634628295898438,36.563385009765625,31.9876708984375,66.32850646972656,37.299560546875
2024-03-08,8.885391235351562,7.7556304931640625,3.087677001953125,5.381744384765625,2.9503173828125,0.5718841552734375
2024-03-09,1.5375518798828125,2.9456787109375,2.417877197265625,1.706207275390625,2.546127319335937,1.7435455322265625
2024-03-10,1.157928466796875,2.55316162109375,1.1740493774414062,2.983917236328125,0.2120513916015625,0.7973403930664062
2024-03-11,0.0348739624023437,0.3310089111328125,0.1819381713867187,0.0778427124023437,0.311370849609375,0.1965484619140625
2024-03-12,2.0239181518554688,2.763885498046875,2.1476364135742188,2.2918853759765625,0.291229248046875,0.2381744384765625
2024-03-13,1.3107452392578125,2.43988037109375,1.766143798828125,1.3227996826171875,0.6900405883789062,1.5629959106445312
2024-03-14,0.5450668334960938,1.73931884765625,0.4969253540039062,0.3512802124023437,0.0765304565429687,0.1732635498046875
2024-03-15,12.586151123046877,11.846824645996094,3.870803833007813,5.319465637207031,5.595558166503906,3.4137191772460938
2024-03-16,0.0,0.0,0.012115478515625,0.0109176635742187,0.0,7.62939453125e-06
2024-03-17,0.0,0.0,0.0,0.0,0.0,0.0
2024-03-18,0.034576416015625,0.0083160400390625,0.1441650390625,0.0218505859375,0.061553955078125,0.1733551025390625
2024-03-19,0.0870513916015625,0.067230224609375,0.1788177490234375,0.371917724609375,0.4298858642578125,0.7577056884765625
2024-03-20,2.3099822998046875,1.9428253173828125,8.728256225585938,5.333015441894531,26.72856903076172,21.779022216796875
2024-03-21,0.618255615234375,1.1791915893554688,0.48651123046875,0.3324813842773437,0.7956314086914062,1.4046249389648438
2024-03-22,0.758148193359375,1.2025909423828125,7.384971618652344,1.609954833984375,8.688224792480469,6.857810974121094
2024-03-23,2.315467834472656,0.7922897338867188,12.02324676513672,6.853691101074219,32.48957824707031,22.925514221191406
2024-03-24,5.445274353027344,3.5334548950195312,7.838752746582031,5.3566436767578125,18.8538818359375,10.425270080566406
2024-03-25,0.0,0.0,0.0991668701171875,0.0,0.1077499389648437,0.0906524658203125
2024-03-26,0.0,7.62939453125e-06,0.0,7.62939453125e-06,0.0,0.0
2024-03-27,0.0,0.0,0.0,0.0,0.0,0.0
2024-03-28,5.282012939453125,1.7297210693359375,7.2314910888671875,1.8873138427734373,9.299331665039062,3.0909423828125
2024-03-29,0.699676513671875,1.074798583984375,0.8321685791015625,1.61981201171875,2.511566162109375,3.5551300048828125
2024-03-30,0.0,0.0,0.0,0.0,0.0020599365234375,0.0
2024-03-31,0.0014114379882812,0.0749130249023437,0.0409622192382812,0.0146942138671875,0.0709075927734375,0.2974472045898437
2024-04-01,0.0,0.0,0.0,0.0,0.0,0.0
2024-04-02,0.0,0.0006942749023437,0.0012054443359375,0.0,0.0062179565429687,0.0051956176757812
2024-04-03,0.0,0.0,0.0,0.0,0.0,0.0
2024-04-04,0.0,0.0,0.0,0.0,0.0,0.0
2024-04-05,0.0,0.0,0.0,0.0,0.0,0.3461761474609375
2024-04-06,0.0,0.0045166015625,0.002777099609375,0.0158538818359375,0.0535736083984375,0.6393814086914062
2024-04-07,0.0214614868164062,0.0,0.0116043090820312,0.0,0.0003814697265625,0.0
2024-04-08,0.1895370483398437,0.5698394775390625,0.0363311767578125,0.08966064453125,0.0007705688476562,0.0
2024-04-09,0.0,0.0,0.0060577392578125,0.005462646484375,0.0,0.0056915283203125
2024-04-10,0.0,0.0,0.0,0.0,0.0,0.0
2024-04-11,0.00311279296875,0.0,0.0018157958984375,0.0,0.0,0.0
2024-04-12,0.0304718017578125,0.02496337890625,4.373077392578125,0.1167755126953125,14.560745239257812,5.7109222412109375
2024-04-13,27.46197509765625,18.89952850341797,29.12852478027344,12.808830261230469,39.57241821289063,29.677574157714844
2024-04-14,3.3490066528320312,3.861915588378906,3.1425094604492188,5.1631622314453125,7.245712280273437,6.147621154785156
2024-04-15,7.303558349609375,4.828376770019531,16.28504180908203,8.610099792480469,10.369674682617188,17.663421630859375
2024-04-16,3.34619140625,2.476181030273437,2.786170959472656,2.205810546875,1.5099029541015625,1.959716796875
2024-04-17,18.398666381835938,13.532981872558594,20.24693298339844,14.744178771972656,20.82872772216797,19.95259094238281
2024-04-18,0.1542434692382812,0.0485000610351562,0.0092010498046875,0.0645370483398437,0.0,0.0258255004882812
2024-04-19,10.339576721191406,19.086639404296875,18.693588256835938,23.83807373046875,37.55017852783203,33.857749938964844
2024-04-20,3.135536193847656,2.9052963256835938,2.4724655151367188,0.5876998901367188,13.066177368164062,5.440719604492188
2024-04-21,2.0902252197265625,2.696571350097656,2.030921936035156,1.5922622680664062,3.485313415527344,1.6447372436523438
2024-04-22,5.112449645996094,8.254981994628906,1.6064109802246094,1.8620834350585935,3.609546661376953,2.8976783752441406
2024-04-23,0.2762451171875,0.5168418884277344,0.1772880554199218,0.0760612487792968,0.0282363891601562,0.20513916015625
2024-04-24,0.0007209777832031,0.012481689453125,0.0,0.0,0.0132026672363281,0.0
2024-04-25,7.62939453125e-06,7.62939453125e-06,0.0,0.0,0.0,7.62939453125e-06
2024-04-26,0.0,0.0,0.0,0.0,0.00640869140625,0.0
2024-04-27,0.4344024658203125,0.8087921142578125,0.9838714599609376,0.7094268798828125,1.2489471435546875,2.75933837890625
2024-04-28,1.6419219970703125,3.15191650390625,0.9696807861328124,1.131439208984375,7.512237548828125,1.9471435546875
2024-04-29,9.35930633544922,12.747879028320312,4.4597930908203125,6.709930419921875,14.922225952148438,4.644989013671875
2024-04-30,4.2992706298828125,4.664573669433594,3.265693664550781,6.418006896972656,3.9874801635742183,5.0654144287109375
2024-05-01,0.3437881469726562,0.445098876953125,1.2210922241210938,0.5499420166015625,0.52001953125,1.3483734130859375
2024-05-02,0.1147918701171875,0.0007171630859375,0.310760498046875,0.0720367431640625,0.07025146484375,0.47491455078125
2024-05-03,2.547401428222656,1.8753814697265625,0.5479354858398438,0.7509841918945312,0.0554885864257812,0.6467514038085938
2024-05-04,6.817253112792969,7.1186370849609375,8.36492919921875,9.192619323730469,6.2106781005859375,7.822746276855469
2024-05-05,3.199378967285156,10.412971496582031,9.391853332519531,5.886077880859375,9.808868408203123,14.61347198486328
2024-05-06,3.014556884765625,3.281578063964844,6.966232299804688,5.537101745605469,2.4583511352539062,11.741058349609377
2024-05-07,0.068695068359375,0.1213264465332031,0.0529098510742187,0.1163673400878906,1.9512863159179688,0.0512809753417968
2024-05-08,0.2698440551757812,1.349578857421875,0.9434280395507812,1.2607040405273438,2.4647369384765625,3.0662994384765625
2024-05-09,1.4684295654296875,2.035385131835937,1.0890121459960938,1.9525146484375,3.53924560546875,1.5556182861328125
2024-05-10,14.11701202392578,10.15472412109375,5.637931823730469,8.859451293945312,2.5961456298828125,1.55657958984375
2024-05-11,5.4567718505859375,6.227310180664063,1.2758636474609375,3.212493896484375,0.3268585205078125,0.990753173828125
2024-05-12,0.5236129760742188,1.295440673828125,0.7128753662109375,0.3914871215820312,0.0944366455078125,0.106903076171875
2024-05-13,2.589569091796875,2.6613006591796875,0.47991943359375,0.176055908203125,0.2347564697265625,0.4581298828125
2024-05-14,0.0221405029296875,0.0332794189453125,0.0,0.0,0.0148773193359375,0.00189208984375
2024-05-15,16.915084838867188,13.031112670898438,16.558822631835938,15.856460571289062,24.553985595703125,12.233932495117188
2024-05-16,5.751991271972656,5.829673767089844,3.8676986694335938,2.5542144775390625,1.8842010498046875,2.655235290527344
2024-05-17,1.5605926513671875,0.9329910278320312,1.31597900390625,1.8594818115234373,6.029731750488281,3.2137603759765625
2024-05-18,10.034629821777344,5.409927368164063,1.9136962890625,3.311996459960937,3.087852478027344,2.1629562377929688
2024-05-19,0.897735595703125,2.4722213745117188,2.769149780273437,1.1223297119140625,2.7397994995117188,3.6628341674804688
2024-05-20,4.033355712890625,3.3863601684570312,1.8446578979492188,3.3153610229492188,0.4170989990234375,1.3538818359375
2024-05-21,3.247787475585937,7.3542327880859375,3.971244812011719,6.1512298583984375,15.260658264160156,6.869529724121094
2024-05-22,14.875144958496094,10.540138244628906,14.36933135986328,10.395889282226562,16.14812469482422,12.485488891601562
2024-05-23,0.1061019897460937,0.332794189453125,0.0060577392578125,0.0382308959960937,4.854454040527344,1.22882080078125
2024-05-24,4.801536560058594,3.847686767578125,13.175697326660156,8.093574523925781,5.481452941894531,12.06585693359375
2024-05-25,3.2757644653320312,5.802017211914063,3.9966964721679688,5.605091094970703,13.508731842041016,7.014225006103516
2024-05-26,0.6700515747070312,0.6906204223632812,1.281463623046875,1.002960205078125,3.77044677734375,2.0396270751953125
2024-05-27,1.9609451293945312,3.303314208984375,4.668724060058594,0.5888137817382812,15.627212524414062,5.178047180175781
2024-05-28,0.6008148193359375,0.1942520141601562,3.519805908203125,0.4290084838867187,11.669097900390623,2.9775466918945312
2024-05-29,2.452255249023437,3.234046936035156,1.6184005737304688,2.9014892578125,0.3347015380859375,0.551849365234375
2024-05-30,0.458221435546875,0.7603759765625,1.529296875,0.9588623046875,0.854827880859375,1.5399627685546875
2024-05-31,0.7964248657226562,0.2377700805664062,0.294158935546875,0.0224456787109375,0.0516586303710937,0.1410293579101562
2024-06-01,0.1797943115234375,0.5278472900390625,0.3086776733398437,0.1134719848632812,0.28955078125,0.1452713012695312
2024-06-02,0.2944488525390625,0.9602508544921876,0.12359619140625,0.370025634765625,0.6604232788085938,0.6035003662109375
2024-06-03,0.0062103271484375,0.0,0.0560455322265625,0.0,0.072418212890625,0.176605224609375
2024-06-04,0.2082595825195312,0.5887222290039062,3.597503662109375,0.646728515625,0.0544052124023437,0.7234725952148438
2024-06-05,0.3262100219726562,0.0035400390625,0.794586181640625,0.4808502197265625,0.5491104125976562,0.8393173217773438
2024-06-06,0.1328353881835937,0.1075363159179687,0.2550048828125,0.0493698120117187,0.0415420532226562,0.105682373046875
2024-06-07,0.3134841918945312,0.5745010375976562,0.3256072998046875,0.1721878051757812,0.64520263671875,0.0
2024-06-08,1.1059646606445312,4.1728363037109375,2.4484405517578125,0.3487777709960937,0.0411148071289062,0.389678955078125
2024-06-09,3.6341552734375,3.1530914306640625,2.654998779296875,3.411651611328125,11.024261474609377,4.789596557617188
2024-06-10,11.23320770263672,6.696296691894531,9.71147918701172,13.625389099121094,5.800010681152344,9.10968017578125
2024-06-11,0.0083465576171875,0.0,0.0060577392578125,0.005462646484375,0.0,0.0114669799804687
2024-06-12,0.0173568725585937,0.3463897705078125,0.1019973754882812,0.0213165283203125,0.0,0.1073532104492187
2024-06-13,0.5691757202148438,5.673149108886719,5.416961669921875,0.8671798706054688,0.8822555541992188,4.5157470703125
2024-06-14,0.0567245483398437,0.451995849609375,0.1256942749023437,0.1281967163085937,0.3478012084960937,0.56494140625
2024-06-15,0.0,0.0,0.0,0.0149612426757812,0.03131103515625,0.0332260131835937
2024-06-16,0.0167007446289062,0.0,0.0,0.0,0.0,0.0256423950195312
2024-06-17,0.0,0.0,0.0,0.0,0.025634765625,0.0
2024-06-18,0.1697235107421875,0.0180511474609375,0.2920989990234375,0.007476806640625,0.5215072631835938,0.1172866821289062
2024-06-19,0.1044998168945312,1.912925720214844,7.62939453125e-06,0.162811279296875,0.0,0.2135391235351562
2024-06-20,5.444587707519531,4.459587097167969,5.89349365234375,8.971725463867188,1.3194808959960938,1.8344879150390625
2024-06-21,3.8780746459960938,4.226348876953125,5.5846099853515625,4.895698547363281,3.810401916503906,2.0669937133789062
2024-06-22,1.9923553466796875,3.676567077636719,3.882911682128906,3.0183563232421875,1.46307373046875,4.017837524414063
2024-06-23,13.038047790527344,16.840591430664062,7.703048706054687,7.17633056640625,7.989616394042969,18.416427612304688
2024-06-24,2.1326446533203125,2.3505401611328125,2.688545227050781,1.3507308959960938,1.1345367431640625,4.466194152832031
2024-06-25,0.0630722045898437,0.2710647583007812,0.0260467529296875,0.0357437133789062,0.0033950805664062,0.0
2024-06-26,0.0034561157226562,0.0,0.0,0.0048980712890625,0.0020523071289062,0.0900192260742187
2024-06-27,0.0062026977539062,0.101898193359375,0.007293701171875,0.0,0.0041122436523437,0.0403594970703125
2024-06-28,26.827926635742188,26.441207885742188,20.20343017578125,18.881271362304688,15.573074340820312,18.687965393066406
2024-06-29,0.0505447387695312,0.42987060546875,1.6884765625,4.368659973144531,0.9851226806640624,2.145332336425781
2024-06-30,0.3714752197265625,0.3489227294921875,1.6939468383789062,1.563232421875,4.935386657714844,3.1854248046875
2024-07-01,0.1418838500976562,0.26556396484375,0.012115478515625,0.2133331298828125,0.088348388671875,0.218414306640625
2024-07-02,0.0,0.0,0.0,0.0,0.0,0.0
2024-07-03,0.0,0.0,0.0,0.0,0.0,0.0
2024-07-04,0.6214981079101562,0.662384033203125,0.0617752075195312,0.118988037109375,0.00616455078125,0.5194320678710938
2024-07-05,0.0917129516601562,0.3410568237304687,0.5423202514648438,0.1284942626953125,0.0935592651367187,0.8048477172851562
2024-07-06,0.0089492797851562,0.0221786499023437,0.0058059692382812,0.0049057006835937,0.01531982421875,0.0
2024-07-07,0.0055007934570312,0.0083236694335937,0.0542221069335937,0.0,0.0255355834960937,0.1301116943359375
2024-07-08,0.0,0.1143875122070312,0.0957717895507812,0.031707763671875,0.390777587890625,0.6723861694335938
2024-07-09,0.0986557006835937,0.7890396118164062,1.5582046508789062,0.8981857299804688,0.2875289916992187,0.7899322509765625
2024-07-10,0.854736328125,1.0881195068359375,2.594970703125,0.4123306274414062,0.2009124755859375,1.195831298828125
2024-07-11,0.016693115234375,0.13311767578125,0.0036468505859375,0.0,0.0,0.0
2024-07-12,0.3247833251953125,0.0,0.5094757080078125,0.0,0.060577392578125,0.1082611083984375
2024-07-13,0.1212844848632812,0.2897872924804687,0.7414627075195312,1.0938720703125,0.5854873657226562,2.001991271972656
2024-07-14,0.972564697265625,1.7960357666015625,3.5533370971679688,1.0779342651367188,1.1522216796875,0.9562530517578124
2024-07-15,0.0478973388671875,0.0590133666992187,0.3170242309570312,0.2227783203125,0.24249267578125,4.8199310302734375
2024-07-16,12.203964233398438,9.232574462890623,12.732208251953123,15.589569091796877,3.237396240234375,9.705772399902344
2024-07-17,1.4370574951171875,1.359588623046875,1.7855758666992188,1.3189010620117188,1.8278579711914065,2.76934814453125
2024-07-18,5.251480102539063,2.88629150390625,3.2771530151367188,0.7973175048828125,1.27789306640625,0.8218765258789062
2024-07-19,1.1741790771484375,2.6252517700195312,1.5127716064453125,1.1836624145507812,0.2189178466796875,2.1727218627929688
2024-07-20,16.417526245117188,16.588058471679688,12.84564208984375,9.176383972167969,3.960639953613281,5.599723815917969
2024-07-21,0.3634490966796875,0.3712005615234375,2.331329345703125,2.726913452148437,0.810455322265625,3.239173889160156
2024-07-22,0.0,0.0263748168945312,0.0,0.0418014526367187,0.0,0.0
2024-07-23,0.0,0.0,0.0,0.0,0.0,0.0
2024-07-24,0.0,0.0,0.0,0.0,0.0,0.0
2024-07-25,0.068145751953125,0.173309326171875,0.05938720703125,0.02618408203125,0.0230865478515625,0.59356689453125
2024-07-26,0.0,0.0,0.0,0.0,0.0,0.0
2024-07-27,0.0,0.0,0.0,0.0,0.0,0.0
2024-07-28,0.0030975341796875,0.0,0.0,0.0,0.0,0.000946044921875
2024-07-29,1.04888916015625,1.19573974609375,2.0394210815429688,1.1520843505859375,0.0551986694335937,1.0753097534179688
2024-07-30,7.024665832519531,8.088447570800781,7.714683532714844,7.488655090332031,1.1136245727539062,1.6875076293945312
2024-07-31,0.016693115234375,0.0,0.061431884765625,0.03277587890625,0.4720916748046875,0.932952880859375
2024-08-01,7.62939453125e-06,7.62939453125e-06,0.0,0.0,0.0185012817382812,0.0
2024-08-02,0.25042724609375,0.8424224853515625,0.0133514404296875,0.0213165283203125,0.1347503662109375,0.320068359375
2024-08-03,0.0,0.0,0.4112091064453125,0.0,0.2294921875,1.273712158203125
2024-08-04,0.0,0.0,0.0170059204101562,0.009796142578125,0.0814208984375,0.0747604370117187
2024-08-05,0.0124130249023437,0.0166397094726562,0.2103805541992187,0.1270675659179687,0.3342056274414062,0.62750244140625
2024-08-06,0.11895751953125,0.0693283081054687,0.0,0.0,0.0,0.0
2024-08-07,0.0,0.0,0.004852294921875,0.0048980712890625,0.00018310546875,0.000946044921875
2024-08-08,0.0,0.0,0.0,0.0,0.0,0.0
2024-08-09,0.00274658203125,0.0,0.00970458984375,0.0,0.00640869140625,0.0073623657226562
2024-08-10,1.1578216552734375,0.6035308837890625,1.886962890625,1.9062728881835935,0.1586380004882812,1.77667236328125
2024-08-11,0.3207626342773437,1.4239654541015625,0.418609619140625,0.7350616455078125,0.0405120849609375,4.414344787597656
2024-08-12,0.0046005249023437,0.0634918212890625,0.2188034057617187,0.1679763793945312,0.0339126586914062,0.2347946166992187
2024-08-13,0.0512313842773437,1.7348480224609375,0.7388687133789062,1.594451904296875,0.9676513671875,1.094635009765625
2024-08-14,1.425262451171875,3.2238311767578125,4.03778076171875,1.718963623046875,2.358978271484375,5.798873901367188
2024-08-15,6.7939300537109375,11.94317626953125,2.4473419189453125,4.4695587158203125,4.8980560302734375,2.851791381835937
2024-08-16,14.535736083984377,9.679901123046877,5.3668060302734375,3.443222045898437,12.03851318359375,5.6988067626953125
2024-08-17,0.9976654052734376,4.70660400390625,2.00018310546875,4.6829833984375,1.403167724609375,3.7475814819335938
2024-08-18,0.6313323974609375,2.6778564453125,1.0471649169921875,1.118865966796875,0.0748291015625,0.6067428588867188
2024-08-19,0.1501007080078125,2.644744873046875,1.4805755615234375,2.1032867431640625,0.3549346923828125,4.588348388671875
2024-08-20,0.0,0.03399658203125,0.779693603515625,0.0233306884765625,0.371185302734375,1.727325439453125
2024-08-21,0.0,7.62939453125e-06,0.0036544799804687,7.62939453125e-06,0.0359115600585937,0.0531845092773437
2024-08-22,0.02978515625,0.041595458984375,0.069091796875,0.0,0.1215362548828125,0.0
2024-08-23,6.573799133300781,5.211441040039063,6.135993957519531,1.8575363159179688,5.558860778808594,3.4322280883789062
2024-08-24,0.9588623046875,2.505722045898437,0.1055908203125,0.66619873046875,0.0271759033203125,0.0
2024-08-25,0.5670013427734375,3.944534301757813,2.10345458984375,3.48760986328125,1.027496337890625,5.6612091064453125
2024-08-26,0.014556884765625,0.024932861328125,0.0464401245117187,0.0436859130859375,0.0,0.037017822265625
2024-08-27,0.1826400756835937,0.1151046752929687,0.6964035034179688,0.4845428466796875,0.10479736328125,1.5881805419921875
2024-08-28,0.110198974609375,0.114501953125,0.177398681640625,0.2496185302734375,0.34765625,0.74407958984375
2024-08-29,0.0,0.0069427490234375,0.0,0.0037384033203125,0.0445098876953125,0.242156982421875
2024-08-30,0.0,0.0,0.0352325439453125,0.0074920654296875,0.1884002685546875,0.013275146484375
2024-08-31,0.013824462890625,0.100555419921875,3.6320953369140634,0.182525634765625,1.423431396484375,0.84375
2024-09-01,0.4565353393554687,1.7772674560546875,3.032752990722656,0.5538711547851562,2.4646148681640625,2.0623703002929688
2024-09-02,2.335723876953125,1.2738723754882812,2.6200714111328125,2.11944580078125,5.3770599365234375,4.757774353027344
2024-09-03,0.918182373046875,1.853607177734375,4.081558227539063,0.652252197265625,0.6246185302734375,2.0504608154296875
2024-09-04,0.017364501953125,0.7943115234375,0.388336181640625,0.136810302734375,0.3033905029296875,0.566009521484375
2024-09-05,2.4332427978515625,1.394866943359375,5.7613372802734375,4.977096557617188,26.092071533203125,8.060745239257812
2024-09-06,4.473724365234375,4.671310424804688,12.148391723632812,12.509124755859377,3.872657775878906,3.855751037597656
2024-09-07,0.0348052978515625,0.0228729248046875,0.1409912109375,0.127410888671875,0.061248779296875,0.595001220703125
2024-09-08,0.2498703002929687,0.0958938598632812,1.29510498046875,0.5296630859375,6.19281005859375,2.590904235839844
2024-09-09,16.07501220703125,9.9332275390625,21.953536987304688,14.47637939453125,57.21115112304688,51.60377502441406
2024-09-10,5.889450073242188,6.978057861328125,8.180557250976562,7.256729125976562,9.4970703125,19.78672790527344
2024-09-11,3.15948486328125,7.522064208984375,1.7958221435546875,3.5010986328125,0.8501739501953125,2.7098388671875
2024-09-12,0.5863037109375,1.46893310546875,0.6624755859375,0.5008392333984375,0.238250732421875,0.4162139892578125
2024-09-13,2.169525146484375,1.27911376953125,2.104736328125,0.62335205078125,1.031890869140625,0.77044677734375
2024-09-14,7.197189331054688,9.860137939453123,9.535629272460938,7.730926513671875,18.81869506835937,5.471435546875
2024-09-15,9.134391784667969,5.303199768066406,7.052131652832031,8.650062561035156,10.114303588867188,3.869354248046875
2024-09-16,4.9771881103515625,8.463150024414062,7.754745483398437,8.263351440429688,4.363525390625,1.598388671875
2024-09-17,1.0277099609375,0.940155029296875,2.228057861328125,3.313751220703125,5.459274291992188,2.077362060546875
2024-09-18,0.0124130249023437,0.0,0.2865066528320312,0.0,0.1385726928710937,0.037017822265625
2024-09-19,0.0498580932617187,0.08673095703125,0.0237274169921875,7.62939453125e-06,0.02142333984375,0.0275344848632812
2024-09-20,0.6073150634765625,0.5139312744140625,0.5074310302734375,1.3924560546875,5.160247802734375,2.662322998046875
2024-09-21,2.532943725585937,4.013442993164063,0.9531097412109376,2.1708221435546875,3.960601806640625,2.2740936279296875
2024-09-22,0.000701904296875,0.0083160400390625,0.0085296630859375,0.0,0.681427001953125,0.1448211669921875
2024-09-23,0.0,0.0,0.0,0.0,0.0,0.0
2024-09-24,0.324462890625,0.488433837890625,0.0,0.0,0.0,0.0
2024-09-25,9.88689422607422,13.348358154296877,8.490386962890625,9.705055236816406,4.341087341308594,4.2037200927734375
2024-09-26,0.0417098999023437,0.0589447021484375,0.3365478515625,0.4718093872070312,0.0,0.2205810546875
2024-09-27,0.0,0.0,0.0,0.0,0.0,0.0
2024-09-28,0.0,0.0,0.001251220703125,0.00433349609375,0.0949859619140625,0.0128173828125
2024-09-29,11.233383178710938,15.585296630859377,38.35267639160156,26.258453369140625,67.89430236816406,52.83595275878906
2024-09-30,39.046966552734375,45.1051025390625,78.36357116699219,19.701431274414062,51.46922302246094,63.311920166015625
2024-10-01,6.2819671630859375,3.5596466064453125,1.158721923828125,0.72039794921875,0.89385986328125,0.75445556640625
2024-10-02,9.049179077148438,5.623748779296875,7.206390380859375,5.69622802734375,4.710662841796875,5.039474487304688
2024-10-03,0.042449951171875,0.0090179443359375,0.0,0.0,0.0,0.107269287109375
2024-10-04,0.0,0.0,0.0,0.0,0.0,0.0
2024-10-05,1.2501220703125,0.913482666015625,5.56597900390625,2.511138916015625,19.07147216796875,12.9898681640625
2024-10-06,0.0,0.0156097412109375,0.106048583984375,0.0,2.052001953125,0.0783233642578125
2024-10-07,2.431015014648437,1.800567626953125,1.9527587890625,5.0587158203125,14.018310546875,4.6118011474609375
2024-10-08,0.2996063232421875,0.9590301513671876,0.4698944091796875,0.3353729248046875,0.0084075927734375,0.2271575927734375
2024-10-09,0.0,0.0,0.0,0.0,0.0,0.0
2024-10-10,0.0,0.0083160400390625,0.0,0.0,0.0,0.0
2024-10-11,0.00848388671875,0.0,0.3877105712890625,0.0121002197265625,0.0,0.15191650390625
2024-10-12,0.3979949951171875,0.497802734375,0.152374267578125,0.220245361328125,0.0,0.0
2024-10-13,0.000701904296875,2.888778686523437,0.0,0.0149688720703125,0.0,0.0
2024-10-14,5.31292724609375,1.58502197265625,4.4453887939453125,3.8580169677734375,7.124923706054688,4.548065185546875
2024-10-15,0.006195068359375,0.0,0.003662109375,0.0,0.644439697265625,0.0
2024-10-16,0.0,0.0,0.002777099609375,0.00457763671875,0.0,0.0
2024-10-17,0.00311279296875,0.0,0.0,0.0,0.00640869140625,0.0
2024-10-18,0.0,0.0072784423828125,1.52587890625e-05,0.0,0.0066070556640625,1.52587890625e-05
2024-10-19,0.0,0.0,0.0,0.0,0.0,0.0
2024-10-20,0.0,0.0,0.853607177734375,0.0,0.066741943359375,0.17047119140625
2024-10-21,0.0,0.0,0.0,0.0,0.0,0.0
2024-10-22,0.0,0.0,7.62939453125e-06,0.0,0.0,7.62939453125e-06
2024-10-23,0.0021209716796875,0.0069351196289062,0.1264572143554687,0.0406112670898437,0.034942626953125,0.1505126953125
2024-10-24,0.0,0.0,0.0,0.0,0.0,0.0
2024-10-25,0.09991455078125,0.404815673828125,0.0,0.0181732177734375,0.0065460205078125,0.1172943115234375
2024-10-26,0.035308837890625,0.01806640625,0.0310821533203125,0.0054473876953125,0.2181396484375,0.324676513671875
2024-10-27,0.173126220703125,0.366546630859375,0.012115478515625,0.0409088134765625,0.0,0.0
2024-10-28,0.025054931640625,0.070709228515625,0.0060577392578125,0.022430419921875,0.0,0.0
2024-10-29,0.4331512451171875,1.3731842041015625,0.327484130859375,0.412384033203125,0.0,0.013916015625
2024-10-30,0.992431640625,1.4759063720703125,0.6147918701171875,0.5488739013671875,0.0020599365234375,0.007049560546875
2024-10-31,0.0,0.0,0.0,0.0,0.0,0.0
2024-11-01,0.0,0.0,7.62939453125e-06,0.0,0.0,0.0
2024-11-02,0.0,0.0,0.0,0.0,0.0,0.0
2024-11-03,0.0,0.0,0.0092010498046875,0.0048675537109375,0.0,0.0
2024-11-04,0.0,0.0,0.0,0.0,0.0,0.0
2024-11-05,0.0124053955078125,0.0,0.0,0.0,0.0,0.0
2024-11-06,0.0,0.0,0.0,0.0,0.0082244873046875,0.0128173828125
2024-11-07,0.0090560913085937,0.0859603881835937,0.0171661376953125,0.0406112670898437,0.0,0.0256423950195312
2024-11-08,0.009063720703125,0.000701904296875,0.0,0.0218505859375,0.111541748046875,0.2670745849609375
2024-11-09,1.4253082275390625,4.152557373046875,9.104873657226562,5.3058013916015625,33.28224182128906,11.89019775390625
2024-11-10,0.0062103271484375,0.0007171630859375,0.0,0.0,0.0422515869140625,0.028533935546875
2024-11-11,0.433441162109375,1.4215545654296875,0.743316650390625,1.4342041015625,0.002044677734375,0.1865386962890625
2024-11-12,0.2307891845703125,0.2336654663085937,0.2289810180664062,0.2853775024414062,0.0,0.0384597778320312
2024-11-13,0.0,0.0,0.0,0.0,0.0,0.0
2024-11-14,0.0152587890625,0.1782989501953125,0.0036468505859375,0.0,0.0,0.0019073486328125
2024-11-15,0.0,0.0,0.81048583984375,0.033660888671875,8.679718017578125,6.4960784912109375
2024-11-16,14.892105102539062,15.490615844726562,16.591217041015625,16.1031494140625,73.30027770996094,58.85237121582031
2024-11-17,8.292030334472656,6.978248596191406,4.1425628662109375,4.341926574707031,11.439842224121094,8.272987365722656
2024-11-18,33.233665466308594,28.81651306152344,62.29523468017578,55.89637756347656,106.95157623291016,95.2878189086914
2024-11-19,0.0083465576171875,0.0,0.0036468505859375,0.02618408203125,0.1890869140625,2.003326416015625
2024-11-20,0.0,0.0,0.0,0.0,0.0,0.0
2024-11-21,0.0,0.0,0.0,0.0,0.0,0.0
2024-11-22,0.0,0.0,0.0,0.0,0.0,0.0
2024-11-23,0.0,0.0145492553710937,0.0055618286132812,0.0,0.0,0.0147171020507812
2024-11-24,3.1773681640625,1.1566925048828125,1.04144287109375,0.133758544921875,7.317947387695312,2.44049072265625
2024-11-25,26.61066436767578,20.628395080566406,26.02699279785156,12.258560180664062,30.247779846191406,35.023681640625
2024-11-26,5.284957885742188,15.460899353027344,5.1627349853515625,5.639442443847656,0.7830352783203125,3.7565765380859375
2024-11-27,6.204368591308594,7.647300720214844,14.94477081298828,26.99829864501953,33.06744384765625,14.031387329101562
2024-11-28,0.047210693359375,0.045745849609375,0.0152587890625,0.0115203857421875,0.0,0.013916015625
2024-11-29,0.014556884765625,0.000701904296875,0.0,0.0,0.0,0.0
2024-11-30,0.2068023681640625,0.3293609619140625,0.5290985107421875,0.5048980712890625,1.099639892578125,2.7799072265625
2024-12-01,2.04998779296875,1.8609771728515625,1.660430908203125,1.4842681884765625,1.9676055908203125,1.0667572021484375
2024-12-02,6.115264892578125,4.7274322509765625,1.918701171875,1.6230316162109375,0.461181640625,1.0578765869140625
2024-12-03,2.0607452392578125,2.670028686523437,3.89288330078125,4.454071044921875,0.7218170166015625,3.3953094482421875
2024-12-04,5.085128784179688,4.83282470703125,19.825454711914062,17.477310180664062,50.78887939453125,49.96928405761719
2024-12-05,0.11431884765625,0.0052032470703125,1.9899978637695312,1.0627822875976562,7.675758361816406,2.3099822998046875
2024-12-06,0.8289794921875,0.5001678466796875,1.601654052734375,0.7482757568359375,1.1050567626953125,1.2100677490234375
2024-12-07,0.149078369140625,0.4369354248046875,0.2425689697265625,0.2144317626953125,0.0521087646484375,0.1469879150390625
2024-12-08,0.48516845703125,1.370391845703125,0.3445892333984375,0.242950439453125,0.3115386962890625,0.5308074951171875
2024-12-09,0.0069122314453125,0.009033203125,0.0092010498046875,0.005462646484375,0.0,0.0
2024-12-10,0.21246337890625,1.015167236328125,1.9126739501953125,2.139495849609375,5.134490966796875,4.8219757080078125
2024-12-11,7.4684906005859375,2.7987518310546875,4.58685302734375,4.22406005859375,3.626220703125,3.218505859375
2024-12-12,0.522247314453125,1.1760406494140625,0.6236419677734375,0.834259033203125,0.0148773193359375,0.406219482421875
2024-12-13,0.0,0.0014190673828125,0.0,0.001861572265625,0.0,0.0
2024-12-14,0.0072784423828125,0.0,0.0,0.0,0.00640869140625,0.0
2024-12-15,0.0007171630859375,0.0003509521484375,0.039764404296875,0.00115966796875,0.4151458740234375,0.032867431640625
2024-12-16,16.348556518554688,16.776504516601562,8.535247802734375,5.56591796875,27.232437133789062,20.036376953125
2024-12-17,9.107223510742188,13.078414916992188,14.161911010742188,14.562263488769531,13.34258270263672,11.723381042480469
2024-12-18,0.0083465576171875,0.0173492431640625,0.0393829345703125,0.0169754028320312,0.0020599365234375,0.0
2024-12-19,9.687286376953123,7.212623596191406,21.61679077148437,12.214363098144531,32.00630187988281,45.220489501953125
2024-12-20,7.124092102050781,14.85332489013672,6.568572998046875,6.641090393066406,2.1731033325195312,5.420433044433594
2024-12-21,2.582183837890625,4.2255401611328125,2.2633514404296875,1.7519989013671875,0.307464599609375,0.6702117919921875
2024-12-22,2.0772247314453125,3.699386596679688,2.72637939453125,1.6581573486328125,5.8853302001953125,1.9334564208984373
2024-12-23,0.56256103515625,2.233306884765625,1.63006591796875,0.9775390625,0.05078125,0.783721923828125
2024-12-24,0.0,0.0159759521484375,0.0147552490234375,0.0276031494140625,0.0,0.0
2024-12-25,0.0229034423828125,0.000701904296875,0.0,0.0,0.0,0.0
2024-12-26,0.0,0.0,0.0,0.0,0.0,0.0
2024-12-27,0.0,0.0,0.0,0.0,0.0,0.0
2024-12-28,0.0,0.0,0.0,0.0,0.0,0.0
2024-12-29,0.0,0.0,0.0,0.0,0.0,0.0
2024-12-30,0.0062103271484375,0.0194091796875,0.3768463134765625,0.0189971923828125,1.909027099609375,1.388275146484375
2024-12-31,0.1190338134765625,0.277008056640625,1.4481964111328125,1.90570068359375,4.1185455322265625,10.404190063476562
