0,1,2,3,4,5,6
,,,,,,
2019-01-01,5.504539489746094,6.141609191894531,5.265800476074219,4.107765197753906,2.8556900024414062,5.374801635742188
2019-01-02,4.1542816162109375,6.8348388671875,2.792499542236328,3.20950698852539,0.2921028137207031,1.2989044189453125
2019-01-03,1.456298828125,2.459442138671875,1.3033447265625,1.19757080078125,0.0842971801757812,0.3463516235351562
2019-01-04,1.9347991943359373,2.739974975585937,1.2217788696289062,1.211090087890625,0.2308578491210937,0.4349212646484375
2019-01-05,3.585357666015625,8.207954406738281,2.3593673706054688,3.866973876953125,0.1933746337890625,1.6014633178710938
2019-01-06,1.8911819458007808,2.6445846557617188,1.3327407836914062,1.691558837890625,0.2301559448242187,0.8734207153320312
2019-01-07,3.1356124877929688,3.3976821899414062,2.4057159423828125,1.7983779907226562,3.83843994140625,2.05126953125
2019-01-08,11.58782958984375,12.098533630371094,15.433845520019531,12.372703552246094,19.89805603027344,20.12837219238281
2019-01-09,9.672286987304688,12.983413696289062,11.036117553710938,10.313644409179688,10.172119140625,16.625640869140625
2019-01-10,2.1569900512695312,3.4556427001953125,1.0697021484375,1.3238067626953125,0.1903228759765625,0.7082748413085938
2019-01-11,0.19525146484375,0.2217636108398437,0.1645927429199218,0.2395782470703125,0.0032081604003906,0.0528221130371093
2019-01-12,0.5385627746582031,0.8664131164550781,0.539947509765625,0.5519294738769531,0.1997909545898437,0.5309867858886719
2019-01-13,7.157432556152344,8.463600158691406,8.923938751220703,6.139694213867188,10.545997619628906,6.975334167480469
2019-01-14,0.2496490478515625,0.8749923706054688,0.1855621337890625,0.198333740234375,0.0,0.0384597778320312
2019-01-15,0.0,0.0019073486328125,0.0031661987304687,0.0,0.0,0.0004730224609375
2019-01-16,0.0,0.0,0.1160049438476562,0.0027313232421875,0.65216064453125,0.112457275390625
2019-01-17,1.0743541717529297,1.33868408203125,2.169973373413086,0.8442611694335938,7.586772918701172,3.2161808013916016
2019-01-18,2.05312728881836,0.31182861328125,7.246448516845703,0.9032821655273438,14.042957305908203,6.703033447265625
2019-01-19,0.2226943969726562,0.5174903869628906,1.733489990234375,0.1190071105957031,4.746330261230469,2.543964385986328
2019-01-20,0.5697135925292969,0.3591842651367187,0.4123992919921875,0.1166114807128906,0.3746376037597656,0.2637786865234375
2019-01-21,1.8636512756347656,0.5090065002441406,10.61981964111328,2.1041488647460938,24.91236114501953,18.15629196166992
2019-01-22,0.0995407104492187,0.0135650634765625,1.9050521850585935,0.3696517944335937,8.57012939453125,5.025436401367188
2019-01-23,4.060600280761719,6.333168029785156,1.5494308471679688,4.8996429443359375,0.0410537719726562,1.8083953857421875
2019-01-24,16.162872314453125,19.72669982910156,15.1129150390625,16.926918029785156,10.992263793945312,12.885299682617188
2019-01-25,5.2603302001953125,6.05059814453125,2.8593063354492188,4.2824554443359375,0.5475692749023438,0.9104766845703124
2019-01-26,3.814697265625e-06,0.0,0.1845855712890625,0.0027313232421875,0.4422721862792969,0.0952987670898437
2019-01-27,4.052890777587891,2.3505401611328125,17.621463775634766,6.371746063232422,49.327728271484375,30.287403106689453
2019-01-28,0.9685134887695312,0.9262466430664062,1.4974441528320312,1.042999267578125,2.555091857910156,1.2665252685546875
2019-01-29,0.0683021545410156,0.0322723388671875,0.5991477966308594,0.0775718688964843,3.952201843261719,1.361225128173828
2019-01-30,0.3416748046875,0.6291427612304688,2.4413299560546875,1.007537841796875,12.924201965332031,7.896888732910156
2019-01-31,0.3620452880859375,0.3924942016601562,6.066947937011719,0.8379364013671875,22.11847686767578,10.386505126953123
2019-03-01,1.92132568359375,2.3825912475585938,1.4944839477539062,1.0126495361328125,0.0041122436523437,0.6121139526367188
2019-03-02,0.200286865234375,0.3134803771972656,0.00762939453125,0.0692596435546875,0.0,0.000274658203125
2019-03-03,0.0,0.0,0.0,0.0,0.0,0.0
2019-03-04,1.0858268737792969,1.1444053649902344,0.7939834594726562,0.2085189819335937,3.971382141113281,1.2729606628417969
2019-03-05,0.0,0.0263290405273437,0.0197792053222656,0.0,0.0318756103515625,0.00555419921875
2019-03-06,0.0,0.0,0.0282783508300781,0.0,0.0074386596679687,0.0064125061035156
2019-03-07,0.0186119079589843,0.0,0.0018234252929687,0.0,0.0,0.0
2019-03-08,3.561710357666016,2.8502159118652344,1.5190544128417969,0.7934455871582031,11.86013412475586,1.6805648803710938
2019-03-09,0.0,0.0,0.0861549377441406,0.0,0.999126434326172,0.083831787109375
2019-03-10,19.49264907836914,24.14624786376953,30.501201629638672,20.10219955444336,52.55985641479492,37.10536575317383
2019-03-11,3.72793960571289,5.646499633789063,6.905925750732422,4.982135772705078,3.649658203125,6.979999542236328
2019-03-12,0.0,0.0,0.0046005249023437,0.0030250549316406,0.00640869140625,0.0
2019-03-13,4.761310577392578,4.6201019287109375,6.072040557861328,5.227748870849609,3.584537506103516,5.942447662353516
2019-03-14,0.2925987243652344,0.6339225769042969,0.1989936828613281,0.376922607421875,0.03082275390625,0.0942192077636718
2019-03-15,3.814697265625e-06,0.0,0.0018234252929687,0.0,0.0080146789550781,0.000946044921875
2019-03-16,0.0,0.0,0.0206451416015625,0.0,0.1280708312988281,0.0
2019-03-17,0.00762939453125,0.0,0.40252685546875,0.0027313232421875,4.815067291259766,0.1893348693847656
2019-03-18,1.579303741455078,0.6564254760742188,0.2861671447753906,1.223419189453125,0.1332359313964843,0.043701171875
2019-03-19,0.0141868591308593,0.0152587890625,0.0259132385253906,0.0185508728027343,0.0071907043457031,0.0272216796875
2019-03-20,0.0,0.0038089752197265,0.0122299194335937,0.0048980712890625,0.0,0.0199050903320312
2019-03-21,0.0,0.0069198608398437,0.0,0.0,0.0,0.0
2019-03-22,0.0,0.0,0.0,0.0,0.0,0.0
2019-03-23,0.0,0.0,0.0,0.0,0.0,0.0
2019-03-24,0.5500106811523438,0.6017913818359375,0.0273666381835937,0.0060577392578125,0.0,0.0
2019-03-25,4.772701263427734,4.9764404296875,2.477100372314453,0.6095771789550781,0.2363510131835937,0.1769676208496093
2019-03-26,0.009042739868164,0.009042739868164,0.0678424835205078,0.0218772888183593,0.0162506103515625,1.0845870971679688
2019-03-27,0.0,0.0,0.0,0.0,0.0,0.0
2019-03-28,0.0,0.0,0.0,0.0,0.0,0.0
2019-03-29,0.0,0.0,0.0,0.0,0.0,0.0
2019-03-30,0.0,0.0,0.0,0.0,0.0,0.0
2019-03-31,0.0,0.0,0.0,0.0,0.0,0.0
2019-04-01,0.1863594055175781,0.0837669372558593,0.1836166381835937,0.1551780700683593,0.0128211975097656,0.6820449829101562
2019-04-02,0.6225128173828125,2.4771957397460938,0.8394508361816406,1.272430419921875,1.764202117919922,2.579536437988281
2019-04-03,0.2492332458496093,0.0443305969238281,1.095661163330078,0.1862030029296875,4.322978973388672,0.5675430297851562
2019-04-04,0.08795166015625,0.0921783447265625,2.8760528564453125,0.1615753173828125,7.551956176757812,2.5976486206054688
2019-04-05,0.556060791015625,0.5396957397460938,1.0740737915039062,0.0098495483398437,0.4756546020507812,0.010894775390625
2019-04-06,0.7791099548339844,0.46881103515625,1.2932357788085938,0.5923805236816406,3.5841217041015625,0.6498031616210938
2019-04-07,14.091167449951172,17.120223999023438,19.25537109375,17.347209930419922,25.216812133789062,18.73550796508789
2019-04-08,8.777599334716797,8.875293731689453,8.286872863769531,15.836143493652344,5.384731292724609,9.38766098022461
2019-04-09,7.093730926513672,13.04851531982422,1.8559837341308596,5.052497863769531,7.977909088134766,1.8424034118652344
2019-04-10,0.9256668090820312,2.948028564453125,0.5430908203125,0.6836967468261719,6.694259643554688,0.9337997436523438
2019-04-11,5.928722381591797,1.7564468383789062,0.7092666625976562,2.0834693908691406,2.9643783569335938,0.557525634765625
2019-04-12,1.9942665100097656,2.12530517578125,2.5619049072265625,2.681171417236328,5.585243225097656,0.5122528076171875
2019-04-13,1.9154319763183596,2.20999526977539,2.239364624023437,1.319866180419922,5.086154937744141,0.9688034057617188
2019-04-14,5.531089782714844,5.249687194824219,2.5381317138671875,2.942108154296875,2.2468414306640625,1.2084808349609375
2019-04-15,0.1113929748535156,0.1355934143066406,0.2841110229492187,0.7507820129394531,0.2080879211425781,0.1305923461914062
2019-04-16,0.0,0.1591262817382812,0.0474433898925781,0.0236015319824218,0.0419158935546875,0.0619316101074218
2019-04-17,3.202545166015625,3.748401641845703,2.9842185974121094,1.6775398254394531,0.5255317687988281,0.3835945129394531
2019-04-18,0.1522560119628906,0.2194480895996093,0.1400794982910156,0.2172966003417968,0.0,0.009521484375
2019-04-19,0.0,0.0,0.0,0.0,0.0,0.0
2019-04-20,0.0,0.0,0.0,0.0,0.0001907348632812,0.0
2019-04-21,0.0617218017578125,0.0333099365234375,0.6801910400390625,0.1574554443359375,1.0658226013183594,0.5442581176757812
2019-04-22,2.6261024475097656,4.3000030517578125,4.311000823974609,3.620361328125,2.730712890625,4.965671539306641
2019-04-23,0.2610359191894531,0.458160400390625,1.0873794555664062,0.4020614624023437,19.439754486083984,2.887248992919922
2019-04-24,0.0638427734375,0.0478973388671875,0.1746063232421875,0.0724945068359375,0.0041046142578125,0.03033447265625
2019-04-25,0.0,0.00311279296875,0.0,0.0056076049804687,0.0,0.0113754272460937
2019-04-26,6.154376983642578,11.041919708251951,5.982818603515625,2.272022247314453,16.257740020751953,5.071308135986328
2019-04-27,2.6718902587890625,1.8593635559082031,0.2640533447265625,0.422271728515625,0.2708206176757812,0.0077171325683593
2019-04-28,14.298843383789062,9.008670806884766,16.756423950195312,3.2575607299804688,27.16320037841797,7.691600799560547
2019-04-29,9.135940551757812,5.81683349609375,3.8539886474609375,4.16461181640625,16.872909545898438,5.498985290527344
2019-04-30,2.5074996948242188,5.384151458740234,3.0863113403320312,2.332801818847656,5.674549102783203,2.3594703674316406
2019-05-01,0.1153640747070312,0.6187095642089844,0.3644905090332031,0.2543983459472656,1.8378677368164065,0.1198081970214843
2019-05-02,0.042938232421875,0.254058837890625,0.0885124206542968,0.0,0.4255790710449219,0.0328178405761718
2019-05-03,7.802604675292969,4.578456878662109,5.277202606201172,2.565357208251953,9.888313293457031,5.1645050048828125
2019-05-04,11.675823211669922,10.209602355957031,23.747108459472656,12.550220489501951,68.92337036132812,32.1685905456543
2019-05-05,11.53702163696289,5.4471282958984375,8.075736999511719,5.7191009521484375,8.104690551757812,3.7773666381835938
2019-05-06,1.9855194091796875,2.101634979248047,0.4974250793457031,0.9676742553710938,0.0003852844238281,0.1200332641601562
2019-05-07,0.0,0.0,0.0,0.0,0.0,0.0
2019-05-08,4.448345184326172,4.304164886474609,2.4267654418945312,3.56009292602539,26.33686828613281,3.8835411071777344
2019-05-09,0.1993141174316406,1.438720703125,0.2763900756835937,0.088409423828125,0.57073974609375,0.1861648559570312
2019-05-10,0.0014152526855468,0.0041618347167968,0.09405517578125,0.0345535278320312,0.003082275390625,0.0037918090820312
2019-05-11,10.117206573486328,4.51470947265625,9.252635955810549,5.711574554443359,15.947669982910156,12.279277801513672
2019-05-12,10.833892822265623,11.791770935058594,16.413467407226562,10.47759246826172,26.002182006835938,32.52061462402344
2019-05-13,12.21099853515625,16.14411163330078,16.485366821289062,18.202735900878903,12.25665283203125,8.725494384765625
2019-05-14,2.8828887939453125,5.191902160644531,0.4055290222167969,0.918476104736328,5.478160858154297,1.0305404663085938
2019-05-15,4.192432403564453,5.853672027587891,7.938652038574219,7.984027862548828,11.786483764648438,4.494564056396484
2019-05-16,0.6703948974609375,1.55029296875,1.0938377380371094,0.5089073181152344,3.5931167602539062,0.2723503112792969
2019-05-17,0.0317344665527343,0.0240707397460937,0.0107383728027343,0.0,0.0,0.0004768371582031
2019-05-18,1.33599853515625,3.0614242553710938,1.2508087158203125,1.7331924438476562,6.1111907958984375,7.694572448730469
2019-05-19,0.0166664123535156,0.1641921997070312,0.962444305419922,0.3185234069824219,8.173698425292969,3.290443420410156
2019-05-20,1.1573371887207031,0.2779808044433594,1.9463958740234373,0.6485176086425781,7.165054321289063,1.3701171875
2019-05-21,2.930999755859375,3.906879425048828,2.433170318603516,0.4876632690429687,2.1597557067871094,0.6659164428710938
2019-05-22,2.421947479248047,11.198680877685549,12.966468811035156,5.2815704345703125,6.351219177246094,9.260612487792969
2019-05-23,8.064971923828125,12.857795715332031,11.26437759399414,3.126140594482422,8.788482666015625,10.770526885986328
2019-05-24,0.1049156188964843,0.900959014892578,0.1661529541015625,0.1033744812011718,1.1571998596191406,0.3281898498535156
2019-05-25,1.3305816650390625,2.243438720703125,2.181659698486328,1.44317626953125,0.8140144348144531,0.8666305541992188
2019-05-26,8.392364501953125,9.397003173828123,12.725814819335938,9.43000030517578,19.463104248046875,12.864051818847656
2019-05-27,2.360176086425781,0.7978744506835938,6.219329833984375,2.7352294921875,34.12200927734375,14.580612182617188
2019-05-28,0.5701713562011719,2.6020660400390625,5.113960266113281,2.4858932495117188,49.5977668762207,12.59774398803711
2019-05-29,13.032997131347656,5.0762939453125,1.8896942138671875,0.8408203125,2.306915283203125,0.8352127075195312
2019-05-30,5.836498260498047,7.120697021484375,7.882850646972656,9.343364715576172,1.850322723388672,7.881351470947266
2019-05-31,1.7438583374023438,6.933597564697266,9.028556823730469,9.643142700195312,8.59909439086914,1.94482421875
2019-06-01,9.303962707519531,15.47833251953125,10.030696868896484,15.532886505126951,10.675235748291016,9.83712387084961
2019-06-02,26.719482421875,38.139007568359375,29.15941619873047,38.83416748046875,20.5780029296875,19.110076904296875
2019-06-03,8.274154663085938,7.310874938964844,5.729522705078125,3.3968429565429688,7.693428039550781,12.074378967285156
2019-06-04,1.0329475402832031,8.865516662597656,6.764837265014648,1.3029899597167969,5.586050033569336,7.782852172851562
2019-06-05,0.1432647705078125,0.7220954895019531,2.003437042236328,0.4955863952636719,0.5672492980957031,0.4502754211425781
2019-06-06,0.0003585815429687,0.0125198364257812,0.1437835693359375,0.0296249389648437,0.0,0.11114501953125
2019-06-07,0.151275634765625,0.1354408264160156,0.3246612548828125,0.0582504272460937,2.1942138671875,1.0300178527832031
2019-06-08,0.0356616973876953,0.0266933441162109,0.1894569396972656,0.0587196350097656,0.0,0.0860443115234375
2019-06-09,0.2485847473144531,1.1396255493164062,0.1773262023925781,0.5234527587890625,0.1111907958984375,0.8739967346191406
2019-06-10,0.0653228759765625,0.126312255859375,0.00970458984375,0.1048583984375,0.2471923828125,0.57513427734375
2019-06-11,0.0,0.0007095336914062,0.0082473754882812,0.0030288696289062,0.0226058959960937,0.0951194763183593
2019-06-12,0.0,0.0,0.0030288696289062,0.0,0.0,0.0208549499511718
2019-06-13,0.0,0.0363388061523437,0.0092048645019531,0.0357437133789062,0.3610038757324219,0.8877182006835938
2019-06-14,0.0,0.0,0.0,0.0060539245605468,0.0,0.0398139953613281
2019-06-15,0.4091529846191406,0.2109107971191406,0.8554420471191406,0.6900825500488281,0.9512214660644532,2.205406188964844
2019-06-16,8.492652893066406,16.20433807373047,4.65650749206543,9.002786636352539,8.790912628173828,2.1489734649658203
2019-06-17,2.9056625366210938,7.2529144287109375,8.395858764648438,12.814659118652344,1.58343505859375,5.303913116455078
2019-06-18,0.1060543060302734,6.492576599121094,4.1226959228515625,2.03033447265625,8.090639114379883,8.454418182373047
2019-06-19,2.036933898925781,7.230775833129883,4.775590896606445,1.910860061645508,2.2395153045654297,6.346822738647461
2019-06-20,0.0692405700683593,2.6938552856445312,0.313507080078125,0.1918182373046875,2.0265655517578125,0.6911735534667969
2019-06-21,0.20501708984375,0.0708694458007812,2.938568115234375,0.0168342590332031,0.1869125366210937,4.513694763183594
2019-06-22,4.438438415527344,5.805534362792969,0.902629852294922,0.00921630859375,0.2703437805175781,0.3795013427734375
2019-06-23,4.317314147949219,6.728561401367188,6.506649017333984,8.386104583740234,1.9357452392578125,12.58782196044922
2019-06-24,3.770843505859375,4.852146148681641,4.701419830322266,5.148033142089844,0.2062759399414062,6.208217620849609
2019-06-25,0.9775772094726562,1.9210205078125,1.10552978515625,1.4348602294921875,0.0758209228515625,2.1143951416015625
2019-06-26,0.4968528747558594,0.7951126098632812,0.0111083984375,0.049102783203125,0.0011520385742187,0.0
2019-06-27,0.0344085693359375,1.9234848022460935,0.2299957275390625,0.6062850952148438,0.0,0.0323257446289062
2019-06-28,0.0,0.0,0.0,0.0018692016601562,0.0,0.0009498596191406
2019-06-29,0.0,0.0,0.0,0.0,0.0,0.0
2019-06-30,0.0,0.0,0.0,0.0,0.0,0.0
2019-07-01,0.0,0.0,0.0,0.0,0.0697746276855468,0.0
2019-07-02,0.0955848693847656,3.343730926513672,2.220996856689453,1.1639175415039062,0.0298004150390625,0.0128211975097656
2019-07-03,0.3030471801757812,0.1907119750976562,8.668731689453125,0.8077201843261719,0.0020561218261718,4.132270812988281
2019-07-04,0.2675399780273437,1.781167984008789,1.6823177337646484,1.1889877319335938,3.4430065155029297,2.23025894165039
2019-07-05,0.0,0.0038032531738281,0.0045204162597656,0.0018692016601562,0.0114974975585937,0.0469932556152343
2019-07-06,0.369659423828125,0.2763900756835937,0.1448135375976562,0.0619277954101562,0.1410198211669922,0.2063159942626953
2019-07-07,0.4459228515625,1.435222625732422,4.454254150390625,1.3522262573242188,2.4348182678222656,9.014724731445312
2019-07-08,6.554233551025391,12.314537048339844,5.769466400146484,8.752723693847656,7.017894744873047,2.428119659423828
2019-07-09,15.59002685546875,15.298236846923828,17.842445373535156,14.611255645751951,10.22629165649414,30.71797561645508
2019-07-10,0.0,0.0003509521484375,0.0,0.0,0.0257415771484375,0.0
2019-07-11,0.0028266906738281,0.4453926086425781,6.956779479980469,0.2406768798828125,0.1116561889648437,16.243938446044922
2019-07-12,12.969924926757812,13.6527099609375,9.824172973632812,3.934158325195313,4.161712646484375,12.20185089111328
2019-07-13,2.279064178466797,5.465827941894531,1.698699951171875,2.1731529235839844,0.009490966796875,0.5213623046875
2019-07-14,1.628459930419922,3.178817749023437,0.1757965087890625,0.3427810668945312,0.3186264038085937,0.9092521667480468
2019-07-15,0.0069122314453125,0.0,0.1174163818359375,0.0,0.0928955078125,0.4000244140625
2019-07-16,0.0,0.0,0.0,0.00042724609375,0.0,0.0006103515625
2019-07-17,0.0195236206054687,0.1289443969726562,0.0693321228027343,0.030517578125,0.0914077758789062,0.3636856079101562
2019-07-18,1.7115135192871094,5.889904022216797,0.2321739196777343,0.3011932373046875,0.452484130859375,5.279850006103516
2019-07-19,0.0003547668457031,0.1335372924804687,0.1577720642089843,0.0179901123046875,0.1211051940917968,0.3806076049804687
2019-07-20,0.0,0.0,0.0,0.0,0.0154151916503906,0.0037918090820312
2019-07-21,3.789703369140625,8.693965911865234,7.724235534667969,1.4954566955566406,0.0918426513671875,2.317855834960937
2019-07-22,0.003814697265625,0.0367507934570312,0.0129318237304687,0.1191024780273437,0.0,0.00640869140625
2019-07-23,0.3411445617675781,1.7156486511230469,0.1725082397460937,0.3790435791015625,0.0,0.1414833068847656
2019-07-24,0.0041770935058593,0.0010414123535156,0.00555419921875,0.0136871337890625,0.0,0.0
2019-07-25,0.0,0.0,0.0172500610351562,0.0008621215820312,0.0041122436523437,0.0408096313476562
2019-07-26,1.2188987731933594,1.1228981018066406,3.4272193908691406,0.5753173828125,0.0,3.219573974609375
2019-07-27,3.1198806762695312,2.621917724609375,5.9937591552734375,3.4505653381347656,23.69829559326172,7.544223785400391
2019-07-28,0.6710128784179688,10.61748504638672,5.010459899902344,1.2684097290039062,9.264610290527344,5.88140869140625
2019-07-29,2.951995849609375,4.118984222412109,1.505290985107422,2.9034156799316406,0.9991302490234376,1.7397804260253906
2019-07-30,2.423812866210937,5.612190246582031,4.190105438232422,1.9394569396972656,0.4680213928222656,0.8204460144042969
2019-07-31,2.0134315490722656,2.5856857299804688,2.5971603393554688,1.5962638854980469,0.1606712341308593,2.993072509765625
2019-08-01,0.4501571655273437,3.129093170166016,1.706195831298828,0.0891799926757812,0.6946907043457031,0.4097976684570312
2019-08-02,1.0916595458984375,4.82452392578125,3.603240966796875,1.8851051330566408,3.597015380859375,3.2041053771972656
2019-08-03,0.6136512756347656,1.9453277587890625,0.1130828857421875,0.2263641357421875,0.0400810241699218,0.0599021911621093
2019-08-04,0.0,0.0,0.0101547241210937,0.01409912109375,0.0010223388671875,0.000946044921875
2019-08-05,0.0,3.814697265625e-06,0.0728111267089843,0.0,0.0,0.0056915283203125
2019-08-06,0.0,0.0,0.0188217163085937,0.0,0.0,0.0128173828125
2019-08-07,0.0,0.0,0.0,0.0,0.0,0.0
2019-08-08,0.5844497680664062,0.6933975219726562,0.0363311767578125,0.0,0.0,0.0
2019-08-09,0.0,0.0,0.0,0.0,0.0,0.0
2019-08-10,0.0,0.0,0.0,0.0,0.0,0.0
2019-08-11,0.0,0.0,0.0,0.0,0.0,0.0
2019-08-12,0.0777587890625,0.0,0.1795501708984375,0.0709991455078125,0.0246658325195312,0.0956573486328125
2019-08-13,20.16382598876953,22.47178649902344,14.891845703125,14.291259765625,6.8343658447265625,7.340549468994141
2019-08-14,2.583442687988281,4.0272216796875,2.321128845214844,2.062145233154297,1.3745079040527344,6.292201995849609
2019-08-15,0.0003509521484375,0.0003509521484375,0.0,0.0015716552734375,0.026153564453125,12.070743560791016
2019-08-16,0.0,0.0,0.0,0.0,0.1538352966308593,0.0236968994140625
2019-08-17,0.0,3.814697265625e-06,0.0,0.0,0.0,3.814697265625e-06
2019-08-18,0.0,0.0,0.0,0.0,0.0,0.0
2019-08-19,0.0,0.0,0.0,0.0,0.1730690002441406,0.0
2019-08-20,0.0,0.0,0.0,0.0,0.2601089477539062,0.0
2019-08-21,1.2990226745605469,1.7734947204589844,0.0635833740234375,0.0030288696289062,0.0,0.0
2019-08-22,0.1654167175292968,0.1763877868652343,0.0082473754882812,0.0112190246582031,0.0010261535644531,0.0448722839355468
2019-08-23,0.0359725952148437,0.0076942443847656,2.199913024902344,0.0245742797851562,7.110424041748047,0.685791015625
2019-08-24,5.908021926879883,10.136205673217772,6.794204711914063,5.598796844482422,0.7065353393554688,6.302814483642578
2019-08-25,8.759288787841797,7.694911956787109,4.133583068847656,4.402660369873047,0.3823013305664062,1.2632713317871094
2019-08-26,0.1356430053710937,6.112735748291016,0.1129798889160156,1.8956985473632808,0.6550712585449219,5.734691619873047
2019-08-27,0.0,0.0048637390136718,0.0018234252929687,0.0037384033203125,0.3959503173828125,0.1628379821777343
2019-08-28,0.0,0.0003509521484375,0.3087234497070312,0.0037422180175781,0.9275550842285156,0.1502876281738281
2019-08-29,0.0,0.0104446411132812,0.0030288696289062,0.0,0.0041122436523437,0.0073585510253906
2019-08-30,0.0580978393554687,0.0978469848632812,0.1604194641113281,0.07855224609375,0.1919631958007812,0.3962364196777344
2019-08-31,0.0,0.0,0.0,0.0,0.0128211975097656,0.0
2019-09-01,0.0145263671875,0.0007095336914062,0.0109405517578125,0.0,0.0271873474121093,0.2041397094726562
2019-09-02,1.7315635681152344,1.4993362426757812,2.4066390991210938,2.175830841064453,2.3745269775390625,0.5531158447265625
2019-09-03,0.6636238098144531,1.157318115234375,0.9574317932128906,0.179534912109375,0.2188758850097656,0.2733917236328125
2019-09-04,0.1392364501953125,0.0063629150390625,0.6878433227539062,0.2399215698242187,0.1006088256835937,1.5784225463867188
2019-09-05,2.5695457458496094,3.3842086791992188,5.942226409912109,11.810009002685549,3.642631530761719,10.956336975097656
2019-09-06,1.1398811340332031,3.728195190429688,0.7227287292480469,2.442394256591797,5.969120025634766,4.939907073974609
2019-09-07,0.5627975463867188,4.9073028564453125,1.2792892456054688,0.7979507446289062,1.4567031860351562,4.195304870605469
2019-09-08,0.0734405517578125,0.0506439208984375,2.139320373535156,0.0537872314453125,6.2870025634765625,1.0898666381835938
2019-09-09,0.3859748840332031,0.6262779235839844,0.0505867004394531,0.0817604064941406,0.1253662109375,0.0384635925292968
2019-09-10,0.3056716918945312,0.079925537109375,1.7583847045898438,0.0765914916992187,10.539108276367188,2.61712646484375
2019-09-11,2.080528259277344,2.9205093383789062,3.0013198852539062,0.7702102661132812,0.62237548828125,2.0560226440429688
2019-09-12,0.0361862182617187,0.11474609375,0.3735122680664062,0.15777587890625,0.00640869140625,0.0128173828125
2019-09-13,0.0041656494140625,0.0464630126953125,0.032867431640625,0.016387939453125,0.0,0.0052032470703125
2019-09-14,0.0034561157226562,0.0,0.0454902648925781,0.0399856567382812,0.0,0.0
2019-09-15,0.0,0.0,0.0,0.0,0.0,0.0
2019-09-16,0.0,0.0,0.0,0.0,0.0,0.0
2019-09-17,2.0048828125,2.3285446166992188,4.887306213378906,1.8488922119140625,0.9381103515625,0.6960372924804688
2019-09-18,1.5530624389648438,2.235584259033203,5.806571960449219,3.5731658935546875,0.9641151428222656,9.60016632080078
2019-09-19,0.0,0.0,0.0,0.0,0.0,0.179718017578125
2019-09-20,0.0,0.0,0.0,0.0,0.0,0.0
2019-09-21,0.0,0.0,0.0,0.0,0.0,0.0
2019-09-22,7.8685302734375,9.710006713867188,17.534210205078125,16.496917724609375,31.95307922363281,18.96563720703125
2019-09-23,12.0634765625,16.251876831054688,8.510330200195312,9.551544189453123,15.755882263183594,13.03215789794922
2019-09-24,0.0862960815429687,0.0693740844726562,0.2392616271972656,0.0602073669433593,2.94533920288086,0.4128837585449219
2019-09-25,3.4362335205078125,5.093700408935547,1.6217117309570312,1.8838119506835935,1.136749267578125,7.21234130859375
2019-09-26,0.029449462890625,0.0,0.0553092956542968,0.0485076904296875,0.0,0.0302467346191406
2019-09-27,0.0120849609375,0.0,0.0172500610351562,0.0099334716796875,0.0,0.0007438659667968
2019-09-28,0.002471923828125,0.0083198547363281,0.105499267578125,0.005462646484375,0.0,0.0
2019-09-29,0.047821044921875,0.1455497741699218,0.004852294921875,0.0,0.5344429016113281,0.0066375732421875
2019-09-30,0.2449073791503906,0.902446746826172,0.0787010192871093,0.0426025390625,0.0,0.09051513671875
2019-10-01,0.0003547668457031,0.0041580200195312,0.2432708740234375,0.0057601928710937,5.2655181884765625,0.4802665710449219
2019-10-02,16.944480895996094,23.02680969238281,26.50110626220703,23.74664306640625,37.03986358642578,38.838653564453125
2019-10-03,3.678634643554688,5.559738159179688,3.7323150634765625,2.59124755859375,4.294517517089844,3.8160247802734375
2019-10-04,1.1804962158203125,2.8207550048828125,0.204193115234375,0.6475601196289062,0.6264114379882812,0.1874771118164062
2019-10-05,0.5557022094726562,0.777191162109375,0.0326766967773437,0.0656051635742187,0.0,0.0796279907226562
2019-10-06,0.006927490234375,0.0,0.0,0.0,0.0,0.0005378723144531
2019-10-07,0.0,0.0,0.0,0.0,0.0,0.0016250610351562
2019-10-08,0.0,0.0,0.293975830078125,0.005462646484375,2.307601928710937,0.381011962890625
2019-10-09,2.301471710205078,1.7393646240234375,0.5740470886230469,0.914093017578125,11.016990661621094,5.015140533447266
2019-10-10,0.458282470703125,0.1456680297851562,0.7743873596191406,0.2762336730957031,0.477508544921875,1.97442626953125
2019-10-11,0.0,0.0,0.0,0.0,0.0,0.0
2019-10-12,0.0,0.0,0.0,0.0,0.0,0.0
2019-10-13,0.0,0.0,0.0,0.0,0.0,0.0
2019-10-14,0.0,0.0,0.0,0.0,0.0,0.0
2019-10-15,0.0,0.0,0.0,0.0,0.0,0.0
2019-10-16,0.0093002319335937,0.0,0.0,0.0,0.0,0.0
2019-10-17,0.0930709838867187,0.0,0.004852294921875,0.0,0.0,0.0
2019-10-18,0.0,0.0,0.0,0.0,0.0,0.0
2019-10-19,0.0,0.0,0.0,0.0,0.0,0.0
2019-10-20,0.0,0.0,0.0,0.0,0.0,0.0
2019-10-21,0.0,0.0,0.0,0.0,0.0,0.0
2019-10-22,0.0,0.0,0.0,0.0,0.0,0.0
2019-10-23,0.0,0.0,0.0,0.0,0.0,0.0
2019-10-24,0.0,0.0,0.0,0.0,0.0,0.0
2019-10-25,0.0,0.0,0.0,0.0,0.0,0.0
2019-10-26,0.0,0.0,0.0,0.0,0.0,0.0
2019-10-27,0.0,0.0,0.0,0.0,0.0,0.0
2019-10-28,0.0527114868164062,0.2327957153320312,0.0,0.0,0.0,0.0
2019-10-29,1.3213577270507812,1.05535888671875,0.0733108520507812,0.0789108276367187,0.0,0.0353012084960937
2019-10-30,0.9980621337890624,1.822479248046875,2.425331115722656,2.066078186035156,1.7148704528808594,2.83059310913086
2019-10-31,0.0291061401367187,0.030517578125,0.023223876953125,0.030517578125,0.0082168579101562,0.037017822265625
2019-11-01,2.149604797363281,0.846588134765625,8.150657653808594,3.0327911376953125,41.17463684082031,12.171218872070312
2019-11-02,7.444694519042969,5.821456909179688,30.435943603515625,9.47039794921875,94.78377532958984,49.47174072265625
2019-11-03,5.36212158203125,4.8091583251953125,9.831329345703123,6.701507568359375,60.52033996582031,23.330886840820312
2019-11-04,1.6737060546875,0.8429946899414062,9.413795471191406,1.7658843994140625,40.90837097167969,8.401016235351562
2019-11-05,14.322486877441406,17.88182830810547,31.70781707763672,11.912712097167969,148.17686462402344,66.18018341064453
2019-11-06,2.4162673950195312,5.875633239746094,7.843132019042969,21.28675842285156,25.98237609863281,64.27342224121094
2019-11-07,2.8791656494140625,5.64605712890625,11.100303649902344,7.971229553222656,23.081764221191406,11.598434448242188
2019-11-08,4.653343200683594,1.8382568359375,11.83794403076172,4.656867980957031,37.276649475097656,14.746437072753906
2019-11-09,1.3489990234375,1.2693328857421875,5.057716369628906,1.542724609375,20.61410522460937,4.6497650146484375
2019-11-10,0.0,0.0041580200195312,0.0317535400390625,0.0037384033203125,0.0096282958984375,0.167572021484375
2019-11-11,8.585975646972656,7.712188720703125,19.51034545898437,17.98473358154297,25.90079498291016,29.76773834228516
2019-11-12,4.455696105957031,3.751861572265625,15.2052001953125,6.859916687011719,31.164321899414062,11.891471862792969
2019-11-13,0.5528793334960938,0.9866256713867188,0.975860595703125,0.6119918823242188,5.7741546630859375,4.597236633300781
2019-11-14,0.0319366455078125,0.0017471313476562,1.4368057250976562,0.043304443359375,9.696548461914062,2.0181808471679688
2019-11-15,0.0253448486328125,0.0,3.1460418701171875,0.0809402465820312,7.925651550292969,2.461494445800781
2019-11-16,0.024200439453125,0.0003585815429687,0.3188018798828125,0.0535202026367187,0.6278610229492188,0.2386322021484375
2019-11-17,1.6098785400390625,0.5097122192382812,6.023773193359375,2.571983337402344,13.840301513671877,6.333297729492188
2019-11-18,3.3939666748046875,1.9160232543945312,3.5459976196289062,2.0792999267578125,6.942291259765625,4.363105773925781
2019-11-19,3.898269653320313,3.1125030517578125,10.441665649414062,6.406951904296875,22.20304107666016,13.072769165039062
2019-11-20,0.0724143981933593,0.0036392211914062,0.1613960266113281,0.1251258850097656,0.991851806640625,0.8691139221191406
2019-11-21,7.62939453125e-06,0.0028228759765625,7.62939453125e-06,0.033660888671875,0.0370025634765625,0.1701889038085937
2019-11-22,0.0,0.0041656494140625,0.0495452880859375,0.0112228393554687,0.1729583740234375,0.0508270263671875
2019-11-23,0.0003509521484375,0.0038299560546875,0.330352783203125,0.281280517578125,1.974945068359375,1.685455322265625
2019-11-24,0.0443496704101562,0.0197906494140625,0.0595016479492187,0.1875,0.3310546875,1.4286270141601562
2019-11-25,0.0149002075195312,0.0253067016601562,0.0208053588867187,0.0675048828125,0.0030746459960937,0.048492431640625
2019-11-26,0.4379196166992187,0.431488037109375,1.4142227172851562,1.4862213134765625,10.574966430664062,2.5424728393554688
2019-11-27,0.3490066528320312,0.1684150695800781,3.9013404846191406,1.7842178344726562,29.09086227416992,13.194992065429688
2019-11-28,0.41064453125,0.6440467834472656,1.1139640808105469,0.1246528625488281,4.624279022216797,1.170940399169922
2019-11-29,8.160076141357422,12.409420013427734,3.526630401611328,2.149120330810547,7.284324645996094,7.752166748046875
2019-11-30,3.814697265625e-06,0.0,3.814697265625e-06,0.0,0.0,3.814697265625e-06
2019-12-01,4.383804321289063,3.4098358154296875,7.0369873046875,5.6010284423828125,18.116004943847656,4.7378692626953125
2019-12-02,4.559906005859375,6.350875854492188,7.041011810302734,3.97500991821289,7.702114105224609,21.54046630859375
2019-12-03,0.1356735229492187,0.10955810546875,0.0823974609375,0.04046630859375,0.0,0.1068572998046875
2019-12-04,0.0,0.0,0.0,0.0,0.0,0.0
2019-12-05,0.0486068725585937,0.0111465454101562,0.9989547729492188,0.4466476440429687,12.8475341796875,3.4561996459960938
2019-12-06,0.3753433227539062,0.9335098266601562,0.7554435729980469,0.5725669860839844,7.701324462890625,2.8082427978515625
2019-12-07,0.1083946228027343,0.5809059143066406,0.0076255798339843,0.0170135498046875,3.814697265625e-06,0.0027122497558593
2019-12-08,0.0678749084472656,0.2390174865722656,2.1303672790527344,0.47845458984375,9.849212646484377,6.202316284179688
2019-12-09,12.312488555908203,16.700057983398438,15.441741943359377,14.19521713256836,9.62527084350586,18.119823455810547
2019-12-10,1.2906875610351562,2.133872985839844,3.155357360839844,2.547645568847656,1.0948562622070312,2.0930328369140625
2019-12-11,0.4491806030273437,0.4411544799804687,1.274444580078125,0.5207366943359375,5.594757080078125,5.431480407714844
2019-12-12,0.7454757690429688,0.126922607421875,4.6458892822265625,0.7146682739257812,18.311065673828125,10.89580535888672
2019-12-13,0.7324752807617188,0.4734039306640625,4.19757080078125,1.1593399047851562,5.965293884277344,6.311851501464844
2019-12-14,0.0,0.0,3.814697265625e-06,0.0,0.0,0.000274658203125
2019-12-15,0.0,0.0,0.269012451171875,0.0027313232421875,2.2295379638671875,0.0570144653320312
2019-12-16,0.0,0.0,0.0714874267578125,0.0,0.2720680236816406,0.000946044921875
2019-12-17,0.0,0.0,0.0218849182128906,0.0,0.2159500122070312,0.0
2019-12-18,0.0,0.0,0.0242958068847656,0.0,0.5139236450195312,0.0
2019-12-19,0.895782470703125,0.297607421875,5.066497802734375,1.912841796875,27.39390563964844,10.004188537597656
2019-12-20,8.372848510742188,3.0182342529296875,23.83031463623047,11.548088073730469,87.44439697265625,38.73217010498047
2019-12-21,8.905349731445312,6.286888122558594,19.16297912597656,10.768928527832031,84.96785736083984,41.00997161865234
2019-12-22,13.83783721923828,16.240211486816406,7.234886169433594,7.291915893554687,3.545600891113281,4.032569885253906
2019-12-23,3.9099273681640634,6.334754943847656,2.1053009033203125,3.2694168090820312,0.2276611328125,1.5184783935546875
2019-12-24,2.1250762939453125,3.45709228515625,2.3445587158203125,2.5675277709960938,0.5873184204101562,1.8835220336914065
2019-12-25,2.661537170410156,5.7254638671875,1.4333419799804688,2.6851882934570312,0.0755081176757812,0.8719635009765625
2019-12-26,0.5446701049804688,1.3756637573242188,0.3590240478515625,0.5619277954101562,0.0064010620117187,0.1058197021484375
2019-12-27,7.778755187988281,12.759300231933594,5.428855895996094,5.884117126464844,0.430572509765625,1.8690872192382808
2019-12-28,4.34814453125,8.062759399414062,3.661666870117188,3.523765563964844,0.4264602661132812,1.228302001953125
2019-12-29,0.635955810546875,1.113189697265625,1.054931640625,0.8736038208007812,0.2095108032226562,0.43646240234375
2019-12-30,0.0,0.0,0.0055618286132812,0.009796142578125,0.0,0.0128250122070312
2019-12-31,0.0982208251953125,0.1834602355957031,0.1088066101074218,0.1432342529296875,0.0064125061035156,0.0128173828125
2020-01-01,0.0464897155761718,0.0239372253417968,0.0395545959472656,0.0618972778320312,0.0,0.00640869140625
2020-01-02,0.0,0.0,0.0,0.0,0.0,0.0
2020-01-03,0.4217300415039062,0.549346923828125,0.4965972900390625,0.4113311767578125,0.0,0.144012451171875
2020-01-04,10.204425811767578,10.158367156982422,7.606544494628906,7.055278778076172,0.921905517578125,2.0483474731445312
2020-01-05,0.3929100036621094,0.441253662109375,0.4798583984375,0.4281387329101562,0.2233505249023437,0.2652244567871094
2020-01-06,0.008697509765625,0.0069427490234375,0.0242996215820312,0.0374298095703125,0.0,0.0073623657226562
2020-01-07,0.0003509521484375,0.00762939453125,0.002777099609375,0.0,0.0,0.0
2020-01-08,0.0,0.0,0.0,0.0,0.0,0.0
2020-01-09,0.0,0.0,0.0,0.0,0.0,0.0
2020-01-10,0.0628128051757812,0.080810546875,0.0963668823242187,0.0758514404296875,0.0017929077148437,0.0211257934570312
2020-01-11,0.1463851928710937,0.1553497314453125,0.1694259643554687,0.1470565795898437,0.328582763671875,1.3351898193359375
2020-01-12,0.0007171630859375,0.0041618347167968,0.0030250549316406,0.0,0.0,0.0066795349121093
2020-01-13,0.0,0.0,0.0,0.0,0.0,0.0
2020-01-14,0.0,0.0,0.0,0.0,0.0,0.0
2020-01-15,0.0,0.0,0.0,0.0,0.0,0.0
2020-01-16,0.0,0.0,0.0,0.0,0.0,0.0
2020-01-17,0.0041732788085937,0.0,0.1243362426757812,0.0,0.3911972045898437,0.0701065063476562
2020-01-18,0.37091064453125,0.4347763061523437,0.2297515869140625,0.1492919921875,0.1605796813964843,0.2034645080566406
2020-01-19,0.2146110534667968,0.2271232604980468,0.1441307067871093,0.0712776184082031,7.62939453125e-06,0.0797309875488281
2020-01-20,0.0076370239257812,0.0079803466796875,0.0058059692382812,0.0057601928710937,0.0,0.000274658203125
2020-01-21,0.0,7.62939453125e-06,0.0,0.0,0.0,0.0
2020-01-22,0.0090484619140625,0.015960693359375,0.0,0.0060577392578125,0.0,0.0
2020-01-23,0.0031013488769531,0.0003547668457031,0.0576248168945312,0.0046005249023437,0.93212890625,0.0354843139648437
2020-01-24,0.344573974609375,0.4859848022460937,1.8529129028320312,0.2653579711914062,21.24103164672852,9.684959411621094
2020-01-25,6.2617950439453125,4.989311218261719,10.040695190429688,6.465724945068359,31.61849594116211,15.817115783691406
2020-01-26,0.3852462768554687,1.9183769226074217,1.1694869995117188,1.4683685302734375,2.123584747314453,2.0250701904296875
2020-01-27,0.5545272827148438,0.1369781494140625,1.7343292236328125,0.3071136474609375,13.718132019042969,5.138351440429688
2020-01-28,5.43499755859375,5.791465759277344,2.805774688720703,2.79779052734375,13.56414031982422,7.333164215087891
2020-01-29,0.0922660827636718,0.3547630310058594,0.3148422241210937,0.1640853881835937,0.0001945495605468,0.0660438537597656
2020-01-30,0.0,0.0,0.0036468505859375,0.0,0.0125732421875,0.001220703125
2020-01-31,0.0,0.0,0.0036468505859375,0.0,0.0162811279296875,0.0
2020-02-01,0.0207443237304687,0.2029266357421875,0.1066436767578125,0.0375823974609375,0.0774993896484375,0.007354736328125
2020-02-02,0.0045242309570312,0.2199821472167968,0.173583984375,0.0256156921386718,1.9533805847167969,0.2742919921875
2020-02-03,11.5443115234375,13.42279815673828,11.048606872558594,10.100601196289062,28.65564727783203,16.819000244140625
2020-02-04,17.843727111816406,27.3282470703125,10.840930938720703,16.926937103271484,2.684833526611328,6.851055145263672
2020-02-05,0.0924453735351562,0.3875503540039062,0.3243637084960937,0.5202178955078125,0.1483078002929687,0.32965087890625
2020-02-06,0.7504043579101562,1.1395645141601562,0.5992889404296875,0.7534713745117188,0.0072402954101562,0.091644287109375
2020-02-07,0.3219833374023437,0.455657958984375,0.1511001586914062,0.25494384765625,0.0,0.0822067260742187
2020-02-08,0.0,0.0,0.0,0.0,0.0,3.814697265625e-06
2020-02-09,0.0134658813476562,0.00177001953125,1.1119384765625,0.1135177612304687,11.737266540527344,3.303085327148437
2020-02-10,2.4846763610839844,4.328544616699219,1.7226448059082031,2.109931945800781,7.301864624023437,3.621017456054688
2020-02-11,0.5171470642089844,0.5302963256835938,0.6230087280273438,0.5999717712402344,1.1039161682128906,1.7165603637695312
2020-02-12,0.0,0.0,0.0,0.0,0.0257072448730468,0.0137672424316406
2020-02-13,5.5005645751953125,4.004615783691406,4.849967956542969,2.9564666748046875,14.067405700683594,12.89261245727539
2020-02-14,0.4481277465820312,0.4875106811523437,0.46868896484375,0.5802001953125,0.0128250122070312,0.0641098022460937
2020-02-15,3.814697265625e-06,0.0031204223632812,0.0,0.0,0.0,0.006683349609375
2020-02-16,0.0,0.0,0.0,0.0,0.0,0.0
2020-02-17,0.0250396728515625,0.0229034423828125,0.0060577392578125,0.0,0.0,0.0579681396484375
2020-02-18,8.051624298095703,9.396465301513672,4.260990142822266,1.6646194458007812,0.5879135131835938,0.8126754760742188
2020-02-19,6.18701171875,10.31942367553711,11.892601013183594,13.34024429321289,2.9789810180664062,6.519840240478516
2020-02-20,0.1022453308105468,1.0809326171875,0.0953712463378906,0.2524490356445312,0.0246658325195312,0.1633262634277343
2020-02-21,0.05279541015625,0.2960052490234375,0.1431350708007812,0.1468505859375,0.0010299682617187,0.0460891723632812
2020-02-22,0.0,0.0,0.0,0.0,0.0,0.0
2020-02-23,0.0715255737304687,0.1553192138671875,0.0133514404296875,0.0060577392578125,0.0,0.0
2020-02-24,0.000701904296875,0.0007095336914062,0.8373069763183594,0.031646728515625,6.270820617675781,1.12408447265625
2020-02-25,5.632759094238281,7.4660491943359375,18.58140563964844,1.5882034301757812,45.89028930664063,24.955528259277344
2020-02-26,11.875202178955078,12.337135314941406,9.59515380859375,6.593006134033203,15.014244079589844,11.712394714355469
2020-02-27,6.518119812011719,7.512859344482422,9.90972137451172,6.09405517578125,25.55819320678711,15.60888671875
2020-02-28,0.0232429504394531,0.035736083984375,0.0210647583007812,0.0542640686035156,0.0008392333984375,0.0213966369628906
2020-02-29,1.0978126525878906,0.559478759765625,8.236679077148438,2.15594482421875,23.15953063964844,7.174411773681641
2020-03-01,1.2173919677734375,0.4427490234375,7.142433166503906,1.8185081481933596,57.10813522338867,17.570846557617188
2020-03-02,29.866153717041016,24.52416229248047,49.04201126098633,30.01696014404297,80.04763793945312,42.292083740234375
2020-03-03,7.789695739746094,7.4131317138671875,10.422271728515623,8.616645812988281,8.04736328125,5.95623779296875
2020-03-04,0.0239486694335937,0.1071624755859375,0.1417198181152343,0.1028594970703125,0.0,0.0461807250976562
2020-03-05,0.8358917236328125,0.7542076110839844,7.0907745361328125,3.150432586669922,36.62706756591797,15.53326416015625
2020-03-06,9.308528900146484,11.1937255859375,10.13791275024414,7.388080596923828,4.316551208496094,8.361671447753906
2020-03-07,8.446174621582031,8.834228515625,13.084274291992188,7.765617370605469,9.819343566894531,10.383094787597656
2020-03-08,0.1015396118164062,0.0752677917480468,0.2025985717773437,0.0831756591796875,1.7865829467773438,0.3785400390625
2020-03-09,6.01873779296875,11.541080474853516,3.990268707275391,6.177364349365234,0.048980712890625,0.89630126953125
2020-03-10,0.0079803466796875,0.0156135559082031,0.0,0.0308151245117187,0.0,0.0
2020-03-11,0.0041770935058593,0.0,0.0058059692382812,0.0030288696289062,0.0,0.0064125061035156
2020-03-12,0.5789833068847656,0.7514991760253906,0.5913009643554688,0.40728759765625,0.0,0.2516326904296875
2020-03-13,2.665977478027344,4.823497772216797,9.224517822265623,6.406227111816406,7.359096527099609,12.649810791015623
2020-03-14,2.2886962890625,2.5847930908203125,6.012550354003906,5.359952926635742,2.2558727264404297,5.121349334716797
2020-03-15,0.0,0.0045166015625,0.0134315490722656,0.0103569030761718,0.0,0.0002708435058593
2020-03-16,0.0,0.0,0.0,0.0,0.0,0.0
2020-03-17,0.0,0.0,0.0,0.0,0.0,0.0
2020-03-18,0.0,0.0,0.0,0.0,0.0,0.0
2020-03-19,0.0,0.0,0.0,0.0,0.0,0.0
2020-03-20,0.0,0.0,0.0,0.0,0.0,0.0
2020-03-21,2.8798866271972656,3.534698486328125,2.5671157836914062,2.0200653076171875,0.629913330078125,4.242767333984375
2020-03-22,0.7129554748535156,1.030231475830078,2.1530990600585938,2.18670654296875,2.76797866821289,7.741317749023437
2020-03-23,8.751956939697266,11.662918090820312,8.38995361328125,6.261463165283203,4.8407135009765625,5.852874755859375
2020-03-24,0.5784988403320312,1.3580093383789062,0.9773101806640624,1.28448486328125,0.3471603393554687,2.536460876464844
2020-03-25,0.90338134765625,1.3105621337890625,3.2804412841796875,4.199951171875,3.5505523681640625,6.031661987304688
2020-03-26,2.6209793090820312,1.961585998535156,5.292823791503906,3.4713668823242188,11.130630493164062,10.296791076660156
2020-03-27,0.0379409790039062,0.0146217346191406,0.1041221618652343,0.1060943603515625,2.74795913696289,0.7375679016113281
2020-03-28,0.3071136474609375,0.61517333984375,0.0134315490722656,0.17584228515625,0.963848114013672,0.0514183044433593
2020-03-29,0.2131996154785156,0.2719039916992187,0.4899749755859375,0.6417503356933594,0.9603652954101562,0.9458274841308594
2020-03-30,6.640529632568359,6.827701568603516,15.099227905273438,7.375160217285156,12.67037582397461,14.347930908203123
2020-03-31,5.155670166015625,7.759178161621094,11.135398864746094,10.737945556640623,9.42328643798828,15.438636779785156
2020-04-01,0.1040763854980468,0.1279487609863281,0.1377449035644531,0.1217727661132812,3.814697265625e-06,0.0427970886230468
2020-04-02,0.1667137145996093,0.1685829162597656,0.0515823364257812,0.2518424987792969,0.1200485229492187,0.2347488403320312
2020-04-03,0.5806884765625,1.330230712890625,1.7564926147460938,1.5308456420898438,0.2613372802734375,1.902748107910156
2020-04-04,0.074981689453125,0.2537307739257812,1.0090103149414062,0.870391845703125,0.432281494140625,2.6188735961914062
2020-04-05,0.0,0.0,0.003021240234375,0.0002975463867187,0.0,0.0
2020-04-06,0.0,0.0,0.0,0.0,0.0,0.0
2020-04-07,0.0,0.0,0.0,0.0,0.0,0.0
2020-04-08,0.0,0.0,0.0,0.0,0.0,0.0
2020-04-09,0.0,0.0,0.0,0.0,0.0,0.0
2020-04-10,0.0041618347167968,0.0041580200195312,0.0393600463867187,0.0030288696289062,0.0,0.0
2020-04-11,1.9073486328125e-06,0.0,0.0,0.0,0.0,0.0018959045410156
2020-04-12,0.0,0.0,0.0227203369140625,0.0060577392578125,0.0,0.0
2020-04-13,14.068103790283203,14.774471282958984,18.88207244873047,15.884639739990234,25.346515655517575,26.78116226196289
2020-04-14,0.0153388977050781,0.0549049377441406,0.6272048950195312,0.5597877502441406,0.8754844665527344,2.149726867675781
2020-04-15,0.0,0.0,0.0,0.0,0.0,0.0
2020-04-16,0.0,0.0,0.0,0.0,0.0,0.0
2020-04-17,0.0,0.0,0.0,0.0,0.0,0.0
2020-04-18,0.0162582397460937,0.102569580078125,0.0181655883789062,0.044891357421875,0.0,0.0
2020-04-19,5.672351837158203,6.0377197265625,8.798271179199219,6.725669860839844,4.30767822265625,6.6968536376953125
2020-04-20,12.809814453125,14.09249496459961,18.750179290771484,17.22838592529297,15.91650390625,17.889713287353516
2020-04-21,0.1946792602539062,0.1385650634765625,1.2530593872070312,1.1348724365234375,2.673057556152344,3.5829315185546875
2020-04-22,3.814697265625e-06,0.0,0.0,0.0,0.0,0.0
2020-04-23,0.0,0.0,0.0,0.0,0.0474472045898437,0.0
2020-04-24,0.2249298095703125,0.9736785888671876,0.0181655883789062,0.0060577392578125,0.0128211975097656,0.0
2020-04-25,5.778938293457031,9.727134704589844,0.7755966186523438,1.8848800659179688,0.0192337036132812,0.0169754028320312
2020-04-26,0.6060237884521484,0.3021888732910156,1.0965957641601562,1.0594635009765625,6.746076583862305,2.011878967285156
2020-04-27,0.0010623931884765,0.1153697967529296,0.0749225616455078,0.0054607391357421,0.2602519989013672,0.0194549560546875
2020-04-28,0.1687393188476562,1.7921638488769531,1.879657745361328,0.2744102478027344,20.80956649780273,2.138492584228516
2020-04-29,0.5230674743652344,0.8571281433105469,0.3827781677246094,0.65997314453125,8.353187561035156,1.136932373046875
2020-04-30,2.806625366210937,4.566394805908203,3.376220703125,0.5110931396484375,4.25518798828125,0.98419189453125
2020-05-01,20.28497695922852,21.651885986328125,15.996055603027344,21.22026824951172,23.71836853027344,11.11404800415039
2020-05-02,0.4149513244628906,0.6972732543945312,3.4377593994140625,3.673049926757813,1.4758148193359375,1.5406570434570312
2020-05-03,0.0114479064941406,0.1573715209960937,0.004852294921875,0.0674781799316406,0.0,0.0
2020-05-04,0.5447883605957031,2.0241775512695312,1.028900146484375,0.2463798522949218,0.5522041320800781,0.7641639709472656
2020-05-05,6.107128143310547,9.914379119873049,8.913959503173828,5.298873901367188,7.131855010986328,13.253982543945312
2020-05-06,0.0257072448730468,0.6216201782226562,0.0171661376953125,0.043792724609375,0.0,0.0
2020-05-07,0.0,0.0,0.0,0.0,0.0,0.0
2020-05-08,0.0,0.0031166076660156,0.0,0.0,0.0,0.0002708435058593
2020-05-09,0.503173828125,0.5421218872070312,0.969024658203125,1.1558761596679688,1.480072021484375,1.1836776733398438
2020-05-10,0.0110855102539062,0.0,0.2051010131835937,0.0057601928710937,0.9192657470703124,0.0617141723632812
2020-05-11,0.2265625,0.424652099609375,0.6152572631835938,0.13543701171875,7.5305328369140625,1.4945755004882812
2020-05-12,0.0,0.0,0.0073814392089843,0.0027275085449218,0.0887451171875,0.0980987548828125
2020-05-13,0.2198867797851562,0.0,0.2164573669433593,0.0037384033203125,0.01898193359375,0.3129386901855469
2020-05-14,0.0,0.0041618347167968,0.0318412780761718,0.0143699645996093,0.0848808288574218,0.0865440368652343
2020-05-15,0.0,0.0069389343261718,0.0,0.0,0.0,0.0
2020-05-16,0.0707454681396484,0.2648563385009765,0.0109443664550781,0.155242919921875,0.0,0.0
2020-05-17,0.8940696716308594,0.5573253631591797,0.0912666320800781,0.0818805694580078,0.0128211975097656,0.0083065032958984
2020-05-18,0.6114768981933594,3.63321304321289,4.2306671142578125,12.11001205444336,8.791824340820312,14.986522674560549
2020-05-19,24.063854217529297,18.561336517333984,6.766059875488281,7.407634735107422,4.305988311767578,2.171985626220703
2020-05-20,0.0837898254394531,1.6854476928710938,1.354736328125,2.075057983398437,0.2428855895996093,1.6656379699707031
2020-05-21,0.0031013488769531,0.0,0.0,0.0,3.814697265625e-06,0.0
2020-05-22,1.0968170166015625,1.7419281005859375,0.8532867431640625,0.39337158203125,0.5737380981445312,1.8910903930664065
2020-05-23,2.160175323486328,3.2686767578125,8.185291290283203,6.783687591552734,1.94232177734375,20.810062408447266
2020-05-24,0.7369956970214844,1.60394287109375,0.0976905822753906,0.4108009338378906,0.0102729797363281,0.7098464965820312
2020-05-25,15.925918579101562,16.3336181640625,5.053733825683594,6.186790466308594,0.2584190368652344,1.19952392578125
2020-05-26,10.448246002197266,13.751731872558594,5.003202438354492,8.89261245727539,0.1274127960205078,1.9969825744628904
2020-05-27,7.026777267456055,14.70549201965332,3.1932849884033203,7.507072448730469,0.5830764770507812,3.0769290924072266
2020-05-28,2.8306961059570312,7.692241668701172,1.480182647705078,1.847503662109375,0.472503662109375,2.8161659240722656
2020-05-29,10.875244140625,15.100093841552734,5.127803802490234,5.463394165039063,9.987346649169922,7.989200592041016
2020-05-30,2.5447921752929688,1.9802589416503904,5.626716613769531,3.753093719482422,9.940391540527344,14.798545837402344
2020-05-31,3.3339385986328125,5.4428558349609375,2.507823944091797,2.879108428955078,0.270050048828125,0.9964218139648438
2020-06-01,3.640937805175781,7.088226318359375,2.0635719299316406,3.2474327087402344,1.1123085021972656,2.64089584350586
2020-06-02,6.935291290283203,9.27227020263672,7.452320098876953,3.5897789001464844,7.842021942138672,11.9822998046875
2020-06-03,0.0194282531738281,0.3044853210449219,0.8018608093261719,0.4304008483886719,3.170318603515625,0.2639083862304687
2020-06-04,2.2922439575195312,0.4659957885742187,4.9984283447265625,1.3096084594726562,11.844955444335938,5.240531921386719
2020-06-05,1.3508377075195312,1.8440628051757808,9.558349609375,3.6663894653320312,19.16577911376953,1.6800308227539062
2020-06-06,4.149333953857422,3.663612365722656,3.6431846618652335,0.9516677856445312,3.692981719970703,1.9689712524414065
2020-06-07,5.9742279052734375,4.392913818359375,0.9043731689453124,0.1373977661132812,0.0,0.1899261474609375
2020-06-08,10.60574722290039,9.739925384521484,2.401191711425781,3.605224609375,2.031436920166016,1.6157684326171875
2020-06-09,4.457197189331055,4.295965194702148,2.294771194458008,1.886878967285156,6.361673355102539,1.4785900115966797
2020-06-10,0.503875732421875,0.8941841125488281,2.7088394165039062,0.916046142578125,0.9120445251464844,0.5884056091308594
2020-06-11,0.2727165222167969,0.5583992004394531,0.2347488403320312,0.2606544494628906,0.5957908630371094,0.3548736572265625
2020-06-12,0.0,0.0003509521484375,0.0046005249023437,0.0018692016601562,1.1801605224609375,0.148834228515625
2020-06-13,0.5680007934570312,2.408966064453125,2.2516021728515625,0.5255928039550781,3.658058166503906,0.7777862548828125
2020-06-14,5.7057037353515625,3.8191146850585938,7.327690124511719,1.49273681640625,3.3794097900390625,5.456184387207031
2020-06-15,20.712196350097656,23.454517364501957,11.929611206054688,15.767230987548828,9.052108764648438,10.909278869628906
2020-06-16,1.7566032409667969,2.0690994262695312,8.387672424316406,4.457275390625,9.711124420166016,2.9141998291015625
2020-06-17,0.5154266357421875,4.027275085449219,3.1982421875,1.390056610107422,5.021678924560547,2.341960906982422
2020-06-18,0.075714111328125,0.107330322265625,0.562744140625,0.3455581665039062,2.136871337890625,0.2509078979492187
2020-06-19,7.636409759521484,11.955463409423828,1.752971649169922,3.548500061035156,1.4655494689941406,1.5916709899902344
2020-06-20,4.668434143066406,6.803516387939453,3.0928726196289062,4.344821929931641,0.6218032836914062,3.5152816772460938
2020-06-21,32.43863296508789,42.45979309082031,20.60382080078125,19.61993789672852,4.088329315185547,5.337760925292969
2020-06-22,18.310997009277344,31.93000030517578,12.601043701171877,26.974205017089844,5.596527099609375,14.07855224609375
2020-06-23,0.2541999816894531,4.481510162353516,0.8004875183105469,1.1669578552246094,1.947246551513672,2.148841857910156
2020-06-24,0.0065460205078125,0.0443077087402343,0.2614364624023437,0.2734451293945312,0.4929084777832031,1.1590347290039062
2020-06-25,1.3000411987304688,2.410751342773437,2.6922378540039062,2.595062255859375,2.6960678100585938,1.0568351745605469
2020-06-26,0.0103950500488281,1.6000213623046875,0.1214103698730468,0.2515182495117187,0.2863960266113281,0.5902557373046875
2020-06-27,0.5995712280273438,0.3668212890625,6.185281753540039,1.0610694885253906,2.89870834350586,3.451763153076172
2020-06-28,0.0003547668457031,0.00762939453125,0.0164146423339843,0.0030326843261718,0.22503662109375,0.6585464477539062
2020-06-29,0.0326614379882812,0.0540618896484375,0.8165130615234375,0.0542411804199218,0.0826454162597656,2.183013916015625
2020-06-30,0.2282180786132812,0.0717620849609375,0.0,0.4619369506835937,0.0064163208007812,0.013092041015625
2020-07-01,0.7612724304199219,0.921405792236328,3.0029449462890625,0.4878730773925781,0.0882720947265625,1.3970069885253906
2020-07-02,6.261861801147461,11.680912017822266,5.513818740844727,7.89301872253418,1.8325424194335935,6.707477569580078
2020-07-03,1.447856903076172,0.8373374938964844,9.01009750366211,3.936355590820313,2.4304161071777344,8.76605224609375
2020-07-04,1.9006309509277344,3.1265869140625,2.495811462402344,2.803150177001953,0.3344688415527344,2.6293182373046875
2020-07-05,0.8542709350585938,1.2017097473144531,5.126079559326172,4.274787902832031,2.4688644409179688,2.0423240661621094
2020-07-06,2.3620338439941406,5.868076324462891,2.850872039794922,3.0319976806640625,0.0289115905761718,0.5000648498535156
2020-07-07,0.0,0.0,0.0116119384765625,0.0,0.0,0.0
2020-07-08,0.0,0.0,3.814697265625e-06,0.0,0.0,0.0
2020-07-09,0.0,0.0,0.0,0.0,0.0,0.0
2020-07-10,0.0182228088378906,0.0443534851074218,1.2310218811035156,0.1720123291015625,0.279510498046875,1.8241539001464844
2020-07-11,0.988384246826172,1.1868553161621094,1.2526893615722656,0.9364395141601562,4.037265777587891,19.279956817626957
2020-07-12,0.0180854797363281,0.0180549621582031,0.1602439880371093,0.0531997680664062,7.62939453125e-06,0.0133590698242187
2020-07-13,0.0,0.0,0.0,0.0037384033203125,0.0,0.0
2020-07-14,0.0,0.0290908813476562,0.0150070190429687,0.0302810668945312,0.1534347534179687,0.047943115234375
2020-07-15,0.6618995666503906,2.6187744140625,0.3427734375,0.7698173522949219,0.8522071838378906,3.0120620727539062
2020-07-16,23.88918685913086,37.85761642456055,6.2577667236328125,8.127510070800781,0.914215087890625,8.247417449951172
2020-07-17,6.568363189697266,10.439224243164062,8.88742446899414,6.836769104003906,8.242820739746094,25.06793212890625
2020-07-18,4.773849487304688,8.080802917480469,2.166454315185547,1.343017578125,0.1487197875976562,0.2595748901367187
2020-07-19,0.1458091735839843,0.9671478271484376,0.0163803100585937,0.0057563781738281,0.0266685485839843,0.0028457641601562
2020-07-20,0.0,0.0,0.0,0.0,0.0269603729248046,0.0147171020507812
2020-07-21,0.0010566711425781,0.0,0.0,0.0139808654785156,0.01849365234375,0.0128173828125
2020-07-22,0.1889724731445312,0.83636474609375,0.10308837890625,0.0105056762695312,0.003082275390625,0.3206634521484375
2020-07-23,3.599315643310547,2.8465347290039062,2.451358795166016,0.6389694213867188,0.0,0.7286376953125
2020-07-24,12.151092529296877,14.752700805664062,4.570232391357422,2.9762191772460938,3.37527084350586,4.997890472412109
2020-07-25,2.3078575134277344,3.816497802734375,1.30853271484375,0.77392578125,1.1817741394042969,1.374492645263672
2020-07-26,0.805999755859375,3.1019439697265625,0.0245933532714843,0.4494171142578125,0.001861572265625,0.02166748046875
2020-07-27,0.0,3.814697265625e-06,0.0,0.0,0.0,0.0
2020-07-28,0.0,0.0,0.0,0.0,0.0,0.0
2020-07-29,0.0,0.005218505859375,0.02484130859375,0.0484466552734375,0.0,0.42584228515625
2020-07-30,2.668548583984375,5.840919494628906,1.8679885864257808,3.3661041259765625,0.3016586303710937,1.0106048583984375
2020-07-31,6.034454345703125,5.621871948242188,1.5555686950683594,1.3798561096191406,0.6265068054199219,1.7099647521972656
2020-08-01,0.0,3.814697265625e-06,0.0,0.0,0.0,3.814697265625e-06
2020-08-02,0.0,0.0,0.0,0.0,0.0,0.00640869140625
2020-08-03,0.030609130859375,0.0,0.51605224609375,0.0,15.73663330078125,0.0894317626953125
2020-08-04,26.559829711914062,25.360183715820312,4.356742858886719,12.589065551757812,7.101661682128906,10.71820068359375
2020-08-05,14.833580017089844,17.816253662109375,17.152114868164062,18.85234832763672,2.188884735107422,17.71276092529297
2020-08-06,4.816398620605469,5.814414978027344,5.821331024169922,18.101696014404297,0.3749542236328125,5.559207916259766
2020-08-07,1.7041282653808594,1.5578231811523438,7.859867095947266,4.21258544921875,0.4625968933105469,4.862873077392578
2020-08-08,7.707004547119141,9.287605285644531,4.42828369140625,6.168231964111328,5.241420745849609,8.305233001708984
2020-08-09,1.4436492919921875,1.7057418823242188,0.4908370971679687,1.1646575927734375,2.035186767578125,0.4287872314453125
2020-08-10,0.2428703308105468,1.104278564453125,0.1365165710449218,0.2356643676757812,0.2311325073242187,0.4247169494628906
2020-08-11,1.7060317993164062,1.1064682006835938,10.763267517089844,6.226333618164063,3.7347946166992183,13.63483428955078
2020-08-12,0.0373077392578125,0.0706710815429687,0.0414581298828125,0.1924362182617187,0.2369155883789062,0.7600936889648438
2020-08-13,0.43609619140625,1.8835296630859373,2.276165008544922,1.2347679138183594,0.0370445251464843,6.865470886230469
2020-08-14,11.843269348144531,7.708850860595703,11.173465728759766,5.576240539550781,0.7826118469238281,4.641757965087891
2020-08-15,2.26821517944336,4.608211517333984,1.905799865722656,2.072113037109375,1.7401390075683594,5.107967376708984
2020-08-16,1.9972000122070312,3.007770538330078,0.3280563354492187,0.4893646240234375,0.0328826904296875,0.8573799133300781
2020-08-17,8.647075653076172,10.635261535644531,3.4027557373046875,2.002384185791016,4.315757751464844,11.105995178222656
2020-08-18,3.866424560546875,4.116504669189453,5.722694396972656,2.666934967041016,1.6945915222167969,6.533283233642578
2020-08-19,0.0062026977539062,0.0831871032714843,0.0030250549316406,0.0172767639160156,0.0,0.0
2020-08-20,0.0,0.0055274963378906,0.0,0.0,0.0,0.0
2020-08-21,0.0,0.0,0.0,0.0,0.0,0.0
2020-08-22,1.620086669921875,1.101593017578125,3.0194015502929688,1.1887283325195312,0.1588821411132812,0.9659957885742188
2020-08-23,2.6399002075195312,3.62115478515625,6.069866180419922,3.777259826660156,0.1768379211425781,5.338680267333984
2020-08-24,7.445587158203125,15.19427490234375,19.75119400024414,12.738101959228516,12.054702758789062,10.367683410644531
2020-08-25,0.0,0.0,0.0030288696289062,0.003021240234375,0.0,0.0008087158203125
2020-08-26,0.0,0.0,0.0,0.0,0.053436279296875,0.0
2020-08-27,0.0,0.0,0.0,3.814697265625e-06,0.0,0.0
2020-08-28,0.0,0.0,0.0,0.0,0.0,0.0
2020-08-29,0.0,0.0,0.0,0.0,0.0,0.0
2020-08-30,0.0173187255859375,0.0,0.0,0.018707275390625,0.0,0.00640869140625
2020-08-31,0.0329818725585937,0.1044235229492187,2.253280639648437,0.2399139404296875,3.43536376953125,0.433868408203125
2020-09-01,0.66632080078125,0.3822708129882812,0.81927490234375,0.7966194152832031,0.0,0.0077629089355468
2020-09-02,0.3271598815917969,0.7158012390136719,0.2413101196289062,0.0654640197753906,0.0,0.2639083862304687
2020-09-03,0.0086898803710937,0.0260353088378906,0.2717361450195312,0.0530738830566406,0.0010261535644531,0.0078964233398437
2020-09-04,0.0,0.0,0.0,3.814697265625e-06,0.0,3.814697265625e-06
2020-09-05,0.0,0.0,0.0,0.0,0.0,0.0
2020-09-06,0.1211471557617187,0.0939102172851562,0.11383056640625,0.016387939453125,0.0,0.0
2020-09-07,0.7988433837890625,2.16070556640625,0.8425674438476562,0.6848907470703125,0.043792724609375,0.915130615234375
2020-09-08,0.0,3.814697265625e-06,0.0134391784667968,0.0,0.0,0.0
2020-09-09,0.0,0.0,0.0,0.0,0.0,0.0
2020-09-10,0.0,0.0,0.0,0.0,0.0,0.0
2020-09-11,0.0,0.0,0.0,0.0,0.0041122436523437,0.3337554931640625
2020-09-12,0.0,0.0,3.814697265625e-06,0.0,0.0,0.0
2020-09-13,0.0,0.0,0.0,0.0,0.0360870361328125,0.0018997192382812
2020-09-14,0.0,0.0,0.0,0.0,0.0164413452148437,0.0
2020-09-15,0.0250396728515625,0.1600494384765625,0.04022216796875,0.01092529296875,0.09075927734375,0.0
2020-09-16,0.5126953125,0.1572418212890625,0.2120208740234375,0.118682861328125,0.03900146484375,0.1355743408203125
2020-09-17,0.154327392578125,0.13421630859375,1.7298736572265625,0.136871337890625,0.0,0.0
2020-09-18,0.0,0.0,0.0,0.0,0.0,0.0
2020-09-19,0.0,0.0,0.0351638793945312,0.0,0.0115509033203125,0.1538543701171875
2020-09-20,0.23187255859375,0.0839080810546875,1.981201171875,0.0092010498046875,0.0547065734863281,2.0817222595214844
2020-09-21,0.1445884704589843,1.8407058715820312,1.256938934326172,1.2435073852539062,7.112274169921875,4.634777069091797
2020-09-22,0.833984375,0.3834609985351562,2.3261032104492188,0.0374069213867187,8.262344360351562,3.3739471435546875
2020-09-23,0.6573028564453125,0.6076889038085938,0.8445205688476562,0.7927398681640625,3.903411865234375,2.908973693847656
2020-09-24,1.6708717346191406,2.9128074645996094,20.40146255493164,5.493072509765625,116.84098815917967,51.45167922973633
2020-09-25,1.130096435546875,0.9930877685546876,5.5816192626953125,3.368316650390625,31.953857421875,18.041915893554688
2020-09-26,2.855255126953125,1.0282516479492188,8.135444641113281,2.5324630737304688,24.76644897460937,8.594276428222656
2020-09-27,5.226570129394531,4.2790069580078125,20.58247375488281,5.823188781738281,80.20854949951172,34.91151428222656
2020-09-28,3.0286407470703125,7.269279479980469,5.738494873046875,5.814361572265625,10.633529663085938,8.512161254882812
2020-09-29,0.1039276123046875,0.4554939270019531,0.0728569030761718,0.0996932983398437,0.3830032348632812,0.0234298706054687
2020-09-30,0.0031013488769531,0.4830245971679687,0.0678329467773437,0.0246124267578125,2.391193389892578,0.2191658020019531
2020-10-01,0.008331298828125,0.0045204162597656,0.8326148986816406,0.0289154052734375,13.23625946044922,1.342987060546875
2020-10-02,0.0083465576171875,0.0045166015625,0.6923065185546875,0.0188446044921875,1.88189697265625,0.2094268798828125
2020-10-03,2.59564208984375,0.135498046875,28.713119506835938,1.6077346801757812,136.57696533203125,44.8847885131836
2020-10-04,1.5162353515625,0.7662811279296875,12.697273254394531,1.4198760986328125,66.60597229003906,54.64692687988281
2020-10-05,2.2175216674804688,2.8138351440429688,6.164222717285156,8.705268859863281,17.368675231933594,21.830795288085938
2020-10-06,6.961151123046875,8.639213562011719,19.20111846923828,15.63583755493164,46.72045516967773,28.53033447265625
2020-10-07,3.208232879638672,8.275833129882812,2.488731384277344,3.646617889404297,0.4629707336425781,2.22723388671875
2020-10-08,0.0,0.0041618347167968,0.0018234252929687,0.005462646484375,0.0,0.0064125061035156
2020-10-09,0.0,0.0,0.0,0.0,0.0,0.0
2020-10-10,0.0079803466796875,0.0,0.5436553955078125,0.0166854858398437,5.4357452392578125,0.2653579711914062
2020-10-11,41.85002136230469,22.87091827392578,43.68212890625,24.14244079589844,58.95660400390625,41.0220947265625
2020-10-12,0.83514404296875,1.59246826171875,7.19854736328125,1.7005157470703125,20.27354431152344,7.964569091796875
2020-10-13,0.1504020690917968,0.055206298828125,2.008434295654297,0.5217514038085938,11.838218688964844,5.715785980224609
2020-10-14,9.186637878417969,7.825080871582031,35.586456298828125,8.181888580322266,86.99995422363281,59.52729415893555
2020-10-15,0.0203857421875,0.014923095703125,0.3486785888671875,0.2460479736328125,5.070114135742188,3.867752075195313
2020-10-16,1.39154052734375,3.987499237060547,0.7322731018066406,0.1682624816894531,2.8738250732421875,0.4579849243164062
2020-10-17,0.340362548828125,1.2710800170898438,0.2774085998535156,0.1416397094726562,0.1485977172851562,2.1891021728515625
2020-10-18,0.0,0.00311279296875,0.0030250549316406,0.0,0.0,0.006683349609375
2020-10-19,0.0,0.0,0.0,0.0,0.0,0.01470947265625
2020-10-20,0.0,0.0,0.0,0.0,0.0,0.0
2020-10-21,0.0,0.0,0.0,0.0,0.0,0.0
2020-10-22,0.0,0.0,0.0,0.0,0.0,0.0
2020-10-23,6.5367279052734375,5.355171203613281,5.063941955566406,3.2755279541015625,4.569549560546875,4.44482421875
2020-10-24,1.619426727294922,2.168006896972656,0.5796546936035156,0.4161796569824219,5.4650421142578125,2.1658668518066406
2020-10-25,0.0,3.814697265625e-06,0.0252494812011718,0.0027313232421875,0.9378776550292968,0.0867691040039062
2020-10-26,0.0,0.0,0.1112747192382812,0.0,1.2706680297851562,0.0009536743164062
2020-10-27,0.0395736694335937,0.1213302612304687,0.0181655883789062,0.0667953491210937,0.0,0.000946044921875
2020-10-28,2.3061752319335938,4.508155822753906,0.6656341552734375,0.6507568359375,0.1795120239257812,0.0791854858398437
2020-10-29,0.4051704406738281,1.28961181640625,0.4119224548339844,0.3886489868164062,0.0,0.0658187866210937
2020-10-30,0.3166160583496094,2.1611251831054688,0.0389785766601562,0.3130874633789062,0.0,0.0
2020-10-31,0.1858329772949218,0.9168014526367188,0.03607177734375,0.3749504089355469,0.0,0.0192337036132812
2020-11-01,3.814697265625e-06,0.0,3.814697265625e-06,0.0,0.0,3.814697265625e-06
2020-11-02,0.0007057189941406,0.0,0.0,0.0008621215820312,0.0135879516601562,0.0831565856933593
2020-11-03,0.5847244262695312,1.9975662231445312,0.9503631591796876,1.674713134765625,0.21026611328125,2.741439819335937
2020-11-04,3.1524429321289062,5.438591003417969,2.4578933715820312,2.5495834350585938,0.0138473510742187,1.5640335083007812
2020-11-05,1.460601806640625,2.731678009033203,1.2899246215820312,1.1367301940917969,0.0020599365234375,0.3140182495117187
2020-11-06,0.0,0.0,0.0356521606445312,0.0316696166992187,0.0,0.0005416870117187
2020-11-07,0.0,0.0,0.0009536743164062,3.814697265625e-06,0.0,0.0002708435058593
2020-11-08,0.0,0.0,0.0,0.0,0.0,0.0
2020-11-09,0.1799850463867187,0.0308341979980468,0.0,0.0521926879882812,0.0,0.0010833740234375
2020-11-10,0.0221710205078125,0.0027618408203125,0.008331298828125,0.011810302734375,0.0,0.0005416870117187
2020-11-11,0.0031051635742187,0.0259895324707031,0.0,0.0,0.0,0.0
2020-11-12,0.0755844116210937,1.2631912231445312,0.0670928955078125,0.1073532104492187,0.0,0.0794525146484375
2020-11-13,0.0003509521484375,0.0,0.0,0.0,0.0010261535644531,0.0
2020-11-14,0.0,0.0,0.0,0.0,0.0,0.0
2020-11-15,0.0,0.0,0.1944732666015625,0.0,0.148284912109375,0.0121002197265625
2020-11-16,3.420982360839844,3.318199157714844,4.344551086425781,3.6842193603515625,0.2586784362792969,2.0768356323242188
2020-11-17,0.0402755737304687,0.1802520751953125,0.0815238952636718,0.0926780700683593,7.62939453125e-06,0.0560722351074218
2020-11-18,0.0,0.0003509521484375,0.0018234252929687,0.0,0.0,0.0084381103515625
2020-11-19,2.89068603515625,3.622146606445313,1.3095703125,0.6408538818359375,0.0,0.2072601318359375
2020-11-20,2.6341781616210938,4.545814514160156,3.25341796875,2.9239501953125,0.8945999145507812,2.8704910278320312
2020-11-21,0.0488815307617187,0.0423202514648437,0.0558090209960937,0.0418930053710937,0.0,0.0224838256835937
2020-11-22,0.0,0.0,0.0,0.0,0.0,0.0
2020-11-23,0.0,0.0,0.00762939453125,0.0,0.0,0.0
2020-11-24,0.0034561157226562,0.0034713745117187,0.0,0.0030288696289062,0.0,0.000274658203125
2020-11-25,0.0,0.0,0.0,0.0,0.0,0.0
2020-11-26,0.0,0.0,0.0,0.0,0.0,0.0
2020-11-27,0.0,0.0,0.0,0.0,0.6134185791015625,0.0944442749023437
2020-11-28,0.2462692260742187,0.3701324462890625,0.5722503662109375,0.2771759033203125,1.0284805297851562,3.951080322265625
2020-11-29,0.0655632019042968,0.1355781555175781,0.1314888000488281,0.1004829406738281,0.0074348449707031,0.0948944091796875
2020-11-30,3.814697265625e-06,0.0,0.0027732849121093,0.0030288696289062,0.0,0.000946044921875
2020-12-01,0.0014114379882812,0.0,0.8759994506835938,0.0224380493164062,7.013130187988281,0.8735427856445312
2020-12-02,0.5280685424804688,0.0625152587890625,7.798995971679687,1.0030975341796875,8.82470703125,6.593929290771484
2020-12-03,0.413482666015625,0.059356689453125,3.63287353515625,0.6535491943359375,6.0887298583984375,3.3987274169921875
2020-12-04,0.0090484619140625,0.0007095336914062,0.3442306518554687,0.005462646484375,0.4422988891601562,0.047943115234375
2020-12-05,1.1226272583007812,0.2283782958984375,4.257598876953125,1.853668212890625,4.826545715332031,4.383750915527344
2020-12-06,4.152122497558594,4.223052978515625,15.56658172607422,10.095687866210938,23.104026794433597,19.024093627929688
2020-12-07,0.3506584167480469,0.0170097351074218,3.922157287597656,0.610107421875,6.351165771484375,3.114097595214844
2020-12-08,1.5817031860351562,0.874542236328125,10.24018096923828,4.737075805664063,27.206443786621094,27.074676513671875
2020-12-09,0.17657470703125,0.4742660522460937,0.7524261474609375,0.1852188110351562,2.4080886840820312,2.0994644165039062
2020-12-10,0.8473892211914062,0.7363052368164062,1.437347412109375,1.0702362060546875,3.417030334472656,3.763946533203125
2020-12-11,0.2402877807617187,0.045806884765625,0.35711669921875,0.7981414794921875,0.5015335083007812,1.0269012451171875
2020-12-12,0.959930419921875,1.5501861572265625,0.8718185424804688,0.6319427490234375,0.9368209838867188,0.2670745849609375
2020-12-13,0.2425765991210937,0.3942947387695312,0.2704391479492187,0.23419189453125,0.0074386596679687,0.0441436767578125
2020-12-14,0.0045242309570312,0.0079803466796875,0.0046005249023437,0.0057601928710937,0.0,0.0
2020-12-15,0.0,0.0,0.0,0.0,0.0,0.0
2020-12-16,0.0,0.0,0.0,0.0,0.00640869140625,0.000274658203125
2020-12-17,0.0,0.0,0.0,0.0,0.0,0.0017585754394531
2020-12-18,0.0,0.0,0.0,0.0,0.0,0.0
2020-12-19,0.0,0.0,0.0,0.0,0.2418365478515625,0.0185089111328125
2020-12-20,0.0455474853515625,0.3930625915527344,0.0143928527832031,0.0378837585449218,0.0148239135742187,0.1196784973144531
2020-12-21,0.0,0.0,0.0,0.0,0.0,0.0009498596191406
2020-12-22,0.0,0.0048637390136718,0.0130996704101562,0.0,0.0064125061035156,0.0
2020-12-23,0.00762939453125,0.0045127868652343,0.744873046875,0.0215835571289062,10.999183654785156,1.6288681030273438
2020-12-24,0.2479324340820312,0.8230934143066406,3.487945556640625,1.2838211059570312,28.728382110595703,11.135353088378906
2020-12-25,20.669734954833984,20.17095184326172,29.79283142089844,21.24034118652344,37.44595718383789,46.33414459228516
2020-12-26,3.810836791992188,3.25836181640625,11.32940673828125,6.237396240234375,25.02239227294922,17.001358032226562
2020-12-27,10.529586791992188,3.646202087402344,24.828834533691406,7.451545715332031,58.86676025390625,31.641868591308597
2020-12-28,13.579696655273438,12.528244018554688,31.638389587402344,21.96783447265625,93.16072082519533,51.782981872558594
2020-12-29,9.405929565429688,11.07732391357422,28.887603759765625,22.24121856689453,85.68917083740234,54.89276885986328
2020-12-30,2.00408935546875,1.4565048217773438,6.714805603027344,4.27459716796875,13.394065856933594,11.6611328125
2020-12-31,0.0,0.0,0.038970947265625,0.0,0.1593704223632812,0.0104751586914062
2021-01-01,0.0,0.0,0.348175048828125,0.0027313232421875,0.6552581787109375,0.0837936401367187
2021-01-02,1.8142242431640625,1.9908981323242188,12.080101013183594,3.956478118896485,32.97496032714844,27.259952545166016
2021-01-03,2.811927795410156,1.4638671875,4.586112976074219,3.430335998535156,5.569572448730469,4.201759338378906
2021-01-04,0.14190673828125,0.0420074462890625,2.134590148925781,0.51025390625,7.849845886230469,4.922798156738281
2021-01-05,10.42254638671875,7.0952911376953125,24.32905578613281,11.31585693359375,36.85701751708984,28.909698486328125
2021-01-06,4.916603088378906,6.543464660644531,10.416587829589844,11.187332153320312,16.819580078125,20.923057556152344
2021-01-07,8.000411987304688,10.48297882080078,11.13323211669922,10.105499267578123,15.97710418701172,29.857261657714844
2021-01-08,3.5175857543945312,3.821243286132813,6.560111999511719,6.184295654296875,7.431312561035156,12.985130310058594
2021-01-09,6.911769866943359,10.443649291992188,15.553119659423828,11.685440063476562,40.322208404541016,73.54832458496094
2021-01-10,4.248542785644531,6.752204895019531,10.271766662597656,8.447166442871094,29.64202880859375,25.403350830078125
2021-01-11,0.4443283081054687,0.6640548706054688,0.3792800903320312,0.1022109985351562,0.296112060546875,0.2310028076171875
2021-01-12,1.2144241333007812,1.808990478515625,2.321273803710937,2.0162582397460938,0.7127151489257812,4.163177490234375
2021-01-13,3.894966125488281,4.594707489013672,4.515361785888672,3.85748291015625,3.3427696228027344,5.606346130371094
2021-01-14,0.4004592895507812,0.7835693359375,0.2823715209960937,0.4023666381835937,0.0074386596679687,0.1229782104492187
2021-01-15,1.108051300048828,2.215557098388672,0.8160667419433594,1.4146461486816406,0.0334663391113281,0.4677009582519531
2021-01-16,2.7315597534179688,3.0436248779296875,1.9894332885742188,1.740966796875,0.6448898315429688,1.2014312744140625
2021-01-17,0.2489242553710937,0.187255859375,0.2318267822265625,0.12725830078125,0.0032806396484375,0.2389450073242187
2021-01-18,0.06866455078125,0.1931800842285156,0.0330467224121093,0.110992431640625,0.0535964965820312,0.007354736328125
2021-01-19,0.0038223266601562,0.0003547668457031,0.4986000061035156,0.0224418640136718,3.788341522216797,1.8755989074707031
2021-01-20,0.0,0.0,0.9180755615234376,0.0852813720703125,11.573436737060549,3.432994842529297
2021-01-21,0.7720298767089844,0.3183860778808594,9.71047592163086,4.135009765625,60.88239669799805,20.698318481445312
2021-01-22,2.8614959716796875,1.9051437377929688,13.088592529296877,6.657997131347656,50.54218292236328,26.72199249267578
2021-01-23,9.190887451171877,6.4842071533203125,34.66141891479492,19.10372543334961,65.05174255371094,55.48583221435547
2021-01-24,9.467658996582031,12.85698699951172,26.38104248046875,19.911766052246094,40.4847412109375,46.06134033203125
2021-01-25,4.326484680175781,6.337699890136719,5.336814880371094,6.183258056640625,7.449920654296875,15.145572662353516
2021-01-26,0.7147216796875,2.197250366210937,0.6356582641601562,1.3554000854492188,0.015899658203125,0.3741607666015625
2021-01-27,0.1739387512207031,0.173065185546875,0.4351158142089844,0.2251129150390625,0.8766441345214844,0.33758544921875
2021-01-28,8.733741760253906,10.704559326171877,11.07546615600586,7.91656494140625,22.66377258300781,13.313549041748049
2021-01-29,0.6891326904296875,2.12261962890625,2.44744873046875,3.159931182861328,1.5858421325683594,4.068862915039063
2021-01-30,12.681724548339844,10.460723876953123,25.92871856689453,16.654953002929688,45.64738464355469,28.34369659423828
2021-01-31,0.1143836975097656,0.0828208923339843,1.1482200622558594,0.300872802734375,19.77631378173828,9.612106323242188
2021-02-01,0.0045852661132812,0.0284309387207031,0.0976333618164062,0.0282440185546875,2.058998107910156,1.80999755859375
2021-02-02,0.0,0.0,0.01214599609375,0.0,0.0084686279296875,0.0
2021-02-03,0.0,0.0,0.0688190460205078,0.0,0.5089340209960938,0.0482139587402343
2021-02-04,0.0,0.0,0.0,0.0,0.0,0.0
2021-02-05,0.0,0.0,0.0544319152832031,0.0,0.05352783203125,0.0
2021-02-06,9.102783203125,2.488140106201172,15.19607162475586,4.8945159912109375,21.01182556152344,6.327175140380859
2021-02-07,17.6422119140625,6.727554321289063,27.48004913330078,12.537155151367188,45.25254821777344,28.54651641845703
2021-02-08,2.380599975585937,1.9221267700195312,11.552230834960938,6.1022491455078125,34.039283752441406,16.47162628173828
2021-02-09,9.510780334472656,6.1806488037109375,33.14234161376953,23.43640899658203,63.61290740966797,42.66797637939453
2021-02-10,6.141197204589844,7.4022979736328125,10.129356384277344,7.495452880859375,26.705162048339844,19.303298950195312
2021-02-11,0.0454254150390625,0.0707206726074218,0.0113639831542968,0.0210189819335937,0.0,0.0464973449707031
2021-02-12,3.060089111328125,3.343225479125977,8.637895584106445,8.194398880004883,11.920764923095703,19.28918838500977
2021-02-13,1.5265121459960938,2.438934326171875,2.802314758300781,3.035240173339844,2.360107421875,4.411056518554688
2021-02-14,0.1427459716796875,0.2886505126953125,0.463775634765625,0.3950881958007812,0.1037216186523437,0.1998977661132812
2021-02-15,0.0,0.0034713745117187,0.0,0.0,0.0,0.0
2021-02-16,0.8373870849609375,1.5883102416992188,0.5480499267578125,0.697723388671875,0.0639801025390625,0.1732635498046875
2021-02-17,0.4100723266601562,1.1463088989257812,0.0438308715820312,0.3202438354492187,0.0,0.00640869140625
2021-02-18,0.00274658203125,0.0,0.0008697509765625,0.0045967102050781,0.0152587890625,0.0
2021-02-19,0.5668869018554688,2.3889312744140625,0.66778564453125,1.2996673583984375,0.1102943420410156,1.4525604248046875
2021-02-20,0.0,0.0,0.0152587890625,0.0,0.0,0.028076171875
2021-02-21,0.0,0.0,0.0,0.0,0.0,0.0
2021-02-22,0.0,0.0,0.0,0.0,0.0,0.0
2021-02-23,0.0,0.0,0.0,0.0,0.0,0.0
2021-02-24,0.0,0.0,0.0,0.0,0.0,0.0
2021-02-25,0.0,0.0,0.0,0.0,0.0,0.0
2021-02-26,0.7782211303710938,2.522369384765625,0.7796096801757812,0.3141326904296875,0.0,0.056427001953125
2021-02-27,0.1631546020507812,0.3306617736816406,0.3384819030761719,0.0746574401855468,0.0,0.013092041015625
2021-02-28,0.0319404602050781,0.1552505493164062,0.1083831787109375,0.0345230102539062,0.0,0.0192337036132812
2021-03-01,0.0,0.0007095336914062,0.0421295166015625,0.02618408203125,0.0,0.0
2021-03-02,0.0,0.0,0.0,0.0,0.0,0.0
2021-03-03,0.0,0.0,0.0,0.0,0.0,0.0
2021-03-04,2.312793731689453,3.949085235595703,0.9849090576171876,0.2349205017089843,4.253219604492188,0.5289955139160156
2021-03-05,2.416095733642578,3.6202430725097656,3.1628074645996094,3.2577667236328125,0.2159767150878906,1.652587890625
2021-03-06,0.0,0.0,0.0058059692382812,0.0048980712890625,0.0,0.00762939453125
2021-03-07,0.0482101440429687,0.08221435546875,3.660934448242188,2.1355056762695312,3.8612213134765625,6.896697998046875
2021-03-08,13.54840850830078,12.17389678955078,24.012901306152344,12.613121032714844,27.575103759765625,26.03069305419922
2021-03-09,15.16861343383789,18.10562896728516,23.94810485839844,19.53617477416992,38.52504348754883,51.55233001708984
2021-03-10,0.0597076416015625,0.0471534729003906,0.1303215026855468,0.0420074462890625,0.0,0.0274009704589843
2021-03-11,0.0117874145507812,0.0107421875,0.527587890625,0.0188522338867187,2.2548065185546875,0.2925758361816406
2021-03-12,1.1560096740722656,1.1559486389160156,3.92281723022461,2.185863494873047,22.96707534790039,9.649791717529297
2021-03-13,3.5704574584960938,2.5798206329345703,5.260051727294922,1.583688735961914,15.489953994750977,5.59193229675293
2021-03-14,10.81735610961914,13.915061950683594,10.275188446044922,9.667095184326172,11.089542388916016,10.40633773803711
2021-03-15,2.296844482421875,5.336227416992188,0.6243972778320312,0.7971229553222656,0.1320991516113281,0.1764297485351562
2021-03-16,0.3466682434082031,0.886444091796875,0.2329750061035156,0.5030021667480469,0.003204345703125,0.0818901062011718
2021-03-17,4.054073333740234,4.408344268798828,1.3426017761230469,1.688152313232422,0.1612701416015625,0.7857475280761719
2021-03-18,0.4668655395507812,0.7230911254882812,0.9009971618652344,1.1442852020263672,1.426401138305664,0.8340167999267578
2021-03-19,5.038642883300781,7.756679534912109,9.65700912475586,7.815536499023437,4.549365997314453,11.609512329101562
2021-03-20,10.454471588134766,15.002857208251951,17.2493896484375,19.43976211547852,15.3536376953125,27.970069885253903
2021-03-21,11.519660949707031,19.995925903320312,11.59713363647461,12.091732025146484,5.885311126708984,9.02950668334961
2021-03-22,0.3197174072265625,1.4390869140625,1.2821044921875,1.449615478515625,0.2534255981445312,0.861541748046875
2021-03-23,5.672782897949219,6.062004089355469,5.167526245117188,5.154273986816406,0.6888504028320312,2.769683837890625
2021-03-24,0.0232391357421875,0.0072784423828125,0.0383987426757812,0.0161170959472656,0.0010261535644531,0.0083045959472656
2021-03-25,0.0039901733398437,0.0083274841308593,0.0081081390380859,0.0106563568115234,1.9073486328125e-06,0.0035438537597656
2021-03-26,0.0,0.0,0.0,0.0,0.0,0.0
2021-03-27,0.1052665710449218,0.3310317993164062,0.0716094970703125,0.0308189392089843,0.2260551452636718,0.0024375915527343
2021-03-28,0.3446922302246094,0.1482467651367187,0.3818321228027344,0.3725738525390625,0.0043563842773437,0.017669677734375
2021-03-29,0.2741546630859375,0.5541648864746094,0.40850830078125,0.2945976257324219,0.0041084289550781,0.2864875793457031
2021-03-30,0.5296173095703125,0.1345748901367187,0.291107177734375,0.2093124389648437,0.0010299682617187,0.0417327880859375
2021-03-31,0.0386085510253906,0.042694091796875,0.0,0.2474212646484375,0.0005722045898437,3.814697265625e-06
2021-04-01,11.267585754394531,12.036773681640623,2.5083580017089844,4.196723937988281,1.032489776611328,0.191864013671875
2021-04-02,11.323211669921877,16.087100982666016,20.39640045166016,11.48065185546875,35.21771240234375,23.86789321899414
2021-04-03,0.9311637878417968,4.217113494873047,8.810649871826172,7.947513580322266,7.110897064208984,17.23949432373047
2021-04-04,0.0072784423828125,0.0249595642089843,0.0543594360351562,0.028350830078125,0.0,0.0064125061035156
2021-04-05,10.88632583618164,7.80401611328125,12.8460693359375,5.827934265136719,16.72057342529297,9.49993896484375
2021-04-06,4.334751129150391,6.649417877197266,9.044921875,10.98626708984375,15.949249267578123,20.93144989013672
2021-04-07,0.254404067993164,0.8925647735595703,0.1491355895996093,0.2368316650390625,0.003082275390625,0.087310791015625
2021-04-08,0.0,0.0034713745117187,0.0,0.0,0.0,0.0
2021-04-09,0.0,0.0,0.0,0.0,0.0,0.0
2021-04-10,0.0,0.0,0.0909423828125,0.0,0.0,0.0
2021-04-11,0.0428237915039062,0.0,0.3066940307617187,0.0,0.0132064819335937,0.0
2021-04-12,10.37616729736328,14.199172973632812,6.742950439453125,4.388107299804688,17.848838806152344,6.427833557128906
2021-04-13,2.480438232421875,2.9518356323242188,5.154510498046875,3.0900955200195312,8.263328552246094,8.6490478515625
2021-04-14,0.1127891540527343,0.2337760925292968,0.0611152648925781,0.0529899597167968,0.0361366271972656,0.0816650390625
2021-04-15,0.003814697265625,0.0072708129882812,0.0002517700195312,0.0,0.0143890380859375,0.1679840087890625
2021-04-16,6.699718475341797,7.616981506347656,9.544662475585938,7.531368255615234,8.29104995727539,17.310771942138672
2021-04-17,3.4948463439941406,2.917835235595703,3.79409408569336,1.6322784423828125,5.2266845703125,4.322441101074219
2021-04-18,3.745962142944336,3.897037506103516,6.089603424072266,8.718799591064453,6.251529693603516,6.7025909423828125
2021-04-19,2.783905029296875,2.557493209838867,2.1081905364990234,3.094989776611328,6.359617233276367,2.499542236328125
2021-04-20,0.5179901123046875,1.1290931701660156,0.3883514404296875,0.6461944580078125,0.2232017517089843,0.0273971557617187
2021-04-21,1.1583251953125,1.6821823120117188,9.328216552734377,4.6543731689453125,13.664974212646484,9.771072387695312
2021-04-22,1.0068931579589844,1.7904052734375,10.65668487548828,7.337120056152344,12.045032501220703,8.885173797607422
2021-04-23,1.9073486328125e-06,0.0,0.0,1.9073486328125e-06,0.0,0.0
2021-04-24,0.0,0.0,0.0,0.0,0.0,0.0
2021-04-25,0.3270454406738281,0.2003288269042968,0.0794029235839843,0.0440559387207031,0.1041717529296875,0.1499710083007812
2021-04-26,2.31570053100586,0.6878738403320312,1.6646232604980469,3.975269317626953,3.3842811584472656,3.1700096130371094
2021-04-27,2.0423736572265625,8.507938385009766,2.888710021972656,2.287300109863281,4.080425262451172,2.031169891357422
2021-04-28,0.7870712280273438,0.4733619689941406,0.0786170959472656,0.0473785400390625,0.5611991882324219,0.0308799743652343
2021-04-29,0.3693809509277344,0.0833816528320312,0.4704475402832031,0.0057563781738281,0.0,0.0018959045410156
2021-04-30,0.10357666015625,0.0215225219726562,1.033121109008789,0.153411865234375,7.119321823120117,2.8500938415527344
2021-05-01,0.1071548461914062,0.0392913818359375,0.1401786804199218,0.0191497802734375,1.1138420104980469,0.1562881469726562
2021-05-02,3.5522689819335938,2.3802642822265625,0.0479507446289062,0.001007080078125,1.0227508544921875,0.1901931762695312
2021-05-03,0.0060081481933593,0.0003547668457031,0.6019821166992188,0.9079513549804688,0.0,0.2598075866699219
2021-05-04,0.238677978515625,0.5689811706542969,0.2409248352050781,0.6757736206054688,3.984291076660156,0.6979598999023438
2021-05-05,0.0367240905761718,0.1461296081542968,0.1102676391601562,0.0037422180175781,1.8158035278320312,0.0750274658203125
2021-05-06,0.913299560546875,0.7528457641601562,0.3774261474609375,0.012115478515625,0.0,0.0
2021-05-07,2.198089599609375,1.8450927734375,2.120208740234375,0.8161849975585938,0.003082275390625,0.1122283935546875
2021-05-08,0.0,0.0,0.0,0.0030288696289062,0.0010299682617187,0.0
2021-05-09,0.0,0.0,0.0,0.0,0.0,0.0
2021-05-10,0.0,0.0,0.0,0.0,0.0,0.0132675170898437
2021-05-11,0.4905242919921875,1.2501907348632812,3.720779418945313,0.5445938110351562,6.6571044921875,5.310325622558594
2021-05-12,5.799160003662109,5.130867004394531,6.01922607421875,1.4990386962890625,20.86004638671875,8.205253601074219
2021-05-13,0.3950538635253906,0.5224647521972656,4.254596710205078,1.2680130004882812,17.339767456054688,8.210487365722656
2021-05-14,7.427034378051758,13.15948486328125,18.68061065673828,15.07819366455078,34.263877868652344,28.110071182250977
2021-05-15,0.3916969299316406,1.011566162109375,0.2356033325195312,0.1785469055175781,2.2044715881347656,0.5872383117675781
2021-05-16,2.8520965576171875,4.1307525634765625,2.95132827758789,0.3261070251464844,1.2367401123046875,0.6656074523925781
2021-05-17,0.4159660339355469,1.3744888305664062,1.2878303527832031,1.11260986328125,0.8758163452148438,0.7270431518554688
2021-05-18,1.982624053955078,2.4262008666992188,6.359416961669922,1.64300537109375,4.603286743164063,0.6233444213867188
2021-05-19,8.276294708251953,17.585186004638672,8.969898223876953,6.501953125,14.67136001586914,14.9615478515625
2021-05-20,0.1019134521484375,0.6138801574707031,0.3031501770019531,1.0105133056640625,0.1866264343261718,0.41668701171875
2021-05-21,0.0,0.0,0.0,0.0,0.0,0.0
2021-05-22,0.0,0.0007095336914062,0.1546630859375,0.0330657958984375,0.047271728515625,0.2806167602539062
2021-05-23,0.2972412109375,0.3397369384765625,0.133331298828125,0.0149612426757812,0.0,0.3974533081054687
2021-05-24,0.2550544738769531,0.7904396057128906,0.0,0.0,0.0,0.0
2021-05-25,1.6535758972167969,1.538921356201172,1.6595802307128906,0.3485107421875,0.0148773193359375,0.3133010864257812
2021-05-26,2.44851303100586,2.0240516662597656,1.0533790588378906,1.3303565979003906,0.4418258666992187,0.3953704833984375
2021-05-27,4.029605865478516,9.084760665893556,6.451318740844727,5.894296646118164,1.2293415069580078,8.14055061340332
2021-05-28,0.0079727172851562,0.0235786437988281,0.0810508728027343,0.0037384033203125,0.45770263671875,1.1977615356445312
2021-05-29,5.965444564819336,5.576044082641602,9.889751434326172,5.811649322509766,2.647216796875,8.113994598388672
2021-05-30,3.688751220703125,12.452484130859377,3.838699340820313,2.751327514648437,0.8301467895507812,7.203571319580078
2021-05-31,4.197444915771484,14.265182495117188,1.1656379699707031,2.8799972534179688,0.3726119995117187,5.223903656005859
2021-06-01,0.00762939453125,0.0745620727539062,0.0424613952636718,0.0067710876464843,0.3326263427734375,0.1604385375976562
2021-06-02,0.0,0.0,0.0,0.0,0.0828323364257812,0.1247329711914062
2021-06-03,0.0,0.0,3.814697265625e-06,3.814697265625e-06,3.814697265625e-06,0.0
2021-06-04,0.2962112426757812,0.5905838012695312,3.94366455078125,0.2078781127929687,0.3918838500976562,0.11859130859375
2021-06-05,4.511894226074219,12.809524536132812,10.113235473632812,3.7158126831054688,0.7835655212402344,5.348121643066406
2021-06-06,9.483776092529297,11.335372924804688,14.687904357910156,10.28194808959961,11.503982543945312,19.34984588623047
2021-06-07,0.1992912292480468,0.2095756530761718,1.1895294189453125,1.3840866088867188,0.3474273681640625,0.7946662902832031
2021-06-08,0.0,0.0820503234863281,0.0490188598632812,0.0741310119628906,0.0416450500488281,0.6517105102539062
2021-06-09,5.8223419189453125,8.434917449951172,4.216457366943359,6.374454498291016,5.007194519042969,6.35272216796875
2021-06-10,6.923215866088867,7.986473083496094,3.60821533203125,4.530866622924805,1.893648147583008,11.901676177978516
2021-06-11,0.903156280517578,8.705787658691406,3.818401336669922,6.985660552978516,1.083709716796875,7.760639190673828
2021-06-12,8.454769134521484,8.568599700927734,8.67880630493164,5.894439697265625,5.245616912841797,8.30752944946289
2021-06-13,0.6948204040527344,2.918285369873047,0.8682289123535156,1.6583824157714844,0.0071945190429687,0.3098258972167969
2021-06-14,0.089935302734375,0.3798141479492187,0.8852424621582031,0.9276618957519532,3.814697265625e-06,0.0230255126953125
2021-06-15,0.0,0.0142326354980468,0.004852294921875,0.0582771301269531,0.1751899719238281,0.9994125366210938
2021-06-16,0.1863555908203125,2.1896286010742188,0.2371139526367187,0.2722434997558594,0.7627449035644531,0.8333244323730469
2021-06-17,0.4756927490234375,0.5519485473632812,2.1649703979492188,1.624420166015625,7.300819396972656,2.622627258300781
2021-06-18,0.2652053833007812,1.1401901245117188,3.2917137145996094,2.470245361328125,6.712104797363281,14.92133331298828
2021-06-19,0.2641067504882812,1.5036354064941406,0.0400161743164062,0.4933547973632812,0.1084518432617187,0.1903228759765625
2021-06-20,0.03863525390625,0.1410636901855468,0.6347007751464844,0.514068603515625,0.2059478759765625,3.5845870971679688
2021-06-21,0.0,0.0097007751464843,0.0210151672363281,0.0,0.0,0.0320510864257812
2021-06-22,0.0,0.0,0.0009117126464843,0.0,0.0,0.0068855285644531
2021-06-23,0.2360877990722656,0.0377922058105468,0.4029655456542969,0.0833816528320312,0.1374969482421875,0.2016983032226562
2021-06-24,0.0,0.0,0.2870597839355469,0.0,0.0,0.181121826171875
2021-06-25,6.135913848876953,8.797557830810547,2.58673095703125,3.5726356506347656,0.0,3.8522911071777344
2021-06-26,0.2415657043457031,0.1698265075683593,0.3844985961914062,0.1910667419433593,0.0595512390136718,1.9761009216308596
2021-06-27,0.0,0.0275802612304687,0.0019912719726562,0.0,0.0005111694335937,0.2559661865234375
2021-06-28,0.0,0.0,0.0,0.0,0.0,0.0
2021-06-29,0.0,0.0,0.0109405517578125,0.0,0.0,0.1474456787109375
2021-06-30,2.3806076049804688,15.462440490722656,0.9552764892578124,0.386566162109375,1.7816619873046875,0.0783309936523437
2021-07-01,2.936859130859375,7.9912261962890625,14.373695373535156,6.4165802001953125,2.665107727050781,3.3798141479492188
2021-07-02,0.3466072082519531,2.2552566528320312,0.2063751220703125,0.2306709289550781,0.2920188903808594,0.3692245483398437
2021-07-03,0.2492904663085937,0.1325607299804687,0.2358016967773437,0.0582199096679687,0.0084609985351562,0.6626052856445312
2021-07-04,1.4070663452148438,10.259078979492188,8.394393920898438,1.8867645263671875,2.1940460205078125,20.24888610839844
2021-07-05,0.4269027709960937,0.3726730346679687,0.3114776611328125,0.1189422607421875,0.047271728515625,0.0128173828125
2021-07-06,0.0,0.0,0.0,3.814697265625e-06,0.0,0.0
2021-07-07,0.0,0.0,0.0,0.0,0.0,0.0
2021-07-08,0.0,0.3319473266601562,0.0510787963867187,0.498992919921875,0.0020523071289062,0.2054519653320312
2021-07-09,3.8896408081054688,6.5105743408203125,5.667770385742188,13.861320495605469,0.4376373291015625,9.730476379394531
2021-07-10,13.32461166381836,2.5607986450195312,5.255714416503906,10.893054962158203,0.6851425170898438,4.816577911376953
2021-07-11,0.3202552795410156,4.353675842285156,0.7226905822753906,0.3234481811523437,3.183624267578125,1.3261146545410156
2021-07-12,0.0,0.0,0.0,0.0,0.0,0.3589897155761719
2021-07-13,7.62939453125e-06,0.0,0.0018310546875,0.0,0.0,0.0
2021-07-14,0.7731246948242188,1.8622512817382808,0.1970977783203125,0.0,0.4838409423828125,0.0811691284179687
2021-07-15,6.864368438720703,25.86199951171875,0.1162948608398437,5.678836822509766,0.001220703125,0.102569580078125
2021-07-16,10.051513671875,34.352516174316406,7.312957763671875,6.910366058349609,0.1893272399902343,0.8819351196289062
2021-07-17,32.340660095214844,20.797706604003903,11.51885986328125,13.701492309570312,13.134178161621094,7.507228851318359
2021-07-18,11.688468933105469,14.755012512207031,13.42578125,11.87051010131836,10.532585144042969,6.241867065429688
2021-07-19,11.162727355957031,21.91244125366211,6.034305572509766,3.930469512939453,3.4406661987304688,1.1889991760253906
2021-07-20,0.0311279296875,0.0548095703125,0.08184814453125,0.08502197265625,0.0,0.00640869140625
2021-07-21,0.2357330322265625,1.096893310546875,0.0573959350585937,0.175872802734375,0.0,0.0
2021-07-22,0.00274658203125,0.006927490234375,0.0,0.0038833618164062,0.0,0.0128173828125
2021-07-23,0.0508575439453125,0.1869316101074218,0.0571823120117187,0.060028076171875,0.053680419921875,0.3363685607910156
2021-07-24,0.0010604858398437,0.0010643005371093,0.3650779724121094,0.0027313232421875,0.0,0.70526123046875
2021-07-25,0.2518157958984375,0.2225914001464843,0.3515434265136719,0.2646713256835937,0.0,4.391117095947266
2021-07-26,3.814697265625e-06,0.0,0.0103225708007812,0.0,0.0,0.00640869140625
2021-07-27,0.0963516235351562,0.0093841552734375,0.0268173217773437,0.10455322265625,0.0,0.0066299438476562
2021-07-28,0.1711196899414062,0.60577392578125,0.0,0.0,0.0,0.0064163208007812
2021-07-29,0.0,3.814697265625e-06,0.0,0.0,0.0,0.0
2021-07-30,0.0,0.0,0.0,0.0300369262695312,0.0,0.0512847900390625
2021-07-31,0.0,3.814697265625e-06,0.0,0.0,3.814697265625e-06,0.0
2021-08-01,0.0,0.0373916625976562,0.0,0.0,0.0,0.0
2021-08-02,0.0,0.0093460083007812,0.0181655883789062,0.0,0.0,0.0189590454101562
2021-08-03,0.0668563842773437,0.0579681396484375,0.2208061218261718,0.0711593627929687,0.0,0.0265922546386718
2021-08-04,0.407012939453125,0.9243316650390624,2.2197723388671875,0.0048980712890625,3.1173171997070312,6.963142395019531
2021-08-05,0.2858810424804687,0.775146484375,2.5820236206054688,1.967266082763672,0.43212890625,1.4936790466308594
2021-08-06,0.0003585815429687,0.00311279296875,0.0,0.0,0.0001945495605468,0.0066795349121093
2021-08-07,0.0,0.0,0.0,0.0,0.0,0.0
2021-08-08,0.0062103271484375,0.0,0.0260467529296875,0.0,0.0,0.2628326416015625
2021-08-09,0.0,0.0,0.0,0.0,0.0,0.0710983276367187
2021-08-10,3.7142257690429688,3.2152175903320312,2.4482421875,1.2706298828125,0.432342529296875,4.420906066894531
2021-08-11,0.0128707885742187,0.0,0.0060501098632812,0.0041885375976562,0.0,0.0256423950195312
2021-08-12,0.0,0.0,0.0,0.0,0.0,0.0
2021-08-13,0.0,0.0,0.0,0.0,0.0,0.0
2021-08-14,0.0,0.0048675537109375,0.0,0.0,0.0,0.0192337036132812
2021-08-15,0.0,0.0,0.0176200866699218,0.0093536376953125,0.0,0.0650520324707031
2021-08-16,4.177696228027344,5.521736145019531,0.9508399963378906,0.1059799194335937,0.0,0.0530471801757812
2021-08-17,1.352191925048828,1.355205535888672,4.631759643554688,0.4187393188476562,0.561920166015625,4.405277252197266
2021-08-18,0.0,3.814697265625e-06,0.0,0.0,0.0,0.0650558471679687
2021-08-19,0.0,0.0,0.0,0.0,0.0,0.0128211975097656
2021-08-20,0.0,0.0007057189941406,0.0752105712890625,0.078369140625,0.1914329528808593,0.2566471099853515
2021-08-21,0.0,0.0,1.9073486328125e-06,0.0,0.0,0.0
2021-08-22,0.0,0.0,0.0,0.0,0.0,0.00640869140625
2021-08-23,3.700729370117188,3.2344894409179688,0.32568359375,0.1473464965820312,0.0,0.6691360473632812
2021-08-24,13.287689208984377,14.452713012695312,16.568801879882812,8.105682373046875,9.712528228759766,19.64929580688477
2021-08-25,1.9489631652832031,1.3856163024902344,1.3940811157226562,1.1485366821289062,7.5682373046875,11.147178649902344
2021-08-26,0.370941162109375,0.3809967041015625,0.0691261291503906,0.0,1.2934837341308594,0.0333633422851562
2021-08-27,2.2835426330566406,2.96563720703125,1.909893035888672,0.1665115356445312,5.1909942626953125,1.3347892761230469
2021-08-28,9.454872131347656,13.790977478027344,21.12513732910156,10.18537139892578,21.957061767578125,11.468978881835938
2021-08-29,0.0219955444335937,0.1100425720214843,1.3969154357910156,0.47393798828125,0.0160293579101562,0.1872482299804687
2021-08-30,0.0316696166992187,0.3392181396484375,0.3346290588378906,0.1251602172851562,0.2028694152832031,0.0560684204101562
2021-08-31,1.321697235107422,4.954124450683594,7.319843292236328,1.0397071838378906,2.514942169189453,5.5845794677734375
2021-09-01,0.0,0.0318832397460937,0.002777099609375,0.0224456787109375,0.0,0.0
2021-09-02,0.0,0.0,0.0,0.0,0.0,0.0
2021-09-03,0.0003547668457031,0.0249290466308593,0.0,0.0,0.00640869140625,0.0066375732421875
2021-09-04,0.0090560913085937,0.0465850830078125,0.0722427368164062,0.0354461669921875,1.2899093627929688,2.106689453125
2021-09-05,0.1135940551757812,0.0423393249511718,0.0,0.0,0.0518226623535156,3.814697265625e-06
2021-09-06,3.814697265625e-06,0.0,0.0,0.0,7.62939453125e-06,0.0
2021-09-07,0.0,0.0,0.1045913696289062,0.0975570678710937,0.0524063110351562,1.0708694458007812
2021-09-08,0.0814895629882812,0.0486679077148437,0.2443313598632812,0.7079544067382812,1.0612678527832031,0.0061378479003906
2021-09-09,0.0,0.0249252319335937,0.0510749816894531,0.0030326843261718,0.335540771484375,0.1396255493164062
2021-09-10,0.0359306335449218,0.0360603332519531,0.2021026611328125,0.0142478942871093,2.510723114013672,0.6699905395507812
2021-09-11,0.0,0.0003509521484375,0.0,0.0,0.0,0.0
2021-09-12,0.0,0.0,0.027252197265625,0.0093536376953125,0.0811843872070312,0.499755859375
2021-09-13,0.0,0.0,0.0,0.0,0.0,0.0
2021-09-14,0.0,3.814697265625e-06,0.0,0.0,0.00616455078125,0.2427902221679687
2021-09-15,0.4554443359375,0.8521461486816406,1.3956298828125,0.49053955078125,0.0915451049804687,1.503948211669922
2021-09-16,0.3003616333007812,0.3100204467773437,6.120491027832031,0.7310714721679688,14.173782348632812,9.453079223632812
2021-09-17,6.939849853515625,6.3827667236328125,7.220039367675781,9.502769470214844,11.839553833007812,24.083091735839844
2021-09-18,0.672210693359375,6.3874053955078125,2.437732696533203,0.949138641357422,2.856304168701172,13.013355255126951
2021-09-19,0.588104248046875,1.99884033203125,5.989028930664063,0.4685897827148437,11.291831970214844,3.24725341796875
2021-09-20,1.0053215026855469,1.7736701965332031,4.915035247802734,3.188682556152344,2.130229949951172,13.30841064453125
2021-09-21,0.7227325439453125,2.019271850585937,0.7823638916015625,1.0676116943359375,0.03082275390625,2.326156616210937
2021-09-22,0.6768951416015625,1.111480712890625,0.2135009765625,0.2771759033203125,0.0,0.0909576416015625
2021-09-23,0.0,0.0,0.0,0.0,0.0,0.0
2021-09-24,0.0,0.0,0.0,0.0,0.0,0.0
2021-09-25,0.0,0.0,0.0,0.0,0.0,0.0
2021-09-26,4.484031677246094,5.090614318847656,1.2814102172851562,0.5792388916015625,0.0,2.018638610839844
2021-09-27,3.57171630859375,6.7962799072265625,4.0504302978515625,4.280197143554688,0.909881591796875,10.1165771484375
2021-09-28,0.255950927734375,0.4696998596191406,0.4167251586914062,0.2352790832519531,0.6037406921386719,0.5508995056152344
2021-09-29,9.229969024658203,7.276481628417969,11.809246063232422,9.44792938232422,5.789600372314453,11.838516235351562
2021-09-30,0.4431343078613281,0.1171989440917968,1.2855453491210938,0.4924507141113281,0.2063560485839843,0.9664573669433594
2021-10-01,3.814697265625e-06,3.814697265625e-06,0.0,0.0,0.0,0.0
2021-10-02,0.0,0.0,0.0,0.0,0.0,0.0
2021-10-03,0.0,0.0,0.0,0.0,0.0,0.0
2021-10-04,0.0,0.0,0.0,0.0,0.0,0.0
2021-10-05,19.313663482666016,8.475379943847656,12.25811767578125,3.210853576660156,16.117263793945312,7.9425048828125
2021-10-06,8.432853698730469,11.94647979736328,13.9208984375,18.43744659423828,24.217735290527344,35.012290954589844
2021-10-07,5.619316101074219,6.530197143554688,7.801605224609375,3.8145828247070312,4.034912109375,8.140861511230469
2021-10-08,6.700599670410156,6.087158203125,2.4759750366210938,2.8748092651367188,3.2912673950195312,5.228302001953125
2021-10-09,7.92645263671875,2.999961853027344,17.41551971435547,4.462417602539063,26.71428680419922,14.11396026611328
2021-10-10,5.648506164550781,8.467399597167969,11.72332000732422,11.43891143798828,17.076210021972656,11.293251037597656
2021-10-11,1.3648033142089844,2.1437644958496094,0.9130287170410156,1.9454917907714844,0.0283317565917968,0.3643150329589844
2021-10-12,1.8123855590820312,3.7082443237304688,1.157806396484375,0.7172012329101562,0.093902587890625,2.15081787109375
2021-10-13,0.3784408569335937,1.088134765625,0.80181884765625,0.2306785583496093,3.814697265625e-06,0.3460769653320312
2021-10-14,3.40521240234375,5.836433410644531,1.9893951416015625,1.692352294921875,0.0457077026367187,0.95184326171875
2021-10-15,1.5441513061523438,4.190521240234375,1.3761749267578125,2.2209701538085938,0.207733154296875,0.5373992919921875
2021-10-16,0.0,0.0095977783203125,0.0038108825683593,0.0057601928710937,0.1078262329101562,0.1873283386230468
2021-10-17,0.0,0.0003509521484375,0.0113983154296875,0.009796142578125,0.235992431640625,0.4700164794921875
2021-10-18,0.0072784423828125,0.0,0.0,0.0018692016601562,0.0,0.0146713256835937
2021-10-19,0.0,0.0,0.0018234252929687,0.0,0.0,0.0
2021-10-20,0.0,0.0,0.9013137817382812,0.0,7.836891174316406,0.563751220703125
2021-10-21,0.0003509521484375,0.0100555419921875,1.2070465087890625,0.964111328125,6.272987365722656,1.6354637145996094
2021-10-22,8.428001403808594,7.24188232421875,8.575393676757812,4.852653503417969,9.083724975585938,12.815101623535156
2021-10-23,0.0093536376953125,0.0386886596679687,0.1352157592773437,0.0227394104003906,0.0055313110351562,0.3811073303222656
2021-10-24,0.0,7.62939453125e-06,0.0013885498046875,0.0,0.0,0.0
2021-10-25,0.0,0.0,0.0,0.0,0.0,0.0
2021-10-26,0.0485382080078125,0.03326416015625,0.0,0.0,0.0,0.0
2021-10-27,0.0,0.0,0.0,0.0090789794921875,0.0,0.0
2021-10-28,0.0,0.0,0.0,0.0,0.0,0.0
2021-10-29,0.0,0.0,0.0,0.0,0.0,0.0
2021-10-30,0.0,0.0,0.0,0.0,0.0,0.0
2021-10-31,0.0,0.0,0.0282745361328125,0.0,0.0735244750976562,0.0
2021-11-01,3.297325134277344,2.1363601684570312,8.398124694824219,5.632453918457031,35.20440673828125,23.199752807617188
2021-11-02,1.5492630004882812,0.5044479370117188,4.871040344238281,0.1758842468261718,6.390449523925781,2.087970733642578
2021-11-03,0.9115142822265624,0.63720703125,7.640525817871094,1.2265243530273438,26.928009033203125,3.282539367675781
2021-11-04,7.0255279541015625,5.8395843505859375,27.688217163085938,5.4247894287109375,39.45155334472656,7.96697998046875
2021-11-05,13.330642700195312,10.80168914794922,12.497329711914062,5.705780029296875,16.73583221435547,6.906494140625
2021-11-06,0.4534683227539062,1.26409912109375,0.495758056640625,0.6409225463867188,0.0535736083984375,1.1826095581054688
2021-11-07,8.89263916015625,4.029579162597656,6.705940246582031,2.641693115234375,1.4051055908203125,1.933311462402344
2021-11-08,1.07135009765625,1.3994598388671875,1.661468505859375,0.6889572143554688,1.2268295288085938,2.0054168701171875
2021-11-09,0.0,0.0020828247070312,0.009368896484375,0.0,0.0004119873046875,0.0
2021-11-10,0.0,0.0,0.0,0.0,9.918212890625e-05,0.0
2021-11-11,0.0,0.0,0.0,0.0,0.0,0.0
2021-11-12,1.5379104614257812,0.1580734252929687,2.1138916015625,0.08465576171875,1.4372100830078125,0.0
2021-11-13,0.199493408203125,0.5332107543945312,0.22454833984375,2.018013000488281,5.0850982666015625,1.4685440063476562
2021-11-14,0.040557861328125,0.0,0.0052032470703125,0.0009384155273437,0.00311279296875,0.0036773681640625
2021-11-15,0.0265884399414062,0.0340347290039062,0.0054550170898437,0.0583114624023437,0.0,0.0206298828125
2021-11-16,0.0057144165039062,0.0001754760742187,0.9025192260742188,0.0088424682617187,0.0158004760742187,1.893890380859375
2021-11-17,0.2714767456054687,0.6195831298828125,0.8111381530761719,0.280242919921875,0.4382667541503906,1.147235870361328
2021-11-18,0.0644340515136718,0.4678840637207031,0.1857376098632812,0.1228675842285156,0.0,0.0489387512207031
2021-11-19,0.0640602111816406,0.3196258544921875,0.1502189636230468,0.1625709533691406,0.0,0.0192298889160156
2021-11-20,0.0036392211914062,0.0,0.0319404602050781,0.00439453125,0.4248504638671875,0.3207664489746094
2021-11-21,13.207412719726562,11.156822204589844,11.997352600097656,7.352081298828125,22.633628845214844,16.523788452148438
2021-11-22,1.4682655334472656,2.230560302734375,2.0956802368164062,0.8298492431640625,0.3124427795410156,4.079158782958984
2021-11-23,0.0117950439453125,0.0194168090820312,0.0646018981933593,0.0122337341308593,0.0074386596679687,0.03326416015625
2021-11-24,0.0041732788085937,0.0,0.8868942260742188,0.0002822875976562,2.4415054321289062,0.232696533203125
2021-11-25,4.2538909912109375,4.7352294921875,17.411087036132812,10.350112915039062,45.32820129394531,43.77433013916016
2021-11-26,0.41680908203125,0.3767013549804687,8.528793334960938,2.3892822265625,34.86139678955078,38.07396697998047
2021-11-27,5.539894104003906,2.512664794921875,20.697341918945312,11.15789794921875,46.43720245361328,41.44609069824219
2021-11-28,15.341392517089844,16.199066162109375,11.656654357910156,6.701957702636719,11.380775451660156,22.66040802001953
2021-11-29,1.97564697265625,2.3211212158203125,2.67718505859375,1.7845230102539062,3.652145385742188,4.858245849609375
2021-11-30,0.0041732788085937,0.3349609375,1.9807281494140625,0.096771240234375,9.09819793701172,3.4222869873046875
2021-12-01,0.69427490234375,0.2007484436035156,14.640769958496094,3.092029571533203,47.00873947143555,23.111316680908203
2021-12-02,29.11920928955078,23.32073211669922,35.59111022949219,12.787857055664062,32.405311584472656,16.162315368652344
2021-12-03,0.366058349609375,0.2108612060546875,0.7276382446289062,0.2645492553710937,1.036865234375,1.60064697265625
2021-12-04,2.074432373046875,1.2784271240234375,15.886100769042969,10.354896545410156,48.46601104736328,37.67837524414063
2021-12-05,15.968391418457031,20.477088928222656,19.45197296142578,18.24822235107422,18.26596069335937,26.635299682617188
2021-12-06,2.9794998168945312,8.064315795898438,3.112586975097656,4.371437072753906,3.2328033447265625,2.142852783203125
2021-12-07,0.066986083984375,0.0839385986328125,0.2509613037109375,0.0670928955078125,0.5286102294921875,0.0916366577148437
2021-12-08,6.0622406005859375,4.681190490722656,26.407752990722656,17.69324493408203,40.70487976074219,34.30756378173828
2021-12-09,3.3730697631835938,5.881149291992188,4.06195068359375,1.7013778686523438,21.55516815185547,11.837745666503906
2021-12-10,16.70183563232422,18.17548370361328,23.65473937988281,22.51422882080078,22.993408203125,28.88346099853516
2021-12-11,15.594558715820312,27.243682861328125,11.423248291015623,14.93682098388672,7.2340087890625,11.663131713867188
2021-12-12,2.051963806152344,5.106376647949219,1.3383560180664062,1.3193588256835938,0.0574417114257812,0.45758056640625
2021-12-13,0.2559280395507812,0.7360916137695312,0.4669952392578125,0.9587516784667968,0.0123100280761718,0.0707893371582031
2021-12-14,0.68115234375,2.1255111694335938,1.0571365356445312,0.734954833984375,0.0357742309570312,0.1364974975585937
2021-12-15,1.1180343627929688,3.5114974975585938,1.4939041137695312,1.423980712890625,0.038970947265625,0.2773971557617187
2021-12-16,3.12625503540039,5.331634521484375,1.463787078857422,2.6299057006835938,0.0266647338867187,0.4995689392089844
2021-12-17,6.84088134765625,8.847442626953125,5.10546875,5.309051513671875,1.0561141967773438,3.008125305175781
2021-12-18,0.3795318603515625,0.74755859375,0.4689102172851562,0.5262451171875,0.0330810546875,0.1627044677734375
2021-12-19,1.6784515380859375,2.3926239013671875,0.2592086791992187,0.48626708984375,0.0,0.0448760986328125
2021-12-20,0.3115005493164062,0.9024658203125,0.24969482421875,0.3869857788085937,0.0,0.0201797485351562
2021-12-21,0.6670989990234375,0.2171707153320312,0.2434844970703125,0.1674041748046875,0.003204345703125,0.0288467407226562
2021-12-22,0.011444091796875,0.0159645080566406,0.3011627197265625,0.0243263244628906,1.1151199340820312,0.4366569519042969
2021-12-23,0.0,0.0003547668457031,0.8601455688476562,0.0335121154785156,4.158603668212891,1.289752960205078
2021-12-24,1.2301254272460938,0.0591087341308593,3.374988555908203,0.4001922607421875,20.961048126220703,7.076450347900391
2021-12-25,1.0808944702148438,1.8688735961914065,11.30681610107422,2.087493896484375,58.860870361328125,32.33880615234375
2021-12-26,6.2619171142578125,6.631828308105469,28.10702514648437,13.406105041503906,69.25350189208984,36.88462829589844
2021-12-27,0.0,0.0,0.0094528198242187,0.0,0.0,0.1299285888671875
2021-12-28,5.749122619628906,7.07861328125,4.199310302734375,4.426048278808594,2.3869361877441406,4.653598785400391
2021-12-29,1.0187454223632812,3.387298583984375,0.8729705810546875,2.0277252197265625,0.0072402954101562,0.8337783813476562
2021-12-30,0.0,0.010406494140625,0.0,0.0048980712890625,0.0,0.0
2021-12-31,0.050079345703125,0.462890625,0.035400390625,0.1775436401367187,0.0,0.0
2022-01-01,0.0135879516601562,0.0458221435546875,0.0076255798339843,0.059051513671875,0.0,0.0
2022-01-02,0.0,0.0065994262695312,0.007293701171875,0.0,0.6420516967773438,0.0139999389648437
2022-01-03,0.0,0.0,0.3471527099609375,0.0027313232421875,5.987186431884766,0.1946983337402343
2022-01-04,0.0,0.0,2.860538482666016,0.0931739807128906,13.000202178955078,1.6661376953125
2022-01-05,3.732345581054688,5.261363983154297,8.214847564697266,7.331203460693359,35.19279861450195,14.229537963867188
2022-01-06,1.7871131896972656,2.1665611267089844,2.125774383544922,0.9363479614257812,6.074592590332031,2.9736061096191406
2022-01-07,5.626995086669922,4.754001617431641,7.372158050537109,4.162952423095703,11.163822174072266,16.22600555419922
2022-01-08,2.244449615478516,2.6610260009765625,1.8165740966796875,2.6405105590820312,2.2298660278320312,5.418880462646484
2022-01-09,18.87562561035156,24.956748962402344,13.840957641601562,20.42127227783203,7.330101013183594,11.248329162597656
2022-01-10,4.741310119628906,8.352996826171875,8.908561706542969,7.444976806640625,1.4800949096679688,7.122718811035156
2022-01-11,0.72406005859375,1.0792388916015625,0.8133468627929688,0.6594696044921875,0.0129165649414062,0.0941009521484375
2022-01-12,0.0988311767578125,0.050628662109375,0.0716781616210937,0.1227874755859375,7.62939453125e-06,0.0066757202148437
2022-01-13,0.0,0.000701904296875,0.0,0.00885009765625,0.0,0.0
2022-01-14,0.1820220947265625,0.3329010009765625,0.1356620788574218,0.1698036193847656,0.0,0.0
2022-01-15,0.0087013244628906,0.0045127868652343,0.002777099609375,0.0060577392578125,0.0,0.0
2022-01-16,1.312847137451172,1.641704559326172,0.518096923828125,0.4641036987304687,0.5125656127929688,1.379425048828125
2022-01-17,0.2171401977539062,1.4978256225585938,0.2005691528320312,0.4550018310546875,0.0074386596679687,0.093536376953125
2022-01-18,0.0496482849121093,0.0596656799316406,0.0258941650390625,0.0952911376953125,0.0026893615722656,0.0
2022-01-19,5.035316467285156,5.935417175292969,6.462661743164063,3.663612365722656,9.075180053710938,6.01629638671875
2022-01-20,2.375030517578125,3.534557342529297,5.438346862792969,4.880950927734375,4.089347839355469,12.488037109375
2022-01-21,2.5905075073242188,4.1612396240234375,0.9410934448242188,2.0673065185546875,0.0943374633789062,0.850799560546875
2022-01-22,0.91400146484375,1.5267410278320312,1.0834808349609375,1.7289886474609375,0.0393600463867187,0.495391845703125
2022-01-23,0.6664505004882812,1.235248565673828,1.2180633544921875,0.9612922668457032,0.0671806335449218,0.3634185791015625
2022-01-24,0.0125198364257812,0.0528640747070312,0.0233383178710937,0.0346298217773437,0.0026931762695312,0.0036849975585937
2022-01-25,0.8456802368164062,1.0906295776367188,0.4251708984375,0.950847625732422,0.0,0.0579681396484375
2022-01-26,0.0242652893066406,0.1000862121582031,0.0148849487304687,0.0649261474609375,0.003204345703125,0.0139045715332031
2022-01-27,1.0311355590820312,2.67022705078125,1.180706024169922,1.12615966796875,0.1327095031738281,0.2104644775390625
2022-01-28,0.8661155700683594,2.4395828247070312,1.084636688232422,1.5584869384765625,0.0435943603515625,0.6473274230957031
2022-01-29,0.14129638671875,0.3612136840820312,0.115692138671875,0.3292236328125,0.000518798828125,0.0573577880859375
2022-01-30,3.5634307861328125,3.339141845703125,5.129409790039063,2.5022506713867188,11.756912231445312,8.72564697265625
2022-01-31,11.940696716308594,17.319236755371094,20.00167465209961,12.759513854980469,21.961181640625,24.79931259155273
2022-02-01,4.190528869628906,5.920566558837891,1.3360214233398438,0.9829673767089844,0.0159072875976562,0.3483352661132812
2022-02-02,1.9611968994140625,3.3825912475585938,1.53973388671875,2.399253845214844,0.1018218994140625,1.1678009033203125
2022-02-03,0.0003509521484375,0.0041656494140625,0.0,0.0,0.0,0.0
2022-02-04,0.5315628051757812,1.1543121337890625,1.013702392578125,0.2800369262695312,1.7219581604003906,2.250701904296875
2022-02-05,0.00762939453125,0.005218505859375,0.0411262512207031,0.036041259765625,0.0610885620117187,0.0140419006347656
2022-02-06,13.733455657958984,18.808204650878903,15.427879333496094,12.494377136230469,21.145965576171875,18.426006317138672
2022-02-07,2.5965499877929688,4.360042572021484,2.356414794921875,3.0447998046875,0.2630462646484375,1.6549606323242188
2022-02-08,0.1397628784179687,0.48553466796875,0.184112548828125,0.3689422607421875,0.0143508911132812,0.2487945556640625
2022-02-09,0.0,0.0,0.0,0.0,0.0,0.0
2022-02-10,0.0449676513671875,0.4058036804199219,0.0,0.0,0.0,0.0
2022-02-11,0.4132404327392578,0.8239250183105469,0.9759979248046876,0.283905029296875,0.00640869140625,0.1946640014648437
2022-02-12,0.0102348327636718,0.022064208984375,0.1035499572753906,0.3043594360351562,0.2256851196289062,3.859813690185547
2022-02-13,0.0157432556152343,0.0069465637207031,0.3100814819335937,0.0173492431640625,1.1241493225097656,0.5204391479492188
2022-02-14,0.4556617736816406,0.2186012268066406,10.340721130371094,1.0376472473144531,33.49443435668945,18.924335479736328
2022-02-15,3.2666015625,6.57464599609375,21.97832489013672,21.73628234863281,42.56167602539063,50.57796478271485
2022-02-16,0.0,0.0130386352539062,0.0,0.1084823608398437,0.0555648803710937,0.1038551330566406
2022-02-17,0.0,0.2327499389648437,0.0067176818847656,0.0133171081542968,0.0,0.0036811828613281
2022-02-18,0.13177490234375,0.1261482238769531,0.0544319152832031,0.0,0.0138473510742187,0.0
2022-02-19,3.749200820922852,4.059904098510742,5.07105827331543,2.2943572998046875,19.69739532470703,8.079177856445312
2022-02-20,2.08450698852539,1.3945350646972656,4.319118499755859,0.224609375,18.7296142578125,5.229454040527344
2022-02-21,15.399982452392578,14.54816436767578,7.8662567138671875,8.655899047851562,15.22677230834961,7.440238952636719
2022-02-22,0.1588897705078125,1.211139678955078,0.417938232421875,0.8406753540039062,0.0266685485839843,0.1365165710449218
2022-02-23,3.814697265625e-06,0.0,0.00555419921875,0.0277557373046875,0.0,0.0064125061035156
2022-02-24,1.21923828125,0.5352401733398438,0.3032608032226562,0.0244598388671875,0.0,0.0
2022-02-25,12.390064239501951,11.625717163085938,11.86001205444336,7.6365203857421875,4.236251831054688,8.539085388183594
2022-02-26,8.224205017089844,12.38776397705078,15.263404846191406,15.36943817138672,10.735809326171877,23.17491149902344
2022-02-27,3.906169891357422,7.108737945556641,4.779743194580078,2.9242401123046875,0.3802261352539062,2.4988975524902344
2022-02-28,2.0479888916015625,4.896751403808594,3.0537567138671875,1.712493896484375,0.0160903930664062,0.8448410034179688
2022-03-01,0.0455818176269531,0.4754638671875,0.5270156860351562,0.4541816711425781,0.0064125061035156,0.0522308349609375
2022-03-02,0.0152587890625,0.2534408569335937,0.030975341796875,0.1277999877929687,0.0,0.011871337890625
2022-03-03,0.0,0.0028305053710937,0.0198554992675781,0.0060577392578125,0.4605636596679687,0.6254348754882812
2022-03-04,5.857181549072266,6.820743560791016,11.695980072021484,9.854053497314451,10.839309692382812,17.513221740722656
2022-03-05,10.757728576660156,11.117122650146484,12.420551300048828,11.223682403564451,8.294960021972656,15.423046112060549
2022-03-06,2.4227447509765625,5.31097412109375,2.051227569580078,1.4363250732421875,4.425350189208984,6.185901641845703
2022-03-07,1.6834564208984375,3.993011474609375,2.838905334472656,1.0247268676757812,0.0369491577148437,1.59423828125
2022-03-08,3.765716552734375,5.995738983154297,3.955398559570313,2.873687744140625,0.5067062377929688,2.095157623291016
2022-03-09,4.955410003662109,8.79256820678711,5.626480102539063,7.744434356689453,1.440338134765625,5.088058471679688
2022-03-10,0.0992965698242187,0.2350234985351562,0.3317108154296875,0.0963287353515625,0.0064163208007812,0.0847015380859375
2022-03-11,0.0041732788085937,0.001556396484375,0.0691146850585937,0.0455856323242187,0.0,0.0100936889648437
2022-03-12,0.0,0.0,0.0,0.0,0.0,0.0
2022-03-13,0.0,0.0,0.0,0.0,0.0,0.0
2022-03-14,0.0,0.0,0.0,0.0,0.0,0.0
2022-03-15,2.965805053710937,5.259765625,0.6985855102539062,1.4008636474609375,0.1360931396484375,0.053314208984375
2022-03-16,1.4857673645019531,2.0578842163085938,1.57550048828125,1.4021072387695312,0.0132064819335937,1.7678184509277344
2022-03-17,0.0259933471679687,0.0124740600585937,0.1652450561523437,0.0624923706054687,0.00640869140625,0.1673965454101562
2022-03-18,0.0,0.0,0.0,0.0,0.0,0.0
2022-03-19,0.0,0.0,0.0,0.0,0.0,0.0
2022-03-20,0.0,0.0,0.0,0.0,0.0,0.0
2022-03-21,0.0,0.0,0.0,0.0,0.0,0.0
2022-03-22,0.0,0.0,0.0,0.0,0.0,0.0
2022-03-23,0.0,0.0,0.0,0.0,0.0,0.0
2022-03-24,0.0,0.0,0.0,0.0,0.0,0.0
2022-03-25,0.0,0.0,0.0,0.0,0.0,0.0
2022-03-26,0.0,0.0,0.0,0.0,0.0,0.0
2022-03-27,0.0,0.0,0.0,0.0,0.0,0.0
2022-03-28,0.0076179504394531,0.0017662048339843,0.0177040100097656,0.0526962280273437,0.3363971710205078,0.0272216796875
2022-03-29,0.7551383972167969,0.7170619964599609,2.309337615966797,1.940223693847656,7.226232528686523,3.207773208618164
2022-03-30,16.818382263183594,7.552375793457031,42.8994140625,17.134986877441406,77.89021301269531,67.23981475830078
2022-03-31,1.16552734375,1.1331710815429688,13.478782653808594,2.466659545898437,51.749542236328125,41.57984924316406
2022-04-01,2.0617218017578125,1.6062088012695312,9.866622924804688,4.727485656738281,29.374000549316406,22.872589111328125
2022-04-02,1.8236618041992188,2.906440734863281,6.109443664550781,6.271846771240234,5.148345947265625,7.491416931152344
2022-04-03,0.5673370361328125,0.369293212890625,2.499061584472656,1.3553085327148438,1.6156082153320312,0.3203659057617187
2022-04-04,0.0,0.0,0.0018234252929687,0.0,0.0,0.00640869140625
2022-04-05,4.3471221923828125,2.54254150390625,0.9647064208984376,0.0,0.9965057373046876,0.1381454467773437
2022-04-06,7.257980346679687,10.172157287597656,2.814048767089844,3.160438537597656,19.315937042236328,10.013568878173828
2022-04-07,0.0,0.0,0.54351806640625,0.0054588317871093,4.173683166503906,0.6719627380371094
2022-04-08,7.016704559326172,5.3154144287109375,4.818500518798828,0.6285514831542969,13.645668029785156,6.591182708740234
2022-04-09,6.555736541748047,8.59133529663086,7.363739013671875,5.580547332763672,7.479885101318359,8.539188385009766
2022-04-10,0.0,0.0083198547363281,0.0,0.0,0.0,0.02618408203125
2022-04-11,0.0,0.0020790100097656,0.0006027221679687,0.0,0.0,0.0
2022-04-12,0.0,0.0,0.0,0.0,0.0,0.0
2022-04-13,0.0,0.0,0.0,0.0,0.0,0.0
2022-04-14,0.0,0.0,0.0,0.0,0.0127639770507812,0.0
2022-04-15,4.389717102050781,6.797630310058594,6.41680908203125,5.854866027832031,2.9556655883789062,3.851768493652344
2022-04-16,0.6544113159179688,0.7537269592285156,2.756572723388672,2.271320343017578,3.935874938964844,5.529289245605469
2022-04-17,0.3635444641113281,0.8644523620605469,0.7698097229003906,1.0468521118164062,0.3248252868652344,2.5812950134277344
2022-04-18,2.5290451049804688,1.7047233581542969,4.796154022216797,2.5107955932617188,2.348735809326172,2.0861892700195312
2022-04-19,8.485332489013672,11.254680633544922,13.285186767578123,12.278587341308594,17.481365203857422,26.30821228027344
2022-04-20,3.20660400390625,3.55276870727539,5.053367614746094,2.4842567443847656,4.028675079345703,4.190784454345703
2022-04-21,3.6842193603515625,1.148468017578125,14.781536102294922,4.780029296875,37.68756866455078,18.786678314208984
2022-04-22,0.2092132568359375,0.2970619201660156,0.2142257690429687,0.2447090148925781,5.622604370117188,2.766319274902344
2022-04-23,0.0361785888671875,0.0,0.0655136108398437,0.0,0.2327117919921875,0.1431884765625
2022-04-24,0.0365486145019531,0.1126441955566406,0.1219635009765625,0.0243186950683593,3.264251708984375,0.2987098693847656
2022-04-25,0.3370246887207031,0.7410087585449219,1.4276046752929688,0.6933975219726562,0.0001907348632812,0.0337638854980468
2022-04-26,1.2417106628417969,1.3611679077148438,0.0453720092773437,0.1577224731445312,0.0,0.0
2022-04-27,0.5828266143798828,2.5999794006347656,1.0259742736816406,0.7715702056884766,0.0,0.2472877502441406
2022-04-28,0.85748291015625,2.4919204711914062,1.2998275756835938,0.6555023193359375,0.00616455078125,0.0128173828125
2022-04-29,0.1095619201660156,0.3913116455078125,0.2068634033203125,0.3225650787353515,0.4709415435791015,0.4215087890625
2022-04-30,2.0708789825439453,6.228202819824219,1.5064620971679688,6.580841064453125,1.6207866668701172,2.2135543823242188
2022-05-01,14.161033630371094,12.495113372802734,20.454307556152344,16.405860900878906,22.433677673339844,18.55380249023437
2022-05-02,0.7331809997558594,1.9626350402832031,3.7533187866210938,4.498401641845703,8.8712158203125,4.9227294921875
2022-05-03,0.0811004638671875,0.2343330383300781,0.2486228942871093,0.2862548828125,1.3575820922851562,0.0520057678222656
2022-05-04,0.1426620483398437,0.7227783203125,0.4675445556640625,1.0242156982421875,0.0236282348632812,0.0037918090820312
2022-05-05,0.5888938903808594,0.38702392578125,3.536273956298828,0.2712516784667969,7.3586273193359375,2.4639205932617188
2022-05-06,1.6259918212890625,0.9601173400878906,4.616245269775391,0.6324424743652344,11.467632293701172,0.1545295715332031
2022-05-07,0.0160980224609375,0.0190582275390625,0.95013427734375,0.0306167602539062,8.482345581054688,0.6414642333984375
2022-05-08,0.1772994995117187,0.3602294921875,2.0873565673828125,0.3002510070800781,5.0274810791015625,0.240936279296875
2022-05-09,1.676837921142578,2.660442352294922,1.1584014892578125,2.6042137145996094,3.333515167236328,6.652130126953125
2022-05-10,0.0982208251953125,0.8950996398925781,0.4005088806152344,0.4248199462890625,0.4837875366210937,0.4837226867675781
2022-05-11,0.0,0.0,0.0,0.0,0.2962760925292969,0.1014328002929687
2022-05-12,0.0223312377929687,0.138580322265625,0.154754638671875,0.0,0.453460693359375,0.37353515625
2022-05-13,8.353294372558594,16.076278686523438,7.339382171630859,7.7977294921875,5.135944366455078,13.434303283691406
2022-05-14,0.0,0.0,0.0059490203857421,0.0103015899658203,0.1432571411132812,0.2434101104736328
2022-05-15,0.0,0.0115852355957031,0.12542724609375,0.0,0.4665985107421875,0.2237091064453125
2022-05-16,11.321826934814451,10.16191864013672,2.468952178955078,3.327381134033203,0.0538063049316406,1.844562530517578
2022-05-17,2.912666320800781,4.833545684814453,1.9485626220703125,2.5968017578125,0.010711669921875,0.7940673828125
2022-05-18,0.0,0.0027618408203125,0.0,0.0030250549316406,0.0010261535644531,0.0
2022-05-19,0.0,0.0,0.0,0.0,0.0,0.0
2022-05-20,0.0,0.066558837890625,0.0,0.0,0.0174713134765625,0.0246467590332031
2022-05-21,0.1817970275878906,1.0618743896484375,0.7334747314453125,0.7753257751464844,2.565757751464844,13.918643951416016
2022-05-22,8.750192642211914,7.299156188964844,16.505191802978516,8.959821701049805,4.8782958984375,9.194622039794922
2022-05-23,0.0019035339355468,0.007293701171875,0.3805656433105469,0.0,0.0,0.5830421447753906
2022-05-24,0.269927978515625,0.1991424560546875,0.0,0.0476913452148437,0.0,0.0
2022-05-25,0.2365608215332031,0.2618370056152344,0.0,0.0543327331542968,0.0,0.0
2022-05-26,0.8824462890625,2.1381988525390625,6.336395263671875,2.170005798339844,0.009613037109375,9.08794403076172
2022-05-27,14.018096923828123,7.459053039550781,12.125957489013672,9.279346466064451,0.6860160827636719,5.760585784912109
2022-05-28,10.840152740478516,8.69991683959961,7.782093048095703,9.528434753417969,26.412582397460938,12.180561065673828
2022-05-29,0.4223861694335937,6.649688720703125,1.4748077392578125,0.8838272094726562,4.360145568847656,1.6276779174804688
2022-05-30,7.018135070800781,4.090431213378906,1.1848373413085938,0.6210365295410156,0.0063819885253906,2.2947921752929688
2022-05-31,0.2773704528808594,0.1105537414550781,0.1402969360351562,0.0289154052734375,0.0313186645507812,0.2319526672363281
2022-06-01,0.2305335998535156,0.4353561401367187,0.0594329833984375,0.0443687438964843,0.3748817443847656,0.8604965209960938
2022-06-02,0.0041751861572265,0.0174446105957031,0.0434627532958984,0.069375991821289,0.0207958221435546,3.8486499786376953
2022-06-03,0.3526840209960937,0.1732826232910156,2.20465087890625,0.1814231872558593,0.0404891967773437,3.363666534423828
2022-06-04,0.7293128967285156,1.0484275817871094,0.8990554809570312,0.8317718505859375,1.862022399902344,5.636390686035156
2022-06-05,3.453651428222656,8.312992095947266,4.005336761474609,2.157032012939453,2.4877967834472656,3.050273895263672
2022-06-06,0.2365379333496093,0.9501876831054688,2.0225181579589844,1.3359451293945312,0.9297981262207032,3.674026489257813
2022-06-07,10.984066009521484,13.837566375732422,6.746009826660156,6.794349670410156,3.022918701171875,4.293766021728516
2022-06-08,8.421356201171875,5.533275604248047,0.9574356079101562,1.9850730895996092,9.290008544921877,2.803382873535156
2022-06-09,16.767127990722656,22.11517333984375,13.748943328857422,21.036849975585938,1.8891716003417969,10.477088928222656
2022-06-10,14.51654815673828,17.48321533203125,7.070220947265625,10.919715881347656,0.1731185913085937,4.491180419921875
2022-06-11,3.3082809448242188,13.422569274902344,5.334571838378906,9.104972839355469,0.5984725952148438,3.953781127929688
2022-06-12,0.7390480041503906,1.5587882995605469,1.4593467712402344,1.0717735290527344,3.8578109741210938,7.580615997314453
2022-06-13,0.374176025390625,0.5701751708984375,1.225727081298828,0.5627403259277344,3.677330017089844,5.621917724609375
2022-06-14,0.0,0.0,0.002899169921875,0.0010910034179687,0.0,0.0036773681640625
2022-06-15,0.0,0.0,0.0188217163085937,0.0,0.0,0.0028457641601562
2022-06-16,1.416545867919922,2.303794860839844,3.188129425048828,1.899250030517578,5.790065765380859,10.312820434570312
2022-06-17,0.1781044006347656,0.5696601867675781,0.1244544982910156,0.5037155151367188,0.0022468566894531,0.0442886352539062
2022-06-18,0.0017280578613281,0.0,0.0004768371582031,0.0,0.0,0.003204345703125
2022-06-19,0.0,0.0,0.0,0.0,0.0344314575195312,0.0639190673828125
2022-06-20,0.5597686767578125,0.9464340209960938,0.8436660766601562,0.6032028198242188,0.6576957702636719,0.9986419677734376
2022-06-21,3.702117919921875,7.694892883300781,10.090583801269531,6.245162963867188,3.275672912597656,15.71661376953125
2022-06-22,4.4782257080078125,4.808753967285156,6.2094573974609375,4.2127685546875,4.304977416992188,10.722816467285156
2022-06-23,0.6412811279296875,0.3973541259765625,1.503326416015625,0.4696731567382812,3.529769897460937,3.318153381347656
2022-06-24,0.956390380859375,5.17364501953125,2.32598876953125,2.108154296875,4.8676300048828125,2.00335693359375
2022-06-25,0.2652435302734375,1.5764694213867188,0.0110092163085937,0.019744873046875,0.0212478637695312,0.1557540893554687
2022-06-26,0.0,0.0,0.007293701171875,0.0037498474121093,0.0020561218261718,0.2500114440917969
2022-06-27,2.0797653198242188,0.927978515625,1.434356689453125,1.3245162963867188,0.7351226806640625,1.2598495483398438
2022-06-28,0.2915382385253906,3.814697265625e-06,0.5824050903320312,0.1343116760253906,0.0,0.1923179626464843
2022-06-29,10.932037353515623,7.841205596923828,1.4388999938964844,1.2478561401367188,0.0241241455078125,5.050083160400391
2022-06-30,0.0088691711425781,0.0649948120117187,0.0,0.00762939453125,0.0,1.6670150756835938
2022-07-01,1.3604965209960938,1.6870002746582031,4.026779174804688,3.31927490234375,3.598846435546875,5.408443450927734
2022-07-02,0.0410842895507812,0.5905990600585938,0.0583877563476562,0.2058029174804687,0.0185928344726562,0.5084228515625
2022-07-03,0.1701316833496093,0.0660552978515625,0.1175613403320312,0.3956794738769531,0.1025886535644531,1.0835647583007812
2022-07-04,8.800952911376953,13.723255157470703,2.094463348388672,1.7438087463378906,0.1751174926757812,6.382114410400391
2022-07-05,0.6065902709960938,1.295368194580078,6.263942718505859,1.1751747131347656,0.415618896484375,4.106670379638672
2022-07-06,0.0437850952148437,0.0276298522949218,0.0202827453613281,0.0065460205078125,0.0174674987792968,2.993694305419922
2022-07-07,2.5501785278320312,3.960357666015625,9.016395568847656,6.554496765136719,14.794532775878906,12.9593505859375
2022-07-08,8.810615539550781,7.067962646484375,4.057540893554688,6.186676025390625,0.1867752075195312,4.512031555175781
2022-07-09,0.2715911865234375,0.8755950927734375,0.34686279296875,0.306915283203125,0.0001068115234375,0.087860107421875
2022-07-10,0.0487747192382812,0.0616912841796875,0.0707359313964843,0.0724639892578125,0.0,0.00885009765625
2022-07-11,0.0262298583984375,0.0326385498046875,0.0030288696289062,0.0,0.00616455078125,0.0028457641601562
2022-07-12,0.0003509521484375,0.0418548583984375,0.0,0.02288818359375,0.0,0.003204345703125
2022-07-13,0.0,0.0,0.0,0.0,0.0,0.0
2022-07-14,0.0,0.0027618408203125,0.0,0.0,0.0,0.1440925598144531
2022-07-15,2.015937805175781,2.1002273559570312,1.215789794921875,0.3331069946289062,0.0,0.2074813842773437
2022-07-16,0.888427734375,0.3731117248535156,1.0566291809082031,0.7068138122558594,1.2964553833007812,7.945365905761719
2022-07-17,0.0041732788085937,0.0,0.0,0.0,0.0,0.000946044921875
2022-07-18,0.0,0.0,0.0,0.0,0.0,0.0
2022-07-19,0.0,0.0,0.0,0.0,0.0,0.0
2022-07-20,0.0,0.0,0.0,0.0,0.0,0.0
2022-07-21,0.0,0.0,0.0,0.0,0.0,0.0
2022-07-22,0.0,0.0,0.0236091613769531,0.0122871398925781,0.0,0.048553466796875
2022-07-23,1.0210418701171875,0.8230133056640625,0.7948684692382812,0.1122245788574218,0.0,3.8426666259765625
2022-07-24,3.814697265625e-06,0.0,0.0,3.814697265625e-06,0.0,0.0
2022-07-25,0.0,0.0,0.0063858032226562,0.0,3.814697265625e-06,0.0
2022-07-26,5.218700408935547,9.4248046875,11.443500518798828,10.230621337890623,0.22998046875,7.069099426269531
2022-07-27,0.46673583984375,1.029296875,8.6156005859375,3.6389312744140634,0.2324981689453125,9.84003448486328
2022-07-28,0.0052986145019531,0.4832687377929687,0.2316513061523437,0.0282020568847656,0.0,0.3997993469238281
2022-07-29,7.251926422119141,10.009231567382812,3.3133544921875,0.5299644470214844,0.8538475036621094,0.9551239013671876
2022-07-30,0.858978271484375,3.0062828063964844,1.3517837524414062,2.484821319580078,0.1669082641601562,1.4484519958496094
2022-07-31,0.0058975219726562,0.1652755737304687,0.0030288696289062,0.0,0.0,3.814697265625e-06
2022-08-01,0.6298637390136719,1.3769874572753906,0.65509033203125,0.8614425659179688,0.0415916442871093,0.5488700866699219
2022-08-02,0.4820137023925781,1.28570556640625,0.8236541748046875,0.2066535949707031,0.0477561950683593,0.2778167724609375
2022-08-03,0.0020904541015625,0.0020828247070312,0.0,0.0009384155273437,0.0015449523925781,0.0186233520507812
2022-08-04,0.0,0.0,0.0,0.0,0.0,0.0
2022-08-05,0.0,0.0,0.0,0.0,0.0,0.0
2022-08-06,1.632221221923828,1.901592254638672,1.2180747985839844,0.9185638427734376,0.5643539428710938,1.0127334594726562
2022-08-07,8.123886108398438,10.322406768798828,2.9130172729492188,2.1702194213867188,9.566497802734377,0.275543212890625
2022-08-08,11.049449920654297,9.469356536865234,9.885955810546877,10.059223175048828,6.734493255615234,6.3457794189453125
2022-08-09,3.823223114013672,5.488426208496094,8.452056884765625,5.100021362304688,6.284149169921875,7.6712646484375
2022-08-10,0.0986862182617187,0.5559616088867188,0.0019073486328125,0.0564117431640625,0.9430618286132812,4.638084411621094
2022-08-11,4.163497924804688,8.114944458007812,5.877586364746094,13.670372009277344,13.569725036621094,14.035614013671877
2022-08-12,13.780235290527344,23.86903381347656,14.324951171875,15.191184997558594,6.682418823242188,14.13290023803711
2022-08-13,2.222553253173828,2.0223388671875,1.5100822448730469,5.286304473876953,9.951053619384766,4.505012512207031
2022-08-14,0.0543289184570312,0.0831680297851562,0.4444465637207031,0.1146507263183593,0.5834236145019531,0.2411117553710937
2022-08-15,4.353939056396484,6.082324981689453,3.404541015625,2.1791229248046875,3.891170501708984,4.680744171142578
2022-08-16,0.0059356689453125,0.1978492736816406,0.0397071838378906,0.0275650024414062,0.2291908264160156,0.2113189697265625
2022-08-17,0.0,0.0,0.0,0.0,0.0,0.1082611083984375
2022-08-18,0.3464279174804687,0.2249298095703125,0.5156707763671875,0.0676040649414062,0.0041122436523437,1.2441482543945312
2022-08-19,18.605270385742188,9.182960510253906,4.773143768310547,5.539989471435547,11.695568084716797,16.47766876220703
2022-08-20,8.751731872558594,13.09870147705078,11.779533386230469,7.1541748046875,4.3727874755859375,7.223365783691406
2022-08-21,7.921958923339844,13.90863800048828,11.421958923339844,6.083671569824219,6.854766845703125,12.163810729980469
2022-08-22,4.893646240234375,11.066047668457031,6.630146026611328,6.891975402832031,10.803272247314451,3.632976531982422
2022-08-23,6.256061553955078,4.1871185302734375,4.2536163330078125,3.819976806640625,4.013175964355469,2.776805877685547
2022-08-24,1.6202964782714844,1.9817657470703125,2.652530670166016,1.8997535705566408,1.0226287841796875,1.035491943359375
2022-08-25,0.4821548461914062,0.1461181640625,0.663238525390625,0.6290512084960938,4.731605529785156,0.1255416870117187
2022-08-26,0.3261909484863281,0.1857109069824218,4.972766876220703,0.3611831665039062,1.3487548828125,6.1788177490234375
2022-08-27,6.323535919189453,0.41510009765625,1.922931671142578,0.4555130004882812,0.5206184387207031,1.9812278747558596
2022-08-28,5.7978515625,9.75775146484375,9.393524169921877,9.309654235839844,4.07012939453125,9.646347045898438
2022-08-29,3.4249801635742188,7.937820434570312,1.6255416870117188,2.3893585205078125,7.35186767578125,8.590057373046875
2022-08-30,1.3849983215332031,1.58648681640625,6.622791290283203,2.856311798095703,3.621654510498047,8.84714126586914
2022-08-31,16.207054138183594,16.35809326171875,5.548614501953125,10.726188659667969,0.5122909545898438,9.774543762207031
2022-09-01,2.569908142089844,8.327728271484375,7.966361999511719,16.068260192871094,16.710952758789062,21.08263397216797
2022-09-02,0.1687393188476562,0.4375152587890625,0.097869873046875,0.1002273559570312,0.0,0.2017898559570312
2022-09-03,4.665504455566406,1.3161773681640625,9.626602172851562,2.607124328613281,0.8353805541992188,9.51398468017578
2022-09-04,0.6132736206054688,1.1189498901367188,0.814117431640625,0.7161788940429688,0.00616455078125,0.8119277954101562
2022-09-05,0.0125236511230468,0.0336494445800781,0.0245895385742187,0.0275192260742187,0.0371818542480468,0.3320732116699219
2022-09-06,0.0003547668457031,0.0594444274902343,0.2616310119628906,0.0056114196777343,0.0903816223144531,1.2234764099121094
2022-09-07,0.0517425537109375,0.1137847900390625,0.2139053344726562,0.026336669921875,0.0571823120117187,0.1118240356445312
2022-09-08,2.565258026123047,1.6695442199707031,5.357913970947266,2.537311553955078,21.797378540039062,12.302146911621094
2022-09-09,0.5186080932617188,1.581298828125,0.223541259765625,0.2354965209960937,4.387710571289063,1.2975311279296875
2022-09-10,10.280479431152344,12.88140869140625,19.96673583984375,10.659805297851562,2.1319618225097656,2.6211166381835938
2022-09-11,1.027812957763672,2.7311782836914062,0.5394783020019531,0.95947265625,0.0010261535644531,0.0252799987792968
2022-09-12,0.0,0.1865081787109375,3.814697265625e-06,0.0247611999511718,0.0,0.0
2022-09-13,0.0,0.0,0.0,0.0,0.0,0.0
2022-09-14,0.0145416259765625,0.0779953002929687,0.6641387939453125,0.1480712890625,0.1562728881835937,0.0329971313476562
2022-09-15,1.8857574462890625,3.5986480712890625,9.51556396484375,1.1859588623046875,64.56407928466797,25.36608123779297
2022-09-16,12.757217407226562,13.87346649169922,14.543785095214844,5.136985778808594,18.95618438720703,20.714080810546875
2022-09-17,0.2334136962890625,0.4708328247070312,0.0654754638671875,0.2292709350585937,0.3280258178710937,1.0822219848632812
2022-09-18,5.257789611816406,8.866764068603516,4.219577789306641,1.5389137268066406,0.3343238830566406,0.2397613525390625
2022-09-19,0.0072669982910156,0.3849830627441406,0.0111618041992187,0.0060577392578125,0.30218505859375,2.1316795349121094
2022-09-20,1.9845962524414065,4.580314636230469,1.884559631347656,2.2789535522460938,0.2441177368164062,4.190456390380859
2022-09-21,0.7669677734375,4.192405700683594,0.4937629699707031,0.9742469787597656,0.2437286376953125,0.777801513671875
2022-09-22,0.3208160400390625,0.4750137329101562,0.12310791015625,0.2934188842773437,0.0369949340820312,0.0212173461914062
2022-09-23,0.0003585815429687,0.0019035339355468,0.0013885498046875,0.0004348754882812,0.0,0.0
2022-09-24,0.4286651611328125,1.6921539306640625,2.269561767578125,1.189208984375,7.0143890380859375,2.9752197265625
2022-09-25,15.808242797851562,20.7266845703125,38.01264953613281,26.0338134765625,78.15794372558594,70.0479736328125
2022-09-26,0.368499755859375,4.183685302734375,8.802482604980469,0.4749221801757812,18.53314208984375,9.30450439453125
2022-09-27,0.0686798095703125,0.030517578125,1.7711563110351562,0.0839767456054687,12.642356872558594,6.247100830078125
2022-09-28,3.814697265625e-06,0.0,3.03436279296875,0.3774147033691406,16.018226623535156,9.306995391845703
2022-09-29,0.0533981323242187,0.0128326416015625,1.9220428466796875,0.157135009765625,6.577308654785156,4.9496612548828125
2022-09-30,0.0776329040527343,0.0763702392578125,2.014270782470703,0.2076644897460937,15.09619140625,8.779075622558594
2022-10-01,0.0001754760742187,0.288848876953125,0.0036849975585937,0.07080078125,0.00689697265625,0.0090560913085937
2022-10-02,0.3846969604492187,2.17864990234375,0.6212120056152344,0.7865524291992188,0.0,0.0981674194335937
2022-10-03,0.2331695556640625,2.2655792236328125,0.0781631469726562,0.5290451049804688,0.0,0.01922607421875
2022-10-04,0.0,0.0128326416015625,0.0111083984375,0.0981369018554687,0.0,0.0005416870117187
2022-10-05,0.0003623962402343,0.0,0.0021133422851562,0.003814697265625,0.0,0.0
2022-10-06,0.0,0.0,0.0,0.0,0.0,0.0
2022-10-07,0.0,0.0,0.0,0.0,0.0,0.0
2022-10-08,0.0,0.00311279296875,0.0,0.0,0.00616455078125,0.0320510864257812
2022-10-09,16.576194763183594,18.227622985839844,5.266036987304688,1.942420959472656,6.194580078125,1.3282852172851562
2022-10-10,0.5880813598632812,1.8778762817382808,6.444313049316406,8.695098876953125,9.700172424316406,9.875411987304688
2022-10-11,0.4193077087402344,0.3792228698730469,0.6230735778808594,0.2749595642089844,0.1082916259765625,0.664215087890625
2022-10-12,0.6412429809570312,0.9396896362304688,6.226554870605469,6.440200805664063,24.60431671142578,21.65557098388672
2022-10-13,0.2916107177734375,0.2692337036132812,1.6708908081054688,0.8907470703125,2.8376617431640625,4.87957763671875
2022-10-14,0.0,0.0,3.814697265625e-06,0.0030288696289062,0.0,0.0
2022-10-15,0.0,0.0,0.0,0.0,0.0,0.0
2022-10-16,0.0,0.0,0.0,0.0,0.0,0.0
2022-10-17,0.0,0.0,0.0,0.0,0.0,0.0
2022-10-18,0.117034912109375,1.0703964233398438,0.0605850219726562,0.1986236572265625,0.0,0.0
2022-10-19,0.0486068725585937,0.1618995666503906,0.0631866455078125,0.1582183837890625,0.0,0.0097541809082031
2022-10-20,0.0,0.0,0.0,0.00042724609375,0.0,0.003204345703125
2022-10-21,0.0,0.00311279296875,0.0,0.0,0.0,0.0
2022-10-22,0.0,0.0,0.04742431640625,0.0,0.0,0.0
2022-10-23,0.0,0.0,0.0,0.0,0.0,0.0
2022-10-24,0.0063629150390625,0.0,0.0,0.0,0.0,0.0512847900390625
2022-10-25,0.0122718811035156,0.0078048706054687,0.002777099609375,0.0211944580078125,0.0,0.142974853515625
2022-10-26,0.0041732788085937,0.0,0.0,3.814697265625e-06,0.0133590698242187,0.0512847900390625
2022-10-27,0.0,0.0,0.0,0.0,0.0,0.0
2022-10-28,0.0,0.0,0.0,0.0024566650390625,0.0,0.0
2022-10-29,0.0,0.0,0.0,0.0,0.0,0.0
2022-10-30,0.0,0.0,0.0,0.0,0.0,0.0
2022-10-31,0.0,0.0,0.0212669372558593,0.0,0.0,0.3397598266601562
2022-11-01,0.0,0.0,0.0809173583984375,3.814697265625e-06,0.0,0.0833358764648437
2022-11-02,0.0035324096679687,0.0,0.0,0.0018692016601562,0.0,0.0
2022-11-03,2.9826011657714844,2.891193389892578,11.334209442138672,4.735153198242188,22.75703430175781,10.636722564697266
2022-11-04,26.81774139404297,12.554244995117188,30.503944396972656,11.27301788330078,30.196441650390625,21.52197265625
2022-11-05,2.048789978027344,2.6885910034179688,4.845184326171875,5.234016418457031,4.834327697753906,8.669769287109375
2022-11-06,0.0314750671386718,0.38995361328125,0.0788192749023437,0.0200119018554687,0.0,0.3192176818847656
2022-11-07,0.0057220458984375,0.0003547668457031,0.0009117126464843,0.0015144348144531,0.0,0.0004692077636718
2022-11-08,3.814697265625e-06,0.0001792907714843,3.814697265625e-06,0.0,0.0,3.814697265625e-06
2022-11-09,0.00518798828125,0.0187149047851562,0.002899169921875,0.0013656616210937,0.0,0.0
2022-11-10,0.8040313720703125,3.29388427734375,1.30023193359375,1.343841552734375,0.0,0.552337646484375
2022-11-11,1.0964279174804688,2.3983306884765625,3.0744857788085938,2.718002319335937,0.2650299072265625,2.0533981323242188
2022-11-12,0.0003547668457031,0.0003509521484375,0.094940185546875,0.1057395935058593,0.52459716796875,1.02978515625
2022-11-13,0.8603172302246094,0.0208015441894531,0.4577789306640625,0.0212860107421875,0.5465812683105469,0.1813888549804687
2022-11-14,0.7596282958984375,0.2871017456054687,0.77667236328125,0.6366195678710938,3.607223510742188,1.858604431152344
2022-11-15,6.3138580322265625,10.48358154296875,11.50408172607422,4.716346740722656,48.71531677246094,37.23826599121094
2022-11-16,2.35308837890625,5.011325836181641,0.9108390808105468,0.1488723754882812,7.677024841308594,3.448768615722656
2022-11-17,4.2403564453125,1.8432502746582031,7.551124572753906,6.868244171142578,32.22079086303711,20.650230407714844
2022-11-18,26.010337829589844,20.64405059814453,61.362266540527344,14.706573486328123,57.22378540039063,38.52847290039063
2022-11-19,17.266143798828125,21.511695861816406,33.903465270996094,24.449485778808597,75.04254913330078,61.65930938720703
2022-11-20,3.67181396484375,7.468498229980469,2.3560791015625,4.762001037597656,7.664276123046875,8.943199157714844
2022-11-21,9.93109893798828,8.396697998046875,34.99462890625,28.58429718017578,65.96157836914062,55.52310943603516
2022-11-22,2.4752655029296875,3.054550170898437,6.257026672363281,1.8411636352539065,26.96441650390625,11.592323303222656
2022-11-23,0.9257774353027344,1.7908782958984375,3.92618179321289,3.332344055175781,3.62506103515625,4.364078521728516
2022-11-24,0.0,0.221588134765625,0.0,0.006622314453125,0.0,0.0
2022-11-25,0.551177978515625,0.5689239501953125,0.803955078125,0.2717132568359375,0.28997802734375,0.6611404418945312
2022-11-26,2.931953430175781,4.922279357910156,5.260429382324219,3.964141845703125,1.2379913330078125,4.504898071289063
2022-11-27,0.070159912109375,0.0307083129882812,0.1425399780273437,0.1709136962890625,0.0041351318359375,0.2951507568359375
2022-11-28,0.0034561157226562,0.0045089721679687,0.0162124633789062,0.0190048217773437,0.0,0.0128250122070312
2022-11-29,0.6387939453125,0.7291259765625,2.244422912597656,2.1035308837890625,2.8012008666992188,5.303215026855469
2022-11-30,1.7519073486328125,2.422027587890625,2.6552963256835938,3.4469985961914062,2.6810836791992188,6.855064392089844
2022-12-01,0.2255477905273437,0.0992660522460937,0.1580352783203125,0.0843582153320312,0.0674514770507812,0.2532424926757812
2022-12-02,0.6915283203125,0.6143341064453125,1.8101348876953125,2.144981384277344,2.496978759765625,4.190109252929688
2022-12-03,5.165046691894531,1.95294189453125,10.77484893798828,3.327880859375,20.09073638916016,14.627418518066406
2022-12-04,0.0001754760742187,0.0433006286621093,0.0969963073730468,0.0564804077148437,0.4605560302734375,0.5100364685058594
2022-12-05,3.038436889648437,3.826606750488281,0.7483444213867188,0.4930343627929687,1.0672988891601562,0.9826202392578124
2022-12-06,0.8436203002929688,1.020172119140625,0.521514892578125,0.0518035888671875,2.5436019897460938,2.1903152465820312
2022-12-07,0.0854148864746093,0.3223381042480469,1.4758186340332031,0.0710334777832031,5.078815460205078,5.154781341552734
2022-12-08,0.3299674987792969,0.1819038391113281,8.254100799560547,1.4853057861328125,49.546607971191406,21.90341186523437
2022-12-09,8.157768249511719,7.623397827148437,31.26526641845703,25.789772033691406,93.20295715332033,49.23604583740234
2022-12-10,6.153366088867188,9.83722686767578,14.126243591308594,10.157508850097656,23.773345947265625,14.579734802246094
2022-12-11,1.4511947631835938,2.2908248901367188,1.8449478149414065,1.2110137939453125,4.269752502441406,4.198822021484375
2022-12-12,0.0430145263671875,0.0336990356445312,0.3735504150390625,0.1537094116210937,0.3142623901367187,0.5406036376953125
2022-12-13,9.725669860839844,10.544174194335938,14.5037841796875,7.608291625976562,35.628761291503906,46.37371063232422
2022-12-14,0.8629608154296875,0.8828506469726562,3.2152862548828125,0.7409591674804688,2.884971618652344,7.436698913574219
2022-12-15,17.140594482421875,1.153076171875,56.01936340332031,3.71331787109375,57.42652893066406,45.941505432128906
2022-12-16,3.02874755859375,9.613174438476562,27.31190490722656,14.713623046875,49.320533752441406,37.65647888183594
2022-12-17,0.0295448303222656,0.1718673706054687,0.0967559814453125,0.0615806579589843,0.0370903015136718,0.2422904968261718
2022-12-18,0.0020828247070312,0.0041694641113281,0.0098495483398437,3.814697265625e-06,0.0,0.0279426574707031
2022-12-19,0.0,0.0,0.0,0.0030288696289062,0.0,0.0
2022-12-20,0.0,0.0,0.0,0.0,0.0,0.0
2022-12-21,0.0,0.0,0.0,0.0,0.0,0.0
2022-12-22,0.0200386047363281,0.1015090942382812,0.0835647583007812,0.0,0.00640869140625,0.0
2022-12-23,0.7771530151367188,0.906341552734375,0.3158912658691406,0.23553466796875,0.0,0.0018997192382812
2022-12-24,0.0041732788085937,0.0041656494140625,0.0,0.0027313232421875,0.0,0.00518798828125
2022-12-25,0.0,0.0,0.0,0.0,0.0,3.814697265625e-06
2022-12-26,0.769561767578125,1.1322097778320312,0.6760787963867188,0.8111190795898438,0.8941726684570312,0.6330451965332031
2022-12-27,0.0154876708984375,0.200958251953125,0.6467361450195312,0.3624382019042969,0.5541801452636719,1.7562713623046875
2022-12-28,0.0,0.0001792907714843,0.033477783203125,0.0030326843261718,0.0095596313476562,0.0193634033203125
2022-12-29,0.0,0.0,0.5354995727539062,0.0030288696289062,5.324058532714844,1.174224853515625
2022-12-30,0.0,0.0,0.0018196105957031,0.0,0.0306015014648437,0.029571533203125
2022-12-31,0.0,0.0,7.62939453125e-06,0.0,0.0,3.814697265625e-06
2023-01-01,0.0,0.0,0.0,0.0,0.0,0.0
2023-01-02,0.0,0.00311279296875,0.0,0.0,0.0,0.0
2023-01-03,0.0505561828613281,0.0149040222167968,0.0171661376953125,0.0437889099121093,0.0,0.0002708435058593
2023-01-04,0.0,0.0014114379882812,0.0,0.0048980712890625,0.0792236328125,0.0
2023-01-05,0.0149040222167968,0.1267318725585937,0.0,0.0162696838378906,0.0004806518554687,0.0
2023-01-06,0.0015525817871093,3.814697265625e-06,0.0,0.000579833984375,0.0,0.0
2023-01-07,0.0,0.0,0.0422515869140625,0.0,0.00640869140625,0.0
2023-01-08,6.358001708984375,7.343902587890625,34.1923942565918,21.002197265625,80.46076965332031,61.84025573730469
2023-01-09,23.293739318847656,29.26482391357422,9.73919677734375,7.433158874511719,5.568359375,5.365234375
2023-01-10,7.1845550537109375,18.251201629638672,3.3115386962890625,5.953948974609375,0.1974601745605468,2.375919342041016
2023-01-11,0.1600341796875,0.3267745971679687,0.1995162963867187,0.389373779296875,0.0,0.137420654296875
2023-01-12,0.0162582397460937,0.0001678466796875,0.1094436645507812,0.025848388671875,0.02044677734375,0.0220794677734375
2023-01-13,0.8001251220703125,2.227386474609375,0.6313018798828125,1.0507888793945312,0.017822265625,0.6788406372070312
2023-01-14,0.0031051635742187,0.0052261352539062,0.00762939453125,0.0204544067382812,0.00885009765625,0.0257339477539062
2023-01-15,3.109443664550781,1.76629638671875,18.569000244140625,6.135063171386719,48.01209259033203,37.08165740966797
2023-01-16,27.441696166992188,21.110633850097656,67.25515747070312,54.91150665283203,107.88050079345705,90.38822174072266
2023-01-17,27.190460205078125,16.748199462890625,60.09275817871094,46.44744110107422,92.14557647705078,92.3403091430664
2023-01-18,22.12982940673828,14.260978698730469,34.85405731201172,36.31999969482422,52.474754333496094,47.92591857910156
2023-01-19,4.096519470214844,7.1969757080078125,5.426773071289063,5.744155883789063,11.789413452148438,9.036209106445312
2023-01-20,3.4216461181640625,3.954666137695313,13.94072723388672,12.535171508789062,26.056167602539062,33.186668395996094
2023-01-21,1.8585968017578125,1.687286376953125,6.244255065917969,3.178695678710937,11.836036682128906,9.303619384765623
2023-01-22,8.607383728027344,16.54486846923828,14.637256622314451,19.723331451416016,22.878219604492188,27.37328720092773
2023-01-23,0.8983955383300781,3.660942077636719,1.7483863830566406,3.5753746032714844,0.2415428161621093,1.613037109375
2023-01-24,0.3221664428710937,0.3789596557617187,0.4935302734375,0.4966049194335937,9.918212890625e-05,0.1557044982910156
2023-01-25,2.246444702148437,3.2001190185546875,2.97186279296875,4.01318359375,1.1659469604492188,3.71795654296875
2023-01-26,3.890087127685547,4.329509735107422,4.825736999511719,5.027530670166016,6.894847869873047,4.757472991943359
2023-01-27,0.9422760009765624,1.7978515625,0.9811553955078124,0.9233551025390624,0.0037155151367187,0.2530059814453125
2023-01-28,0.5948028564453125,1.43450927734375,0.6529006958007812,0.6174163818359375,0.0010299682617187,0.0994529724121093
2023-01-29,0.1781463623046875,0.4745941162109375,0.0423355102539062,0.0552749633789062,0.0010299682617187,0.0142593383789062
2023-01-30,3.3519325256347656,4.754711151123047,2.50689697265625,2.8354148864746094,0.141693115234375,0.6765594482421875
2023-01-31,0.0022659301757812,0.38128662109375,0.0882720947265625,0.0456924438476562,0.00640869140625,0.035736083984375
2023-02-01,2.6475143432617188,5.015357971191406,2.170207977294922,2.20819091796875,1.284759521484375,1.7280387878417969
2023-02-02,2.2500076293945312,3.6655044555664062,3.6040000915527344,3.431640625,1.1727180480957031,2.797958374023437
2023-02-03,13.420501708984377,15.608253479003906,10.00344467163086,9.213031768798828,1.9736557006835935,6.330577850341797
2023-02-04,2.739933013916016,4.305931091308594,2.4851837158203125,2.508678436279297,0.2915191650390625,0.8119316101074219
2023-02-05,1.1425628662109375,2.1061019897460938,1.7445526123046875,1.0540618896484375,0.1250534057617187,0.212158203125
2023-02-06,0.263092041015625,0.4587860107421875,0.7705535888671875,0.4358749389648437,0.0224380493164062,0.0323333740234375
2023-02-07,0.5758132934570312,1.019927978515625,0.7774276733398438,0.6381683349609375,0.0148735046386718,0.2169876098632812
2023-02-08,0.0170364379882812,0.008331298828125,0.0675430297851562,0.0125198364257812,0.0,0.0064163208007812
2023-02-09,0.0,0.0072784423828125,0.0,0.0,0.0,0.0
2023-02-10,0.00762939453125,0.0301666259765625,0.0,0.0,0.0,0.0
2023-02-11,1.4812965393066406,2.8762741088867188,1.7837486267089844,1.5060081481933594,0.11077880859375,0.6021881103515625
2023-02-12,0.0635299682617187,0.0284461975097656,0.0914230346679687,0.0810089111328125,3.814697265625e-06,0.006683349609375
2023-02-13,0.3813095092773437,0.7288360595703125,0.1886215209960937,0.5493392944335938,0.0,0.000274658203125
2023-02-14,0.061859130859375,0.0310440063476562,0.022552490234375,0.0871925354003906,0.0,0.0033416748046875
2023-02-15,0.0,0.0,0.0,3.814697265625e-06,0.0,0.0
2023-02-16,0.0,0.0,0.0,0.0,0.0375747680664062,0.0
2023-02-17,0.0,0.0,0.0018234252929687,0.0030288696289062,0.0803337097167968,0.0
2023-02-18,0.0145492553710937,0.1584014892578125,0.0216827392578125,0.0057601928710937,0.2212295532226562,0.000946044921875
2023-02-19,0.2617378234863281,1.1768684387207031,0.0673751831054687,0.2746963500976562,3.814697265625e-06,0.00640869140625
2023-02-20,0.0,0.0,0.0018234252929687,0.0030288696289062,0.0,0.0
2023-02-21,0.0,0.0,0.0,0.0,0.0,0.0
2023-02-22,3.467369079589844,1.6827011108398438,2.638092041015625,0.3226394653320312,1.1086959838867188,0.8906478881835938
2023-02-23,0.0121574401855468,0.0003547668457031,0.3603134155273437,0.0037422180175781,1.224853515625,0.2432746887207031
2023-02-24,2.114566802978516,1.0767440795898438,11.209222793579102,3.0523834228515625,29.67345428466797,10.946538925170898
2023-02-25,30.57984161376953,15.70526885986328,42.5051155090332,18.982166290283203,52.1004524230957,33.524784088134766
2023-02-26,2.9115066528320312,2.8206939697265625,9.222396850585938,7.395294189453125,21.1409912109375,13.978553771972656
2023-02-27,0.6029586791992188,2.640411376953125,1.271697998046875,1.622802734375,2.307220458984375,4.171714782714844
2023-02-28,1.221710205078125,1.972450256347656,1.8679733276367188,0.8009872436523438,9.54644012451172,3.902381896972656
2023-03-01,1.0697593688964844,4.016151428222656,0.6222343444824219,3.961837768554688,4.5929107666015625,1.8542938232421875
2023-03-02,1.7994918823242188,1.5849685668945312,1.5045700073242188,4.131473541259766,1.8549919128417969,2.4480934143066406
2023-03-03,0.2840003967285156,1.093708038330078,3.5402603149414062,4.078155517578125,5.066162109375,3.678321838378906
2023-03-04,0.1358261108398437,0.3218841552734375,0.4893951416015625,1.223541259765625,0.0186882019042968,0.5214614868164062
2023-03-05,0.1534042358398437,0.0521774291992187,1.3320236206054688,0.0805091857910156,8.257976531982422,5.817497253417969
2023-03-06,0.0937385559082031,0.0910682678222656,0.1958389282226562,0.0,3.871074676513672,2.3582839965820312
2023-03-07,0.0,3.814697265625e-06,0.7668228149414062,0.01092529296875,6.247945785522461,1.4686317443847656
2023-03-08,0.003814697265625,0.0041580200195312,1.8135910034179688,0.0608596801757812,23.81732940673828,4.674079895019531
2023-03-09,3.6469573974609375,3.3168907165527344,13.77301025390625,5.184104919433594,74.3831787109375,33.48810195922852
2023-03-10,4.451545715332031,4.523231506347656,1.7303848266601562,1.0179290771484375,8.387741088867188,4.9650421142578125
2023-03-11,0.0083465576171875,0.1109886169433593,0.1430511474609375,0.0693435668945312,0.0,0.0344886779785156
2023-03-12,0.0,3.814697265625e-06,0.0,0.0,0.0,0.0
2023-03-13,3.7768630981445312,0.0,1.5017471313476562,0.7473602294921875,3.3326644897460938,0.1640090942382812
2023-03-14,10.418392181396484,17.264644622802734,13.863883972167969,12.418819427490234,19.52346420288086,12.278785705566406
2023-03-15,0.5348129272460938,1.975914001464844,0.5364532470703125,1.0678482055664062,0.077850341796875,0.79266357421875
2023-03-16,0.0,0.0041580200195312,0.0360221862792968,0.0454444885253906,0.0,0.0872688293457031
2023-03-17,0.0,0.0,0.0,0.0,0.0,0.0
2023-03-18,0.0,0.0,0.0,0.0,0.0,0.0
2023-03-19,0.0984878540039062,0.0582389831542968,0.0340461730957031,0.0125274658203125,0.0,0.0
2023-03-20,2.4999313354492188,4.363792419433594,7.505767822265625,11.53850555419922,8.016864776611328,14.463802337646484
2023-03-21,0.1364173889160156,0.7693901062011719,0.3213958740234375,0.4877204895019531,0.0001945495605468,0.0325241088867187
2023-03-22,0.0,0.0,0.0,0.0,0.0,0.0
2023-03-23,0.0,0.0,0.0,0.0,0.0,0.0
2023-03-24,2.0454254150390625,8.783817291259766,0.2373046875,0.3264007568359375,0.009521484375,0.03277587890625
2023-03-25,0.0243377685546875,0.0257186889648437,0.2806625366210937,0.0664100646972656,0.3331871032714844,0.0441513061523437
2023-03-26,8.247261047363281,9.771991729736328,19.76167678833008,13.75311279296875,30.53012084960937,27.873836517333984
2023-03-27,2.4498252868652344,3.434391021728516,1.7519569396972656,1.444416046142578,0.0576934814453125,0.3842239379882812
2023-03-28,0.0036392211914062,0.0400390625,0.0053253173828125,0.0,0.0,0.0028648376464843
2023-03-29,0.0,0.0858497619628906,0.0054702758789062,0.0046043395996093,0.0074386596679687,0.0
2023-03-30,0.1692123413085937,0.7763290405273438,0.5578994750976562,2.304351806640625,1.2241058349609375,0.0690689086914062
2023-03-31,5.4147796630859375,5.346199035644531,14.67108154296875,9.432842254638672,40.05615234375,15.204376220703123
2023-04-01,0.9217910766601562,3.9961166381835938,0.4917984008789062,1.137908935546875,1.7707290649414062,0.8522491455078125
2023-04-02,7.8551025390625,17.864646911621094,9.972530364990234,7.894966125488281,6.476974487304688,10.047542572021484
2023-04-03,21.59490203857422,29.6971435546875,12.951248168945312,16.194290161132812,3.9018402099609375,6.791183471679688
2023-04-04,2.053424835205078,2.5819015502929688,2.258819580078125,1.3171157836914062,1.686176300048828,3.786266326904297
2023-04-05,0.3455390930175781,1.0519790649414062,0.319061279296875,0.4578971862792969,0.0082473754882812,0.1802825927734375
2023-04-06,0.0201454162597656,0.2609519958496094,0.616790771484375,0.1233367919921875,0.0,0.1410293579101562
2023-04-07,1.6190032958984375,2.44384765625,2.748821258544922,1.5931854248046875,0.7098236083984375,0.5428581237792969
2023-04-08,1.113433837890625,1.7335586547851562,3.197212219238281,3.0151290893554688,6.506118774414063,6.8953399658203125
2023-04-09,7.0241546630859375,9.670875549316406,7.821815490722656,8.15789794921875,2.7947921752929688,6.181236267089844
2023-04-10,0.0798225402832031,0.7701148986816406,0.3278083801269531,0.4991035461425781,0.0032081604003906,0.0722084045410156
2023-04-11,0.46185302734375,0.7744560241699219,0.0618324279785156,0.3284263610839844,0.1679916381835937,0.0372428894042968
2023-04-12,0.16650390625,0.1300125122070312,0.63897705078125,0.057525634765625,2.025115966796875,0.700592041015625
2023-04-13,9.75568389892578,8.005172729492188,24.61630249023437,17.410110473632812,37.37581634521485,30.176292419433597
2023-04-14,2.1175460815429688,0.9065284729003906,1.2733993530273438,0.5807571411132812,4.706336975097656,2.316375732421875
2023-04-15,6.868488311767578,5.812946319580078,3.464950561523437,2.62799072265625,3.7384567260742183,3.2475318908691406
2023-04-16,19.222068786621094,18.77822494506836,10.427143096923828,10.177635192871094,15.603076934814451,7.229213714599609
2023-04-17,5.897682189941406,12.636497497558594,3.377227783203125,5.833999633789063,6.998138427734375,2.2448043823242188
2023-04-18,2.680145263671875,6.292930603027344,3.267007827758789,2.9825916290283203,3.350614547729492,1.8177833557128904
2023-04-19,0.5793914794921875,1.5866165161132812,0.4373741149902344,0.8129081726074219,2.0485496520996094,0.1956062316894531
2023-04-20,0.6716156005859375,1.6870841979980469,0.0927848815917968,0.6124000549316406,1.3810997009277344,0.1835479736328125
2023-04-21,0.6497402191162109,1.3844680786132812,0.990581512451172,0.9711875915527344,1.3870010375976562,0.6734809875488281
2023-04-22,0.2876720428466797,0.7416152954101562,3.520639419555664,0.3251609802246094,1.274698257446289,0.2553920745849609
2023-04-23,1.6839485168457031,2.48354721069336,3.030624389648437,0.8803558349609375,21.30758285522461,12.358787536621094
2023-04-24,9.092811584472656,12.074211120605469,6.480476379394531,6.413784027099609,11.23003387451172,7.054344177246094
2023-04-25,6.6859130859375,5.209316253662109,12.811187744140623,6.578411102294922,7.584331512451172,11.623191833496094
2023-04-26,0.0034561157226562,0.008148193359375,0.0013923645019531,0.0319595336914062,0.0,0.0033416748046875
2023-04-27,0.0,0.0,0.0,0.0,0.0,0.0
2023-04-28,2.4939193725585938,2.521209716796875,3.569061279296875,4.164257049560547,0.1151313781738281,1.6303062438964844
2023-04-29,0.527557373046875,2.4940261840820312,1.606231689453125,2.1759185791015625,0.5897140502929688,3.9105758666992183
2023-04-30,0.8260345458984375,0.8172378540039062,0.9321174621582032,0.6646614074707031,0.6206169128417969,0.292327880859375
2023-05-01,5.748970031738281,6.730968475341797,6.917396545410156,5.438083648681641,6.4384765625,5.309345245361328
2023-05-02,7.914176940917969,4.8112335205078125,12.745735168457031,6.188148498535156,13.918952941894531,7.901046752929687
2023-05-03,4.0543060302734375,3.4002609252929688,3.3916015625,2.9810562133789062,0.1503219604492187,0.8009185791015625
2023-05-04,0.5390968322753906,0.8132362365722656,0.5473747253417969,0.5929222106933594,0.003814697265625,0.0679855346679687
2023-05-05,0.0,0.0069408416748046,0.0,1.9073486328125e-06,0.2051124572753906,0.0
2023-05-06,0.1424407958984375,0.379302978515625,2.868560791015625,0.2217864990234375,0.1134719848632812,0.0929946899414062
2023-05-07,5.178230285644531,5.154323577880859,11.228378295898438,4.900066375732422,8.981086730957031,7.996604919433594
2023-05-08,0.5690536499023438,0.6977119445800781,2.15411376953125,0.6249847412109375,5.243343353271484,14.041099548339844
2023-05-09,4.540325164794922,0.8359527587890625,7.928565979003906,5.548042297363281,10.3812255859375,9.709537506103516
2023-05-10,4.795631408691406,3.461410522460937,9.346321105957031,4.52081298828125,35.176116943359375,24.049331665039062
2023-05-11,1.2405776977539062,1.1176986694335938,2.47222900390625,0.702117919921875,6.301048278808594,8.468025207519531
2023-05-12,16.751903533935547,10.07589340209961,7.281291961669922,1.7643394470214844,9.9464111328125,8.448585510253906
2023-05-13,4.5274505615234375,4.910774230957031,11.134082794189451,3.7214317321777344,14.786426544189451,12.48904037475586
2023-05-14,8.115325927734375,3.677490234375,8.466682434082031,4.610763549804688,23.426795959472656,7.079345703125
2023-05-15,5.926597595214844,6.307136535644531,13.557899475097656,5.120887756347656,26.47747039794922,10.915397644042969
2023-05-16,3.665809631347656,2.232513427734375,1.243560791015625,4.694892883300781,3.3620834350585938,2.3388671875
2023-05-17,2.14599609375,6.925540924072266,3.223209381103516,3.68096923828125,3.832077026367188,8.521430969238281
2023-05-18,0.3730621337890625,0.6777076721191406,0.4386405944824219,0.2303581237792968,0.0,0.2239189147949218
2023-05-19,0.5414352416992188,0.5281982421875,0.4243850708007812,0.54840087890625,0.4833717346191406,0.1073989868164062
2023-05-20,0.5928573608398438,0.8918418884277344,1.0538406372070312,0.8936386108398438,0.2883110046386719,2.011737823486328
2023-05-21,1.0674476623535156,4.690235137939453,0.2651710510253906,1.6051063537597656,0.3881187438964844,1.0036354064941406
2023-05-22,0.280914306640625,0.9039230346679688,0.648468017578125,0.4613571166992187,2.866058349609375,1.1496505737304688
2023-05-23,3.1884307861328125,4.080718994140625,1.224212646484375,1.4445953369140625,8.701324462890625,1.400848388671875
2023-05-24,4.16021728515625,9.263904571533203,3.3396568298339844,9.489871978759766,2.944561004638672,6.805248260498047
2023-05-25,5.038749694824219,4.534786224365234,2.4666099548339844,2.5128250122070312,1.7221755981445312,1.4518470764160156
2023-05-26,6.460430145263672,4.868984222412109,2.8192367553710938,6.046154022216797,0.2831535339355469,1.9712066650390625
2023-05-27,7.572345733642578,8.350109100341797,4.833621978759766,5.483928680419922,6.181816101074219,7.394721984863281
2023-05-28,5.6917572021484375,6.621925354003906,4.647029876708984,6.105892181396484,9.27727508544922,3.10793685913086
2023-05-29,7.8240203857421875,13.258174896240234,6.0931549072265625,7.932918548583984,9.189411163330078,6.6793212890625
2023-05-30,6.412628173828125,14.322879791259766,5.506118774414063,6.232231140136719,12.837291717529297,4.330661773681641
2023-05-31,6.7221527099609375,14.253669738769531,7.366649627685547,6.7496337890625,10.271686553955078,10.113277435302734
2023-06-01,5.05267333984375,12.189414978027344,10.285850524902344,8.054357528686523,1.0107803344726562,7.244956970214844
2023-06-02,4.857700347900391,10.27507781982422,10.419395446777344,10.59128189086914,7.435283660888672,10.66667938232422
2023-06-03,0.103790283203125,0.6344337463378906,0.34112548828125,0.5685157775878906,8.83377456665039,8.925724029541016
2023-06-04,4.291603088378906,1.4760856628417969,0.5761337280273438,0.1471290588378906,0.1646766662597656,0.699737548828125
2023-06-05,0.3490829467773437,0.283538818359375,0.1853485107421875,0.9752883911132812,0.330169677734375,4.264701843261719
2023-06-06,6.439842224121094,12.799705505371094,8.185649871826172,6.247753143310547,1.36700439453125,14.331024169921877
2023-06-07,8.564727783203125,9.884906768798828,2.961162567138672,6.277385711669922,1.5401077270507812,9.24200439453125
2023-06-08,5.694160461425781,3.340015411376953,0.9597663879394532,0.6539382934570312,1.2884635925292969,0.789215087890625
2023-06-09,3.3262596130371094,4.311374664306641,10.268997192382812,3.504222869873047,4.2519073486328125,12.240737915039062
2023-06-10,6.485694885253906,9.867244720458984,7.690242767333984,8.802658081054688,13.667316436767578,8.409523010253906
2023-06-11,14.636173248291016,16.605587005615234,12.951473236083984,14.250118255615234,11.40814971923828,14.024581909179688
2023-06-12,2.399200439453125,3.742507934570313,3.534412384033203,3.120471954345703,1.8194541931152344,5.566944122314453
2023-06-13,8.491619110107422,9.074104309082031,6.1133880615234375,5.236469268798828,4.690761566162109,5.44207763671875
2023-06-14,29.205066680908203,29.258113861083984,29.35096740722656,19.808319091796875,21.749366760253903,7.0698089599609375
2023-06-15,4.9752197265625,15.7742919921875,5.067527770996094,6.550102233886719,0.6941680908203125,0.4936981201171875
2023-06-16,1.6551589965820312,13.69658660888672,3.745922088623047,10.275123596191406,2.0069541931152344,6.073310852050781
2023-06-17,0.01251220703125,0.10797119140625,0.0500450134277343,0.4175529479980469,0.0,0.0128211975097656
2023-06-18,0.0,0.0,0.0,0.0,0.0,0.001220703125
2023-06-19,0.1984329223632812,1.2037811279296875,0.5989990234375,0.1996231079101562,0.2721633911132812,0.4444046020507812
2023-06-20,0.065460205078125,0.3018836975097656,0.0394706726074218,0.1549148559570312,0.2153892517089843,0.0702857971191406
2023-06-21,0.0123405456542968,0.0475044250488281,0.0080680847167968,0.1215171813964843,0.4508323669433594,0.6453857421875
2023-06-22,0.0038070678710937,0.1125564575195312,0.653717041015625,0.59796142578125,0.3558807373046875,0.5239334106445312
2023-06-23,15.347679138183594,17.488201141357422,8.965961456298828,8.865493774414062,5.291812896728516,4.279331207275391
2023-06-24,4.852993011474609,10.0443115234375,14.506568908691406,10.70980453491211,10.189163208007812,12.57083511352539
2023-06-25,1.1854934692382812,3.7420730590820312,1.4956512451171875,1.9167709350585935,0.027740478515625,0.3552780151367187
2023-06-26,0.0036392211914062,0.0432968139648437,0.0024261474609375,0.0243453979492187,0.2127189636230468,1.4384422302246094
2023-06-27,6.850303649902344,8.458793640136719,20.842979431152344,20.806018829345703,9.004444122314453,15.806705474853516
2023-06-28,0.0083465576171875,0.0007057189941406,0.0055580139160156,0.01092529296875,0.511627197265625,0.7500190734863281
2023-06-29,0.0036773681640625,0.0001792907714843,0.0,0.0,0.0025901794433593,0.003204345703125
2023-06-30,3.3880157470703125,1.96026611328125,2.3101882934570312,1.834434509277344,5.706935882568359,4.378578186035156
2023-07-01,1.6103057861328125,3.697578430175781,2.5079803466796875,2.6032066345214844,2.596221923828125,3.7344970703125
2023-07-02,0.1482200622558593,0.4288787841796875,0.2107162475585937,0.4026145935058594,0.8074722290039062,1.4855575561523438
2023-07-03,3.918415069580078,4.841358184814453,4.207160949707031,3.5576210021972656,0.6656455993652344,3.045326232910156
2023-07-04,3.546493530273437,2.019298553466797,4.156639099121094,2.3540992736816406,0.7214927673339844,2.3861618041992188
2023-07-05,0.2785720825195312,1.092304229736328,0.4989509582519531,0.78546142578125,0.4581947326660156,1.3098526000976562
2023-07-06,4.379337310791016,7.202571868896484,9.148391723632812,10.21078109741211,4.77325439453125,3.415103912353516
2023-07-07,0.0015487670898437,0.0,0.04180908203125,0.041839599609375,0.0,0.0097503662109375
2023-07-08,0.006439208984375,0.0,0.0,0.0014381408691406,0.0,0.0033378601074218
2023-07-09,0.0,0.0,0.0,0.0,0.0,0.0
2023-07-10,0.0010604858398437,0.0128326416015625,0.0066757202148437,0.0240478515625,0.009246826171875,0.1218032836914062
2023-07-11,0.019317626953125,0.0526962280273437,0.2598609924316406,0.0751762390136718,0.0,0.0
2023-07-12,0.0,0.0,0.0,0.0,0.0,0.0
2023-07-13,0.1409568786621093,0.4893608093261719,0.4713325500488281,0.0368728637695312,0.0,0.0128211975097656
2023-07-14,0.0,0.0336341857910156,0.0030326843261718,0.0011558532714843,0.0,0.1859092712402343
2023-07-15,0.0031013488769531,0.0010414123535156,0.0,0.0,0.0,0.0
2023-07-16,0.0,0.0,0.0,0.0,0.0020599365234375,0.0211257934570312
2023-07-17,0.5444679260253906,0.2897796630859375,1.3195724487304688,0.994976043701172,0.0,0.4959602355957031
2023-07-18,0.5664939880371094,0.4605255126953125,0.9741172790527344,0.1060752868652343,0.0143852233886718,0.2679786682128906
2023-07-19,0.6480255126953125,0.3670654296875,0.2167129516601562,0.0526351928710937,0.0,0.63671875
2023-07-20,0.2350349426269531,0.39776611328125,0.3531684875488281,0.0413284301757812,0.0518722534179687,0.7844390869140625
2023-07-21,0.0360641479492187,0.3438186645507812,0.2012100219726562,0.181549072265625,0.4651641845703125,0.8678436279296875
2023-07-22,1.2654380798339844,0.8531684875488281,0.2887039184570312,0.6421546936035156,0.0200119018554687,0.0980110168457031
2023-07-23,0.4236640930175781,0.1010665893554687,1.3323593139648438,0.0980796813964843,0.0053787231445312,0.7057456970214844
2023-07-24,0.1303024291992187,0.1209907531738281,0.4191093444824219,0.0093803405761718,0.0,0.011871337890625
2023-07-25,1.3407669067382812,4.969001770019531,3.223106384277344,2.4577865600585938,3.673019409179688,0.4539718627929687
2023-07-26,1.4088363647460938,0.9600830078125,2.352378845214844,2.4999771118164062,0.34423828125,0.7686004638671875
2023-07-27,0.000701904296875,0.0,0.0060577392578125,0.0374069213867187,0.0,0.102569580078125
2023-07-28,0.0278244018554687,0.2191162109375,0.2503662109375,0.19683837890625,0.12261962890625,0.6896286010742188
2023-07-29,1.0432662963867188,4.411823272705078,0.6962318420410156,0.65765380859375,0.0580940246582031,0.0314216613769531
2023-07-30,1.3841094970703125,2.143173217773437,2.0023155212402344,2.577064514160156,0.0207710266113281,0.4528350830078125
2023-07-31,0.0,0.0,0.0,0.0,0.0,0.0
2023-08-01,0.390655517578125,1.0721969604492188,2.09649658203125,1.8361854553222656,1.9552154541015625,1.4290618896484375
2023-08-02,0.0038070678710937,0.0,0.0,0.0079307556152343,0.0,0.001220703125
2023-08-03,0.019317626953125,0.0,0.0,0.0,0.0,0.0
2023-08-04,11.207420349121094,10.902793884277344,14.04864501953125,15.638404846191406,16.328125,15.663314819335938
2023-08-05,9.71662139892578,4.248291015625,1.5458831787109375,2.9504547119140625,7.695442199707031,2.599853515625
2023-08-06,13.93609619140625,12.977378845214844,9.067340850830078,13.8157958984375,3.562461853027344,3.1958045959472656
2023-08-07,0.8366165161132812,2.0765838623046875,1.1515121459960938,1.1325149536132812,0.0692825317382812,0.3021392822265625
2023-08-08,0.0,0.0132064819335937,0.051666259765625,0.0,0.0053787231445312,0.000274658203125
2023-08-09,1.350238800048828,1.9849319458007808,3.0425987243652344,3.0386199951171875,0.6852645874023438,1.7023658752441406
2023-08-10,0.6280937194824219,0.7103042602539062,0.9680442810058594,0.3950538635253906,0.0331497192382812,1.7624130249023438
2023-08-11,0.0124053955078125,0.0571823120117187,0.0,0.0,0.0,0.0
2023-08-12,3.814697265625e-06,0.0,0.0,0.0030288696289062,0.0337753295898437,0.0
2023-08-13,0.0312271118164062,0.0864448547363281,0.2409515380859375,0.1513595581054687,0.385009765625,0.0384597778320312
2023-08-14,0.777557373046875,1.4279060363769531,6.390495300292969,2.321937561035156,3.032577514648437,3.8141403198242183
2023-08-15,0.84619140625,4.920013427734375,1.7663078308105469,1.1243782043457031,0.578155517578125,1.463897705078125
2023-08-16,0.900543212890625,1.6785240173339844,0.2173233032226562,0.6837272644042969,0.5623664855957031,1.0610885620117188
2023-08-17,3.4817428588867188,3.725818634033203,5.708755493164063,9.66745376586914,0.6910743713378906,2.703926086425781
2023-08-18,15.660789489746094,11.01028060913086,6.49407958984375,17.682369232177734,3.3945388793945312,9.754348754882812
2023-08-19,0.363677978515625,0.0439949035644531,0.1552467346191406,0.6258621215820312,0.8552970886230469,0.7908477783203125
2023-08-20,0.3376808166503906,1.743682861328125,1.35845947265625,0.1384620666503906,0.0375175476074218,0.2997055053710937
2023-08-21,0.2575607299804687,0.8799819946289062,0.3697395324707031,0.6812705993652344,0.3742752075195312,0.0839500427246093
2023-08-22,0.2202835083007812,1.3684921264648438,2.8603973388671875,0.986541748046875,2.8026046752929688,4.524284362792969
2023-08-23,1.6830825805664062,2.2187156677246094,1.4696998596191406,1.9022140502929688,3.783771514892578,11.54875946044922
2023-08-24,0.0170478820800781,0.1462860107421875,0.0,0.0557174682617187,0.208251953125,0.0762481689453125
2023-08-25,0.0,0.0083160400390625,0.0407943725585937,0.0121078491210937,0.055389404296875,0.1870841979980468
2023-08-26,0.0,0.0,0.0286102294921875,7.62939453125e-06,0.235076904296875,0.2787246704101562
2023-08-27,0.0062103271484375,0.0,0.2342605590820312,0.007476806640625,12.067245483398438,0.0094833374023437
2023-08-28,2.347602844238281,1.473297119140625,2.5459060668945312,2.2781295776367188,10.398323059082031,5.1870880126953125
2023-08-29,0.403045654296875,1.0164222717285156,1.800384521484375,0.6044273376464844,11.636768341064451,5.188987731933594
2023-08-30,5.516868591308594,1.6409683227539062,1.8261947631835935,1.30865478515625,6.015327453613281,2.3429031372070312
2023-08-31,0.078369140625,0.5726509094238281,0.1978912353515625,0.2274703979492187,0.2642288208007812,1.2744827270507812
2023-09-01,0.0076255798339843,0.0,0.0,0.0057563781738281,0.3260116577148437,0.2756500244140625
2023-09-02,3.9895172119140634,4.5021514892578125,0.52728271484375,1.288299560546875,0.0637054443359375,0.7558135986328125
2023-09-03,11.70207977294922,22.613922119140625,9.82568359375,6.305137634277344,0.451995849609375,1.766143798828125
2023-09-04,0.7579345703125,2.41998291015625,2.27313232421875,0.7169952392578125,0.0443649291992187,0.8106002807617188
2023-09-05,0.0,0.0353546142578125,0.0701141357421875,0.03643798828125,0.03997802734375,0.0897369384765625
2023-09-06,0.6261749267578125,0.4755859375,0.29876708984375,0.3763580322265625,3.217025756835937,1.83428955078125
2023-09-07,0.003448486328125,7.62939453125e-06,0.0030288696289062,0.0,0.0103683471679687,0.0
2023-09-08,0.0,0.0,0.0,0.0,0.0001907348632812,0.0
2023-09-09,0.0,0.0,0.0,0.0,7.62939453125e-06,0.0
2023-09-10,0.0,0.0,0.0,0.0,0.0,0.0
2023-09-11,0.0,0.0,0.0018234252929687,0.0,0.0,0.000946044921875
2023-09-12,0.0,0.0,0.0,0.0,0.0,0.0
2023-09-13,2.202743530273437,1.8472671508789065,0.4385528564453125,0.279693603515625,0.0,0.0128173828125
2023-09-14,5.522789001464844,5.15728759765625,13.515548706054688,5.1154632568359375,1.39788818359375,9.013839721679688
2023-09-15,3.0878829956054688,10.04914093017578,2.0541000366210938,0.6543960571289062,0.1690597534179687,1.1143035888671875
2023-09-16,0.115875244140625,0.5312118530273438,0.2956924438476562,0.1973419189453125,0.4442901611328125,0.4153213500976562
2023-09-17,0.0077056884765625,0.0791015625,0.160003662109375,0.0506439208984375,0.0981101989746093,0.0860862731933593
2023-09-18,1.3056640625,1.6693038940429688,0.9342727661132812,1.0741653442382812,0.0123291015625,0.4358291625976562
2023-09-19,0.4974136352539062,0.8174400329589844,0.0153465270996093,0.0018730163574218,0.0,0.0221214294433593
2023-09-20,0.837615966796875,0.7112197875976562,0.5275115966796875,0.8543014526367188,4.546295166015625,1.1681594848632812
2023-09-21,7.62939453125e-06,0.0,0.1444969177246093,0.0027236938476562,0.021575927734375,7.62939453125e-06
2023-09-22,1.443866729736328,0.6273994445800781,0.5897064208984375,0.2142181396484375,2.325336456298828,0.0179176330566406
2023-09-23,23.16290283203125,24.479537963867188,19.570045471191406,11.375251770019531,19.43859100341797,19.422119140625
2023-09-24,7.677131652832031,12.88713836669922,8.4373779296875,11.44744873046875,7.501899719238281,10.711647033691406
2023-09-25,0.0,0.0003662109375,0.018280029296875,0.0027313232421875,0.5700836181640625,0.005462646484375
2023-09-26,0.0,0.0,0.0,0.0,0.0,0.0
2023-09-27,0.0,0.0,0.0,0.0,0.07281494140625,0.0
2023-09-28,0.0014152526855468,0.0228729248046875,0.0060539245605468,0.0092010498046875,2.40494155883789,0.4928932189941406
2023-09-29,0.0110931396484375,0.0107421875,0.00762939453125,0.0075149536132812,0.0898590087890625,0.3525848388671875
2023-09-30,0.3371734619140625,3.492904663085937,0.8247184753417969,1.614826202392578,0.00244140625,1.4168243408203125
2023-10-01,0.0159759521484375,0.00311279296875,0.010040283203125,0.0185470581054687,0.0053787231445312,0.0061416625976562
2023-10-02,0.0,0.0,0.0,0.0,0.0,0.0
2023-10-03,0.0,0.03118896484375,0.0060577392578125,0.0149612426757812,0.0,0.1410293579101562
2023-10-04,1.1222076416015625,0.4647750854492187,2.916858673095703,2.625232696533203,0.0900306701660156,0.9752120971679688
2023-10-05,0.0173988342285156,0.0128364562988281,0.1747360229492187,0.0905952453613281,0.0020561218261718,0.217193603515625
2023-10-06,0.0,0.0,0.0,0.0060577392578125,0.0,0.0
2023-10-07,0.187896728515625,0.4549713134765625,0.221588134765625,0.1591110229492187,0.0020523071289062,0.0518264770507812
2023-10-08,0.0250282287597656,0.4906196594238281,0.0831375122070312,0.0220298767089843,0.0,0.0512809753417968
2023-10-09,0.7856521606445312,1.6796531677246094,0.6876602172851562,0.5858116149902344,0.0545578002929687,0.2055854797363281
2023-10-10,0.0,0.0,0.0,0.0,0.0,0.0002708435058593
2023-10-11,0.0,0.0,0.0,0.0,9.918212890625e-05,0.0008163452148437
2023-10-12,0.0,0.0,0.0,0.0,0.0,0.0
2023-10-13,0.0,0.0,0.0,0.0,0.0,0.0
2023-10-14,3.1812515258789062,2.5971832275390625,3.905616760253906,3.0251388549804688,4.943336486816406,4.5095977783203125
2023-10-15,0.1774978637695312,0.293853759765625,0.3849868774414062,0.506561279296875,0.7624664306640625,1.2886276245117188
2023-10-16,0.0,0.0017318725585937,1.1276473999023438,0.7361602783203125,2.8241043090820312,5.043006896972656
2023-10-17,0.0,0.0,0.0036544799804687,7.62939453125e-06,7.62939453125e-06,0.0
2023-10-18,1.4705810546875,1.135955810546875,2.737640380859375,1.2393646240234375,3.24774169921875,0.7615814208984375
2023-10-19,0.0045242309570312,0.0031204223632812,0.733367919921875,0.0018768310546875,1.0075454711914062,0.1488876342773437
2023-10-20,9.714950561523438,4.790733337402344,18.396026611328125,5.9288177490234375,25.98339080810547,5.807464599609375
2023-10-21,0.03363037109375,0.0045166015625,1.3182144165039062,0.6296157836914062,18.14619445800781,2.904365539550781
2023-10-22,0.0062026977539062,0.0062332153320312,0.0,0.0,0.0,0.0
2023-10-23,0.01861572265625,0.0,0.0,0.0,0.0,0.0
2023-10-24,0.995941162109375,1.4160308837890625,6.137870788574219,3.986381530761719,41.920806884765625,22.53749084472656
2023-10-25,0.1062469482421875,0.1154632568359375,0.7823638916015625,0.0895614624023437,6.983123779296875,3.5754470825195312
2023-10-26,0.5998382568359375,0.312896728515625,4.949089050292969,1.32666015625,42.85871124267578,24.31707000732422
2023-10-27,0.8611602783203125,0.7510910034179688,0.99810791015625,0.025177001953125,4.152923583984375,0.1409835815429687
2023-10-28,0.0020828247070312,0.0,0.0,0.0,0.0019912719726562,0.0097274780273437
2023-10-29,0.0,0.0,0.0,0.0,0.0,7.62939453125e-06
2023-10-30,0.3562393188476562,1.233917236328125,3.548202514648437,9.957199096679688,58.67365264892578,29.55235290527344
2023-10-31,0.183807373046875,0.0461273193359375,0.0747146606445312,0.0027236938476562,0.0451507568359375,0.0103378295898437
2023-11-01,0.470855712890625,1.1717529296875,2.7629318237304688,0.1468124389648437,7.478981018066406,2.896034240722656
2023-11-02,7.588920593261719,8.425834655761719,30.90986633300781,3.541854858398437,35.17036437988281,45.08970642089844
2023-11-03,0.286102294921875,0.6415328979492188,3.0441665649414062,3.0104522705078125,20.35877227783203,9.92157745361328
2023-11-04,8.805526733398438,9.612876892089844,18.33922576904297,7.9309234619140625,54.89928436279297,51.28711700439453
2023-11-05,0.0,0.0,0.16204833984375,0.0,2.302337646484375,0.3762283325195312
2023-11-06,6.3726806640625,2.0011444091796875,2.9776687622070312,0.536285400390625,4.713947296142578,0.7843551635742188
2023-11-07,16.324596405029297,12.230438232421877,13.266193389892578,19.002716064453125,23.155139923095703,28.66674041748047
2023-11-08,0.0072746276855468,0.0031166076660156,0.0,0.0030288696289062,0.00640869140625,0.0054168701171875
2023-11-09,2.494544982910156,1.2864761352539062,17.160110473632812,7.389495849609375,35.072509765625,29.642391204833984
2023-11-10,13.088058471679688,7.787742614746094,14.6326904296875,6.407470703125,24.89183807373047,28.397422790527344
2023-11-11,1.4002227783203125,1.0895919799804688,1.093109130859375,0.8863983154296875,9.395256042480469,6.746681213378906
2023-11-12,0.0,0.0,0.0,0.0,0.0066070556640625,0.0013580322265625
2023-11-13,0.0,0.0,0.0346221923828125,0.0,0.6224594116210938,0.0716934204101562
2023-11-14,10.514625549316406,10.518211364746094,7.5771484375,7.4708251953125,10.478412628173828,9.274959564208984
2023-11-15,0.0,0.0072784423828125,0.0,0.0,0.0074310302734375,0.0
2023-11-16,9.597770690917969,10.875633239746094,3.972465515136719,3.276649475097656,14.874137878417969,10.574943542480469
2023-11-17,1.1613235473632812,4.707790374755859,2.22265625,1.3907699584960938,0.0461883544921875,0.975666046142578
2023-11-18,0.0330276489257812,0.136505126953125,0.1944122314453125,0.0856475830078125,0.0,0.0583724975585937
2023-11-19,0.0,0.0,7.62939453125e-06,0.0,0.0,0.0
2023-11-20,8.841651916503906,5.6611175537109375,15.1810302734375,9.600662231445312,29.59137725830078,26.140098571777344
2023-11-21,15.332061767578123,19.106651306152344,25.507347106933597,16.343414306640625,28.71288299560547,20.577110290527344
2023-11-22,0.2418899536132812,0.4813308715820312,0.2119293212890625,0.2385177612304687,0.2107391357421875,0.09381103515625
2023-11-23,17.521446228027344,18.88811492919922,9.910568237304688,5.841850280761719,26.7635498046875,23.712745666503903
2023-11-24,13.17586898803711,18.69904327392578,17.269420623779297,16.089202880859375,17.013336181640625,36.48382568359375
2023-11-25,1.493560791015625,2.441688537597656,1.3290634155273438,1.73187255859375,0.1002960205078125,1.30975341796875
2023-11-26,0.094635009765625,0.173431396484375,1.6781692504882812,0.2619476318359375,5.0536041259765625,4.543624877929688
2023-11-27,19.19941711425781,9.900154113769531,42.37702941894531,21.896385192871094,68.49254608154297,58.8931999206543
2023-11-28,3.1126251220703125,2.1915435791015625,1.6580734252929688,2.0892410278320312,3.3445053100585938,0.570892333984375
2023-11-29,0.0003585815429687,0.0,1.8868484497070312,0.1953811645507812,24.5340576171875,9.699264526367188
2023-11-30,0.0097427368164062,0.004180908203125,6.5908203125,1.1328277587890625,36.16216278076172,35.64619445800781
2023-12-01,1.6997299194335938,1.651641845703125,12.5391845703125,7.797958374023437,31.53931427001953,21.03842163085937
2023-12-02,3.884822845458984,2.89068603515625,1.7145538330078125,0.7867469787597656,2.171772003173828,2.565296173095703
2023-12-03,0.0034523010253906,0.0149211883544921,0.0192394256591796,0.0179920196533203,0.0010261535644531,0.013315200805664
2023-12-04,0.0322723388671875,0.1764144897460937,0.613555908203125,0.4564971923828125,0.5117950439453125,0.8812637329101562
2023-12-05,3.6813812255859375,3.0949020385742188,3.900909423828125,2.2982711791992188,11.893035888671877,3.468292236328125
2023-12-06,2.710418701171875,3.13272476196289,2.555652618408203,3.54958724975586,1.2552337646484375,4.986198425292969
2023-12-07,0.1366500854492187,0.3172760009765625,0.1316680908203125,0.1696090698242187,0.0,0.0567474365234375
2023-12-08,0.0069198608398437,0.000335693359375,0.0043563842773437,0.0018692016601562,0.0,0.0
2023-12-09,4.381813049316406,5.133537292480469,8.155601501464844,3.185997009277344,7.124549865722656,5.561515808105469
2023-12-10,0.857757568359375,0.5874404907226562,1.326496124267578,0.5316925048828125,0.6575889587402344,0.512481689453125
2023-12-11,0.5952682495117188,1.1017532348632812,1.0541305541992188,0.7232131958007812,3.422607421875,3.03299331665039
2023-12-12,0.0506973266601562,0.0117912292480468,5.720668792724609,0.0771865844726562,31.241191864013672,8.744140625
2023-12-13,15.567832946777344,23.105865478515625,31.067367553710938,33.51549530029297,48.93877410888672,54.806739807128906
2023-12-14,3.3111114501953125,8.2576904296875,5.055080413818359,2.949146270751953,0.1550788879394531,0.4766387939453125
2023-12-15,0.72772216796875,2.573162078857422,1.930137634277344,1.6160850524902344,1.53131103515625,2.9496078491210938
2023-12-16,0.0104827880859375,0.0156097412109375,0.0346298217773437,0.0449981689453125,0.0070571899414062,0.0
2023-12-17,0.0069122314453125,0.0,0.0,0.0054550170898437,0.0,0.0
2023-12-18,0.0,0.0,0.0,0.0,0.0,0.0
2023-12-19,0.1171798706054687,0.186798095703125,0.0345458984375,0.0,0.0,0.0
2023-12-20,0.637664794921875,0.5387344360351562,0.8992691040039062,0.7073287963867188,0.184661865234375,0.5691375732421875
2023-12-21,6.600944519042969,10.1483154296875,8.394813537597656,9.283496856689451,5.978496551513672,8.440757751464844
2023-12-22,1.3633193969726562,9.96856689453125,0.025665283203125,0.286468505859375,0.0775680541992187,0.008392333984375
2023-12-23,0.0,0.00311279296875,0.000701904296875,0.0,0.0177078247070312,0.0146713256835937
2023-12-24,0.0,0.0,0.0,0.0,0.0,3.814697265625e-06
2023-12-25,0.0,0.0,0.0,0.0,0.00897216796875,0.0
2023-12-26,0.0,0.0523147583007812,0.0,0.0018692016601562,0.0,0.0
2023-12-27,0.0,0.0,0.0,0.0,0.0,0.0
2023-12-28,0.0,0.0,0.0,0.0,0.0,0.0
2023-12-29,0.0291023254394531,0.0311927795410156,0.0,0.0,0.0,0.0
2023-12-30,0.0,0.0041618347167968,0.0,0.0,0.0162811279296875,0.0
2023-12-31,2.898506164550781,1.0338821411132812,1.2930221557617188,0.3740234375,9.135223388671877,3.954048156738281
2024-01-01,6.646774291992188,7.28759765625,4.488250732421875,4.9146575927734375,6.2830963134765625,9.402557373046877
2024-01-02,1.1534881591796875,1.691608428955078,3.058856964111328,1.8283729553222656,8.744449615478516,4.826873779296875
2024-01-03,0.75762939453125,0.5614051818847656,2.6179428100585938,0.5293998718261719,8.141204833984375,3.7491683959960938
2024-01-04,0.0,0.0,1.0191650390625,0.0002975463867187,0.7871208190917969,0.1654090881347656
2024-01-05,0.2631607055664062,1.3579864501953125,2.1837615966796875,1.7221145629882812,4.918113708496094,4.774284362792969
2024-01-06,3.4431610107421875,5.634620666503906,3.4204177856445312,2.167816162109375,13.642448425292969,10.827377319335938
2024-01-07,4.6255645751953125,3.1150360107421875,1.0108489990234375,0.8919143676757812,2.727294921875,6.212715148925781
2024-01-08,0.6038398742675781,1.1633529663085938,0.4526939392089844,0.3337478637695312,0.0881576538085937,0.1939849853515625
2024-01-09,0.04498291015625,0.035186767578125,0.0567474365234375,0.0779953002929687,0.0036239624023437,0.00640869140625
2024-01-10,0.0,0.0,0.003814697265625,0.0,0.0,0.0001373291015625
2024-01-11,0.1956939697265625,0.5063400268554688,0.2681045532226562,0.1597747802734375,0.0,0.0384597778320312
2024-01-12,0.0959930419921875,0.1432113647460937,0.044036865234375,0.0829925537109375,0.0074310302734375,0.00640869140625
2024-01-13,0.0,0.0083236694335937,0.0334091186523437,0.0,0.336669921875,0.0608596801757812
2024-01-14,0.2551803588867187,0.1643447875976562,3.212921142578125,0.2158126831054687,25.425582885742188,26.206802368164062
2024-01-15,1.5860748291015625,1.6709823608398438,0.7151374816894531,1.017681121826172,1.419719696044922,1.0634536743164062
2024-01-16,0.6090011596679688,0.5362396240234375,9.493423461914062,2.710777282714844,39.693267822265625,23.578407287597656
2024-01-17,0.45654296875,0.4957809448242187,12.39153289794922,10.706008911132812,61.207130432128906,35.665321350097656
2024-01-18,6.054988861083984,6.917320251464844,9.707103729248049,8.376667022705078,21.36181259155273,14.46554183959961
2024-01-19,2.755229949951172,3.633892059326172,8.82680892944336,8.847663879394531,13.043094635009766,20.63256072998047
2024-01-20,0.0014114379882812,0.0152931213378906,0.06103515625,0.070770263671875,0.0111465454101562,0.0
2024-01-21,0.0,0.0,0.0,0.0,0.0,0.0
2024-01-22,1.018310546875,1.7608566284179688,1.078765869140625,0.5098953247070312,0.074371337890625,0.2730331420898437
2024-01-23,0.0264472961425781,0.2801475524902344,0.1155662536621093,0.1572914123535156,0.0,0.0332679748535156
2024-01-24,0.2463264465332031,0.0472068786621093,0.0885734558105468,0.0999565124511718,0.0815162658691406,0.1141700744628906
2024-01-25,0.0352973937988281,0.038116455078125,0.050018310546875,0.0264816284179687,0.0,0.0073623657226562
2024-01-26,1.592681884765625,4.179710388183594,1.986244201660156,1.9812698364257808,0.1096115112304687,1.0243301391601562
2024-01-27,0.7126998901367188,2.6075363159179688,1.622760772705078,2.1035118103027344,0.1025581359863281,1.05999755859375
2024-01-28,0.1685829162597656,0.9841995239257812,0.3594512939453125,0.3733901977539062,0.0223121643066406,0.0562934875488281
2024-01-29,3.814697265625e-06,3.814697265625e-06,0.002777099609375,0.008636474609375,3.814697265625e-06,3.814697265625e-06
2024-01-30,0.0,0.0,0.0,0.0048980712890625,0.0,0.0
2024-01-31,0.029083251953125,0.0707321166992187,0.0,0.0074844360351562,0.0,0.0
2024-02-01,0.4021644592285156,1.4551239013671875,0.57464599609375,0.5956192016601562,0.0,0.1291580200195312
2024-02-02,0.0,0.00311279296875,0.0,0.0,0.0,0.0
2024-02-03,0.0,0.0086708068847656,3.814697265625e-06,0.0,0.0,0.0
2024-02-04,0.0,0.0,0.0,0.0,0.0,0.0
2024-02-05,0.0,0.0,0.002777099609375,0.0,0.0,0.0
2024-02-06,0.0,0.0,0.0147628784179687,0.0,0.2213668823242187,0.0039291381835937
2024-02-07,0.0125198364257812,0.0,0.2021827697753906,0.005462646484375,2.7010231018066406,0.3154411315917969
2024-02-08,0.0217170715332031,0.0,0.2062492370605468,3.814697265625e-06,1.6565818786621094,0.1040992736816406
2024-02-09,4.5258331298828125,2.00372314453125,18.475250244140625,5.0631256103515625,9.992515563964844,7.538970947265625
2024-02-10,12.772422790527344,5.252662658691406,35.29986572265625,12.245704650878906,49.29449462890625,29.473434448242188
2024-02-11,2.9797515869140625,1.964691162109375,0.9494781494140624,0.4145431518554687,8.602043151855469,2.636909484863281
2024-02-12,3.7672348022460938,5.389373779296875,4.573253631591797,5.639217376708984,0.0717620849609375,1.6712074279785156
2024-02-13,0.8130111694335938,0.8441238403320312,0.6042709350585938,1.1766204833984375,0.0,0.3524017333984375
2024-02-14,0.0007171630859375,0.0024261474609375,0.0,0.0030288696289062,0.0,0.0
2024-02-15,0.0,0.0,0.0,0.0,0.0,0.0
2024-02-16,0.0,0.0,0.0,0.0,0.0,0.0
2024-02-17,0.3030776977539062,1.064483642578125,0.3125686645507812,0.201629638671875,0.0,0.0272674560546875
2024-02-18,0.130126953125,0.0374374389648437,0.0161285400390625,0.0030250549316406,0.0,0.0010833740234375
2024-02-19,0.4616508483886719,1.111480712890625,0.5273323059082031,0.3654289245605469,0.1493377685546875,0.8874549865722656
2024-02-20,0.2275619506835937,0.9737510681152344,0.1629791259765625,0.5300407409667969,0.1428337097167968,0.05426025390625
2024-02-21,0.0,0.0,0.0237159729003906,0.0027313232421875,0.1707992553710937,0.0194587707519531
2024-02-22,0.102203369140625,0.2171554565429687,4.519939422607422,0.4434280395507812,23.74964904785156,9.29227066040039
2024-02-23,8.853927612304688,1.2724227905273438,36.58727264404297,8.613433837890625,50.82417297363281,34.283172607421875
2024-02-24,0.2151107788085937,0.574462890625,4.926231384277344,0.6213836669921875,10.414871215820312,7.910667419433594
2024-02-25,0.0806617736816406,0.0696754455566406,0.0873985290527343,0.0673332214355468,0.4533729553222656,0.0442848205566406
2024-02-26,3.814697265625e-06,0.0003509521484375,0.0305557250976562,0.0218505859375,0.3446083068847656,0.4538345336914062
2024-02-27,0.0635528564453125,0.1515274047851562,0.5898513793945312,0.3320770263671875,0.8225784301757812,0.57464599609375
2024-02-28,1.3960723876953125,2.6145782470703125,3.4383316040039062,2.13995361328125,3.674530029296875,5.169769287109375
2024-02-29,0.9205474853515624,0.8493423461914062,2.645263671875,1.7245712280273438,9.89301300048828,7.4815673828125
2024-03-01,1.5225372314453125,3.748477935791016,0.5644264221191406,2.937877655029297,1.0424919128417969,1.1383552551269531
2024-03-02,0.3971328735351562,0.8643836975097656,0.1625175476074218,0.2134513854980468,1.1864509582519531,0.1239662170410156
2024-03-03,1.3543624877929688,2.1237030029296875,3.09271240234375,2.8791580200195312,17.366050720214844,8.354560852050781
2024-03-04,1.7619247436523438,2.0511627197265625,2.801986694335937,3.563243865966797,5.569839477539063,9.835319519042969
2024-03-05,9.91280746459961,5.590496063232422,5.252204895019531,2.495918273925781,7.754173278808594,2.7949752807617188
2024-03-06,4.151729583740234,3.795490264892578,4.899326324462891,2.2967529296875,2.8675270080566406,1.4903793334960938
2024-03-07,0.6778602600097656,0.6359024047851562,0.5655441284179688,0.5092544555664062,0.3079566955566406,0.4636268615722656
2024-03-08,0.257965087890625,0.0389404296875,3.59832763671875,0.5933609008789062,13.218711853027344,9.8695068359375
2024-03-09,0.2039718627929687,0.0173492431640625,1.4548797607421875,0.08575439453125,5.969612121582031,4.8859710693359375
2024-03-10,16.873916625976562,11.222618103027344,30.099708557128903,15.786964416503906,29.442909240722656,27.409103393554688
2024-03-11,6.935844421386719,7.48248291015625,2.5882644653320312,3.784126281738281,9.8779296875,1.9191665649414065
2024-03-12,2.1752853393554688,4.146484375,3.1350631713867188,3.9945220947265625,0.5894088745117188,0.6552658081054688
2024-03-13,0.5951042175292969,1.7760658264160156,0.9221954345703124,1.4478836059570312,0.0191726684570312,0.0485305786132812
2024-03-14,0.2341346740722656,1.0351448059082031,0.6437416076660156,0.4146728515625,0.0650749206542968,0.2458534240722656
2024-03-15,3.3225250244140625,2.6775131225585938,5.455158233642578,2.974750518798828,1.3956756591796875,1.5399284362792969
2024-03-16,2.76663589477539,3.399658203125,1.832969665527344,2.885425567626953,0.8329963684082031,0.8647880554199219
2024-03-17,5.514606475830078,7.014503479003906,3.155284881591797,1.5035133361816406,1.1085739135742188,0.9195022583007812
2024-03-18,1.03912353515625,1.1199798583984375,6.928928375244141,4.699748992919922,3.658672332763672,6.751731872558594
2024-03-19,7.62939453125e-06,0.0031204223632812,0.0,0.0,0.0,0.0
2024-03-20,0.0,0.0,0.002777099609375,0.0,0.0,0.0017623901367187
2024-03-21,0.3267059326171875,0.102630615234375,0.7050399780273438,0.4521636962890625,0.1478042602539062,0.6319808959960938
2024-03-22,0.0,0.0,0.0092010498046875,0.0027313232421875,0.25579833984375,0.0605392456054687
2024-03-23,18.86973190307617,20.871437072753903,14.69915771484375,13.9931640625,46.91444778442383,32.13094711303711
2024-03-24,0.385284423828125,0.8656349182128906,0.6036491394042969,1.153339385986328,1.0238914489746094,1.731975555419922
2024-03-25,4.471893310546875,5.306209564208984,10.52899932861328,6.149700164794922,22.205463409423828,16.977035522460938
2024-03-26,2.432445526123047,0.5508575439453125,9.875991821289062,3.4482383728027344,30.10420227050781,19.95478820800781
2024-03-27,2.0842247009277344,2.9695281982421875,3.374862670898437,5.926097869873047,6.066459655761719,8.493011474609375
2024-03-28,0.0072746276855468,0.0,0.0196075439453125,0.0,0.0,0.005462646484375
2024-03-29,0.0,0.0,0.0,0.0,0.0,3.814697265625e-06
2024-03-30,0.0,0.0,0.0,0.0,0.0,0.0
2024-03-31,3.0282211303710938,0.1785430908203125,3.178504943847656,0.014251708984375,5.574668884277344,0.61102294921875
2024-04-01,3.5199737548828125,2.071357727050781,4.4012451171875,2.2749099731445312,3.2995338439941406,2.3260154724121094
2024-04-02,0.0,0.0,0.0,0.0,0.0,0.0
2024-04-03,0.4463424682617187,0.7729148864746094,0.389434814453125,0.2153892517089843,0.1848182678222656,0.4187126159667969
2024-04-04,0.0,0.0,0.0,3.814697265625e-06,0.0071945190429687,0.1411666870117187
2024-04-05,0.0,0.0,0.0,0.0,0.0,0.0351181030273437
2024-04-06,0.0,0.03021240234375,0.02044677734375,0.0464935302734375,0.0001945495605468,0.6120719909667969
2024-04-07,0.0,0.0,0.0,0.0,0.0,0.0
2024-04-08,0.0,0.0,0.0,0.0,0.0,0.1666755676269531
2024-04-09,0.0651168823242187,0.0395126342773437,0.0787200927734375,0.005462646484375,0.0,0.0
2024-04-10,0.0149040222167968,0.0,0.0058021545410156,0.0,0.0001945495605468,0.0
2024-04-11,0.6109161376953125,0.9646949768066406,0.162200927734375,0.1507797241210937,0.0516204833984375,0.0512847900390625
2024-04-12,0.0048866271972656,0.0166397094726562,0.0821914672851562,0.1328201293945312,0.0081253051757812,0.2449531555175781
2024-04-13,0.0,0.0,0.0,0.0,0.0,0.0
2024-04-14,0.0,0.0,0.002777099609375,0.0,0.0,0.0
2024-04-15,1.6597366333007812,0.808319091796875,8.124698638916016,1.7076988220214844,42.43429183959961,18.27202606201172
2024-04-16,8.309749603271484,10.294292449951172,16.433658599853516,12.996864318847656,33.23825454711914,32.261993408203125
2024-04-17,2.1633529663085938,3.4311599731445312,4.229095458984375,1.9525833129882808,2.546455383300781,4.816215515136719
2024-04-18,0.3560447692871094,0.7496147155761719,0.7672576904296875,0.6178417205810547,0.3807353973388672,0.5517158508300781
2024-04-19,0.6483535766601562,0.3988800048828125,2.938323974609375,0.7014007568359375,5.994209289550781,3.3823699951171875
2024-04-20,5.229068756103516,7.186042785644531,10.36618423461914,7.55279541015625,5.315940856933594,15.47555923461914
2024-04-21,0.1098289489746093,0.0470924377441406,0.0111122131347656,0.0439872741699218,0.0019874572753906,0.0002708435058593
2024-04-22,7.555007934570312,2.704452514648437,3.7159652709960938,4.217311859130859,12.084117889404297,13.855392456054688
2024-04-23,0.9774551391601562,0.7779426574707031,1.2470207214355469,0.0933380126953125,5.4734649658203125,0.3941535949707031
2024-04-24,5.26555061340332,3.627153396606445,2.850099563598633,2.985107421875,3.786466598510742,5.345392227172852
2024-04-25,0.1697139739990234,0.0742321014404296,0.7565269470214844,0.0242385864257812,1.482126235961914,0.5441017150878906
2024-04-26,0.1790351867675781,0.8303508758544922,0.6218376159667969,0.3693103790283203,0.1587085723876953,0.8219051361083984
2024-04-27,0.0,0.0499229431152343,0.0,0.0,0.0065994262695312,0.0064125061035156
2024-04-28,0.0,0.0,0.0,0.0,0.0096168518066406,0.0
2024-04-29,0.0312461853027343,0.0942497253417968,0.0,0.0621681213378906,0.3020286560058594,0.0
2024-04-30,0.9233360290527344,2.247745513916016,3.8058395385742183,0.4568977355957031,1.9659347534179688,1.974212646484375
2024-05-01,9.651763916015623,7.374198913574219,8.850692749023438,1.3687362670898438,15.886436462402344,5.094696044921875
2024-05-02,6.038848876953125,11.026725769042969,4.114028930664063,4.857124328613281,5.206092834472656,6.511329650878906
2024-05-03,2.84146499633789,7.340362548828125,6.497699737548828,12.437206268310549,2.2386703491210938,6.748348236083984
2024-05-04,1.0940818786621094,0.9515495300292968,4.872249603271484,0.6640167236328125,0.2680740356445312,2.6895408630371094
2024-05-05,0.0215606689453125,0.0,0.1103057861328125,0.0057601928710937,0.1450347900390625,0.0268630981445312
2024-05-06,0.7226829528808594,1.1324996948242188,0.6104583740234375,0.0423049926757812,0.0637130737304687,2.5767822265625
2024-05-07,3.684268951416016,3.067768096923828,2.3355941772460938,0.6104812622070312,0.4757347106933594,1.24102783203125
2024-05-08,5.5346221923828125,11.768238067626951,9.446800231933594,12.196895599365234,4.449512481689453,7.770919799804687
2024-05-09,0.62384033203125,0.4649200439453125,2.610118865966797,1.0362777709960938,0.7129058837890625,2.3851280212402344
2024-05-10,0.2149009704589843,0.4187202453613281,0.0799903869628906,0.08709716796875,0.8404121398925781,0.1794929504394531
2024-05-11,5.918277740478516,5.447196960449219,3.2154579162597656,4.894073486328125,3.085411071777344,1.909229278564453
2024-05-12,0.0751075744628906,0.0050201416015625,0.0817909240722656,0.1195487976074218,1.0887374877929688,0.9175300598144532
2024-05-13,12.932178497314451,5.976829528808594,7.632400512695312,6.819023132324219,4.884490966796875,4.029090881347656
2024-05-14,6.1737213134765625,6.131118774414063,5.331413269042969,5.640705108642578,8.169010162353516,4.601680755615234
2024-05-15,1.2141876220703125,3.1309738159179688,0.33502197265625,3.5961227416992188,0.6794891357421875,1.4902267456054688
2024-05-16,0.2543487548828125,0.4256591796875,0.5047149658203125,0.3209304809570312,0.892486572265625,1.4417343139648438
2024-05-17,0.0040206909179687,0.0863113403320312,0.0339584350585937,0.0130462646484375,0.0,0.009796142578125
2024-05-18,0.445098876953125,1.3628921508789062,4.319583892822266,5.282920837402344,3.597454071044922,6.538414001464844
2024-05-19,5.359718322753906,5.458263397216797,3.5762710571289062,2.455913543701172,0.8950080871582031,2.5786666870117188
2024-05-20,1.8234405517578125,0.9444351196289062,2.1256179809570312,1.168609619140625,29.521503448486328,5.397720336914063
2024-05-21,14.28512954711914,9.895469665527344,2.975494384765625,2.2202911376953125,5.081245422363281,0.7306938171386719
2024-05-22,5.3585205078125,3.3440017700195312,1.1891632080078125,2.4015655517578125,1.7521209716796875,2.140464782714844
2024-05-23,2.7933120727539062,2.1957015991210938,1.2961540222167969,2.6214599609375,0.9892654418945312,2.778644561767578
2024-05-24,1.7776565551757812,3.886680603027344,5.038372039794922,4.71392822265625,7.813587188720703,4.294952392578125
2024-05-25,12.347949981689451,3.8941879272460938,11.427711486816406,8.896125793457031,15.26593780517578,9.79460906982422
2024-05-26,0.2708358764648437,0.7397422790527344,0.8395576477050781,0.5093116760253906,6.428516387939453,5.054851531982422
2024-05-27,1.3126373291015625,3.045623779296875,1.484954833984375,0.8259239196777344,5.235687255859375,2.350574493408203
2024-05-28,0.9274158477783204,4.652317047119141,2.423227310180664,2.100017547607422,9.96552276611328,2.001829147338867
2024-05-29,6.288967132568359,3.90811538696289,2.572711944580078,4.383724212646484,2.048381805419922,2.15554428100586
2024-05-30,10.837020874023438,4.442523956298828,10.799060821533203,5.366031646728516,22.499011993408203,8.144035339355469
2024-05-31,0.4987411499023437,1.3077850341796875,5.811935424804688,0.633544921875,10.595176696777344,3.996826171875
2024-06-01,1.2616500854492188,0.8995437622070312,1.38104248046875,0.28070068359375,0.5244064331054688,2.2305831909179688
2024-06-02,1.87470817565918,0.7734813690185547,0.2510547637939453,0.6431541442871094,1.3494892120361328,0.6318435668945312
2024-06-03,0.0829849243164062,0.0090103149414062,0.0267410278320312,0.0,0.0,0.0
2024-06-04,3.046836853027344,2.4595718383789062,1.9118881225585935,0.6701774597167969,0.0566062927246093,0.4889678955078125
2024-06-05,0.0168685913085937,0.0067558288574218,0.0006599426269531,0.0100936889648437,0.0552520751953125,0.3078155517578125
2024-06-06,0.0076217651367187,0.0,0.0902328491210937,0.0847854614257812,0.1176376342773437,0.2556533813476562
2024-06-07,0.188873291015625,0.1983299255371093,1.1688385009765625,0.1877803802490234,0.0970325469970703,1.1188030242919922
2024-06-08,0.3517379760742187,0.1268692016601562,2.196693420410156,0.0359840393066406,0.3063201904296875,0.2451324462890625
2024-06-09,0.6993751525878906,0.4277153015136719,0.6700859069824219,0.2907981872558594,0.00640869140625,0.0137710571289062
2024-06-10,1.3110885620117188,1.5448226928710938,0.328887939453125,0.0048370361328125,1.3439483642578125,0.0147171020507812
2024-06-11,13.56537628173828,9.901607513427734,2.681602478027344,2.286468505859375,0.4377174377441406,0.5919380187988281
2024-06-12,10.909805297851562,2.8901519775390625,1.1114654541015625,0.4033432006835937,3.4748764038085938,0.5556488037109375
2024-06-13,11.439666748046877,12.298919677734377,4.380928039550781,6.039798736572266,1.6001052856445312,1.4317283630371094
2024-06-14,0.002838134765625,0.0,0.0473976135253906,0.0888595581054687,0.003082275390625,0.0661354064941406
2024-06-15,0.3551177978515625,0.9691085815429688,0.3661422729492187,0.212921142578125,0.36773681640625,1.1852264404296875
2024-06-16,0.0224647521972656,0.1336936950683593,0.0678901672363281,0.0079269409179687,0.0433540344238281,0.2027435302734375
2024-06-17,0.0027503967285156,0.0731277465820312,0.0435371398925781,0.007476806640625,0.0390510559082031,0.2637825012207031
2024-06-18,0.0,0.0,0.0,0.0,0.0010299682617187,0.0128211975097656
2024-06-19,0.0,0.0,0.0,0.0,0.0,0.0064048767089843
2024-06-20,0.0,0.0083236694335937,0.0,0.0,0.1584701538085937,0.0769271850585937
2024-06-21,1.80279541015625,0.4716262817382812,0.950714111328125,0.1573028564453125,0.401123046875,0.7356719970703125
2024-06-22,2.0523033142089844,2.466583251953125,0.6223640441894531,1.4977455139160156,0.06903076171875,0.0169715881347656
2024-06-23,3.01788330078125,1.7034568786621094,5.769355773925781,7.496822357177734,2.4408111572265625,3.8116607666015625
2024-06-24,2.73891830444336,3.650615692138672,1.8255538940429688,0.3178634643554687,0.9555168151855468,1.455047607421875
2024-06-25,1.2681388854980469,1.6010398864746094,2.575847625732422,1.2153549194335938,71.91249084472656,11.393707275390623
2024-06-26,7.942268371582031,12.863357543945312,10.286972045898438,6.008354187011719,4.6217041015625,2.130218505859375
2024-06-27,1.6138076782226562,3.606735229492188,2.357715606689453,3.0294342041015625,1.0053443908691406,3.4929733276367188
2024-06-28,0.6660614013671875,1.3531265258789062,0.6310806274414062,0.7035980224609375,0.1888580322265625,1.6918449401855469
2024-06-29,0.0,0.0,0.1033248901367187,0.0018768310546875,0.0,0.0439224243164062
2024-06-30,0.0062026977539062,0.0228729248046875,0.0,0.0,0.0,0.0128173828125
2024-07-01,43.03638458251953,21.582862854003903,23.40428924560547,12.655029296875,19.618309020996094,12.080360412597656
2024-07-02,0.2568702697753906,1.8861846923828125,0.1691665649414062,0.9790802001953124,0.1939964294433593,1.0126075744628906
2024-07-03,0.0845108032226562,0.1497535705566406,0.0368576049804687,0.0366973876953125,0.1865425109863281,0.8455467224121094
2024-07-04,0.0007171630859375,0.0,0.0,0.0,0.0057144165039062,0.0275382995605468
2024-07-05,0.0,0.0,0.0,0.0,0.0,0.0
2024-07-06,0.0,0.0,0.1029434204101562,0.0329513549804687,0.0,0.0
2024-07-07,0.4023208618164062,2.287670135498047,0.1384239196777343,0.0782890319824218,0.0415916442871093,0.165679931640625
2024-07-08,0.0488471984863281,0.105499267578125,0.1677742004394531,0.6761093139648438,2.8125534057617188,0.6942405700683594
2024-07-09,0.0020866394042968,0.0058937072753906,0.0023002624511718,0.0291023254394531,0.0197944641113281,0.0004768371582031
2024-07-10,0.0,0.0083236694335937,0.1086883544921875,0.0,0.0970535278320312,0.468170166015625
2024-07-11,0.1277809143066406,0.07904052734375,0.4910621643066406,0.0079269409179687,0.2302627563476562,0.3919944763183594
2024-07-12,0.0,0.0187149047851562,0.0483856201171875,0.0018692016601562,0.0921859741210937,0.5042648315429688
2024-07-13,0.8120498657226562,0.4954681396484375,0.6498947143554688,0.8481826782226562,0.009246826171875,1.4146881103515625
2024-07-14,0.0145530700683593,0.7937202453613281,0.00970458984375,0.0280532836914062,0.0148735046386718,0.0641098022460937
2024-07-15,0.1736679077148437,0.0,0.5132904052734375,0.0,0.1310653686523437,0.6063385009765625
2024-07-16,0.8136329650878906,0.7672271728515625,0.581451416015625,1.831562042236328,2.2265396118164062,1.5093307495117188
2024-07-17,1.54266357421875,0.54364013671875,1.987388610839844,1.55535888671875,1.2332916259765625,0.8955764770507812
2024-07-18,0.6320114135742188,0.5060615539550781,0.8284263610839844,0.4692153930664062,1.9651412963867188,1.921405792236328
2024-07-19,1.4879074096679688,1.633075714111328,0.7149543762207031,0.5388336181640625,0.2967681884765625,2.0475006103515625
2024-07-20,1.0604476928710938,1.9371566772460935,1.1309852600097656,1.365570068359375,1.9202919006347656,1.4837150573730469
2024-07-21,0.046722412109375,0.1609039306640625,1.1474990844726562,0.1091079711914062,1.7863693237304688,0.0619392395019531
2024-07-22,1.2830734252929688,2.2229995727539062,1.8418121337890625,1.9591064453125,0.9835357666015624,2.1633453369140625
2024-07-23,7.086818695068359,9.467536926269531,17.312252044677734,12.925559997558594,6.691539764404297,11.02029800415039
2024-07-24,0.1864242553710937,0.0007057189941406,0.2056045532226562,0.2821693420410156,0.0020561218261718,0.1515960693359375
2024-07-25,0.0,0.0041618347167968,0.0030250549316406,0.00115966796875,0.0010299682617187,0.0
2024-07-26,0.0,7.62939453125e-06,0.0,0.0,0.0,0.0
2024-07-27,0.0,0.0,0.007293701171875,0.0,0.0020523071289062,0.0384597778320312
2024-07-28,1.15740966796875,0.9374542236328124,1.6254730224609375,1.7020416259765625,0.2123260498046875,1.9160003662109373
2024-07-29,0.0,0.0,0.0,0.0,0.0,0.0
2024-07-30,0.0,0.0,0.0,0.0,0.0,0.0
2024-07-31,0.0,0.0,0.0,0.0,0.0,0.0
2024-08-01,0.755157470703125,1.1812744140625,4.1173248291015625,2.1973876953125,0.2211685180664062,0.7644805908203125
2024-08-02,5.560703277587891,8.06888198852539,6.923164367675781,2.0722618103027344,1.2239112854003906,3.954498291015625
2024-08-03,0.0,0.0,0.0,0.0109214782714843,0.1758499145507812,0.6269950866699219
2024-08-04,0.0381546020507812,0.5065841674804688,0.1289558410644531,0.2497100830078125,0.1141014099121093,0.5453910827636719
2024-08-05,0.4153060913085937,1.117431640625,0.7368316650390625,0.4524002075195312,0.3986892700195312,0.0866775512695312
2024-08-06,0.0,0.0,0.054718017578125,0.0,0.0785903930664062,0.0
2024-08-07,0.6554145812988281,0.4964370727539062,8.471546173095703,0.7317695617675781,1.541606903076172,5.687755584716797
2024-08-08,0.7472019195556641,1.1646595001220703,1.4661731719970703,1.4872760772705078,1.0400276184082031,3.646451950073242
2024-08-09,0.0,0.0,0.0013885498046875,0.0053138732910156,9.5367431640625e-05,0.0
2024-08-10,0.0,0.0,0.0,0.0,0.0,0.0
2024-08-11,0.0,0.0,0.0,0.0,0.0,0.0
2024-08-12,0.0899658203125,0.0062332153320312,0.00555419921875,0.1346702575683593,0.0,0.0128211975097656
2024-08-13,0.1851730346679687,0.6020431518554688,0.0103225708007812,0.4486618041992187,0.0338592529296875,0.20513916015625
2024-08-14,0.0,0.041595458984375,0.0,0.207611083984375,0.0,0.5185317993164062
2024-08-15,0.0,0.0700950622558593,0.0076255798339843,0.0214653015136718,0.0001907348632812,0.2307815551757812
2024-08-16,0.24639892578125,1.6962814331054688,3.817306518554688,0.6166229248046875,0.7720718383789062,1.6171188354492188
2024-08-17,0.89166259765625,1.3536262512207031,1.011760711669922,1.4207992553710938,2.1351318359375,2.3171424865722656
2024-08-18,1.22637939453125,4.618339538574219,2.509307861328125,0.3733062744140625,16.59931182861328,5.791954040527344
2024-08-19,4.9166107177734375,9.214256286621094,4.00311279296875,3.702720642089844,5.030555725097656,6.021522521972656
2024-08-20,5.8842620849609375,2.733261108398437,1.2497024536132812,1.0233612060546875,3.0046539306640625,2.6981735229492188
2024-08-21,0.2732429504394531,0.2073249816894531,0.6702384948730469,0.4472007751464844,0.3557205200195312,1.2226028442382812
2024-08-22,0.0,0.0,0.0645866394042968,0.0,0.0996246337890625,0.1210784912109375
2024-08-23,0.0,0.0,0.0018234252929687,0.0,0.0650253295898437,0.0111465454101562
2024-08-24,0.0,0.0,0.0,0.0,0.0,1.4635086059570312
2024-08-25,0.0234832763671875,0.5360870361328125,0.1632537841796875,0.0800094604492187,3.846519470214844,0.1092033386230468
2024-08-26,2.6744613647460938,3.903839111328125,4.4691162109375,4.305076599121094,1.6592864990234375,0.6182632446289062
2024-08-27,1.6374664306640625,1.017303466796875,2.2773590087890625,0.8167190551757812,3.5944976806640625,3.9587135314941406
2024-08-28,4.586490631103516,4.609931945800781,3.9684982299804688,4.610347747802734,1.4532241821289062,7.2700042724609375
2024-08-29,2.593902587890625,6.332527160644531,3.8732757568359375,3.2946319580078125,2.1246261596679688,3.573677062988281
2024-08-30,0.4483795166015625,0.2735366821289062,1.2445297241210938,1.2276153564453125,2.259483337402344,6.154830932617188
2024-08-31,0.14892578125,0.2913436889648437,0.6870040893554688,0.3422775268554687,0.5085906982421875,1.52764892578125
2024-09-01,0.0,0.0,0.0,0.0,0.0,0.1467208862304687
2024-09-02,0.5459213256835938,0.9907989501953124,2.249340057373047,2.097820281982422,0.1735153198242187,1.0161666870117188
2024-09-03,0.6658782958984375,2.0436248779296875,2.204845428466797,1.3604469299316406,0.5299835205078125,4.005821228027344
2024-09-04,0.4850311279296875,0.2425918579101562,0.2739143371582031,0.6338005065917969,0.528594970703125,0.9726905822753906
2024-09-05,1.3121490478515625,0.7378082275390625,2.2943878173828125,0.430206298828125,2.0235137939453125,1.655975341796875
2024-09-06,0.0903778076171875,2.0063629150390625,1.2144393920898438,0.5989761352539062,0.2494735717773437,2.9477767944335938
2024-09-07,0.0466117858886718,0.0939903259277343,0.1231918334960937,0.0855903625488281,0.0867538452148437,0.0565681457519531
2024-09-08,36.793006896972656,30.339637756347656,42.83690643310547,17.904502868652344,36.53279113769531,37.233360290527344
2024-09-09,5.248832702636719,13.144813537597656,22.58098602294922,24.71240997314453,8.158660888671875,15.669097900390623
2024-09-10,0.1174392700195312,0.7962417602539062,0.6728591918945312,1.0762596130371094,0.3456077575683594,0.8933944702148438
2024-09-11,0.0640640258789062,0.189422607421875,1.15069580078125,1.013946533203125,8.826622009277344,2.2485275268554688
2024-09-12,17.271339416503906,10.267181396484377,25.189468383789062,8.937980651855469,29.55634307861328,21.923545837402344
2024-09-13,6.4510498046875,8.505661010742188,12.57318115234375,7.609428405761719,22.479415893554688,5.998573303222656
2024-09-14,7.128585815429688,10.60272216796875,3.420814514160156,4.8350372314453125,6.086227416992188,7.21661376953125
2024-09-15,1.3543319702148438,0.9110870361328124,0.88079833984375,1.017425537109375,0.0179061889648437,0.432342529296875
2024-09-16,0.1669464111328125,0.2977752685546875,2.1278228759765625,1.6495361328125,8.063026428222656,2.758392333984375
2024-09-17,3.752845764160156,4.320075988769531,4.7396392822265625,6.4891204833984375,13.478485107421877,3.882415771484375
2024-09-18,7.729774475097656,7.852424621582031,7.854499816894531,6.580696105957031,9.995124816894531,5.245460510253906
2024-09-19,6.311569213867188,6.371883392333984,7.704414367675781,6.389625549316406,16.375335693359375,3.321063995361328
2024-09-20,0.0,0.0,0.0134353637695312,0.0109214782714843,0.6132965087890625,0.0
2024-09-21,0.0,0.0,0.0036468505859375,0.0,3.814697265625e-06,0.0
2024-09-22,0.0031051635742187,0.0,0.0,0.0,0.0230789184570312,0.000946044921875
2024-09-23,5.7928466796875,1.6200408935546875,3.972442626953125,3.2062530517578125,10.70672607421875,7.53155517578125
2024-09-24,0.0867080688476562,0.2813491821289062,0.2284698486328125,0.2472305297851562,1.071990966796875,1.41973876953125
2024-09-25,0.0,0.0069198608398437,0.0589523315429687,0.00115966796875,0.6164703369140625,0.2461700439453125
2024-09-26,0.0,0.0,0.0036468505859375,0.0,0.0193710327148437,0.0
2024-09-27,0.3892669677734375,1.4455413818359375,1.0418701171875,0.4684066772460937,2.8953628540039062,2.8765792846679688
2024-09-28,4.77044677734375,12.745441436767578,17.525226593017578,10.443065643310549,7.996864318847656,3.837211608886719
2024-09-29,0.1410408020019531,0.3640327453613281,0.36138916015625,0.5817604064941406,0.0,0.1598129272460937
2024-09-30,0.0,0.0,0.0,0.0,0.0,0.0
2024-10-01,0.0,0.0,0.0036468505859375,0.0,0.5353546142578125,0.1053695678710937
2024-10-02,11.517501831054688,3.9809417724609375,24.096435546875,5.559478759765625,31.103546142578125,21.698150634765625
2024-10-03,14.884490966796877,6.001380920410156,26.68000030517578,15.967185974121094,93.9042510986328,32.82361602783203
2024-10-04,0.626373291015625,2.217193603515625,0.440277099609375,0.5439605712890625,3.199462890625,3.6373443603515625
2024-10-05,8.360786437988281,4.717353820800781,6.1890716552734375,4.421714782714844,11.88079071044922,2.928939819335937
2024-10-06,0.0,0.0,0.0,0.0,0.0001983642578125,0.0
2024-10-07,7.62939453125e-06,0.0,0.0,0.0,0.0,7.62939453125e-06
2024-10-08,3.9629135131835938,2.1800994873046875,12.656936645507812,3.822120666503906,25.57330322265625,10.66034698486328
2024-10-09,0.0546188354492187,0.0093841552734375,0.9261093139648438,0.1034011840820312,6.6690216064453125,1.6698760986328125
2024-10-10,10.975975036621094,6.487396240234375,6.219978332519531,7.594329833984375,11.05780029296875,7.257423400878906
2024-10-11,0.3304214477539062,0.5758590698242188,0.8269729614257812,0.3618621826171875,0.0436553955078125,0.499664306640625
2024-10-12,0.0,0.0,0.0,0.0,0.0,0.0
2024-10-13,0.0,0.0166397094726562,0.0,0.0,0.0,0.0
2024-10-14,0.0,0.0124626159667968,0.0,0.0,0.0,0.0
2024-10-15,0.00762939453125,0.0045166015625,0.0,0.0,0.0010299682617187,0.0064048767089843
2024-10-16,0.1277427673339843,0.5600013732910156,0.517730712890625,0.02423095703125,4.8239288330078125,0.2343902587890625
2024-10-17,0.2190322875976562,0.6596527099609375,0.5326766967773438,1.7333221435546875,0.9009170532226562,1.6642837524414062
2024-10-18,0.0,0.0,0.0,0.0,0.2760009765625,0.0
2024-10-19,0.0030975341796875,0.0,0.0001296997070312,0.0,0.0042266845703125,0.0
2024-10-20,0.0,0.0,0.0,0.0,7.62939453125e-06,0.0
2024-10-21,0.0,0.0,0.0,0.0,0.0,0.0
2024-10-22,0.0,0.0,0.0,0.0,0.0,0.0
2024-10-23,0.0,0.0,0.0054702758789062,0.0,0.0,0.0
2024-10-24,0.013824462890625,0.0166397094726562,0.3070068359375,0.0037460327148437,0.01849365234375,1.106048583984375
2024-10-25,3.814697265625e-06,0.0041580200195312,0.0213470458984375,0.0018692016601562,0.003082275390625,0.303192138671875
2024-10-26,0.0,0.0,0.0085830688476562,0.0,7.62939453125e-06,0.085235595703125
2024-10-27,0.0,0.0540771484375,0.0030288696289062,0.0787353515625,0.0174713134765625,0.0394096374511718
2024-10-28,0.0,0.0748748779296875,0.016998291015625,0.0393753051757812,0.0775070190429687,0.4288673400878906
2024-10-29,0.00311279296875,0.0003509521484375,0.0,0.0,0.0045013427734375,0.198455810546875
2024-10-30,0.0083465576171875,0.0159378051757812,0.0060577392578125,0.0037384033203125,0.0,0.0064163208007812
2024-10-31,0.0,0.0,0.0,0.0,0.0,0.0
2024-11-01,0.1165924072265625,0.409912109375,0.0260009765625,0.0623092651367187,0.0,0.0
2024-11-02,0.1748428344726562,0.4311752319335937,0.265289306640625,0.2259292602539062,0.0,0.0
2024-11-03,0.0041732788085937,0.0,0.0,0.0,0.0,0.0
2024-11-04,0.0,0.0,0.0,0.0,0.0,0.0
2024-11-05,0.0,0.0,0.0,0.0,0.0,0.0
2024-11-06,0.0,0.0,0.0,0.0,0.0,0.0
2024-11-07,0.0,0.0,0.0,0.0,0.0,0.0
2024-11-08,0.0,0.0,0.0,0.0,0.0,0.0
2024-11-09,0.0,0.0,0.0,0.0,0.0,0.0
2024-11-10,0.0977325439453125,0.4901657104492187,0.3152542114257812,1.00091552734375,0.0,0.071685791015625
2024-11-11,0.1541595458984375,0.2831573486328125,0.06378173828125,0.2019119262695312,0.0,0.0069580078125
2024-11-12,0.0702133178710937,0.1073684692382812,0.0641326904296875,0.0201263427734375,2.6119155883789062,2.8108062744140625
2024-11-13,7.233726501464844,7.971401214599609,11.866493225097656,6.886512756347656,6.34283447265625,6.938846588134766
2024-11-14,0.2171401977539062,0.5058708190917969,0.2398033142089843,0.2426414489746093,0.1360816955566406,0.1038322448730468
2024-11-15,0.0250167846679687,0.0720901489257812,0.0653533935546875,0.0882797241210937,0.0,0.0
2024-11-16,0.0,0.0,0.0,0.0,0.0,0.0
2024-11-17,0.0062026977539062,0.0062332153320312,0.0,0.0,0.0,0.0
2024-11-18,0.0,0.0,0.4309005737304687,0.005462646484375,6.220672607421875,6.437294006347656
2024-11-19,24.535907745361328,27.771907806396484,28.071510314941406,26.14584350585937,66.41484069824219,55.995849609375
2024-11-20,0.8817367553710938,1.5283966064453125,2.7654342651367188,2.3813629150390625,4.180343627929688,3.738800048828125
2024-11-21,30.8868408203125,23.654052734375,53.57561492919922,48.06950378417969,88.27008056640625,81.09788513183594
2024-11-22,0.0,0.0090255737304687,0.0,0.009796142578125,0.0020523071289062,0.084869384765625
2024-11-23,0.0,0.0017356872558593,0.0019874572753906,0.0013618469238281,0.0,0.0
2024-11-24,0.0,0.0,0.0,0.0,0.0,0.0
2024-11-25,0.0,0.0,0.0,0.0,0.0,0.0
2024-11-26,0.0,0.0031166076660156,0.002777099609375,0.0,0.0,0.0
2024-11-27,0.2647628784179687,0.2911911010742187,0.1812896728515625,0.0136566162109375,3.6535491943359375,1.3217239379882812
2024-11-28,16.432750701904297,18.776996612548828,16.79981231689453,12.900260925292969,16.47968292236328,21.070343017578125
2024-11-29,9.149681091308594,14.692779541015623,13.875431060791016,17.028396606445312,16.9644775390625,17.41234588623047
2024-11-30,1.4205093383789062,2.699676513671875,7.770164489746094,6.833770751953125,12.06012725830078,21.410179138183597
2024-12-01,0.045074462890625,0.0616912841796875,0.0520782470703125,0.21209716796875,0.0579986572265625,0.0139007568359375
2024-12-02,0.0467453002929687,0.0478973388671875,0.0943756103515625,0.0074844360351562,0.0905227661132812,0.0486602783203125
2024-12-03,1.3871612548828125,0.7802200317382812,0.395172119140625,0.0767440795898437,0.0082168579101562,0.0624847412109375
2024-12-04,6.162254333496094,6.328433990478516,9.569515228271484,5.563396453857422,21.58262252807617,18.95531463623047
2024-12-05,11.026641845703123,12.80010986328125,7.378089904785156,4.88671875,14.06769561767578,31.00801086425781
2024-12-06,1.999305725097656,5.154624938964844,8.814613342285156,6.501373291015625,7.221153259277344,7.359748840332031
2024-12-07,4.622329711914063,5.73211669921875,14.959274291992188,9.309051513671877,29.28726959228516,26.59088134765625
2024-12-08,0.5154647827148438,0.2592086791992187,1.9049606323242188,0.2500839233398437,10.744369506835938,7.624809265136719
2024-12-09,0.1816558837890625,0.1036148071289062,0.6396560668945312,0.107696533203125,3.0880584716796875,0.5925216674804688
2024-12-10,1.769084930419922,2.139514923095703,2.865882873535156,1.1675567626953125,1.3390274047851562,1.9907913208007808
2024-12-11,0.2827606201171875,0.563323974609375,0.2150039672851562,0.2293281555175781,0.0448188781738281,0.1073074340820312
2024-12-12,0.0,0.0034713745117187,0.002777099609375,0.0,3.814697265625e-06,3.814697265625e-06
2024-12-13,2.8129196166992188,1.0594024658203125,7.181320190429688,1.3949356079101562,21.529296875,12.747077941894531
2024-12-14,1.1997833251953125,2.179332733154297,3.081493377685547,2.0297584533691406,7.091472625732422,7.181610107421875
2024-12-15,0.0034637451171875,0.0332870483398437,0.0071563720703125,0.0679817199707031,0.0070228576660156,0.0330009460449218
2024-12-16,0.0,0.0015602111816406,0.0029067993164062,0.0,0.0,0.0
2024-12-17,0.0,0.0,0.0,0.0,0.0,0.0
2024-12-18,0.0,0.0,0.0129318237304687,0.0,0.1676712036132812,0.0115127563476562
2024-12-19,6.0565338134765625,13.095939636230469,15.51797866821289,17.213836669921875,33.89281463623047,26.269886016845703
2024-12-20,3.367713928222656,8.71042251586914,5.663028717041016,6.829181671142578,6.560901641845703,6.209354400634766
2024-12-21,1.6826705932617188,0.286102294921875,1.38006591796875,0.8581161499023438,0.4872283935546875,0.2761001586914062
2024-12-22,9.565597534179688,6.255073547363281,26.62655639648437,11.331279754638672,50.21529769897461,39.14129257202149
2024-12-23,12.10358428955078,14.770828247070312,7.715972900390625,7.344879150390625,2.809814453125,1.5603408813476562
2024-12-24,6.500205993652344,16.589134216308594,4.05572509765625,6.002067565917969,3.2012710571289062,8.42718505859375
2024-12-25,0.2660064697265625,1.675262451171875,0.6959304809570312,0.7771987915039062,0.3833236694335937,1.5617294311523438
2024-12-26,0.0,0.0083236694335937,0.0281143188476562,0.0310440063476562,0.0,0.0128250122070312
2024-12-27,0.0,0.0017318725585937,0.0015182495117187,0.0,0.0,0.0
2024-12-28,0.0,0.0,0.0,0.0018692016601562,0.0,0.00640869140625
2024-12-29,0.0,0.0,0.0,0.0,0.0,0.0
2024-12-30,0.0,0.0,0.0,0.0,0.0,0.0
2024-12-31,0.0,0.0,0.0,0.0,0.0,0.0
