0,1,2,3,4,5,6
,,,,,,
2019-01-01,10.353515625,24.3544921875,33.5849609375,4.294921875,8.2939453125,131.029296875
2019-01-02,8.498046875,24.95703125,33.3857421875,4.2265625,8.6923828125,134.9736328125
2019-01-03,10.78515625,29.9345703125,33.65234375,4.421875,7.751953125,135.619140625
2019-01-04,15.267578125,34.62890625,38.072265625,7.703125,8.212890625,143.7060546875
2019-01-05,24.5380859375,41.7802734375,40.6689453125,9.1904296875,8.3095703125,148.849609375
2019-01-06,31.02734375,51.326171875,41.9248046875,11.8310546875,8.85546875,155.1796875
2019-01-07,32.216796875,54.123046875,40.7080078125,9.1396484375,8.873046875,159.4599609375
2019-01-08,33.525390625,55.25390625,40.5185546875,7.1953125,10.671875,164.5947265625
2019-01-09,38.7373046875,61.3544921875,60.7314453125,19.0810546875,36.9345703125,190.8994140625
2019-01-10,44.1298828125,71.3828125,66.0498046875,24.787109375,44.73046875,207.1533203125
2019-01-11,53.705078125,81.640625,78.2646484375,37.044921875,61.201171875,214.0234375
2019-01-12,53.5869140625,85.7685546875,81.0166015625,41.0302734375,61.6103515625,219.8349609375
2019-01-13,50.1484375,85.138671875,81.20703125,40.74609375,60.841796875,221.6171875
2019-01-14,50.8349609375,89.6884765625,84.5390625,41.947265625,63.8173828125,225.1484375
2019-01-15,49.427734375,89.978515625,84.5224609375,41.154296875,63.0478515625,226.4921875
2019-01-16,44.17578125,86.2255859375,82.873046875,37.5302734375,60.1337890625,227.4931640625
2019-01-17,41.3310546875,83.7216796875,81.2099609375,33.7490234375,57.734375,227.7783203125
2019-01-18,40.3759765625,83.099609375,80.404296875,30.46875,54.7373046875,231.9189453125
2019-01-19,38.2578125,84.3857421875,86.23828125,32.0078125,52.7822265625,239.7919921875
2019-01-20,38.3984375,83.9443359375,87.7958984375,27.3583984375,48.3994140625,243.4453125
2019-01-21,33.900390625,79.390625,85.923828125,22.6748046875,46.029296875,243.41796875
2019-01-22,31.7041015625,81.8359375,94.6806640625,21.8369140625,57.26171875,260.951171875
2019-01-23,25.9501953125,78.2392578125,94.16796875,16.267578125,54.8408203125,265.1669921875
2019-01-24,26.796875,87.0625,97.4736328125,22.8056640625,57.10546875,276.2314453125
2019-01-25,42.2314453125,111.5673828125,117.1103515625,45.4462890625,71.6201171875,298.8193359375
2019-01-26,34.2734375,107.458984375,109.779296875,39.4794921875,64.12109375,287.8466796875
2019-01-27,27.3857421875,105.1044921875,107.1259765625,36.732421875,63.5107421875,287.212890625
2019-01-28,20.5908203125,100.6865234375,120.380859375,36.1923828125,62.7734375,314.0703125
2019-01-29,18.30859375,98.599609375,123.3984375,31.091796875,68.7060546875,291.3662109375
2019-01-30,14.2900390625,94.958984375,121.0791015625,26.6875,66.9765625,288.0126953125
2019-01-31,13.57421875,95.2197265625,121.802734375,26.265625,73.5751953125,292.259765625
2019-03-01,0.7080078125,89.5302734375,137.6728515625,4.7880859375,42.48046875,337.5634765625
2019-03-02,0.2890625,86.724609375,136.1181640625,4.650390625,41.6064453125,343.33984375
2019-03-03,0.0458984375,85.021484375,134.404296875,4.142578125,42.3203125,347.1376953125
2019-03-04,0.0,78.8857421875,129.537109375,2.6689453125,40.9111328125,349.361328125
2019-03-05,0.0,71.576171875,125.345703125,1.6181640625,39.99609375,351.720703125
2019-03-06,0.0,65.0439453125,119.0615234375,0.978515625,38.244140625,351.083984375
2019-03-07,0.0,50.46484375,111.025390625,0.623046875,36.873046875,349.0068359375
2019-03-08,0.107421875,42.55859375,105.984375,0.78125,36.2890625,341.9189453125
2019-03-09,0.0,32.4384765625,96.2421875,0.234375,34.185546875,333.875
2019-03-10,0.0,19.4775390625,82.76953125,0.0,29.1708984375,328.5361328125
2019-03-11,15.490234375,34.9609375,90.87890625,9.7607421875,32.9736328125,340.3046875
2019-03-12,6.6962890625,29.361328125,104.5634765625,19.9716796875,42.98828125,369.619140625
2019-03-13,7.1240234375,34.0234375,110.8359375,19.2197265625,41.869140625,360.4638671875
2019-03-14,5.4580078125,33.259765625,112.6923828125,18.203125,42.435546875,374.9169921875
2019-03-15,2.4541015625,29.7412109375,109.140625,12.2529296875,36.99609375,372.779296875
2019-03-16,0.4677734375,19.0390625,98.607421875,4.6328125,32.8662109375,368.7568359375
2019-03-17,0.0869140625,7.2998046875,85.6708984375,1.19921875,29.6689453125,364.46484375
2019-03-18,0.0,3.443359375,78.3720703125,0.1240234375,27.7451171875,363.345703125
2019-03-19,0.0,1.7509765625,72.9892578125,0.0,25.7392578125,355.4248046875
2019-03-20,0.0048828125,0.6962890625,71.572265625,0.048828125,23.9599609375,350.4697265625
2019-03-21,0.001953125,0.0078125,68.44921875,0.0009765625,21.9111328125,345.2568359375
2019-03-22,0.0,0.0,64.5283203125,0.0,19.58984375,340.5322265625
2019-03-23,0.0,0.0,60.7607421875,0.0,17.65625,337.2607421875
2019-03-24,0.0,0.0,57.966796875,0.0,16.38671875,336.283203125
2019-03-25,0.0,0.0,55.583984375,0.0,15.0986328125,333.4990234375
2019-03-26,0.5087890625,1.412109375,56.63671875,0.126953125,14.826171875,338.4599609375
2019-03-27,0.001953125,0.001953125,55.6435546875,0.0,13.9052734375,339.5927734375
2019-03-28,0.0,0.0,55.751953125,0.005859375,13.1123046875,338.4755859375
2019-03-29,0.0,0.0,54.6962890625,0.0,12.455078125,337.076171875
2019-03-30,0.0,0.0,51.3203125,0.0,10.9853515625,333.1064453125
2019-03-31,0.0,0.0,49.4599609375,0.0,11.3408203125,325.1220703125
2019-04-01,0.0,0.0,46.322265625,0.0,10.8974609375,324.361328125
2019-04-02,0.0,0.0,42.6513671875,0.0,10.162109375,321.80859375
2019-04-03,0.0,0.0,39.197265625,0.0,9.67578125,319.9736328125
2019-04-04,0.0,0.0,36.521484375,0.0,9.5107421875,318.0830078125
2019-04-05,0.0,0.0,32.5322265625,0.025390625,8.72265625,315.24609375
2019-04-06,0.0,0.0,31.39453125,0.0,8.7783203125,312.3984375
2019-04-07,0.0,0.0,29.2919921875,0.0,8.2080078125,304.302734375
2019-04-08,0.0,0.0,29.0126953125,0.0,8.244140625,304.7626953125
2019-04-09,0.0,0.0,28.6298828125,0.0,7.779296875,313.1630859375
2019-04-10,0.0,0.0,27.1162109375,0.0,6.90234375,305.951171875
2019-04-11,0.0,0.0,26.1533203125,0.0,6.69921875,303.658203125
2019-04-12,0.0,0.1796875,25.123046875,0.0,5.86328125,300.8798828125
2019-04-13,0.0,0.046875,24.8076171875,0.064453125,5.9375,301.87890625
2019-04-14,0.001953125,0.1015625,25.33203125,0.1572265625,5.0947265625,300.099609375
2019-04-15,0.0,0.0390625,23.533203125,0.0126953125,4.7705078125,301.1015625
2019-04-16,0.0,0.0,22.6328125,0.0,4.4775390625,295.275390625
2019-04-17,0.0,0.0,22.0830078125,0.0,3.830078125,291.400390625
2019-04-18,0.001953125,0.0419921875,22.2392578125,0.025390625,3.169921875,291.65234375
2019-04-19,0.0,0.052734375,20.7763671875,0.0,2.4716796875,287.8369140625
2019-04-20,0.0,0.0234375,19.595703125,0.0,1.984375,285.193359375
2019-04-21,0.0,0.001953125,18.2802734375,0.0,1.40234375,281.3662109375
2019-04-22,0.0,0.0,16.4150390625,0.0,0.8994140625,275.248046875
2019-04-23,0.0,0.0,13.6611328125,0.0,0.341796875,263.3720703125
2019-04-24,0.0,0.0,10.205078125,0.0,0.11328125,243.7158203125
2019-04-25,0.0,0.0,8.505859375,0.0,0.0,223.3095703125
2019-04-26,0.0,0.0,5.9462890625,0.0,0.0,205.6123046875
2019-04-27,0.0,0.0,4.20703125,0.0,0.0,196.0126953125
2019-04-28,0.0,0.0,3.89453125,0.0,0.0,182.9716796875
2019-04-29,0.0,0.2666015625,3.884765625,0.03125,0.0,181.46875
2019-04-30,0.0087890625,0.1298828125,3.6474609375,0.0,0.0,182.3837890625
2019-05-01,0.0,0.1201171875,2.62109375,0.0888671875,0.0,177.5478515625
2019-05-02,0.0,0.0400390625,1.919921875,0.0,0.0,170.8330078125
2019-05-03,0.0,0.0,1.0,0.0,0.0,162.9130859375
2019-05-04,0.0,0.0,0.72265625,0.0,0.0,157.39453125
2019-05-05,0.0,0.0,0.6103515625,0.0,0.0,148.1259765625
2019-05-06,0.0107421875,0.5400390625,2.9541015625,0.32421875,0.072265625,142.748046875
2019-05-07,0.1064453125,0.8349609375,2.50390625,0.50390625,0.0224609375,145.0634765625
2019-05-08,0.0,0.1259765625,0.681640625,0.0,0.0,138.0185546875
2019-05-09,0.0,0.03125,0.3232421875,0.0,0.0,135.806640625
2019-05-10,0.0,0.0009765625,0.126953125,0.0,0.0,124.4326171875
2019-05-11,0.0,0.0,0.041015625,0.0,0.0,111.884765625
2019-05-12,0.0,0.0,0.021484375,0.0,0.0,104.50390625
2019-05-13,0.0,0.0,0.0537109375,0.0,0.0,95.67578125
2019-05-14,1.6640625,0.447265625,5.79296875,0.951171875,0.0,80.0703125
2019-05-15,0.416015625,1.6669921875,0.720703125,0.6201171875,0.1025390625,80.4970703125
2019-05-16,0.0205078125,0.322265625,0.142578125,0.0,0.064453125,71.6689453125
2019-05-17,0.0,0.052734375,0.0361328125,0.0,0.0244140625,59.2861328125
2019-05-18,0.0,0.0,0.005859375,0.0,0.005859375,46.1845703125
2019-05-19,0.0,0.0,0.0,0.0,0.0029296875,32.8115234375
2019-05-20,0.0,0.0,0.0,0.0,0.0,23.1201171875
2019-05-21,0.0,0.0,0.0,0.0,0.017578125,16.0771484375
2019-05-22,0.0,0.0,0.0,0.0,0.005859375,9.634765625
2019-05-23,0.0,0.0,0.0,0.0,0.0,7.16015625
2019-05-24,0.0,0.0,0.0,0.0,0.0,5.1337890625
2019-05-25,0.0,0.0,0.0,0.0,0.0,2.666015625
2019-05-26,0.0,0.0,0.0,0.0,0.0,1.583984375
2019-05-27,0.0,0.0,0.0,0.0,0.0,1.6767578125
2019-05-28,0.0,0.0,0.0,0.0,0.0,0.734375
2019-05-29,0.0,0.0,0.0,0.0,0.0,0.2919921875
2019-05-30,0.0,0.0,0.0,0.0,0.0,0.1708984375
2019-05-31,0.0,0.0,0.0,0.0,0.0,0.125
2019-06-01,0.0,0.0,0.0,0.0,0.0,0.0
2019-06-02,0.0,0.0,0.0,0.0,0.0,0.0
2019-06-03,0.0,0.0,0.0,0.0,0.0,0.0
2019-06-04,0.0,0.0,0.0,0.0,0.0,0.0
2019-06-05,0.0,0.0,0.0,0.0,0.0,0.0
2019-06-06,0.0,0.0,0.0,0.0,0.0,0.0
2019-06-07,0.0,0.0,0.0,0.0,0.0,0.0
2019-06-08,0.0,0.0,0.0,0.0,0.0,0.0
2019-06-09,0.0,0.0,0.0,0.0,0.0,0.0
2019-06-10,0.0,0.0,0.0,0.0,0.0,0.0
2019-06-11,0.0,0.0,0.0,0.0,0.0,0.0
2019-06-12,0.0,0.0,0.0,0.0,0.0,0.0
2019-06-13,0.0,0.0,0.0,0.0,0.0,0.0
2019-06-14,0.0,0.0,0.0,0.0,0.0,0.0
2019-06-15,0.0,0.0,0.0,0.0,0.0,0.0
2019-06-16,0.0,0.0,0.0,0.0,0.0,0.0
2019-06-17,0.0,0.0,0.0,0.0,0.0,0.0
2019-06-18,0.0,0.0,0.0,0.0,0.0,0.0
2019-06-19,0.0,0.0,0.0,0.0,0.0,0.0
2019-06-20,0.0,0.0,0.0,0.0,0.0,0.0
2019-06-21,0.0,0.0,0.0,0.0,0.0,0.0
2019-06-22,0.0,0.0,0.0,0.0,0.0,0.0
2019-06-23,0.0,0.0,0.0,0.0,0.0,0.0
2019-06-24,0.0,0.0,0.0,0.0,0.0,0.0
2019-06-25,0.0,0.0,0.0,0.0,0.0,0.0
2019-06-26,0.0,0.0,0.0,0.0,0.0,0.0
2019-06-27,0.0,0.0,0.0,0.0,0.0,0.0
2019-06-28,0.0,0.0,0.0,0.0,0.0,0.0
2019-06-29,0.0,0.0,0.0,0.0,0.0,0.0
2019-06-30,0.0,0.0,0.0,0.0,0.0,0.0
2019-07-01,0.0,0.0,0.0,0.0,0.0,0.0
2019-07-02,0.0,0.0,0.0,0.0,0.0,0.0
2019-07-03,0.0,0.0,0.0,0.0,0.0,0.0
2019-07-04,0.0,0.0,0.0,0.0,0.0,0.0
2019-07-05,0.0,0.0,0.0,0.0,0.0,0.0
2019-07-06,0.0,0.0,0.0,0.0,0.0,0.0
2019-07-07,0.0,0.0,0.0,0.0,0.0,0.0
2019-07-08,0.0,0.0,0.0,0.0,0.0,0.0
2019-07-09,0.0,0.0,0.0,0.0,0.0,0.0
2019-07-10,0.0,0.0,0.0,0.0,0.0,0.0
2019-07-11,0.0,0.0,0.0,0.0,0.0,0.0
2019-07-12,0.0,0.0,0.0,0.0,0.0,0.0
2019-07-13,0.0,0.0,0.0,0.0,0.0,0.0
2019-07-14,0.0,0.0,0.0,0.0,0.0,0.0
2019-07-15,0.0,0.0,0.0,0.0,0.0,0.0
2019-07-16,0.0,0.0,0.0,0.0,0.0,0.0
2019-07-17,0.0,0.0,0.0,0.0,0.0,0.0
2019-07-18,0.0,0.0,0.0,0.0,0.0,0.0
2019-07-19,0.0,0.0,0.0,0.0,0.0,0.0
2019-07-20,0.0,0.0,0.0,0.0,0.0,0.0
2019-07-21,0.0,0.0,0.0,0.0,0.0,0.0
2019-07-22,0.0,0.0,0.0,0.0,0.0,0.0
2019-07-23,0.0,0.0,0.0,0.0,0.0,0.0
2019-07-24,0.0,0.0,0.0,0.0,0.0,0.0
2019-07-25,0.0,0.0,0.0,0.0,0.0,0.0
2019-07-26,0.0,0.0,0.0,0.0,0.0,0.0
2019-07-27,0.0,0.0,0.0,0.0,0.0,0.0
2019-07-28,0.0,0.0,0.0,0.0,0.0,0.0
2019-07-29,0.0,0.0,0.0,0.0,0.0,0.0
2019-07-30,0.0,0.0,0.0,0.0,0.0,0.0
2019-07-31,0.0,0.0,0.0,0.0,0.0,0.0
2019-08-01,0.0,0.0,0.0,0.0,0.0,0.0
2019-08-02,0.0,0.0,0.0,0.0,0.0,0.0
2019-08-03,0.0,0.0,0.0,0.0,0.0,0.0
2019-08-04,0.0,0.0,0.0,0.0,0.0,0.0
2019-08-05,0.0,0.0,0.0,0.0,0.0,0.0
2019-08-06,0.0,0.0,0.0,0.0,0.0,0.0
2019-08-07,0.0,0.0,0.0,0.0,0.0,0.0
2019-08-08,0.0,0.0,0.0,0.0,0.0,0.0
2019-08-09,0.0,0.0,0.0,0.0,0.0,0.0
2019-08-10,0.0,0.0,0.0,0.0,0.0,0.0
2019-08-11,0.0,0.0,0.0,0.0,0.0,0.0
2019-08-12,0.0,0.0,0.0,0.0,0.0,0.0
2019-08-13,0.0,0.0,0.0,0.0,0.0,0.0
2019-08-14,0.0,0.0,0.0,0.0,0.0,0.0
2019-08-15,0.0,0.0,0.0,0.0,0.0,0.0
2019-08-16,0.0,0.0,0.0,0.0,0.0,0.0
2019-08-17,0.0,0.0,0.0,0.0,0.0,0.0
2019-08-18,0.0,0.0,0.0,0.0,0.0,0.0
2019-08-19,0.0,0.0,0.0,0.0,0.0,0.0
2019-08-20,0.0,0.0,0.0,0.0,0.0,0.0
2019-08-21,0.0,0.0,0.0,0.0,0.0,0.0
2019-08-22,0.0,0.0,0.0,0.0,0.0,0.0
2019-08-23,0.0,0.0,0.0,0.0,0.0,0.0
2019-08-24,0.0,0.0,0.0,0.0,0.0,0.0
2019-08-25,0.0,0.0,0.0,0.0,0.0,0.0
2019-08-26,0.0,0.0,0.0,0.0,0.0,0.0
2019-08-27,0.0,0.0,0.0,0.0,0.0,0.0
2019-08-28,0.0,0.0,0.0,0.0,0.0,0.0
2019-08-29,0.0,0.0,0.0,0.0,0.0,0.0
2019-08-30,0.0,0.0,0.0,0.0,0.0,0.0
2019-08-31,0.0,0.0,0.0,0.0,0.0,0.0
2019-09-01,0.0,0.0,0.0,0.0,0.0,0.0
2019-09-02,0.0,0.0,0.0,0.0,0.0,0.0
2019-09-03,0.0,0.0,0.0,0.0,0.0,0.0
2019-09-04,0.0,0.0,0.0,0.0,0.0,0.0
2019-09-05,0.0,0.0,0.0,0.0,0.0,0.0
2019-09-06,0.0,0.0,0.0,0.0,0.0,0.0
2019-09-07,0.0,0.0,0.0,0.0,0.0,0.0
2019-09-08,0.0,0.0,0.0,0.0,0.0,0.0
2019-09-09,0.0,0.0,0.0,0.0,0.0,0.0
2019-09-10,0.0,0.0,0.0,0.0,0.0,0.0
2019-09-11,0.0,0.0,0.0,0.0,0.0,0.0
2019-09-12,0.0,0.0,0.0,0.0,0.0,0.0
2019-09-13,0.0,0.0,0.0,0.0,0.0,0.0
2019-09-14,0.0,0.0,0.0,0.0,0.0,0.0
2019-09-15,0.0,0.0,0.0,0.0,0.0,0.0
2019-09-16,0.0,0.0,0.0,0.0,0.0,0.0
2019-09-17,0.0,0.0,0.0,0.0,0.0,0.0
2019-09-18,0.0,0.0,0.0,0.0,0.0,0.0
2019-09-19,0.0,0.0,0.0,0.0,0.0,0.0
2019-09-20,0.0,0.0,0.0,0.0,0.0,0.0
2019-09-21,0.0,0.0,0.0,0.0,0.0,0.0
2019-09-22,0.0,0.0,0.0,0.0,0.0,0.0
2019-09-23,0.0,0.0,0.0,0.0,0.0,0.0
2019-09-24,0.0,0.0,0.0,0.0,0.0,0.0
2019-09-25,0.0,0.0,0.0,0.0,0.0,0.0
2019-09-26,0.0,0.0,0.0,0.0,0.0,0.0
2019-09-27,0.0,0.0,0.0,0.0,0.0,0.0
2019-09-28,0.0,0.0,0.0,0.0,0.0,0.0
2019-09-29,0.0,0.0,0.0,0.0,0.0,0.0
2019-09-30,0.0,0.0,0.0,0.0,0.0,0.0
2019-10-01,0.0,0.0,0.0,0.0,0.0,0.0
2019-10-02,0.0,0.0,0.0,0.0,0.0,0.0
2019-10-03,0.0,0.0,0.0,0.0,0.0,0.0
2019-10-04,0.0,0.0,0.0009765625,0.0,0.0,0.0234375
2019-10-05,0.0,0.0,0.0,0.0,0.0,0.0
2019-10-06,0.0,0.0,0.0,0.0,0.0,0.0
2019-10-07,0.0,0.0,0.0,0.0,0.0,0.0
2019-10-08,0.0,0.0,0.0,0.0,0.0,0.0
2019-10-09,0.0,0.0,0.0,0.0,0.0,0.0
2019-10-10,0.0,0.0,0.0,0.0,0.0,0.0
2019-10-11,0.0,0.0,0.0,0.0,0.0,0.0
2019-10-12,0.0,0.0,0.0,0.0,0.0,0.0
2019-10-13,0.0,0.0,0.0,0.0,0.0,0.0
2019-10-14,0.0,0.0,0.0,0.0,0.0,0.0
2019-10-15,0.0,0.0,0.0,0.0,0.0,0.0
2019-10-16,0.0,0.0,0.0,0.0,0.0,0.0
2019-10-17,0.0,0.0,0.0,0.0,0.0,0.0
2019-10-18,0.0,0.0,0.0,0.0,0.0,0.0
2019-10-19,0.0,0.0,0.0,0.0,0.0,0.0
2019-10-20,0.0,0.0,0.0,0.0,0.0,0.0
2019-10-21,0.0,0.0,0.0,0.0,0.0,0.0
2019-10-22,0.0,0.0,0.0,0.0,0.0,0.0
2019-10-23,0.0,0.0,0.0,0.0,0.0,0.0
2019-10-24,0.0,0.0,0.0,0.0,0.0,0.0
2019-10-25,0.0,0.0,0.0,0.0,0.0,0.0
2019-10-26,0.0,0.0,0.0,0.0,0.0,0.0
2019-10-27,0.0,0.0,0.0,0.0,0.0,0.0
2019-10-28,0.0,0.0,0.0,0.0,0.0,0.0
2019-10-29,0.0,0.0,0.0,0.0,0.0,0.0
2019-10-30,0.0,0.0,0.0,0.0,0.0,0.0
2019-10-31,0.0,0.0,0.0,0.0,0.0,0.0
2019-11-01,0.0,0.0,0.0,0.0,0.0,0.0
2019-11-02,0.0,0.0,0.0,0.0,0.0,0.0
2019-11-03,0.0,0.0,0.0,0.0,0.0,0.0
2019-11-04,0.0,0.0,0.0,0.0,0.0,0.0
2019-11-05,0.0,0.0,0.0,0.0,0.0,0.0
2019-11-06,0.0,0.0,0.0,0.0,0.0,0.0
2019-11-07,0.0,0.0,0.056640625,0.0,0.0,0.0
2019-11-08,0.0,0.0,0.0322265625,0.0,0.0048828125,0.0888671875
2019-11-09,0.0,0.0,0.00390625,0.0,0.0,0.044921875
2019-11-10,0.0,0.0,0.0009765625,0.0,0.0,0.041015625
2019-11-11,0.0,0.0,0.2412109375,0.0,0.037109375,0.74609375
2019-11-12,0.0,0.0,0.0654296875,0.0,0.0146484375,0.4833984375
2019-11-13,0.0,0.0,0.015625,0.0,0.0126953125,0.2666015625
2019-11-14,0.0,0.0,0.0,0.0,0.0068359375,0.08203125
2019-11-15,0.0,0.0,0.0,0.0,0.0048828125,0.0439453125
2019-11-16,0.0,0.0,0.0,0.0,0.0,0.0
2019-11-17,0.0,0.0,0.0,0.0,0.0,0.0
2019-11-18,0.0,0.0,0.0,0.0,0.0,0.2158203125
2019-11-19,0.0,0.0,0.0,0.0,0.0,0.6279296875
2019-11-20,0.0,0.0,0.0,0.0,0.0,0.388671875
2019-11-21,0.0,0.0,0.0,0.0,0.013671875,0.3798828125
2019-11-22,0.0,0.0,0.0,0.0,0.0078125,0.3154296875
2019-11-23,0.0,0.0,0.0,0.0,0.00390625,0.2451171875
2019-11-24,0.0,0.0,0.0,0.0,0.0,0.1875
2019-11-25,0.0,0.0,0.0,0.0,0.0,0.12890625
2019-11-26,0.0,0.0,0.0,0.0,0.0,0.03515625
2019-11-27,0.0,0.0,0.0,0.0,0.0,0.0
2019-11-28,0.0,0.0,0.0,0.0,0.0,0.0
2019-11-29,0.0,0.0,0.0,0.0947265625,0.0,0.130859375
2019-11-30,0.158203125,3.09375,0.908203125,0.06640625,0.0439453125,2.048828125
2019-12-01,0.005859375,2.9716796875,0.8544921875,0.0,0.0771484375,0.4794921875
2019-12-02,1.734375,3.662109375,1.8076171875,0.4599609375,0.3486328125,0.7451171875
2019-12-03,7.2822265625,11.3349609375,8.9736328125,5.412109375,0.3251953125,17.138671875
2019-12-04,2.5810546875,7.6787109375,5.849609375,0.6787109375,0.52734375,15.50390625
2019-12-05,1.9716796875,9.009765625,4.32421875,0.6162109375,0.5712890625,16.9990234375
2019-12-06,2.1416015625,8.4296875,3.568359375,0.7626953125,0.4755859375,16.326171875
2019-12-07,1.595703125,6.1044921875,2.3095703125,0.5107421875,0.427734375,14.7001953125
2019-12-08,1.068359375,5.1630859375,2.3046875,0.7060546875,0.376953125,14.6904296875
2019-12-09,0.0126953125,2.0439453125,1.2041015625,0.068359375,0.2841796875,14.0556640625
2019-12-10,10.126953125,15.0439453125,10.865234375,8.509765625,1.005859375,22.4013671875
2019-12-11,2.3173828125,7.326171875,10.7607421875,3.1845703125,1.4072265625,24.556640625
2019-12-12,0.380859375,5.2802734375,7.36328125,0.2421875,0.392578125,28.0166015625
2019-12-13,0.2998046875,5.212890625,10.400390625,1.1484375,2.220703125,37.220703125
2019-12-14,0.0,1.8515625,10.3662109375,0.5927734375,5.0419921875,45.0908203125
2019-12-15,0.0,0.744140625,8.1044921875,0.0,5.556640625,41.7724609375
2019-12-16,0.0,0.330078125,5.541015625,0.0,4.880859375,40.400390625
2019-12-17,0.0,0.037109375,4.1376953125,0.0,3.8076171875,38.72265625
2019-12-18,0.0,0.001953125,3.3447265625,0.0,3.333984375,38.640625
2019-12-19,0.0,0.0,3.296875,0.0,3.0361328125,38.517578125
2019-12-20,0.0,0.0,1.4873046875,0.0,2.2939453125,34.1884765625
2019-12-21,0.0,0.0,0.326171875,0.0,0.6396484375,23.8837890625
2019-12-22,0.0,0.0,0.689453125,0.0,0.638671875,24.787109375
2019-12-23,4.73828125,10.4169921875,5.1884765625,3.951171875,1.1025390625,36.8017578125
2019-12-24,3.13671875,15.458984375,5.662109375,4.234375,1.4560546875,44.98046875
2019-12-25,0.541015625,8.4560546875,3.2255859375,0.9375,1.373046875,47.8837890625
2019-12-26,1.9208984375,11.7197265625,3.146484375,2.4599609375,1.4111328125,49.66015625
2019-12-27,0.6455078125,9.7353515625,2.466796875,0.5732421875,1.5595703125,50.4462890625
2019-12-28,8.5302734375,22.744140625,8.04296875,6.5322265625,2.2080078125,53.83203125
2019-12-29,11.2001953125,32.150390625,12.5361328125,6.9296875,2.0888671875,57.474609375
2019-12-30,27.8818359375,49.767578125,20.8447265625,15.7783203125,6.31640625,61.732421875
2019-12-31,25.6923828125,49.89453125,21.5068359375,16.4423828125,6.0771484375,67.146484375
2020-01-01,21.75,47.583984375,20.32421875,15.107421875,5.4560546875,68.2646484375
2020-01-02,15.4453125,40.1767578125,15.6728515625,9.0234375,2.5302734375,66.509765625
2020-01-03,12.3544921875,36.779296875,12.9873046875,6.0439453125,1.9814453125,65.181640625
2020-01-04,12.3994140625,37.294921875,12.373046875,5.4130859375,2.1796875,64.7568359375
2020-01-05,19.4921875,45.8134765625,17.8359375,10.646484375,3.0263671875,66.4208984375
2020-01-06,23.859375,54.44140625,21.453125,11.4033203125,3.40625,67.5419921875
2020-01-07,26.130859375,55.72265625,22.5595703125,12.3505859375,3.7861328125,68.03515625
2020-01-08,24.5859375,53.6552734375,20.9443359375,10.16015625,2.595703125,67.6904296875
2020-01-09,20.9453125,49.341796875,15.5390625,4.4482421875,2.32421875,68.0146484375
2020-01-10,20.341796875,49.0390625,15.12890625,4.544921875,2.376953125,68.8427734375
2020-01-11,20.818359375,49.6474609375,15.291015625,4.8291015625,2.37109375,70.2392578125
2020-01-12,21.1689453125,49.2119140625,15.1962890625,4.2724609375,2.365234375,69.82421875
2020-01-13,17.78515625,47.5263671875,13.271484375,2.818359375,2.3486328125,71.6552734375
2020-01-14,15.328125,45.5712890625,10.8857421875,1.6083984375,2.4814453125,73.6982421875
2020-01-15,12.8828125,43.900390625,9.404296875,0.98828125,2.5595703125,74.904296875
2020-01-16,9.4873046875,41.8095703125,7.4755859375,0.4931640625,2.61328125,76.2177734375
2020-01-17,8.84765625,42.2470703125,7.486328125,0.4521484375,2.7265625,78.5068359375
2020-01-18,7.9697265625,42.2822265625,7.4033203125,0.2822265625,2.873046875,80.841796875
2020-01-19,8.9130859375,43.0673828125,8.705078125,0.283203125,3.154296875,84.396484375
2020-01-20,8.8876953125,44.169921875,8.4482421875,0.1484375,3.8203125,87.005859375
2020-01-21,9.154296875,46.2978515625,8.6162109375,0.0546875,3.7890625,88.6474609375
2020-01-22,8.474609375,47.0380859375,9.0693359375,0.0087890625,3.8935546875,90.3828125
2020-01-23,9.7509765625,48.767578125,9.49609375,0.01171875,4.04296875,91.9560546875
2020-01-24,8.3583984375,49.0546875,9.6328125,0.0,3.935546875,94.095703125
2020-01-25,6.9462890625,47.2001953125,9.451171875,0.1220703125,3.4052734375,97.28125
2020-01-26,5.01171875,43.986328125,11.26171875,0.1015625,3.5751953125,104.85546875
2020-01-27,3.9140625,45.6689453125,23.8515625,2.302734375,4.5078125,113.5947265625
2020-01-28,0.865234375,34.716796875,20.1103515625,0.37109375,5.3076171875,118.734375
2020-01-29,2.7666015625,39.095703125,19.2705078125,1.3720703125,5.0126953125,127.5712890625
2020-01-30,0.771484375,36.46875,17.6142578125,0.3779296875,6.2373046875,127.8349609375
2020-01-31,0.412109375,34.08984375,16.9404296875,0.0,6.16015625,127.125
2020-02-01,0.3779296875,30.5751953125,16.7646484375,0.0,6.1318359375,127.7587890625
2020-02-02,0.525390625,26.330078125,15.7958984375,0.0,5.6923828125,126.6083984375
2020-02-03,0.0,16.8203125,13.8583984375,0.0,5.01953125,123.25390625
2020-02-04,3.16015625,12.1953125,14.837890625,3.037109375,5.5185546875,121.89453125
2020-02-05,17.396484375,31.1015625,28.330078125,16.8134765625,11.9990234375,150.111328125
2020-02-06,17.919921875,38.796875,34.0458984375,22.2880859375,13.896484375,161.89453125
2020-02-07,22.587890625,46.5380859375,35.8134765625,23.6357421875,11.79296875,165.9619140625
2020-02-08,19.72265625,46.0009765625,34.7333984375,21.765625,10.8154296875,169.6083984375
2020-02-09,12.8935546875,41.955078125,29.9287109375,15.5888671875,8.794921875,166.1171875
2020-02-10,6.0078125,30.640625,23.7646484375,8.2685546875,8.4580078125,168.0615234375
2020-02-11,4.8193359375,25.98828125,19.1376953125,4.7841796875,7.2041015625,164.6220703125
2020-02-12,6.0712890625,26.779296875,18.9375,4.3671875,6.421875,167.4111328125
2020-02-13,4.486328125,24.26171875,17.326171875,1.306640625,6.4375,159.333984375
2020-02-14,2.4912109375,19.86328125,17.5322265625,1.51953125,6.0185546875,164.654296875
2020-02-15,0.552734375,19.7939453125,16.126953125,0.7041015625,8.1396484375,167.53515625
2020-02-16,0.099609375,16.9287109375,15.3876953125,0.0,7.958984375,167.0166015625
2020-02-17,0.171875,12.306640625,15.4658203125,0.0,7.318359375,165.58203125
2020-02-18,0.001953125,8.01171875,15.2509765625,0.0,6.794921875,164.51953125
2020-02-19,1.287109375,9.0830078125,17.6318359375,2.6044921875,6.5849609375,163.939453125
2020-02-20,3.017578125,12.44140625,18.8076171875,2.6376953125,7.7734375,166.9736328125
2020-02-21,0.4052734375,10.951171875,16.2041015625,0.6845703125,7.3671875,166.78125
2020-02-22,0.0458984375,9.369140625,15.8564453125,0.16796875,7.1552734375,166.009765625
2020-02-23,0.0,6.5009765625,15.771484375,0.0,6.9599609375,166.9521484375
2020-02-24,0.0,4.849609375,15.3408203125,0.0,6.5673828125,166.947265625
2020-02-25,0.0,0.798828125,12.9501953125,0.0,5.9423828125,162.6640625
2020-02-26,0.0830078125,0.3974609375,15.8603515625,0.0,8.2958984375,172.81640625
2020-02-27,6.4326171875,8.4326171875,26.7392578125,6.0009765625,30.564453125,189.185546875
2020-02-28,22.126953125,28.1962890625,36.1259765625,13.9814453125,30.4697265625,201.4912109375
2020-02-29,8.50390625,22.4765625,33.7646484375,7.4853515625,28.470703125,210.796875
2020-03-01,5.5576171875,19.10546875,32.6171875,6.0546875,21.6259765625,222.521484375
2020-03-02,1.5234375,6.6279296875,25.5693359375,1.6875,14.6767578125,226.1240234375
2020-03-03,0.0,1.11328125,27.3544921875,0.7041015625,11.6416015625,251.455078125
2020-03-04,0.2802734375,3.2919921875,34.4833984375,2.9208984375,12.1552734375,267.005859375
2020-03-05,0.025390625,0.3515625,29.689453125,0.4951171875,12.0869140625,265.908203125
2020-03-06,0.0390625,0.185546875,29.8974609375,0.078125,12.3603515625,281.2421875
2020-03-07,6.4970703125,8.755859375,43.447265625,6.5087890625,16.39453125,292.6748046875
2020-03-08,6.7548828125,10.8154296875,52.79296875,9.0234375,22.580078125,307.802734375
2020-03-09,2.4482421875,9.41796875,48.1494140625,3.130859375,18.3193359375,295.19140625
2020-03-10,3.6669921875,14.6015625,46.4814453125,6.3779296875,17.0146484375,295.2177734375
2020-03-11,1.478515625,9.875,39.9931640625,0.6845703125,15.9892578125,295.560546875
2020-03-12,0.119140625,2.8994140625,33.482421875,0.0,14.15625,290.6171875
2020-03-13,0.0,0.4072265625,30.4140625,0.0,12.7783203125,285.1845703125
2020-03-14,3.154296875,5.2939453125,29.2919921875,0.2451171875,11.4052734375,280.9140625
2020-03-15,0.66796875,1.1767578125,28.279296875,0.21875,12.1826171875,283.607421875
2020-03-16,0.3583984375,0.677734375,27.0234375,0.00390625,12.26171875,284.3046875
2020-03-17,0.0703125,0.2109375,25.52734375,0.0,12.046875,285.6904296875
2020-03-18,0.0078125,0.0869140625,24.4130859375,0.0,11.486328125,284.7001953125
2020-03-19,0.0048828125,0.0419921875,23.8662109375,0.0,11.4296875,281.859375
2020-03-20,0.001953125,0.0185546875,22.650390625,0.0,10.814453125,275.017578125
2020-03-21,0.001953125,0.009765625,22.0576171875,0.0,10.484375,274.892578125
2020-03-22,2.2431640625,2.5771484375,27.19140625,2.7275390625,10.3330078125,277.0341796875
2020-03-23,4.4931640625,5.580078125,30.65625,6.0107421875,12.7841796875,287.822265625
2020-03-24,5.708984375,8.5087890625,34.4326171875,6.4892578125,14.11328125,291.9296875
2020-03-25,1.3173828125,6.982421875,32.705078125,3.0478515625,11.5595703125,296.4638671875
2020-03-26,0.6083984375,5.638671875,31.634765625,3.1787109375,10.4169921875,297.8076171875
2020-03-27,0.685546875,3.96484375,31.3056640625,2.4423828125,10.4111328125,301.962890625
2020-03-28,0.171875,1.7578125,28.1015625,1.255859375,10.1708984375,296.9755859375
2020-03-29,0.0,0.9169921875,26.4853515625,0.380859375,9.1689453125,296.0380859375
2020-03-30,0.1435546875,1.068359375,25.8369140625,0.2724609375,9.7880859375,294.8974609375
2020-03-31,6.2333984375,8.2060546875,39.9150390625,5.90625,14.412109375,306.009765625
2020-04-01,9.6865234375,12.9775390625,41.6533203125,12.3662109375,21.033203125,321.763671875
2020-04-02,1.9150390625,7.5849609375,35.4609375,1.7734375,12.0087890625,319.4814453125
2020-04-03,0.4912109375,3.9033203125,32.0673828125,0.4765625,11.9208984375,325.08984375
2020-04-04,0.1728515625,2.0048828125,31.1181640625,0.9365234375,10.0009765625,328.5048828125
2020-04-05,0.0,0.6357421875,29.3525390625,0.4541015625,9.78515625,327.5146484375
2020-04-06,0.0,0.240234375,28.619140625,0.0,9.9677734375,326.8369140625
2020-04-07,0.0,0.1708984375,28.2919921875,0.0,9.7392578125,323.2216796875
2020-04-08,0.0,0.0673828125,27.669921875,0.0,9.17578125,319.595703125
2020-04-09,0.0,0.0,26.7607421875,0.0,8.4990234375,316.3017578125
2020-04-10,0.0,0.0,25.666015625,0.0,7.548828125,313.33984375
2020-04-11,0.0,0.0,24.4462890625,0.0,6.5654296875,301.6142578125
2020-04-12,0.0,0.0,23.69921875,0.0,5.828125,299.0634765625
2020-04-13,0.0,0.0,21.638671875,0.0,4.931640625,290.4296875
2020-04-14,8.724609375,10.6748046875,37.5986328125,10.537109375,12.0478515625,308.6953125
2020-04-15,0.134765625,2.19140625,29.765625,0.875,6.65625,308.2626953125
2020-04-16,0.01953125,0.904296875,26.9130859375,0.041015625,5.8701171875,310.1904296875
2020-04-17,0.0,0.19140625,24.0126953125,0.0,4.7470703125,297.3955078125
2020-04-18,0.0,0.0361328125,21.8916015625,0.0,4.0166015625,292.06640625
2020-04-19,0.0,0.0,18.978515625,0.0,3.0341796875,280.9423828125
2020-04-20,0.0,0.0,17.3212890625,0.0,2.0400390625,269.740234375
2020-04-21,0.0,0.1240234375,18.8193359375,0.140625,1.8232421875,265.0546875
2020-04-22,0.0,0.2236328125,18.8603515625,0.83203125,1.6181640625,267.294921875
2020-04-23,0.0,0.083984375,17.537109375,0.0,1.2880859375,261.6591796875
2020-04-24,0.0,0.03125,16.677734375,0.0,0.84765625,257.2265625
2020-04-25,0.0,0.0,14.34765625,0.0,0.3642578125,248.96875
2020-04-26,0.0,0.0,12.98828125,0.0,0.01171875,238.7568359375
2020-04-27,0.0,0.0,11.2939453125,0.0,0.0,227.7666015625
2020-04-28,0.0,0.0,8.8603515625,0.0,0.0,214.3408203125
2020-04-29,0.0,0.0,6.2578125,0.0,0.0,201.765625
2020-04-30,0.0,0.0,5.0546875,0.0,0.0,191.0986328125
2020-05-01,0.0,0.0,2.7373046875,0.0,0.0,177.587890625
2020-05-02,0.0,0.0,2.5361328125,0.0,0.0,169.6806640625
2020-05-03,0.0,0.0,2.013671875,0.0,0.0,164.830078125
2020-05-04,0.0,0.0,1.5810546875,0.0,0.0,157.8544921875
2020-05-05,0.0,0.0,0.6796875,0.0,0.0,147.0859375
2020-05-06,0.0,0.015625,1.1494140625,0.0947265625,0.0,146.03515625
2020-05-07,0.0,0.0615234375,0.5576171875,0.0146484375,0.0,145.9287109375
2020-05-08,0.0,0.0146484375,0.2861328125,0.0,0.0,141.2626953125
2020-05-09,0.0,0.0,0.103515625,0.0,0.0,127.0908203125
2020-05-10,0.0,0.0,0.044921875,0.0,0.0,116.1181640625
2020-05-11,0.0,0.0,0.0126953125,0.0,0.0,104.4501953125
2020-05-12,0.0,0.0,0.0,0.0,0.0,84.287109375
2020-05-13,0.0,0.0,0.0,0.0,0.0,63.1298828125
2020-05-14,0.0,0.0,0.0,0.0,0.0,41.08984375
2020-05-15,0.0,0.0,0.0,0.0,0.0,19.90625
2020-05-16,0.0,0.0,0.0,0.0,0.0,9.1142578125
2020-05-17,0.0,0.0,0.0,0.0,0.0,4.21484375
2020-05-18,0.0,0.0,0.0,0.0,0.0,2.1220703125
2020-05-19,0.0,0.0,0.0,0.0,0.0,0.6884765625
2020-05-20,0.0,0.0,0.0,0.0,0.0,0.2802734375
2020-05-21,0.0,0.0,0.0,0.0,0.0,0.1337890625
2020-05-22,0.0,0.0,0.0,0.0,0.0,0.095703125
2020-05-23,0.0,0.0,0.0,0.0,0.0,0.0
2020-05-24,0.0,0.0,0.0,0.0,0.0,0.0
2020-05-25,0.0,0.0,0.0,0.0,0.0,0.0
2020-05-26,0.0,0.005859375,0.0,0.0,0.0,0.0
2020-05-27,0.0,0.0,0.2265625,0.017578125,0.0,0.33984375
2020-05-28,0.0,0.0,0.0517578125,0.0,0.0,0.333984375
2020-05-29,0.0,0.0,0.0,0.0,0.0,0.19921875
2020-05-30,0.0,0.0,0.0,0.0,0.0,0.07421875
2020-05-31,0.0,0.0,0.0,0.0,0.0,0.0322265625
2020-06-01,0.0,0.0,0.0,0.0,0.0,0.0
2020-06-02,0.0,0.0,0.0,0.0,0.0,0.0
2020-06-03,0.0,0.0,0.0,0.0,0.0,0.0
2020-06-04,0.0,0.0,0.0,0.0,0.0,0.0
2020-06-05,0.0,0.0,0.0,0.0,0.0,0.0
2020-06-06,0.0,0.0,0.0,0.0,0.0,0.0
2020-06-07,0.0,0.0,0.0,0.0,0.0,0.0
2020-06-08,0.0,0.0,0.0,0.0,0.0,0.0
2020-06-09,0.0,0.0,0.0,0.0,0.0,0.0
2020-06-10,0.0,0.0,0.0,0.0,0.0,0.0
2020-06-11,0.0,0.0,0.0,0.0,0.0,0.0
2020-06-12,0.0,0.0,0.0,0.0,0.0,0.0
2020-06-13,0.0,0.0,0.0,0.0,0.0,0.0
2020-06-14,0.0,0.0,0.0,0.0,0.0,0.0
2020-06-15,0.0,0.0,0.0,0.0,0.0,0.0
2020-06-16,0.0,0.0,0.0,0.0,0.0,0.0
2020-06-17,0.0,0.0,0.0,0.0,0.0,0.0
2020-06-18,0.0,0.0,0.0,0.0,0.0,0.0
2020-06-19,0.0,0.0,0.0,0.0,0.0,0.0
2020-06-20,0.0,0.0,0.0,0.0,0.0,0.0
2020-06-21,0.0,0.0,0.0,0.0,0.0,0.0
2020-06-22,0.0,0.0,0.0,0.0,0.0,0.0
2020-06-23,0.0,0.0,0.0,0.0,0.0,0.0
2020-06-24,0.0,0.0,0.0,0.0,0.0,0.0
2020-06-25,0.0,0.0,0.0,0.0,0.0,0.0
2020-06-26,0.0,0.0,0.0,0.0,0.0,0.0
2020-06-27,0.0,0.0,0.0,0.0,0.0,0.0
2020-06-28,0.0,0.0,0.0,0.0,0.0,0.0
2020-06-29,0.0,0.0,0.0,0.0,0.0,0.0
2020-06-30,0.0,0.0,0.0,0.0,0.0,0.0
2020-07-01,0.0,0.0,0.0,0.0,0.0,0.0
2020-07-02,0.0,0.0,0.0,0.0,0.0,0.0
2020-07-03,0.0,0.0,0.0,0.0,0.0,0.0
2020-07-04,0.0,0.0,0.0,0.0,0.0,0.0
2020-07-05,0.0,0.0,0.0,0.0,0.0,0.0
2020-07-06,0.0,0.0,0.0,0.0,0.0,0.0
2020-07-07,0.0,0.0,0.0,0.0,0.0,0.0
2020-07-08,0.0,0.0,0.0,0.0,0.0,0.0
2020-07-09,0.0,0.0,0.0,0.0,0.0,0.0
2020-07-10,0.0,0.0,0.0,0.0,0.0,0.0
2020-07-11,0.0,0.0,0.0,0.0,0.0,0.0
2020-07-12,0.0,0.0,0.0,0.0,0.0,0.0
2020-07-13,0.0,0.0,0.0,0.0,0.0,0.0
2020-07-14,0.0,0.0,0.0,0.0,0.0,0.0
2020-07-15,0.0,0.0,0.0,0.0,0.0,0.0
2020-07-16,0.0,0.0,0.0,0.0,0.0,0.0
2020-07-17,0.0,0.0,0.0,0.0,0.0,0.0
2020-07-18,0.0,0.0,0.0,0.0,0.0,0.0
2020-07-19,0.0,0.0,0.0,0.0,0.0,0.0
2020-07-20,0.0,0.0,0.0,0.0,0.0,0.0
2020-07-21,0.0,0.0,0.0,0.0,0.0,0.0
2020-07-22,0.0,0.0,0.0,0.0,0.0,0.0
2020-07-23,0.0,0.0,0.0,0.0,0.0,0.0
2020-07-24,0.0,0.0,0.0,0.0,0.0,0.0
2020-07-25,0.0,0.0,0.0,0.0,0.0,0.0
2020-07-26,0.0,0.0,0.0,0.0,0.0,0.0
2020-07-27,0.0,0.0,0.0,0.0,0.0,0.0
2020-07-28,0.0,0.0,0.0,0.0,0.0,0.0
2020-07-29,0.0,0.0,0.0,0.0,0.0,0.0
2020-07-30,0.0,0.0,0.0,0.0,0.0,0.0
2020-07-31,0.0,0.0,0.0,0.0,0.0,0.0
2020-08-01,0.0,0.0,0.0,0.0,0.0,0.0
2020-08-02,0.0,0.0,0.0,0.0,0.0,0.0
2020-08-03,0.0,0.0,0.0,0.0,0.0,0.0
2020-08-04,0.0,0.0,0.0,0.0,0.0,0.0
2020-08-05,0.0,0.0,0.0,0.0,0.0,0.0
2020-08-06,0.0,0.0,0.0,0.0,0.0,0.0
2020-08-07,0.0,0.0,0.0,0.0,0.0,0.0
2020-08-08,0.0,0.0,0.0,0.0,0.0,0.0
2020-08-09,0.0,0.0,0.0,0.0,0.0,0.0
2020-08-10,0.0,0.0,0.0,0.0,0.0,0.0
2020-08-11,0.0,0.0,0.0,0.0,0.0,0.0
2020-08-12,0.0,0.0,0.0,0.0,0.0,0.0
2020-08-13,0.0,0.0,0.0,0.0,0.0,0.0
2020-08-14,0.0,0.0,0.0,0.0,0.0,0.0
2020-08-15,0.0,0.0,0.0,0.0,0.0,0.0
2020-08-16,0.0,0.0,0.0,0.0,0.0,0.0
2020-08-17,0.0,0.0,0.0,0.0,0.0,0.0
2020-08-18,0.0,0.0,0.0,0.0,0.0,0.0
2020-08-19,0.0,0.0,0.0,0.0,0.0,0.0
2020-08-20,0.0,0.0,0.0,0.0,0.0,0.0
2020-08-21,0.0,0.0,0.0,0.0,0.0,0.0
2020-08-22,0.0,0.0,0.0,0.0,0.0,0.0
2020-08-23,0.0,0.0,0.0,0.0,0.0,0.0
2020-08-24,0.0,0.0,0.0,0.0,0.0,0.0
2020-08-25,0.0,0.0,0.0,0.0,0.0,0.0
2020-08-26,0.0,0.0,0.0,0.0,0.0,0.0
2020-08-27,0.0,0.0,0.0,0.0,0.0,0.0
2020-08-28,0.0,0.0,0.0,0.0,0.0,0.0
2020-08-29,0.0,0.0,0.0,0.0,0.0,0.0
2020-08-30,0.0,0.0,0.0,0.0,0.0,0.0
2020-08-31,0.0,0.0,0.0,0.0,0.0,0.0
2020-09-01,0.0,0.0,0.0,0.0,0.0,0.0
2020-09-02,0.0,0.0,0.0,0.0,0.0,0.0
2020-09-03,0.0,0.0,0.0,0.0,0.0,0.0
2020-09-04,0.0,0.0,0.0,0.0,0.0,0.0
2020-09-05,0.0,0.0,0.0,0.0,0.0,0.0
2020-09-06,0.0,0.0,0.0,0.0,0.0,0.0
2020-09-07,0.0,0.0,0.0,0.0,0.0,0.0
2020-09-08,0.0,0.0,0.0,0.0,0.0,0.0
2020-09-09,0.0,0.0,0.0,0.0,0.0,0.0
2020-09-10,0.0,0.0,0.0,0.0,0.0,0.0
2020-09-11,0.0,0.0,0.0,0.0,0.0,0.0
2020-09-12,0.0,0.0,0.0,0.0,0.0,0.0
2020-09-13,0.0,0.0,0.0,0.0,0.0,0.0
2020-09-14,0.0,0.0,0.0,0.0,0.0,0.0
2020-09-15,0.0,0.0,0.0,0.0,0.0,0.0
2020-09-16,0.0,0.0,0.0,0.0,0.0,0.0
2020-09-17,0.0,0.0,0.0,0.0,0.0,0.0
2020-09-18,0.0,0.0,0.0,0.0,0.0,0.0
2020-09-19,0.0,0.0,0.0,0.0,0.0,0.0
2020-09-20,0.0,0.0,0.0,0.0,0.0,0.0
2020-09-21,0.0,0.0,0.0,0.0,0.0,0.0
2020-09-22,0.0,0.0,0.0,0.0,0.0,0.0
2020-09-23,0.0,0.0,0.0,0.0,0.0,0.0
2020-09-24,0.0,0.0,0.0,0.0,0.0,0.0
2020-09-25,0.0,0.0,0.0,0.0,0.0,0.0
2020-09-26,0.0,0.0,0.0,0.0,0.0,0.0
2020-09-27,0.0,0.0,0.0078125,0.0,0.0,0.0
2020-09-28,0.0,0.0,0.0107421875,0.0,0.0,0.0
2020-09-29,0.0,0.0,0.0,0.0,0.0,0.0
2020-09-30,0.0,0.0,0.0,0.0,0.0,0.0
2020-10-01,0.0,0.0,0.0,0.0,0.0,0.0
2020-10-02,0.0,0.0,0.0,0.0,0.0,0.0
2020-10-03,0.0,0.0,0.0,0.0,0.0,0.0
2020-10-04,0.0,0.0,0.0,0.0,0.0,0.0
2020-10-05,0.0,0.0,0.0,0.0,0.0,0.0
2020-10-06,0.0,0.0,0.0,0.0,0.0,0.0
2020-10-07,0.0,0.0,0.0,0.0,0.0,0.0
2020-10-08,0.0,0.0,0.0,0.0,0.0,0.0
2020-10-09,0.0,0.0,0.0,0.0,0.0,0.0
2020-10-10,0.0,0.0,0.0,0.0,0.0,0.0
2020-10-11,0.0,0.0,0.0,0.0,0.0,0.0
2020-10-12,0.0,0.0,0.017578125,0.0,0.0,0.0
2020-10-13,3.005859375,1.1875,4.408203125,0.84375,0.0,0.0
2020-10-14,0.0,0.0,0.0361328125,0.0,0.0,0.0
2020-10-15,0.0,0.0,0.0009765625,0.0,0.0,0.0
2020-10-16,0.0,0.0,0.0,0.0,0.0,0.0
2020-10-17,0.0,0.0,0.0,0.0,0.0,0.5224609375
2020-10-18,0.0,0.0,0.0,0.0,0.0,0.4365234375
2020-10-19,0.0,0.0,0.0,0.0,0.0,0.34765625
2020-10-20,0.0,0.0,0.0,0.0,0.0,0.2392578125
2020-10-21,0.0,0.0,0.0,0.0,0.0,0.1640625
2020-10-22,0.0,0.0,0.0,0.0,0.0,0.0888671875
2020-10-23,0.0,0.0,0.0,0.0,0.0,0.0
2020-10-24,0.0,0.0,0.0,0.0,0.0,0.0
2020-10-25,0.0,0.0,0.0,0.0,0.0,0.0
2020-10-26,0.0,0.0,0.0,0.0,0.0,0.0
2020-10-27,0.0,0.0,0.0,0.0,0.0,0.0
2020-10-28,0.0,0.0,0.0,0.0,0.0,0.0
2020-10-29,0.0,0.0,0.0,0.0,0.0,0.0
2020-10-30,0.0,0.0,0.0,0.0,0.0,0.0
2020-10-31,0.0,0.0,0.0,0.0,0.0,0.0
2020-11-01,0.0,0.0,0.0,0.0,0.0,0.0
2020-11-02,0.0,0.0,0.0,0.0,0.0,0.0
2020-11-03,0.0,0.0,0.0,0.0,0.0,0.0
2020-11-04,0.0,0.0,0.0,0.0,0.0,0.0
2020-11-05,0.0,0.0,0.0,0.0,0.0,0.0
2020-11-06,0.0,0.0,0.0,0.0,0.0,0.0
2020-11-07,0.0,0.0,0.0,0.0,0.0,0.0
2020-11-08,0.0,0.0,0.0,0.0,0.0,0.0
2020-11-09,0.0,0.0,0.0,0.0,0.0,0.0
2020-11-10,0.0,0.0,0.0,0.0,0.0,0.0
2020-11-11,0.0,0.0,0.0,0.0,0.0,0.0
2020-11-12,0.0,0.0,0.0,0.0,0.0,0.0
2020-11-13,0.0,0.0,0.0,0.0,0.0,0.0
2020-11-14,0.0,0.0,0.0,0.0,0.0,0.0
2020-11-15,0.0,0.0,0.0,0.0,0.0,0.0
2020-11-16,0.0,0.0,0.0,0.0,0.0,0.0
2020-11-17,0.0,0.0,0.0,0.0,0.0,0.0
2020-11-18,0.0,0.0,0.0,0.0,0.0,0.0009765625
2020-11-19,0.0,0.0,0.0,0.0,0.0,0.0
2020-11-20,0.865234375,2.7294921875,1.1181640625,0.4873046875,0.0,0.138671875
2020-11-21,4.177734375,7.7841796875,6.3310546875,3.990234375,0.87109375,3.5283203125
2020-11-22,0.43359375,5.1650390625,3.4423828125,0.376953125,0.13671875,2.8349609375
2020-11-23,0.087890625,3.173828125,1.970703125,0.0263671875,0.126953125,2.29296875
2020-11-24,0.0009765625,2.4091796875,0.8857421875,0.00390625,0.1015625,2.1357421875
2020-11-25,0.0,1.08984375,0.6640625,0.0,0.07421875,1.6044921875
2020-11-26,0.0,0.64453125,0.60546875,0.0,0.0595703125,1.375
2020-11-27,0.0,0.4228515625,0.5615234375,0.0,0.0517578125,1.19140625
2020-11-28,0.0,0.2236328125,0.494140625,0.0,0.0380859375,1.064453125
2020-11-29,0.0810546875,0.21875,1.1416015625,0.564453125,0.017578125,2.900390625
2020-11-30,0.1298828125,0.369140625,0.4609375,0.05859375,0.0390625,2.15625
2020-12-01,0.0,0.173828125,0.283203125,0.0,0.0,0.0009765625
2020-12-02,0.0,0.0400390625,0.2470703125,0.0,0.0,0.1884765625
2020-12-03,0.0,0.0341796875,0.1357421875,0.0,0.0244140625,2.33984375
2020-12-04,0.0,0.015625,0.4404296875,0.0,0.216796875,7.8173828125
2020-12-05,0.0,0.0,0.162109375,0.0,0.3427734375,7.4365234375
2020-12-06,0.0,0.0,0.150390625,0.0,0.2861328125,8.3251953125
2020-12-07,0.0,0.0,2.427734375,0.048828125,0.2431640625,18.2490234375
2020-12-08,0.0,0.0,1.8330078125,0.0,1.427734375,28.2734375
2020-12-09,0.0,0.0625,6.61328125,0.17578125,1.6552734375,64.3330078125
2020-12-10,0.0,0.0068359375,5.673828125,0.0,5.8505859375,63.3349609375
2020-12-11,0.0029296875,0.0263671875,6.66796875,0.005859375,6.73046875,65.8359375
2020-12-12,0.197265625,0.017578125,6.2470703125,0.1767578125,6.365234375,67.2431640625
2020-12-13,0.33984375,0.556640625,7.2021484375,0.0712890625,5.7275390625,68.8603515625
2020-12-14,0.1943359375,0.5478515625,6.958984375,0.103515625,5.671875,70.27734375
2020-12-15,0.005859375,0.271484375,6.1416015625,0.001953125,5.3251953125,70.9130859375
2020-12-16,0.00390625,0.1376953125,5.5693359375,0.0,5.2158203125,71.2255859375
2020-12-17,0.00390625,0.171875,5.27734375,0.0,5.4541015625,75.2041015625
2020-12-18,0.0048828125,0.353515625,5.2421875,0.0,5.873046875,79.5361328125
2020-12-19,0.00390625,0.2275390625,4.634765625,0.0,5.7802734375,81.3798828125
2020-12-20,0.0029296875,0.2548828125,4.6650390625,0.1171875,5.728515625,82.7119140625
2020-12-21,0.048828125,0.3984375,5.234375,0.1298828125,5.955078125,83.943359375
2020-12-22,0.0,0.18359375,5.0869140625,0.0,6.0361328125,85.3134765625
2020-12-23,0.0,0.1630859375,4.9072265625,0.0,5.947265625,86.2958984375
2020-12-24,0.0,0.0546875,3.33203125,0.0,4.91796875,80.5361328125
2020-12-25,0.0,0.0,2.45703125,0.0,4.1962890625,74.6875
2020-12-26,23.0,26.1396484375,34.3056640625,24.828125,5.140625,110.7734375
2020-12-27,30.3798828125,32.4814453125,60.1787109375,42.4775390625,18.3095703125,158.171875
2020-12-28,20.46484375,25.642578125,65.943359375,33.3388671875,18.8994140625,172.927734375
2020-12-29,6.3369140625,14.3671875,58.0830078125,18.841796875,14.3701171875,206.6572265625
2020-12-30,0.296875,4.76171875,44.4658203125,7.857421875,13.0849609375,251.70703125
2020-12-31,0.3349609375,2.986328125,60.5166015625,10.5185546875,15.1220703125,251.06640625
2021-01-01,0.5869140625,0.7421875,58.505859375,5.2060546875,15.9951171875,234.119140625
2021-01-02,0.0,0.0,53.1337890625,3.2177734375,15.6337890625,232.01953125
2021-01-03,0.4326171875,0.130859375,68.2255859375,2.9306640625,15.3232421875,269.783203125
2021-01-04,0.0927734375,0.53125,67.6416015625,3.1416015625,19.369140625,268.5029296875
2021-01-05,0.0419921875,0.8408203125,61.3115234375,2.1640625,20.1904296875,263.650390625
2021-01-06,4.3466796875,4.099609375,93.0400390625,9.578125,25.087890625,302.4521484375
2021-01-07,9.841796875,14.8330078125,107.787109375,15.8203125,29.8369140625,306.9658203125
2021-01-08,10.24609375,20.9619140625,107.1982421875,20.19921875,28.431640625,298.33203125
2021-01-09,16.671875,31.982421875,121.326171875,31.3525390625,28.2919921875,286.810546875
2021-01-10,21.2978515625,46.7578125,136.28515625,33.990234375,26.208984375,286.3046875
2021-01-11,28.5380859375,53.669921875,153.2412109375,48.685546875,23.232421875,272.8798828125
2021-01-12,37.8447265625,66.876953125,145.7880859375,54.49609375,24.890625,267.14453125
2021-01-13,32.4326171875,68.0205078125,139.1953125,46.525390625,25.8095703125,268.2060546875
2021-01-14,34.767578125,72.2041015625,146.4951171875,51.4921875,32.4873046875,278.70703125
2021-01-15,35.52734375,75.9482421875,147.7607421875,55.3359375,30.87109375,279.94921875
2021-01-16,35.1259765625,77.146484375,148.0048828125,57.4091796875,30.46484375,276.7880859375
2021-01-17,37.734375,80.36328125,151.841796875,62.078125,32.2470703125,277.83984375
2021-01-18,39.599609375,82.771484375,152.275390625,62.5048828125,31.7158203125,278.32421875
2021-01-19,36.85546875,79.8564453125,151.892578125,60.48828125,31.3701171875,277.20703125
2021-01-20,34.826171875,77.87109375,152.3515625,59.650390625,31.3828125,279.84375
2021-01-21,29.138671875,69.4716796875,149.2197265625,55.28125,29.0712890625,282.1220703125
2021-01-22,16.5888671875,53.6552734375,143.3447265625,46.482421875,25.869140625,298.8095703125
2021-01-23,4.3818359375,34.3447265625,139.2607421875,32.1708984375,29.474609375,326.7216796875
2021-01-24,3.5244140625,36.23046875,173.9287109375,46.716796875,34.3955078125,369.1611328125
2021-01-25,11.216796875,46.970703125,193.2490234375,56.45703125,56.3818359375,333.724609375
2021-01-26,8.6533203125,49.7265625,178.2626953125,44.67578125,57.22265625,291.9755859375
2021-01-27,15.314453125,60.9794921875,182.759765625,43.216796875,51.046875,272.5673828125
2021-01-28,14.5517578125,64.1083984375,187.0224609375,41.681640625,51.0185546875,263.5966796875
2021-01-29,18.0712890625,74.4091796875,195.7841796875,43.96484375,47.8603515625,278.4306640625
2021-01-30,6.8134765625,65.7294921875,195.431640625,43.3046875,44.6201171875,276.8447265625
2021-01-31,0.9365234375,50.1220703125,195.287109375,35.9638671875,39.3525390625,293.3291015625
2021-02-01,0.087890625,44.6904296875,190.03515625,31.052734375,42.78515625,298.2880859375
2021-02-02,0.0,42.3984375,185.5888671875,27.59375,45.3876953125,296.203125
2021-02-03,0.087890625,40.2890625,180.6533203125,25.509765625,43.935546875,301.4873046875
2021-02-04,0.708984375,37.291015625,174.7744140625,22.208984375,41.0419921875,296.4951171875
2021-02-05,0.5888671875,35.5810546875,169.6318359375,17.2353515625,41.6767578125,290.5537109375
2021-02-06,0.626953125,31.1240234375,161.609375,14.208984375,39.482421875,292.7734375
2021-02-07,0.5087890625,23.5556640625,153.6484375,10.5048828125,37.0234375,298.041015625
2021-02-08,0.19921875,17.55859375,154.09375,7.046875,35.45703125,316.693359375
2021-02-09,0.0,8.4765625,140.390625,3.810546875,35.5771484375,333.3525390625
2021-02-10,0.0,2.8671875,125.755859375,1.802734375,30.736328125,340.7607421875
2021-02-11,1.279296875,4.9365234375,132.435546875,1.6337890625,33.6201171875,322.56640625
2021-02-12,0.142578125,1.732421875,125.626953125,0.390625,38.0458984375,306.84765625
2021-02-13,4.8291015625,6.8466796875,132.248046875,10.3349609375,52.2734375,325.341796875
2021-02-14,1.80859375,4.2783203125,124.0263671875,4.1259765625,39.9208984375,291.556640625
2021-02-15,5.6708984375,9.505859375,130.1259765625,9.8193359375,49.8212890625,281.615234375
2021-02-16,4.02734375,8.7900390625,125.658203125,6.5380859375,44.5009765625,265.2880859375
2021-02-17,5.58984375,10.912109375,129.1650390625,8.6884765625,45.8037109375,256.974609375
2021-02-18,2.8056640625,9.244140625,129.5869140625,8.16796875,45.1708984375,254.4677734375
2021-02-19,0.1845703125,4.0009765625,127.4609375,3.6708984375,40.21875,252.7138671875
2021-02-20,0.1396484375,2.287109375,124.609375,2.365234375,38.513671875,254.599609375
2021-02-21,0.087890625,1.548828125,124.2021484375,1.671875,36.02734375,256.1923828125
2021-02-22,0.005859375,0.552734375,122.400390625,0.6357421875,34.65625,257.453125
2021-02-23,0.0107421875,0.3720703125,121.33203125,0.48828125,33.380859375,259.828125
2021-02-24,0.0,0.0107421875,120.4130859375,0.0,32.4365234375,253.7197265625
2021-02-25,0.0,0.0078125,120.0361328125,0.51171875,30.8056640625,254.8583984375
2021-02-26,0.0,0.0,117.0302734375,0.2802734375,29.458984375,258.1484375
2021-02-27,0.0517578125,0.833984375,116.72265625,0.4267578125,27.830078125,255.66796875
2021-02-28,0.0390625,0.2421875,117.703125,0.0029296875,28.7373046875,256.8017578125
2021-03-01,0.0107421875,0.2333984375,117.328125,0.037109375,29.5029296875,258.41015625
2021-03-02,0.0048828125,0.134765625,116.18359375,0.0,28.287109375,259.904296875
2021-03-03,0.0,0.0,112.005859375,0.0,26.6796875,261.7822265625
2021-03-04,0.0,0.001953125,110.3857421875,0.0,24.8876953125,256.3388671875
2021-03-05,0.0,0.1318359375,107.5712890625,0.0,21.9482421875,256.75390625
2021-03-06,3.0908203125,4.1552734375,109.666015625,1.2822265625,22.1728515625,261.1318359375
2021-03-07,0.5400390625,2.7626953125,103.3544921875,0.0,21.8759765625,259.482421875
2021-03-08,0.072265625,1.873046875,99.4765625,0.00390625,21.208984375,255.41796875
2021-03-09,14.7294921875,12.88671875,122.314453125,13.611328125,24.87109375,269.201171875
2021-03-10,13.5302734375,19.60546875,136.9423828125,20.9931640625,29.7255859375,303.9208984375
2021-03-11,20.2060546875,30.474609375,145.8896484375,27.33984375,44.416015625,309.015625
2021-03-12,5.5947265625,16.716796875,138.7958984375,12.3056640625,34.0498046875,297.80859375
2021-03-13,1.92578125,8.455078125,126.236328125,4.0888671875,29.3876953125,298.3583984375
2021-03-14,0.9521484375,5.380859375,111.2607421875,1.505859375,25.5419921875,280.63671875
2021-03-15,11.5546875,19.861328125,113.740234375,10.302734375,33.97265625,299.46875
2021-03-16,7.6337890625,21.1708984375,107.37109375,7.4130859375,29.30078125,290.140625
2021-03-17,7.2021484375,23.3154296875,108.1640625,5.6689453125,28.841796875,285.494140625
2021-03-18,7.5927734375,27.2802734375,110.2880859375,6.9306640625,28.8876953125,286.1708984375
2021-03-19,5.7998046875,27.650390625,115.6806640625,7.08203125,29.666015625,286.1748046875
2021-03-20,5.9111328125,29.6748046875,119.8046875,11.8359375,33.6884765625,298.6728515625
2021-03-21,8.859375,35.966796875,129.1728515625,19.13671875,39.392578125,313.4990234375
2021-03-22,16.025390625,50.8720703125,138.6572265625,24.0107421875,43.2705078125,320.69921875
2021-03-23,9.8720703125,52.6455078125,143.400390625,26.89453125,49.23046875,317.3291015625
2021-03-24,10.3310546875,60.400390625,146.197265625,25.037109375,41.837890625,315.771484375
2021-03-25,7.0546875,60.23828125,149.48828125,22.0576171875,38.8603515625,309.65234375
2021-03-26,3.2978515625,57.0126953125,152.646484375,15.2626953125,34.6005859375,307.5078125
2021-03-27,0.919921875,43.369140625,141.57421875,7.7353515625,29.5419921875,294.4658203125
2021-03-28,0.37109375,35.2060546875,131.6943359375,3.8525390625,26.2548828125,285.7236328125
2021-03-29,0.2861328125,28.76171875,123.0693359375,2.3505859375,24.1689453125,279.7900390625
2021-03-30,0.0,19.9287109375,114.4228515625,1.1826171875,22.8203125,276.5009765625
2021-03-31,0.0,10.8720703125,104.98046875,0.78125,20.693359375,269.5458984375
2021-04-01,0.0,5.6650390625,96.810546875,0.423828125,18.6298828125,264.5791015625
2021-04-02,0.0,2.48828125,85.5263671875,0.0283203125,15.9365234375,257.228515625
2021-04-03,1.16796875,10.177734375,89.0283203125,3.1357421875,15.84765625,266.244140625
2021-04-04,1.4423828125,5.015625,90.44921875,4.5966796875,29.4521484375,300.1630859375
2021-04-05,0.0126953125,1.439453125,81.6767578125,0.509765625,22.61328125,300.7802734375
2021-04-06,14.2197265625,11.48828125,92.806640625,7.0078125,19.017578125,297.208984375
2021-04-07,5.6953125,9.3828125,98.2060546875,9.6103515625,27.70703125,320.4580078125
2021-04-08,16.7939453125,20.978515625,102.6865234375,19.7412109375,25.5888671875,303.5712890625
2021-04-09,3.978515625,10.73046875,94.763671875,7.8671875,21.080078125,297.48828125
2021-04-10,0.76953125,4.755859375,86.958984375,2.08203125,19.576171875,293.9267578125
2021-04-11,0.0,1.0478515625,78.4765625,0.11328125,18.70703125,291.046875
2021-04-12,0.0,0.41015625,69.0283203125,0.0107421875,17.142578125,287.5244140625
2021-04-13,0.734375,0.99609375,65.712890625,0.2783203125,17.287109375,284.01171875
2021-04-14,1.115234375,2.6845703125,67.9130859375,2.5361328125,17.5634765625,302.623046875
2021-04-15,0.3017578125,2.3408203125,69.03515625,1.6220703125,18.5732421875,299.142578125
2021-04-16,0.0,1.3896484375,67.0078125,0.171875,18.087890625,300.0751953125
2021-04-17,5.599609375,7.6171875,75.0732421875,5.30078125,17.6865234375,311.8564453125
2021-04-18,0.771484375,2.701171875,69.060546875,0.455078125,16.8642578125,302.25
2021-04-19,0.04296875,1.5224609375,68.0048828125,0.39453125,17.810546875,309.5361328125
2021-04-20,0.02734375,1.05078125,64.6650390625,0.4462890625,18.9345703125,307.3095703125
2021-04-21,0.0400390625,0.4208984375,61.083984375,0.2939453125,17.466796875,302.404296875
2021-04-22,0.0,0.21484375,63.236328125,0.138671875,17.3974609375,309.375
2021-04-23,0.0,0.041015625,62.2841796875,0.0556640625,17.109375,315.7373046875
2021-04-24,0.0,0.0,57.384765625,0.115234375,17.1171875,316.3095703125
2021-04-25,0.0,0.0,55.0888671875,0.0,16.716796875,309.0185546875
2021-04-26,0.0,0.0,51.9384765625,0.0,15.859375,302.544921875
2021-04-27,0.0009765625,0.013671875,47.4033203125,0.0986328125,14.8212890625,294.63671875
2021-04-28,0.0,0.0,38.359375,0.005859375,13.1416015625,271.2294921875
2021-04-29,0.0,0.0,25.9619140625,0.0,11.4248046875,241.765625
2021-04-30,0.0,0.0,15.853515625,0.0,9.8798828125,217.98828125
2021-05-01,0.0,0.0,8.8623046875,0.0,7.9072265625,190.443359375
2021-05-02,0.0,0.0,2.6142578125,0.0,6.072265625,160.55078125
2021-05-03,0.0,0.0,2.8671875,0.0,5.3837890625,144.1171875
2021-05-04,0.0,0.0,1.49609375,0.0,4.15234375,129.4990234375
2021-05-05,0.0,0.0,0.5869140625,0.0,3.0068359375,114.8271484375
2021-05-06,0.0,0.0,0.220703125,0.0,1.662109375,96.4560546875
2021-05-07,0.0,0.0,0.0703125,0.0,1.1025390625,80.083984375
2021-05-08,0.0,0.0,0.02734375,0.0,0.5458984375,66.705078125
2021-05-09,0.0,0.0,0.0,0.0,0.25,56.7529296875
2021-05-10,0.0,0.0,0.0,0.0,0.044921875,32.6044921875
2021-05-11,0.0,0.0,0.0,0.0,0.0,11.93359375
2021-05-12,0.0,0.0,0.0,0.0,0.0,5.8720703125
2021-05-13,0.0,0.0,0.0,0.0,0.0,4.572265625
2021-05-14,0.0,0.0,0.0,0.0,0.0,2.7607421875
2021-05-15,0.0,0.0,0.0,0.0,0.0,1.7080078125
2021-05-16,0.0,0.0,0.0,0.0,0.0,0.7138671875
2021-05-17,0.0,0.0,0.0,0.0,0.0,0.3271484375
2021-05-18,0.0,0.0,0.0,0.0,0.0,0.1533203125
2021-05-19,0.0,0.0,0.0,0.0,0.0,0.0771484375
2021-05-20,0.0,0.0,0.396484375,0.0,0.0,0.54296875
2021-05-21,0.0,0.0,0.1884765625,0.02734375,0.0,0.341796875
2021-05-22,0.0,0.0,0.0283203125,0.0,0.0,0.0244140625
2021-05-23,0.0,0.0,0.0048828125,0.0,0.0,0.0
2021-05-24,0.0,0.0,0.0,0.0,0.0,0.0
2021-05-25,0.0,0.0,0.0,0.0,0.0,0.0
2021-05-26,0.0,0.0,0.0,0.0,0.0,0.0
2021-05-27,0.0,0.0,0.0,0.0,0.0,0.0
2021-05-28,0.0,0.0,0.0,0.0,0.0,0.0
2021-05-29,0.0,0.0,0.0,0.0,0.0,0.0
2021-05-30,0.0,0.0,0.0,0.0,0.0,0.0
2021-05-31,0.0,0.0,0.0,0.0,0.0,0.15234375
2021-06-01,0.0,0.0,0.0,0.0,0.0,0.0380859375
2021-06-02,0.0,0.0,0.0,0.0048828125,0.0,0.0
2021-06-03,0.0,0.0,0.0,0.0,0.0,0.0
2021-06-04,0.0,0.0,0.0,0.0,0.0,0.0
2021-06-05,0.0,0.0,0.0,0.0,0.0,0.0
2021-06-06,0.0,0.0,0.0,0.0,0.0,0.0
2021-06-07,0.0,0.0,0.0,0.0,0.0,0.0
2021-06-08,0.0,0.0,0.0,0.0,0.0,0.0
2021-06-09,0.0,0.0,0.0,0.0,0.0,0.0
2021-06-10,0.0,0.0,0.0,0.0,0.0,0.0
2021-06-11,0.0,0.0,0.0,0.0,0.0,0.0
2021-06-12,0.0,0.0,0.0,0.0,0.0,0.0
2021-06-13,0.0,0.0,0.0,0.0,0.0,0.0
2021-06-14,0.0,0.0,0.0,0.0,0.0,0.0
2021-06-15,0.0,0.0,0.0,0.0,0.0,0.041015625
2021-06-16,0.0,0.0,0.0,0.0,0.0,0.0
2021-06-17,0.0,0.0,0.0,0.0,0.0,0.0
2021-06-18,0.0,0.0,0.0,0.0,0.0,0.0
2021-06-19,0.0,0.0,0.0048828125,0.0,0.005859375,0.185546875
2021-06-20,0.0,0.0,0.0,0.0,0.0009765625,0.0380859375
2021-06-21,0.0,0.0,0.0,0.0,0.0,0.0
2021-06-22,0.0,0.0,0.0,0.0,0.0,0.0
2021-06-23,0.0,0.0,0.0,0.0,0.0,0.0
2021-06-24,0.0,0.0,0.0,0.0,0.0,0.0
2021-06-25,0.0,0.0,0.0,0.0,0.0,0.0
2021-06-26,0.0,0.0,0.0,0.0,0.0,0.0
2021-06-27,0.0,0.0,0.0,0.0,0.0,0.0
2021-06-28,0.0,0.0,0.0,0.0,0.0,0.0
2021-06-29,0.0,0.0,0.0,0.0,0.0,0.0
2021-06-30,0.0,0.0,0.0,0.0,0.0,0.0
2021-07-01,0.0,0.0,0.0,0.0,0.0,0.0
2021-07-02,0.0,0.0,0.0,0.0,0.0,0.0
2021-07-03,0.0,0.0,0.0,0.0,0.0,0.0
2021-07-04,0.0,0.0,0.0,0.0,0.0,0.0
2021-07-05,0.0,0.0,0.0,0.0,0.0,0.0
2021-07-06,0.0,0.0,0.0,0.0,0.0,0.0
2021-07-07,0.0,0.0,0.0,0.0,0.0,0.0
2021-07-08,0.0,0.0,0.0,0.0,0.0,0.0
2021-07-09,0.0,0.0,0.0,0.0,0.0,0.0
2021-07-10,0.0,0.0,0.0,0.0,0.0,0.0
2021-07-11,0.0,0.0,0.0,0.0,0.0,0.0
2021-07-12,0.0,0.0,0.0,0.0,0.0,0.0
2021-07-13,0.0,0.0,0.0,0.0,0.0,0.0
2021-07-14,0.0,0.0,0.0,0.0,0.0,0.0
2021-07-15,0.0,0.0,0.0,0.0,0.0,0.0
2021-07-16,0.0,0.0,0.0,0.0,0.0,0.0
2021-07-17,0.0,0.0,0.0,0.0,0.0,0.0
2021-07-18,0.0,0.0,0.0,0.0,0.0,0.0
2021-07-19,0.0,0.0,0.0,0.0,0.0,0.0
2021-07-20,0.0,0.0,0.0,0.0,0.0,0.0
2021-07-21,0.0,0.0,0.0,0.0,0.0,0.0
2021-07-22,0.0,0.0,0.0,0.0,0.0,0.0
2021-07-23,0.0,0.0,0.0,0.0,0.0,0.0
2021-07-24,0.0,0.0,0.0,0.0,0.0,0.0
2021-07-25,0.0,0.0,0.0,0.0,0.0,0.0
2021-07-26,0.0,0.0,0.0,0.0,0.0,0.0
2021-07-27,0.0,0.0,0.0,0.0,0.0,0.0
2021-07-28,0.0,0.0,0.0,0.0,0.0,0.0
2021-07-29,0.0,0.0,0.0,0.0,0.0,0.0
2021-07-30,0.0,0.0,0.0,0.0,0.0,0.0
2021-07-31,0.0,0.0,0.0,0.0,0.0,0.0
2021-08-01,0.0,0.0,0.0,0.0,0.0,0.0
2021-08-02,0.0,0.0,0.0,0.0,0.0,0.0
2021-08-03,0.0,0.0,0.0,0.0,0.0,0.0
2021-08-04,0.0,0.0,0.0,0.0,0.0,0.0
2021-08-05,0.0,0.0,0.0,0.0,0.0,0.0
2021-08-06,0.0,0.0,0.0,0.0,0.0,0.0
2021-08-07,0.0,0.0,0.0,0.0,0.0,0.0
2021-08-08,0.0,0.0,0.0,0.0,0.0,0.0
2021-08-09,0.0,0.0,0.0,0.0,0.0,0.0
2021-08-10,0.0,0.0,0.0,0.0,0.0,0.0
2021-08-11,0.0,0.0,0.0,0.0,0.0,0.0
2021-08-12,0.0,0.0,0.0,0.0,0.0,0.0
2021-08-13,0.0,0.0,0.0,0.0,0.0,0.0
2021-08-14,0.0,0.0,0.0,0.0,0.0,0.0
2021-08-15,0.0,0.0,0.0,0.0,0.0,0.0
2021-08-16,0.0,0.0,0.0,0.0,0.0,0.0
2021-08-17,0.0,0.0,0.0,0.0,0.0,0.0
2021-08-18,0.0,0.0,0.0,0.0,0.0,0.0
2021-08-19,0.0,0.0,0.0,0.0,0.0,0.0
2021-08-20,0.0,0.0,0.0,0.0,0.0,0.0
2021-08-21,0.0,0.0,0.0,0.0,0.0,0.0
2021-08-22,0.0,0.0,0.0,0.0,0.0,0.0
2021-08-23,0.0,0.0,0.0,0.0,0.0,0.0
2021-08-24,0.0,0.0,0.0,0.0,0.0,0.0
2021-08-25,0.0,0.0,0.0,0.0,0.0,0.0
2021-08-26,0.0,0.0,0.0,0.0,0.0,0.0
2021-08-27,0.0,0.0,0.0,0.0,0.0,0.0
2021-08-28,0.0,0.0,0.0,0.0,0.0,0.0
2021-08-29,0.0,0.0,0.0,0.0,0.0,0.0
2021-08-30,0.0,0.0,0.0,0.0,0.0,0.0
2021-08-31,0.0,0.0,0.0,0.0,0.0,0.0
2021-09-01,0.0,0.0,0.0,0.0,0.0,0.0
2021-09-02,0.0,0.0,0.0,0.0,0.0,0.0
2021-09-03,0.0,0.0,0.0,0.0,0.0,0.0
2021-09-04,0.0,0.0,0.0,0.0,0.0,0.0
2021-09-05,0.0,0.0,0.0,0.0,0.0,0.0
2021-09-06,0.0,0.0,0.0,0.0,0.0,0.0
2021-09-07,0.0,0.0,0.0,0.0,0.0,0.0
2021-09-08,0.0,0.0,0.0,0.0,0.0,0.0
2021-09-09,0.0,0.0,0.0,0.0,0.0,0.0
2021-09-10,0.0,0.0,0.0,0.0,0.0,0.0
2021-09-11,0.0,0.0,0.0,0.0,0.0,0.0
2021-09-12,0.0,0.0,0.0,0.0,0.0,0.0
2021-09-13,0.0,0.0,0.0,0.0,0.0,0.0
2021-09-14,0.0,0.0,0.0,0.0,0.0,0.0
2021-09-15,0.0,0.0,0.0,0.0,0.0,0.0
2021-09-16,0.0,0.0,0.0,0.0,0.0,0.0
2021-09-17,0.0,0.0,0.0,0.0,0.0,0.0
2021-09-18,0.0,0.0,0.0,0.0,0.0,0.0
2021-09-19,0.0,0.0,0.0,0.0,0.0,0.0
2021-09-20,0.0,0.0,0.0,0.0,0.0,0.0
2021-09-21,0.0,0.0,0.0,0.0,0.0,0.0
2021-09-22,0.0,0.0,0.0,0.0,0.0,0.0
2021-09-23,0.0,0.0,0.0,0.0,0.0,0.0
2021-09-24,0.0,0.0,0.0,0.0,0.0,0.0
2021-09-25,0.0,0.0,0.0,0.0,0.0,0.0
2021-09-26,0.0,0.0,0.0,0.0,0.0,0.0
2021-09-27,0.0,0.0,0.0,0.0,0.0,0.0
2021-09-28,0.0,0.0,0.0,0.0,0.0,0.0
2021-09-29,0.0,0.0,0.0,0.0,0.0,0.0
2021-09-30,0.0,0.0,0.0,0.0,0.0,0.0
2021-10-01,0.0,0.0,0.0,0.0,0.0,0.0
2021-10-02,0.0,0.0,0.0,0.0,0.0,0.0
2021-10-03,0.0,0.0,0.0,0.0,0.0,0.0
2021-10-04,0.0,0.0,0.0,0.0,0.0,0.0
2021-10-05,0.0,0.0,0.0,0.0,0.0,0.0
2021-10-06,0.0,0.0,0.0,0.0,0.0,0.0
2021-10-07,0.0,0.0,0.0,0.0,0.0,0.0
2021-10-08,0.0,0.0,0.0,0.0,0.0,0.0
2021-10-09,0.0,0.0,0.0,0.0,0.0,0.0
2021-10-10,0.0,0.048828125,0.0,0.0,0.0,0.0224609375
2021-10-11,0.0,0.0,0.0,0.0,0.0,0.0
2021-10-12,0.0,0.0,0.0,0.0400390625,0.0,0.2314453125
2021-10-13,0.0,0.0224609375,0.587890625,0.0146484375,0.0,1.36328125
2021-10-14,0.02734375,1.38671875,2.2490234375,0.6025390625,0.0,1.8466796875
2021-10-15,0.6474609375,3.3251953125,3.7265625,3.26171875,0.0244140625,5.4482421875
2021-10-16,0.0712890625,0.3603515625,1.2021484375,0.9267578125,0.0693359375,3.591796875
2021-10-17,0.0,0.0439453125,0.3173828125,0.185546875,0.0,0.8369140625
2021-10-18,0.0,0.0,0.10546875,0.0419921875,0.0,0.251953125
2021-10-19,0.0,0.0,0.0458984375,0.00390625,0.0,0.1416015625
2021-10-20,0.0,0.0,0.0185546875,0.001953125,0.0,0.076171875
2021-10-21,0.0,0.0,0.0029296875,0.0,0.0,0.0234375
2021-10-22,0.0,0.0,0.0,0.0,0.0,0.0
2021-10-23,0.0,0.0,0.0,0.0,0.0,0.0
2021-10-24,0.0,0.0,0.0,0.0,0.0,0.0
2021-10-25,0.0,0.0,0.0,0.0,0.0,0.0
2021-10-26,0.0,0.0,0.0,0.0,0.0,0.0
2021-10-27,0.0,0.0,0.0,0.0,0.0,0.0
2021-10-28,0.0,0.0,0.0,0.0,0.0,0.0
2021-10-29,0.0,0.0,0.0,0.0,0.0,0.0
2021-10-30,0.0,0.0,0.0,0.0,0.0,0.0
2021-10-31,0.0,0.0,0.0,0.0,0.0,0.0
2021-11-01,0.0,0.0,0.0,0.0,0.0,0.0
2021-11-02,0.0,0.0,0.0,0.0,0.0,0.0
2021-11-03,0.0,0.0,0.0,0.0,0.0,0.0
2021-11-04,0.0,0.0,0.0,0.0,0.0,0.0
2021-11-05,0.0,0.0,0.0,0.0,0.0,0.0
2021-11-06,0.0,0.0,0.0,0.0,0.0,0.0
2021-11-07,0.0,0.0,0.0,0.0,0.0,0.0
2021-11-08,0.0,0.0,0.0,0.0,0.0,0.0
2021-11-09,0.0,0.0,0.0,0.0,0.0,0.0
2021-11-10,0.0,0.0,0.0,0.0,0.0,0.0
2021-11-11,0.0,0.0,0.0,0.0,0.0,0.0
2021-11-12,0.0,0.0,0.0,0.0,0.0,0.0
2021-11-13,0.0,0.0,0.0,0.0,0.0,0.0
2021-11-14,0.0,0.0,0.0,0.0,0.0,0.0
2021-11-15,0.0,0.0,0.0,0.0,0.0,0.0
2021-11-16,0.0,0.0,0.0205078125,0.0,0.013671875,0.4033203125
2021-11-17,0.0,0.0,0.0,0.0,0.0,0.0
2021-11-18,0.0,0.02734375,0.017578125,0.001953125,0.0,0.0
2021-11-19,0.0654296875,0.27734375,0.095703125,0.0625,0.0,0.0068359375
2021-11-20,0.0,0.0078125,0.0185546875,0.0,0.0,0.0
2021-11-21,0.0,0.0,0.0,0.0,0.0,0.0
2021-11-22,0.0,0.0,0.0,0.0,0.0,0.0
2021-11-23,0.0068359375,0.294921875,0.8212890625,0.103515625,0.0,0.5517578125
2021-11-24,0.0068359375,0.2685546875,0.162109375,0.0126953125,0.0,0.556640625
2021-11-25,0.0,0.0615234375,0.0009765625,0.0,0.0,0.3623046875
2021-11-26,0.0,0.017578125,0.7333984375,0.0439453125,0.6181640625,26.078125
2021-11-27,0.0,0.0,1.931640625,0.0869140625,0.9833984375,66.0458984375
2021-11-28,0.0,0.0,1.0615234375,0.0,0.9443359375,68.234375
2021-11-29,10.6796875,13.8408203125,12.9873046875,7.4814453125,9.751953125,95.939453125
2021-11-30,8.73046875,14.005859375,23.203125,12.853515625,18.1494140625,94.9541015625
2021-12-01,13.6220703125,18.9560546875,25.5244140625,10.9345703125,16.0,86.990234375
2021-12-02,4.2431640625,7.57421875,18.1337890625,3.7080078125,10.1123046875,91.7265625
2021-12-03,23.1376953125,22.890625,32.3271484375,7.5361328125,10.1171875,110.4404296875
2021-12-04,3.9814453125,3.794921875,9.9462890625,1.7705078125,11.48046875,105.4462890625
2021-12-05,4.177734375,4.5712890625,19.6171875,0.359375,10.6533203125,140.8076171875
2021-12-06,9.7001953125,11.9443359375,34.08984375,9.634765625,12.3818359375,173.896484375
2021-12-07,10.1328125,16.6640625,31.7880859375,6.6201171875,19.6767578125,187.0302734375
2021-12-08,16.6376953125,25.1083984375,37.4111328125,13.9990234375,22.6494140625,191.525390625
2021-12-09,6.5791015625,15.658203125,40.423828125,11.6943359375,23.9775390625,220.46875
2021-12-10,0.353515625,9.2119140625,41.7548828125,4.8251953125,27.6240234375,223.88671875
2021-12-11,15.0478515625,25.2705078125,65.849609375,24.5380859375,50.4501953125,258.8466796875
2021-12-12,30.6728515625,57.0546875,84.5869140625,34.5703125,47.3583984375,264.791015625
2021-12-13,36.689453125,69.1875,85.87109375,34.0458984375,46.17578125,259.140625
2021-12-14,36.62109375,67.1025390625,83.3603515625,27.1279296875,42.5654296875,242.68359375
2021-12-15,32.8125,65.1201171875,85.8642578125,25.669921875,42.53125,244.04296875
2021-12-16,28.8447265625,63.75,83.91015625,22.3427734375,40.208984375,243.3330078125
2021-12-17,29.587890625,69.5810546875,83.205078125,22.4091796875,36.0244140625,235.1884765625
2021-12-18,31.6328125,74.083984375,89.61328125,24.533203125,37.4931640625,234.29296875
2021-12-19,30.0634765625,82.677734375,89.869140625,27.375,38.11328125,232.876953125
2021-12-20,26.525390625,82.78515625,86.9765625,25.935546875,37.919921875,230.44140625
2021-12-21,19.103515625,78.7255859375,85.2744140625,23.62890625,37.3056640625,228.9013671875
2021-12-22,14.376953125,74.365234375,83.068359375,20.8583984375,34.052734375,221.681640625
2021-12-23,10.65625,72.1650390625,81.7529296875,19.6435546875,33.982421875,219.9052734375
2021-12-24,6.54296875,65.8095703125,79.720703125,16.37109375,32.9658203125,220.265625
2021-12-25,2.7431640625,50.869140625,67.576171875,8.697265625,28.4296875,221.775390625
2021-12-26,1.0576171875,34.69140625,55.216796875,4.6005859375,24.30859375,214.2587890625
2021-12-27,0.5009765625,28.423828125,46.3447265625,2.0478515625,22.2421875,222.97265625
2021-12-28,0.904296875,24.4130859375,43.19140625,1.19921875,20.763671875,244.048828125
2021-12-29,0.5791015625,22.3583984375,44.060546875,1.2275390625,20.48828125,246.5
2021-12-30,0.0703125,18.46875,38.9912109375,1.7705078125,20.103515625,244.666015625
2021-12-31,0.0166015625,16.533203125,38.7646484375,1.5576171875,20.1474609375,244.3125
2022-01-01,0.0048828125,10.15234375,34.23828125,0.26953125,19.0927734375,235.509765625
2022-01-02,0.00390625,7.158203125,32.720703125,0.0,18.50390625,234.15234375
2022-01-03,0.0,6.015625,32.0556640625,0.0,18.1123046875,239.2275390625
2022-01-04,0.0,3.3349609375,28.5556640625,0.0,16.8564453125,237.447265625
2022-01-05,0.0,1.00390625,25.2900390625,0.0,15.564453125,236.4697265625
2022-01-06,3.8525390625,4.9599609375,25.3310546875,0.6904296875,13.93359375,231.599609375
2022-01-07,3.08984375,7.5654296875,30.8076171875,0.423828125,15.064453125,233.994140625
2022-01-08,10.1044921875,16.2373046875,39.1533203125,8.1103515625,17.9658203125,251.5634765625
2022-01-09,14.904296875,18.9853515625,42.849609375,8.5634765625,17.529296875,266.9951171875
2022-01-10,21.8134765625,34.7060546875,52.77734375,21.8583984375,28.9267578125,275.6923828125
2022-01-11,23.08203125,39.41015625,56.9765625,22.6181640625,34.7373046875,295.982421875
2022-01-12,28.3125,47.919921875,62.197265625,29.6494140625,35.015625,300.3232421875
2022-01-13,28.119140625,50.0546875,62.7607421875,30.9921875,34.701171875,308.46484375
2022-01-14,26.5185546875,50.900390625,61.5791015625,30.8564453125,31.4482421875,295.05859375
2022-01-15,25.322265625,49.0009765625,57.1865234375,28.6904296875,29.2177734375,272.1240234375
2022-01-16,23.169921875,45.822265625,56.6240234375,26.458984375,28.091796875,265.9921875
2022-01-17,23.6474609375,46.6005859375,57.8837890625,26.9775390625,27.5078125,266.3583984375
2022-01-18,22.958984375,46.5703125,57.6640625,26.7666015625,28.1767578125,264.458984375
2022-01-19,19.8193359375,44.921875,57.8896484375,25.6904296875,27.92578125,256.19140625
2022-01-20,22.4033203125,49.9365234375,65.640625,29.3837890625,35.2802734375,262.982421875
2022-01-21,18.56640625,45.603515625,65.197265625,31.478515625,40.0400390625,271.5908203125
2022-01-22,27.462890625,56.3466796875,66.8486328125,32.09765625,38.0966796875,272.705078125
2022-01-23,23.416015625,55.2744140625,65.423828125,28.845703125,34.3251953125,262.111328125
2022-01-24,21.94921875,55.5244140625,65.40625,25.3798828125,32.154296875,259.1220703125
2022-01-25,18.4677734375,53.240234375,63.4501953125,22.94921875,30.244140625,260.4296875
2022-01-26,18.55859375,53.49609375,62.7177734375,21.9404296875,29.03515625,256.986328125
2022-01-27,17.4375,52.2646484375,62.1962890625,20.5888671875,28.1015625,253.2783203125
2022-01-28,19.025390625,56.162109375,64.3994140625,21.255859375,27.6904296875,252.8583984375
2022-01-29,20.751953125,56.435546875,68.275390625,22.5439453125,27.2900390625,252.9736328125
2022-01-30,19.1123046875,58.8642578125,69.0458984375,20.0966796875,25.1904296875,253.6865234375
2022-01-31,23.427734375,59.9306640625,69.4560546875,20.0517578125,30.62890625,255.55859375
2022-02-01,36.51171875,77.94140625,93.7470703125,34.037109375,52.42578125,276.4052734375
2022-02-02,32.736328125,78.5087890625,96.234375,32.4375,51.4775390625,270.7626953125
2022-02-03,30.1435546875,78.5576171875,95.4921875,31.0478515625,49.220703125,264.93359375
2022-02-04,25.6875,79.703125,98.716796875,29.654296875,49.2587890625,263.8759765625
2022-02-05,24.4814453125,83.4287109375,99.9384765625,27.4287109375,47.705078125,264.568359375
2022-02-06,18.724609375,80.8466796875,96.6591796875,24.0068359375,42.1826171875,262.22265625
2022-02-07,25.6083984375,95.48828125,109.6279296875,32.65234375,48.0947265625,289.212890625
2022-02-08,24.044921875,95.1943359375,108.0205078125,31.8564453125,46.56640625,290.17578125
2022-02-09,21.5859375,93.884765625,101.267578125,26.0,37.9033203125,272.1259765625
2022-02-10,15.240234375,88.2724609375,96.80859375,18.6015625,32.1982421875,266.9326171875
2022-02-11,12.4658203125,86.212890625,93.994140625,13.5,29.458984375,261.2763671875
2022-02-12,13.2421875,86.6416015625,95.7451171875,13.943359375,29.3623046875,257.1689453125
2022-02-13,11.7470703125,85.76953125,98.2119140625,14.7919921875,30.3427734375,259.11328125
2022-02-14,9.142578125,85.0302734375,103.1796875,14.595703125,30.9521484375,264.6220703125
2022-02-15,8.61328125,80.1767578125,111.365234375,12.373046875,30.4970703125,281.01171875
2022-02-16,5.27734375,77.623046875,139.3740234375,18.185546875,41.9599609375,324.7568359375
2022-02-17,0.9765625,67.6728515625,113.7138671875,5.7978515625,35.8046875,298.0361328125
2022-02-18,1.0185546875,68.0927734375,110.0478515625,5.1728515625,32.8232421875,296.3076171875
2022-02-19,0.2666015625,56.701171875,101.4501953125,3.359375,29.810546875,296.2080078125
2022-02-20,0.154296875,51.017578125,92.4111328125,1.5234375,27.88671875,284.177734375
2022-02-21,0.439453125,38.818359375,85.775390625,0.7177734375,26.6171875,284.5087890625
2022-02-22,12.7626953125,52.2880859375,98.12109375,6.3759765625,31.3701171875,297.3349609375
2022-02-23,0.50390625,43.525390625,95.490234375,4.0283203125,28.759765625,297.74609375
2022-02-24,0.23828125,40.453125,96.294921875,3.01953125,30.7021484375,297.8232421875
2022-02-25,0.18359375,37.43359375,98.0625,3.1748046875,33.32421875,300.146484375
2022-02-26,5.388671875,43.173828125,107.353515625,7.951171875,36.3037109375,308.1533203125
2022-02-27,10.0029296875,52.2705078125,123.841796875,21.95703125,46.71875,336.58203125
2022-02-28,5.3671875,47.5322265625,130.2412109375,19.30078125,44.1005859375,335.37109375
2022-03-01,5.302734375,48.783203125,136.19140625,14.3603515625,42.22265625,335.4775390625
2022-03-02,4.8662109375,51.96875,137.884765625,12.26953125,38.3056640625,333.9453125
2022-03-03,4.638671875,56.361328125,137.654296875,11.1162109375,35.5771484375,329.0546875
2022-03-04,3.1005859375,56.8837890625,135.7646484375,9.8955078125,34.6796875,324.0302734375
2022-03-05,4.41015625,60.462890625,139.6083984375,16.048828125,41.9287109375,335.62109375
2022-03-06,8.453125,68.8154296875,142.435546875,21.7724609375,45.5751953125,342.6865234375
2022-03-07,8.2255859375,67.6884765625,147.6005859375,22.3203125,47.201171875,322.63671875
2022-03-08,5.3486328125,67.376953125,147.1328125,20.326171875,46.0556640625,316.224609375
2022-03-09,5.90234375,73.0166015625,153.5478515625,22.171875,45.71484375,313.833984375
2022-03-10,11.25,82.9931640625,159.630859375,25.099609375,43.591796875,309.1220703125
2022-03-11,9.6103515625,86.796875,162.3251953125,23.3720703125,43.0771484375,303.5986328125
2022-03-12,7.5322265625,88.2978515625,165.466796875,24.1806640625,44.0087890625,308.87890625
2022-03-13,4.3046875,85.83984375,163.705078125,20.2021484375,40.7646484375,304.53125
2022-03-14,2.7333984375,83.404296875,161.365234375,17.4384765625,38.27734375,303.55859375
2022-03-15,1.541015625,79.8330078125,159.1025390625,14.8466796875,36.857421875,305.466796875
2022-03-16,0.4892578125,67.5947265625,152.0048828125,10.8603515625,35.248046875,295.94921875
2022-03-17,0.3671875,67.8203125,150.734375,11.2939453125,34.0888671875,297.666015625
2022-03-18,0.0166015625,63.82421875,149.5361328125,11.43359375,34.7939453125,296.626953125
2022-03-19,0.0,59.3369140625,147.8642578125,10.4619140625,35.3173828125,299.2578125
2022-03-20,0.0,58.8193359375,148.4326171875,10.8359375,36.2158203125,306.7421875
2022-03-21,0.0,57.6337890625,147.578125,10.40625,35.6884765625,306.6044921875
2022-03-22,0.0,53.150390625,145.169921875,7.9833984375,33.7626953125,299.3017578125
2022-03-23,0.0,46.3583984375,142.1142578125,6.64453125,31.8505859375,298.451171875
2022-03-24,0.0,39.970703125,138.419921875,4.5146484375,30.9365234375,294.7890625
2022-03-25,0.0,34.509765625,131.109375,2.953125,28.10546875,289.8369140625
2022-03-26,0.0,28.873046875,121.3203125,1.5361328125,26.154296875,288.18359375
2022-03-27,0.0,24.5234375,114.4697265625,0.7177734375,23.248046875,281.09375
2022-03-28,0.0,20.0341796875,109.8486328125,0.4580078125,21.455078125,285.8798828125
2022-03-29,0.0,16.1328125,102.080078125,0.244140625,18.8017578125,280.390625
2022-03-30,0.0,10.595703125,94.115234375,0.146484375,16.5966796875,277.447265625
2022-03-31,0.0,5.0615234375,79.6220703125,0.0224609375,15.8818359375,286.482421875
2022-04-01,0.0,1.43359375,73.521484375,0.0,15.515625,302.5576171875
2022-04-02,0.3564453125,0.232421875,65.080078125,1.8359375,21.3857421875,330.4267578125
2022-04-03,1.8359375,2.6708984375,57.12890625,5.51953125,23.3955078125,323.05859375
2022-04-04,1.263671875,1.3935546875,46.912109375,0.9658203125,20.248046875,309.1787109375
2022-04-05,0.1279296875,0.1201171875,42.517578125,0.0,19.126953125,302.9208984375
2022-04-06,0.5107421875,0.3271484375,38.697265625,0.0,17.2294921875,295.7607421875
2022-04-07,0.2763671875,0.0634765625,33.4443359375,0.0,16.0869140625,279.578125
2022-04-08,0.0,0.0,23.875,0.0,14.314453125,266.7470703125
2022-04-09,1.37109375,1.0947265625,15.0712890625,0.0,12.1396484375,249.17578125
2022-04-10,7.4853515625,9.2998046875,18.873046875,4.455078125,13.7421875,263.9423828125
2022-04-11,3.5,9.96875,15.30078125,0.083984375,13.4716796875,253.6376953125
2022-04-12,2.779296875,7.517578125,11.814453125,0.0,12.0,244.4345703125
2022-04-13,0.0,2.2724609375,9.376953125,0.0,10.94921875,238.1025390625
2022-04-14,0.0,0.3447265625,6.9775390625,0.0,9.7509765625,221.8955078125
2022-04-15,0.0,0.0,4.10546875,0.0,8.5576171875,213.6025390625
2022-04-16,0.0,0.0,2.0244140625,0.0,7.240234375,202.1806640625
2022-04-17,2.7978515625,9.3896484375,8.076171875,3.7314453125,6.779296875,203.3818359375
2022-04-18,0.201171875,3.2021484375,3.2353515625,1.6162109375,7.0078125,201.482421875
2022-04-19,0.017578125,1.173828125,5.10546875,1.30078125,8.322265625,196.0166015625
2022-04-20,11.3232421875,14.9814453125,14.7412109375,10.986328125,7.15234375,210.90234375
2022-04-21,0.103515625,1.1240234375,3.3193359375,0.6884765625,6.2392578125,204.501953125
2022-04-22,0.0,0.013671875,0.7060546875,0.0,5.0,193.8955078125
2022-04-23,0.0,0.0,0.1767578125,0.0,4.400390625,176.9267578125
2022-04-24,0.0,0.0,0.0,0.0,3.5,160.9658203125
2022-04-25,0.0,0.0,0.0,0.0,2.3330078125,149.5751953125
2022-04-26,0.0,0.0,0.0,0.0,1.67578125,137.93359375
2022-04-27,0.0,0.0,0.0,0.0,1.0830078125,126.169921875
2022-04-28,0.0,0.0,0.0,0.0,0.5849609375,115.0576171875
2022-04-29,0.0,0.0,0.0,0.0,0.2216796875,104.1005859375
2022-04-30,0.0,0.0,0.0,0.0,0.060546875,92.8759765625
2022-05-01,0.0,0.0,0.0,0.0,0.0,79.94140625
2022-05-02,0.0,0.0,0.033203125,0.0,0.0,74.166015625
2022-05-03,0.0,0.0,0.017578125,0.0,0.0,82.5576171875
2022-05-04,0.0,0.0,0.0,0.0,0.0,73.751953125
2022-05-05,0.0,0.0,0.0,0.0,0.0,62.5751953125
2022-05-06,0.0,0.0,0.0,0.0,0.0,50.8603515625
2022-05-07,0.0,0.0,0.0,0.0,0.0,36.8544921875
2022-05-08,0.0,0.0,0.0,0.0,0.0,20.4765625
2022-05-09,0.0,0.0,0.0,0.0,0.0,11.078125
2022-05-10,0.0,0.0,0.0,0.0,0.0,7.05078125
2022-05-11,0.0,0.0,0.0009765625,0.0,0.0,4.1533203125
2022-05-12,0.0,0.0,0.0,0.0,0.0,1.525390625
2022-05-13,0.0,0.0,0.0,0.0,0.0,0.486328125
2022-05-14,0.0,0.0,0.0,0.0,0.0,0.1962890625
2022-05-15,0.0,0.0,0.0,0.0,0.0,0.0458984375
2022-05-16,0.0,0.0,0.0,0.0,0.0,0.0
2022-05-17,0.0,0.0,0.0,0.0,0.0,0.0
2022-05-18,0.0,0.0,0.0,0.0,0.0,0.0
2022-05-19,0.0,0.0,0.193359375,0.0,0.0,0.470703125
2022-05-20,0.0,0.0,0.095703125,0.0,0.0,0.41796875
2022-05-21,0.0,0.0,0.0068359375,0.0,0.0,0.12109375
2022-05-22,0.0,0.0,0.0,0.0,0.0,0.0361328125
2022-05-23,0.0,0.0,0.0,0.0,0.0,0.0
2022-05-24,0.0,0.0,0.0,0.0,0.0,0.0
2022-05-25,0.0,0.0,0.0,0.0,0.0,0.0
2022-05-26,0.0,0.0,0.0,0.0,0.0,0.0
2022-05-27,0.0,0.0,0.0,0.0,0.0,0.0
2022-05-28,0.0,0.0,0.0,0.0,0.0,0.0
2022-05-29,0.0,0.0,0.0,0.0,0.0,0.0
2022-05-30,0.0,0.0,0.0,0.0,0.0,0.0
2022-05-31,0.0,0.0,0.0,0.0,0.0,0.0
2022-06-01,0.0,0.0,0.0,0.0,0.0,0.0
2022-06-02,0.0,0.0,0.0,0.0,0.0,0.0537109375
2022-06-03,0.0,0.0,0.0,0.0,0.0,0.013671875
2022-06-04,0.0,0.0,0.0,0.0,0.0,0.021484375
2022-06-05,0.0,0.0,0.0,0.0,0.0,0.0
2022-06-06,0.0,0.0,0.0,0.0,0.0,0.0
2022-06-07,0.0,0.0,0.0,0.0,0.0,0.0
2022-06-08,0.0,0.0,0.0,0.0,0.0,0.0
2022-06-09,0.0,0.0,0.0,0.0,0.0,0.0
2022-06-10,0.0,0.0,0.0,0.0,0.0,0.0
2022-06-11,0.0,0.0,0.0,0.0,0.0,0.0
2022-06-12,0.0,0.0,0.0,0.0,0.0,0.0
2022-06-13,0.0,0.0,0.0,0.0,0.0,0.0
2022-06-14,0.0,0.0,0.0,0.0,0.0,0.0
2022-06-15,0.0,0.0,0.0,0.0,0.0,0.0
2022-06-16,0.0,0.0,0.0,0.0,0.0,0.0
2022-06-17,0.0,0.0,0.0,0.0,0.0,0.0
2022-06-18,0.0,0.0,0.0,0.0,0.0,0.0
2022-06-19,0.0,0.0,0.0,0.0,0.0,0.0
2022-06-20,0.0,0.0,0.0,0.0,0.0,0.0
2022-06-21,0.0,0.0,0.0,0.0,0.0,0.0
2022-06-22,0.0,0.0,0.0,0.0,0.0,0.0
2022-06-23,0.0,0.0,0.0,0.0,0.0,0.0
2022-06-24,0.0,0.0,0.0,0.0,0.0,0.0
2022-06-25,0.0,0.0,0.0,0.0,0.0,0.0
2022-06-26,0.0,0.0,0.0,0.0,0.0,0.0
2022-06-27,0.0,0.0,0.0,0.0,0.0,0.0
2022-06-28,0.0,0.0,0.0,0.0,0.0,0.0
2022-06-29,0.0,0.0,0.0,0.0,0.0,0.0
2022-06-30,0.0,0.0,0.0,0.0,0.0,0.0
2022-07-01,0.0,0.0,0.0,0.0,0.0,0.0
2022-07-02,0.0,0.0,0.0,0.0,0.0,0.0
2022-07-03,0.0,0.0,0.0,0.0,0.0,0.0
2022-07-04,0.0,0.0,0.0,0.0,0.0,0.0
2022-07-05,0.0,0.0,0.0,0.0,0.0,0.0
2022-07-06,0.0,0.0,0.0,0.0,0.0,0.0
2022-07-07,0.0,0.0,0.0,0.0,0.0,0.0
2022-07-08,0.0,0.0,0.0,0.0,0.0,0.0
2022-07-09,0.0,0.0,0.0,0.0,0.0,0.0
2022-07-10,0.0,0.0,0.0,0.0,0.0,0.0
2022-07-11,0.0,0.0,0.0,0.0,0.0,0.0
2022-07-12,0.0,0.0,0.0,0.0,0.0,0.0
2022-07-13,0.0,0.0,0.0,0.0,0.0,0.0
2022-07-14,0.0,0.0,0.0,0.0,0.0,0.0
2022-07-15,0.0,0.0,0.0,0.0,0.0,0.0
2022-07-16,0.0,0.0,0.0,0.0,0.0,0.0
2022-07-17,0.0,0.0,0.0,0.0,0.0,0.0
2022-07-18,0.0,0.0,0.0,0.0,0.0,0.0
2022-07-19,0.0,0.0,0.0,0.0,0.0,0.0
2022-07-20,0.0,0.0,0.0,0.0,0.0,0.0
2022-07-21,0.0,0.0,0.0,0.0,0.0,0.0
2022-07-22,0.0,0.0,0.0,0.0,0.0,0.0
2022-07-23,0.0,0.0,0.0,0.0,0.0,0.0
2022-07-24,0.0,0.0,0.0,0.0,0.0,0.0
2022-07-25,0.0,0.0,0.0,0.0,0.0,0.0
2022-07-26,0.0,0.0,0.0,0.0,0.0,0.0
2022-07-27,0.0,0.0,0.0,0.0,0.0,0.0
2022-07-28,0.0,0.0,0.0,0.0,0.0,0.0
2022-07-29,0.0,0.0,0.0,0.0,0.0,0.0
2022-07-30,0.0,0.0,0.0,0.0,0.0,0.0
2022-07-31,0.0,0.0,0.0,0.0,0.0,0.0
2022-08-01,0.0,0.0,0.0,0.0,0.0,0.0
2022-08-02,0.0,0.0,0.0,0.0,0.0,0.0
2022-08-03,0.0,0.0,0.0,0.0,0.0,0.0
2022-08-04,0.0,0.0,0.0,0.0,0.0,0.0
2022-08-05,0.0,0.0,0.0,0.0,0.0,0.0
2022-08-06,0.0,0.0,0.0,0.0,0.0,0.0
2022-08-07,0.0,0.0,0.0,0.0,0.0,0.0
2022-08-08,0.0,0.0,0.0,0.0,0.0,0.0
2022-08-09,0.0,0.0,0.0,0.0,0.0,0.0
2022-08-10,0.0,0.0,0.0,0.0,0.0,0.0
2022-08-11,0.0,0.0,0.0,0.0,0.0,0.0
2022-08-12,0.0,0.0,0.0,0.0,0.0,0.0
2022-08-13,0.0,0.0,0.0,0.0,0.0,0.0
2022-08-14,0.0,0.0,0.0,0.0,0.0,0.0
2022-08-15,0.0,0.0,0.0,0.0,0.0,0.0
2022-08-16,0.0,0.0,0.0,0.0,0.0,0.0
2022-08-17,0.0,0.0,0.0,0.0,0.0,0.0
2022-08-18,0.0,0.0,0.0,0.0,0.0,0.0
2022-08-19,0.0,0.0,0.0,0.0,0.0,0.0
2022-08-20,0.0,0.0,0.0,0.0,0.0,0.0
2022-08-21,0.0,0.0,0.0,0.0,0.0,0.0
2022-08-22,0.0,0.0,0.0,0.0,0.0,0.0
2022-08-23,0.0,0.0,0.0,0.0,0.0,0.0
2022-08-24,0.0,0.0,0.0,0.0,0.0,0.0
2022-08-25,0.0,0.0,0.0,0.0,0.0,0.0
2022-08-26,0.0,0.0,0.0,0.0,0.0,0.0
2022-08-27,0.0,0.0,0.0,0.0,0.0,0.0
2022-08-28,0.0,0.0,0.0,0.0,0.0,0.0
2022-08-29,0.0,0.0,0.0,0.0,0.0,0.0
2022-08-30,0.0,0.0,0.0,0.0,0.0,0.0
2022-08-31,0.0,0.0,0.0,0.0,0.0,0.0
2022-09-01,0.0,0.0,0.0,0.0,0.0,0.0
2022-09-02,0.0,0.0,0.0,0.0,0.0,0.0
2022-09-03,0.0,0.0,0.0,0.0,0.0,0.0
2022-09-04,0.0,0.0,0.0,0.0,0.0,0.0
2022-09-05,0.0,0.0,0.0,0.0,0.0,0.0
2022-09-06,0.0,0.0,0.0,0.0,0.0,0.0
2022-09-07,0.0,0.0,0.0,0.0,0.0,0.0
2022-09-08,0.0,0.0,0.0,0.0,0.0,0.0
2022-09-09,0.0,0.0,0.0,0.0,0.0,0.0
2022-09-10,0.0,0.0,0.0,0.0,0.0,0.0
2022-09-11,0.0,0.0,0.0,0.0,0.0,0.0
2022-09-12,0.0,0.0,0.0,0.0,0.0,0.0
2022-09-13,0.0,0.0,0.0,0.0,0.0,0.0
2022-09-14,0.0,0.0,0.0,0.0,0.0,0.0
2022-09-15,0.0,0.0,0.0,0.0,0.0,0.0
2022-09-16,0.0,0.0,0.0,0.0,0.0,0.0
2022-09-17,0.0,0.0,0.0,0.0,0.0,0.0
2022-09-18,0.0,0.0,0.0,0.0,0.0,0.0
2022-09-19,0.0,0.0,0.0,0.0,0.0,0.0
2022-09-20,0.0009765625,0.0009765625,0.0,0.0,0.0,0.0
2022-09-21,0.0,0.0,0.0,0.0,0.0,0.537109375
2022-09-22,0.0,0.0791015625,0.0009765625,0.09375,0.0,1.0234375
2022-09-23,0.0009765625,0.009765625,0.0009765625,0.087890625,0.0,0.611328125
2022-09-24,0.0,0.0029296875,0.0,0.03125,0.0,0.341796875
2022-09-25,0.0,0.0,0.0,0.0,0.0,0.1435546875
2022-09-26,0.0,0.0,0.0,0.0,0.0,0.017578125
2022-09-27,0.0,0.0,0.0,0.0,0.0,0.0
2022-09-28,0.0,0.0,0.0,0.0,0.0,0.0
2022-09-29,0.0,0.0,0.0,0.0,0.0,0.0
2022-09-30,0.0,0.0,0.0,0.0,0.0,0.0
2022-10-01,0.0,0.0,0.0,0.0,0.0,0.0
2022-10-02,0.0,0.0,0.0,0.0,0.0,0.0
2022-10-03,0.0,0.0,0.0,0.0,0.0,0.0
2022-10-04,0.0,0.0,0.0,0.0,0.0,0.0
2022-10-05,0.0,0.0,0.0,0.0,0.0,0.0
2022-10-06,0.0,0.0,0.0,0.0,0.0,0.0
2022-10-07,0.0,0.0,0.0,0.0,0.0,0.0
2022-10-08,0.0,0.0,0.0,0.0,0.0,0.0
2022-10-09,0.0,0.0,0.0,0.0,0.0,0.0
2022-10-10,0.0,0.0,0.0,0.0,0.0,0.0
2022-10-11,0.0,0.0,0.025390625,0.0,0.0,0.0283203125
2022-10-12,0.0,0.0,0.01171875,0.0,0.0,0.0
2022-10-13,0.0,0.0,0.0,0.0,0.0,0.0
2022-10-14,0.0,0.0,0.0,0.0,0.0,0.0
2022-10-15,0.0,0.0,0.0,0.0,0.0,0.0
2022-10-16,0.0,0.0,0.0,0.0,0.0,0.0
2022-10-17,0.0,0.0,0.0,0.0,0.0,0.0
2022-10-18,0.0,0.0,0.0,0.0,0.0,0.0
2022-10-19,0.0,0.0,0.0,0.0,0.0,0.0
2022-10-20,0.0,0.0,0.0,0.0,0.0,0.0
2022-10-21,0.0,0.0,0.0,0.0,0.0,0.0
2022-10-22,0.0,0.0,0.0,0.0,0.0,0.0
2022-10-23,0.0,0.0,0.0,0.0,0.0,0.0
2022-10-24,0.0,0.0,0.0,0.0,0.0,0.0
2022-10-25,0.0,0.0,0.0,0.0,0.0,0.0
2022-10-26,0.0,0.0,0.0,0.0,0.0,0.0
2022-10-27,0.0,0.0,0.0,0.0,0.0,0.0
2022-10-28,0.0,0.0,0.0,0.0,0.0,0.0
2022-10-29,0.0,0.0,0.0,0.0,0.0,0.0
2022-10-30,0.0,0.0,0.0,0.0,0.0,0.0
2022-10-31,0.0,0.0,0.0,0.0,0.0,0.0
2022-11-01,0.0,0.0,0.0,0.0,0.0,0.0
2022-11-02,0.0,0.0,0.0,0.0,0.0,0.0
2022-11-03,0.0,0.0,0.0,0.0,0.0,0.0
2022-11-04,0.0,0.0,0.0,0.0,0.0,0.0
2022-11-05,0.0,0.0,0.0,0.0,0.0,0.0
2022-11-06,0.0,0.0,0.0,0.0,0.0,0.0
2022-11-07,0.0,0.0,0.0009765625,0.0,0.0,0.0
2022-11-08,0.0,0.0,0.0009765625,0.0,0.0,0.0
2022-11-09,0.0,0.0,0.0,0.0,0.0,0.0
2022-11-10,0.0,0.0,0.0,0.0,0.0,0.0
2022-11-11,0.0,0.0,0.0,0.0,0.0,0.0
2022-11-12,0.0,0.0,0.0,0.0,0.0,1.154296875
2022-11-13,0.0,0.0,0.0693359375,0.0,0.0,1.8212890625
2022-11-14,0.0,0.0,0.0322265625,0.0,0.0,1.16015625
2022-11-15,0.0,0.0,0.017578125,0.0,0.0,0.767578125
2022-11-16,0.0,0.0,0.005859375,0.0,0.0,0.3818359375
2022-11-17,0.0,0.0,0.0078125,0.0,0.0,0.2529296875
2022-11-18,0.0,0.0,0.0,0.0,0.0,0.12109375
2022-11-19,0.0,0.0,0.0,0.0,0.0,0.18359375
2022-11-20,2.470703125,7.03125,8.640625,2.0517578125,0.0,1.6171875
2022-11-21,5.8583984375,11.677734375,8.904296875,6.8134765625,0.3505859375,20.3056640625
2022-11-22,0.1826171875,2.5419921875,1.3203125,0.5400390625,0.345703125,42.3857421875
2022-11-23,0.005859375,0.5849609375,4.484375,0.419921875,0.5478515625,62.8310546875
2022-11-24,0.1328125,2.2822265625,2.1220703125,0.0419921875,1.154296875,62.455078125
2022-11-25,0.0,0.1181640625,1.3291015625,0.021484375,1.2451171875,61.2314453125
2022-11-26,0.05078125,0.189453125,1.896484375,0.2529296875,1.15234375,61.2978515625
2022-11-27,1.146484375,2.1279296875,4.6337890625,2.2861328125,1.314453125,62.353515625
2022-11-28,0.220703125,0.58203125,1.4521484375,0.2392578125,1.1962890625,60.8896484375
2022-11-29,0.001953125,0.2177734375,1.083984375,0.001953125,1.1962890625,60.0888671875
2022-11-30,0.013671875,0.1064453125,1.2890625,0.2890625,0.8564453125,62.111328125
2022-12-01,0.423828125,1.3818359375,2.248046875,1.103515625,0.8837890625,65.21875
2022-12-02,0.4638671875,0.1806640625,1.61328125,0.1357421875,0.8095703125,61.7724609375
2022-12-03,0.0498046875,0.0185546875,0.6171875,0.0029296875,0.68359375,61.6474609375
2022-12-04,0.0,0.0,0.4453125,0.0,0.4541015625,59.5732421875
2022-12-05,0.0,0.0,0.2294921875,0.0,0.4345703125,59.400390625
2022-12-06,0.0,0.0,0.0673828125,0.0,0.259765625,55.375
2022-12-07,0.0,0.00390625,0.1416015625,0.0009765625,0.3076171875,58.3701171875
2022-12-08,0.0,0.0,0.099609375,0.1279296875,0.28125,56.697265625
2022-12-09,0.0,0.0,0.02734375,0.03515625,0.1318359375,51.7470703125
2022-12-10,0.0,0.0,0.005859375,0.0,0.06640625,41.7001953125
2022-12-11,1.0791015625,3.3525390625,2.822265625,0.8251953125,0.0361328125,33.1298828125
2022-12-12,2.353515625,4.3740234375,4.3408203125,2.69921875,1.5,40.5908203125
2022-12-13,0.9599609375,1.5947265625,5.2294921875,3.7080078125,2.7763671875,57.529296875
2022-12-14,0.1318359375,0.53515625,2.154296875,5.125,0.6826171875,52.1865234375
2022-12-15,0.0087890625,0.12890625,0.537109375,0.8251953125,0.4599609375,53.4111328125
2022-12-16,0.0,0.0,0.0478515625,0.1123046875,0.095703125,39.7041015625
2022-12-17,0.0244140625,0.2734375,0.0576171875,0.0,0.076171875,25.4560546875
2022-12-18,0.1875,0.5302734375,0.0419921875,0.0068359375,0.142578125,38.251953125
2022-12-19,0.0029296875,0.4072265625,0.2470703125,0.2724609375,0.4072265625,45.4306640625
2022-12-20,0.0,0.0,0.0,0.0,0.0546875,39.5791015625
2022-12-21,0.0,0.0,0.0,0.0,0.0,37.3603515625
2022-12-22,0.0,0.0,0.0,0.0,0.0,37.27734375
2022-12-23,0.0,0.0,0.0205078125,0.0,0.0,37.431640625
2022-12-24,0.0,0.00390625,0.0,0.0,0.005859375,36.4189453125
2022-12-25,0.0,0.0,0.0,0.0,0.0107421875,35.23046875
2022-12-26,0.0,0.0341796875,0.171875,0.1826171875,0.1298828125,38.216796875
2022-12-27,0.7060546875,0.474609375,0.2060546875,0.0859375,0.193359375,39.591796875
2022-12-28,0.7607421875,1.998046875,0.615234375,0.43359375,0.048828125,34.73828125
2022-12-29,0.29296875,0.947265625,0.779296875,1.21875,0.083984375,33.802734375
2022-12-30,0.138671875,0.4970703125,0.23046875,0.6259765625,0.01171875,27.728515625
2022-12-31,0.078125,0.33203125,0.205078125,0.443359375,0.0048828125,25.1982421875
2023-01-01,0.0048828125,0.0810546875,0.0751953125,0.1484375,0.0,22.9677734375
2023-01-02,0.0,0.0,0.01171875,0.009765625,0.0,21.4443359375
2023-01-03,0.0,0.0,0.02734375,0.013671875,0.01953125,26.4404296875
2023-01-04,0.0,0.146484375,0.1689453125,0.09765625,0.2255859375,36.91796875
2023-01-05,0.0,0.0,0.0244140625,0.0048828125,0.0791015625,30.8349609375
2023-01-06,0.0,0.0107421875,0.1650390625,0.0068359375,0.2568359375,39.5068359375
2023-01-07,0.0,0.0,0.1923828125,0.0029296875,0.2998046875,41.6103515625
2023-01-08,0.0,0.0,0.13671875,0.0,0.265625,38.923828125
2023-01-09,0.0,0.0048828125,1.7275390625,0.6923828125,0.1669921875,68.5986328125
2023-01-10,2.916015625,7.2724609375,9.2021484375,2.4677734375,1.427734375,80.439453125
2023-01-11,7.931640625,22.9013671875,8.3291015625,5.556640625,1.29296875,78.5498046875
2023-01-12,1.1689453125,19.8515625,5.4609375,0.9873046875,0.7998046875,74.298828125
2023-01-13,0.6484375,19.1767578125,4.1484375,0.15234375,0.7587890625,72.9853515625
2023-01-14,1.0712890625,20.62109375,4.6884765625,1.1123046875,0.7001953125,72.4140625
2023-01-15,1.9658203125,20.8115234375,3.0341796875,0.056640625,0.619140625,70.4208984375
2023-01-16,1.525390625,15.1201171875,13.2734375,0.0009765625,0.5947265625,108.626953125
2023-01-17,0.015625,4.751953125,11.5634765625,1.4140625,4.330078125,161.2412109375
2023-01-18,0.7412109375,0.001953125,20.2197265625,0.7451171875,2.0908203125,213.4140625
2023-01-19,2.5361328125,7.42578125,57.2841796875,11.8193359375,6.48046875,259.26953125
2023-01-20,9.173828125,10.7197265625,61.2646484375,6.33984375,24.90234375,247.244140625
2023-01-21,5.451171875,10.8994140625,71.1962890625,12.814453125,37.6884765625,252.0107421875
2023-01-22,2.0146484375,8.9736328125,86.234375,12.5595703125,48.615234375,257.5234375
2023-01-23,4.8115234375,14.1328125,103.337890625,23.6240234375,64.9453125,289.5048828125
2023-01-24,6.1767578125,14.4013671875,102.697265625,16.4873046875,64.919921875,271.62109375
2023-01-25,1.9267578125,9.0732421875,103.470703125,15.4072265625,60.4296875,274.5517578125
2023-01-26,2.7568359375,8.8037109375,104.142578125,14.3623046875,62.767578125,276.6201171875
2023-01-27,7.9208984375,13.7177734375,109.91796875,18.03515625,66.00390625,281.685546875
2023-01-28,8.6494140625,15.451171875,111.22265625,16.99609375,64.947265625,283.48828125
2023-01-29,5.9345703125,15.201171875,127.3662109375,18.4013671875,69.0361328125,295.53125
2023-01-30,3.9365234375,12.3701171875,131.458984375,16.89453125,68.1220703125,300.7763671875
2023-01-31,7.017578125,16.076171875,134.9677734375,19.2109375,67.439453125,303.5263671875
2023-02-01,6.3037109375,17.8447265625,135.8232421875,16.947265625,65.58984375,298.666015625
2023-02-02,10.431640625,23.458984375,135.8564453125,18.396484375,63.451171875,299.3544921875
2023-02-03,9.1416015625,26.220703125,137.2138671875,20.6552734375,65.8916015625,302.9423828125
2023-02-04,20.708984375,41.0087890625,146.31640625,28.546875,67.9140625,305.3525390625
2023-02-05,21.1376953125,42.2099609375,156.923828125,30.9873046875,70.2353515625,305.73828125
2023-02-06,20.4970703125,46.708984375,166.4013671875,30.623046875,69.6591796875,304.2734375
2023-02-07,17.853515625,47.01171875,168.814453125,27.26171875,66.1474609375,293.3408203125
2023-02-08,14.36328125,44.7802734375,167.6015625,24.390625,65.3388671875,289.3134765625
2023-02-09,11.6484375,42.9716796875,167.8076171875,23.537109375,66.4716796875,294.6865234375
2023-02-10,11.99609375,42.826171875,168.341796875,23.302734375,67.123046875,297.4609375
2023-02-11,11.58984375,41.349609375,166.1533203125,22.21484375,64.75390625,294.08203125
2023-02-12,10.798828125,42.640625,164.505859375,22.908203125,63.7646484375,295.09765625
2023-02-13,9.111328125,40.7724609375,159.8916015625,19.14453125,56.78125,281.9619140625
2023-02-14,9.6474609375,41.626953125,161.380859375,20.6103515625,57.9306640625,284.1162109375
2023-02-15,7.837890625,40.630859375,160.16015625,17.458984375,53.7255859375,277.4140625
2023-02-16,5.92578125,37.451171875,159.1455078125,14.623046875,51.453125,275.2861328125
2023-02-17,4.498046875,36.111328125,155.951171875,11.8056640625,47.8232421875,269.25390625
2023-02-18,2.8173828125,32.5078125,151.7705078125,8.7568359375,45.34765625,265.046875
2023-02-19,2.06640625,27.1416015625,152.3955078125,6.9794921875,44.095703125,267.3896484375
2023-02-20,1.2373046875,25.203125,149.796875,6.171875,42.171875,268.14453125
2023-02-21,0.4599609375,20.521484375,149.8525390625,4.7900390625,40.4609375,269.8330078125
2023-02-22,0.162109375,14.8232421875,146.8681640625,2.587890625,37.541015625,265.1875
2023-02-23,0.1220703125,9.79296875,149.552734375,1.9482421875,38.283203125,268.384765625
2023-02-24,0.064453125,6.16015625,147.4423828125,1.5400390625,37.8857421875,275.9443359375
2023-02-25,0.0029296875,2.4033203125,130.244140625,0.53515625,32.1064453125,273.2373046875
2023-02-26,15.25390625,13.5205078125,130.4423828125,3.8330078125,27.3466796875,282.6083984375
2023-02-27,24.513671875,13.6875,146.8583984375,7.4755859375,23.1025390625,292.3759765625
2023-02-28,33.4453125,19.6904296875,150.37890625,8.875,27.365234375,291.0380859375
2023-03-01,41.9140625,27.2880859375,158.8759765625,6.28515625,26.9638671875,294.2939453125
2023-03-02,30.1083984375,23.29296875,150.482421875,1.2265625,22.5673828125,294.720703125
2023-03-03,17.18359375,18.130859375,144.359375,1.8447265625,21.0400390625,298.5966796875
2023-03-04,9.2666015625,14.3505859375,143.5791015625,1.7177734375,20.2001953125,303.2021484375
2023-03-05,8.8173828125,15.6669921875,146.2568359375,2.7548828125,21.3583984375,311.9599609375
2023-03-06,3.9423828125,10.8701171875,142.609375,1.1796875,20.4599609375,320.1796875
2023-03-07,1.8857421875,8.9169921875,138.3994140625,1.2353515625,23.669921875,322.8515625
2023-03-08,0.912109375,5.224609375,130.90625,0.6455078125,23.4921875,323.0595703125
2023-03-09,0.587890625,2.498046875,117.5830078125,0.322265625,22.15234375,319.798828125
2023-03-10,0.0,0.7177734375,106.748046875,0.0,19.439453125,317.763671875
2023-03-11,1.22265625,3.271484375,96.943359375,1.453125,19.3662109375,321.1591796875
2023-03-12,0.3076171875,3.1455078125,97.5361328125,2.3642578125,18.2568359375,322.162109375
2023-03-13,0.0,1.6064453125,90.0205078125,0.3955078125,17.7744140625,315.4345703125
2023-03-14,0.408203125,0.1396484375,69.09375,1.529296875,14.23046875,298.88671875
2023-03-15,12.181640625,17.22265625,68.998046875,10.15234375,13.4033203125,301.4658203125
2023-03-16,3.4228515625,9.9091796875,59.349609375,1.439453125,13.537109375,292.7998046875
2023-03-17,0.0234375,5.396484375,56.9560546875,0.041015625,13.28125,289.2158203125
2023-03-18,0.0,3.5439453125,55.5087890625,0.017578125,12.9033203125,289.10546875
2023-03-19,0.0,2.25,53.0283203125,0.0166015625,12.5400390625,287.9384765625
2023-03-20,0.0,0.7607421875,47.12109375,0.01171875,12.0341796875,285.2578125
2023-03-21,0.0,0.279296875,43.0771484375,0.0,11.853515625,277.7890625
2023-03-22,0.0009765625,0.048828125,37.322265625,0.0,11.033203125,276.9521484375
2023-03-23,0.0,0.0,30.3818359375,0.0,9.88671875,266.3779296875
2023-03-24,0.0,0.0,24.0322265625,0.0,8.943359375,256.6220703125
2023-03-25,0.0,0.0,18.6181640625,0.0,8.2236328125,247.9208984375
2023-03-26,0.033203125,0.0,17.0859375,0.0,7.166015625,235.4296875
2023-03-27,1.9814453125,4.5458984375,22.509765625,3.7353515625,6.4296875,250.0380859375
2023-03-28,1.6201171875,3.814453125,14.494140625,1.078125,8.1982421875,233.8388671875
2023-03-29,0.1826171875,1.29296875,12.208984375,0.1376953125,7.7236328125,223.875
2023-03-30,0.0,0.1484375,9.9267578125,0.0,7.041015625,225.1953125
2023-03-31,0.0,0.0,6.2451171875,0.0,6.0068359375,218.41796875
2023-04-01,0.0,0.0185546875,6.658203125,0.3525390625,4.8671875,210.5986328125
2023-04-02,0.0,0.0009765625,6.7509765625,0.8203125,5.375,216.126953125
2023-04-03,7.12109375,16.4990234375,16.626953125,11.931640625,13.39453125,227.6640625
2023-04-04,16.2041015625,37.7333984375,22.677734375,19.8427734375,13.0869140625,232.2041015625
2023-04-05,14.90234375,34.91015625,20.5361328125,15.630859375,6.34765625,227.41796875
2023-04-06,13.4580078125,34.8017578125,20.05078125,14.4794921875,5.431640625,221.107421875
2023-04-07,9.30859375,33.8837890625,17.75,11.216796875,5.3134765625,219.2412109375
2023-04-08,4.22265625,26.7001953125,13.197265625,5.2041015625,4.513671875,209.685546875
2023-04-09,3.8984375,20.626953125,11.142578125,4.9404296875,4.2822265625,211.5830078125
2023-04-10,1.677734375,18.7744140625,15.37890625,6.0400390625,4.455078125,217.853515625
2023-04-11,0.294921875,6.03125,10.6669921875,1.548828125,3.345703125,223.904296875
2023-04-12,1.396484375,4.9208984375,6.408203125,0.6123046875,2.4755859375,217.16015625
2023-04-13,0.0,0.7666015625,1.36328125,0.0283203125,1.6240234375,208.0458984375
2023-04-14,0.0478515625,0.326171875,6.4248046875,0.171875,2.0849609375,217.2568359375
2023-04-15,0.4658203125,0.1025390625,4.87890625,0.0556640625,3.7265625,222.6767578125
2023-04-16,0.037109375,0.103515625,5.85546875,0.173828125,3.408203125,227.70703125
2023-04-17,0.0,0.0,1.845703125,0.0,2.2958984375,224.09375
2023-04-18,0.0,0.0,0.9443359375,0.0,1.744140625,224.7802734375
2023-04-19,0.0,0.0,0.63671875,0.02734375,1.283203125,216.7880859375
2023-04-20,0.0,0.0,0.349609375,0.017578125,0.958984375,209.07421875
2023-04-21,0.0,0.0,0.0908203125,0.0,0.578125,204.41015625
2023-04-22,0.0,0.0,0.0341796875,0.0,0.224609375,198.408203125
2023-04-23,0.0,0.0,0.0,0.0,0.0,190.0068359375
2023-04-24,0.0,0.0,0.0,0.0,0.0,181.7333984375
2023-04-25,0.0,0.0009765625,0.1064453125,0.0,0.0,173.416015625
2023-04-26,0.033203125,0.0263671875,4.4560546875,0.046875,0.2021484375,184.6279296875
2023-04-27,0.0,0.0,1.3779296875,0.0,0.0,179.5830078125
2023-04-28,0.0,0.0,0.287109375,0.0,0.0,177.099609375
2023-04-29,0.0,0.0,0.0498046875,0.0,0.0,166.3583984375
2023-04-30,0.0,0.0,0.0126953125,0.0,0.0,155.1923828125
2023-05-01,0.0,0.0,0.0,0.0,0.0,145.0234375
2023-05-02,0.0,0.0,0.0,0.0,0.0,132.0859375
2023-05-03,0.0,0.0,0.0,0.0,0.0,118.70703125
2023-05-04,0.0,0.0,0.0009765625,0.0,0.0,105.26953125
2023-05-05,0.0,0.0,0.0,0.0,0.0,90.58203125
2023-05-06,0.0,0.0,0.0,0.0,0.0,74.880859375
2023-05-07,0.0,0.0,0.0,0.0,0.0,59.2109375
2023-05-08,0.0,0.0,0.0,0.0,0.0,42.4091796875
2023-05-09,0.0,0.0,0.0,0.0,0.0,35.3173828125
2023-05-10,0.0,0.0,0.005859375,0.0,0.0,29.525390625
2023-05-11,0.0,0.0,0.0,0.0,0.0,24.7138671875
2023-05-12,0.0,0.0,0.01171875,0.0009765625,0.0126953125,20.8876953125
2023-05-13,0.0,0.0,0.0,0.0,0.0,12.4140625
2023-05-14,0.0,0.0,0.0029296875,0.0107421875,0.0048828125,8.9912109375
2023-05-15,0.0,0.0,0.0,0.0,0.0,3.8095703125
2023-05-16,0.0,0.0,0.0,0.0,0.0,2.0888671875
2023-05-17,0.0,0.0,0.0,0.0,0.0,1.0146484375
2023-05-18,0.0,0.0,0.0048828125,0.0,0.005859375,1.0419921875
2023-05-19,0.0,0.0,0.0048828125,0.0,0.005859375,0.818359375
2023-05-20,0.0,0.0,0.0048828125,0.0,0.0048828125,0.56640625
2023-05-21,0.0,0.0,0.0,0.0,0.0,0.12109375
2023-05-22,0.0,0.0,0.0,0.0,0.0,0.0546875
2023-05-23,0.0,0.0,0.0,0.0,0.0,0.0
2023-05-24,0.0,0.0,0.005859375,0.0,0.0048828125,0.1767578125
2023-05-25,0.0,0.0,0.0,0.0,0.0,0.0
2023-05-26,0.0,0.0,0.0,0.0,0.0,0.0
2023-05-27,0.0,0.0,0.0,0.0,0.0,0.0
2023-05-28,0.0,0.0,0.0,0.0,0.0,0.0
2023-05-29,0.0,0.0,0.0,0.0,0.0,0.0
2023-05-30,0.0,0.0,0.0048828125,0.0,0.0048828125,0.15625
2023-05-31,0.0,0.0,0.0,0.0,0.0,0.0
2023-06-01,0.0,0.0,0.0048828125,0.0,0.00390625,0.154296875
2023-06-02,0.0,0.0,0.0,0.0,0.0,0.0
2023-06-03,0.0,0.0,0.0,0.0,0.0,0.0
2023-06-04,0.0,0.0,0.0048828125,0.0,0.00390625,0.154296875
2023-06-05,0.0,0.0,0.0,0.0,0.0,0.04296875
2023-06-06,0.0,0.0,0.0,0.0,0.0,0.0
2023-06-07,0.0,0.0,0.0048828125,0.0,0.00390625,0.126953125
2023-06-08,0.0,0.0,0.0,0.0,0.0,0.0341796875
2023-06-09,0.0,0.0,0.0,0.0,0.0,0.0
2023-06-10,0.0,0.0,0.013671875,0.0,0.0,0.3154296875
2023-06-11,0.0,0.0,0.0107421875,0.0,0.0,0.2802734375
2023-06-12,0.0,0.0,0.0,0.0,0.009765625,0.44921875
2023-06-13,0.0,0.0,0.0,0.0,0.0029296875,0.2138671875
2023-06-14,0.0,0.0,0.00390625,0.0,0.0,0.21875
2023-06-15,0.0,0.0,0.0,0.0,0.0,0.4130859375
2023-06-16,0.0,0.0,0.005859375,0.0,0.0,0.3388671875
2023-06-17,0.0,0.0,0.232421875,0.0,0.00390625,0.8720703125
2023-06-18,0.0,0.0,0.337890625,0.0,0.009765625,1.412109375
2023-06-19,0.0,0.0,0.0419921875,0.0,0.0068359375,0.5244140625
2023-06-20,0.0,0.0,0.0029296875,0.0,0.0,0.048828125
2023-06-21,0.0,0.0,0.0,0.0,0.0,0.017578125
2023-06-22,0.0,0.0,0.0,0.0,0.0,0.0
2023-06-23,0.0,0.0,0.0,0.0,0.0,0.0
2023-06-24,0.0,0.0,0.0,0.0,0.0,0.0
2023-06-25,0.0,0.0,0.0,0.0,0.0,0.0
2023-06-26,0.0,0.0,0.0,0.0,0.0,0.0
2023-06-27,0.0,0.0,0.00390625,0.0,0.001953125,0.1005859375
2023-06-28,0.0,0.0,0.0,0.0,0.0,0.005859375
2023-06-29,0.0,0.0,0.0146484375,0.0029296875,0.0009765625,0.0341796875
2023-06-30,0.0,0.0,0.001953125,0.0,0.001953125,0.078125
2023-07-01,0.0,0.0,0.0009765625,0.0,0.0,0.0185546875
2023-07-02,0.0,0.0,0.0,0.0,0.0,0.0
2023-07-03,0.0,0.0,0.0009765625,0.0,0.0009765625,0.03125
2023-07-04,0.0,0.0,0.0,0.0,0.0,0.0673828125
2023-07-05,0.0,0.0,0.0,0.0,0.0,0.0439453125
2023-07-06,0.0,0.0,0.0,0.0,0.0,0.0
2023-07-07,0.0,0.0,0.0,0.0,0.0,0.0126953125
2023-07-08,0.0,0.0,0.0,0.0,0.0,0.0
2023-07-09,0.0,0.0,0.0,0.0,0.0,0.0
2023-07-10,0.0,0.0,0.001953125,0.0,0.0009765625,0.0634765625
2023-07-11,0.0,0.0,0.0,0.0,0.0,0.17578125
2023-07-12,0.0,0.0,0.0,0.0,0.0,0.013671875
2023-07-13,0.0,0.0,0.0,0.0,0.0,0.0
2023-07-14,0.0,0.0,0.0,0.0,0.0,0.0
2023-07-15,0.0,0.0,0.0,0.0,0.0,0.0
2023-07-16,0.0,0.0,0.0,0.0,0.0,0.0
2023-07-17,0.0,0.0,0.0,0.0,0.0,0.0
2023-07-18,0.0,0.0,0.0,0.0,0.0,0.0
2023-07-19,0.0,0.0,0.0,0.0,0.0,0.0
2023-07-20,0.0,0.0,0.0,0.0,0.0,0.0
2023-07-21,0.0,0.0,0.0,0.0,0.0,0.0
2023-07-22,0.0,0.0,0.0,0.0,0.0,0.0
2023-07-23,0.0,0.0,0.0,0.0,0.0,0.0
2023-07-24,0.0,0.0,0.0,0.0,0.0,0.0
2023-07-25,0.0,0.0,0.0,0.0,0.0,0.0
2023-07-26,0.0,0.0,0.0,0.0,0.0,0.0
2023-07-27,0.0,0.0,0.0,0.0,0.0,0.0
2023-07-28,0.0,0.0,0.0029296875,0.0,0.0,0.1142578125
2023-07-29,0.0,0.0,0.001953125,0.0,0.0,0.01171875
2023-07-30,0.0,0.0,0.0,0.0,0.0,0.0
2023-07-31,0.0,0.0,0.0,0.0,0.0,0.0
2023-08-01,0.0,0.0,0.0,0.0,0.0029296875,0.0791015625
2023-08-02,0.0,0.0,0.0,0.0,0.0,0.005859375
2023-08-03,0.0,0.0,0.0,0.0,0.0,0.0
2023-08-04,0.0,0.0,0.0,0.0,0.0,0.0
2023-08-05,0.0,0.0,0.0,0.0,0.0,0.0
2023-08-06,0.0,0.0,0.0,0.0,0.0,0.0
2023-08-07,0.0,0.0,0.0009765625,0.0,0.0009765625,0.033203125
2023-08-08,0.0,0.0,0.00390625,0.0,0.001953125,0.2568359375
2023-08-09,0.0,0.0,0.05078125,0.0,0.009765625,3.5869140625
2023-08-10,0.0,0.0,0.009765625,0.0,0.0068359375,1.5009765625
2023-08-11,0.0,0.0,0.0087890625,0.0,0.0087890625,1.302734375
2023-08-12,0.0,0.0,0.0029296875,0.0,0.0078125,0.9775390625
2023-08-13,0.0,0.0,0.0029296875,0.0,0.0078125,0.845703125
2023-08-14,0.0,0.0,0.001953125,0.0,0.005859375,0.693359375
2023-08-15,0.0,0.0,0.0,0.0,0.005859375,0.6513671875
2023-08-16,0.0,0.0,0.0009765625,0.0,0.0029296875,0.201171875
2023-08-17,0.0,0.0,0.0,0.0,0.0,0.0908203125
2023-08-18,0.0,0.0,0.0,0.0,0.0,0.00390625
2023-08-19,0.0,0.0,0.0,0.0,0.0,0.0
2023-08-20,0.0,0.0,0.0,0.0,0.0,0.0
2023-08-21,0.0,0.0,0.0,0.0,0.0,0.0
2023-08-22,0.0,0.0,0.0,0.0,0.0,0.0
2023-08-23,0.0,0.0,0.0,0.0,0.0,0.0
2023-08-24,0.0,0.0,0.0,0.0,0.0,0.0
2023-08-25,0.0,0.0,0.0,0.0,0.0,0.0
2023-08-26,0.0,0.0,0.0,0.0,0.0,0.0
2023-08-27,0.0,0.0,0.0,0.0,0.0,0.0
2023-08-28,0.0,0.0,0.0,0.0,0.0,0.0
2023-08-29,0.0,0.0,0.0,0.0,0.0,0.0
2023-08-30,0.0,0.0,0.0,0.0,0.0,0.0
2023-08-31,0.0,0.0,0.0009765625,0.0,0.0,0.1298828125
2023-09-01,0.0,0.0,0.001953125,0.0,0.0009765625,0.5205078125
2023-09-02,0.0,0.0,0.0,0.0,0.001953125,0.60546875
2023-09-03,0.0,0.0,0.0,0.0,0.001953125,0.6220703125
2023-09-04,0.0,0.0,0.0,0.0,0.0,0.08984375
2023-09-05,0.0,0.0,0.001953125,0.001953125,0.0,1.369140625
2023-09-06,0.0,0.0,0.0,0.0,0.0,0.1826171875
2023-09-07,0.0,0.0,0.0009765625,0.0,0.0,0.466796875
2023-09-08,0.0,0.0,0.001953125,0.0,0.0,0.7744140625
2023-09-09,0.0,0.0,0.0029296875,0.0,0.001953125,1.4052734375
2023-09-10,0.0,0.0,0.0029296875,0.0,0.0029296875,3.662109375
2023-09-11,0.0,0.0,0.0,0.0,0.0,1.103515625
2023-09-12,0.0,0.0,0.0,0.0,0.0,0.2939453125
2023-09-13,0.0,0.0,0.0,0.0,0.0,0.0
2023-09-14,0.0,0.0,0.0,0.0,0.0,0.0
2023-09-15,0.0,0.0,0.0,0.0,0.0,0.0
2023-09-16,0.0,0.0,0.0,0.0,0.0,0.0
2023-09-17,0.0,0.0,0.0,0.0,0.0,0.0
2023-09-18,0.0,0.0,0.0,0.0,0.0,0.0
2023-09-19,0.0,0.0,0.0,0.0,0.0,0.0
2023-09-20,0.0,0.0,0.0,0.0,0.0,0.0
2023-09-21,0.0,0.0,0.0,0.0,0.0,0.0
2023-09-22,0.0,0.0,0.0,0.0,0.0,0.0
2023-09-23,0.0,0.0,0.0,0.0,0.0,0.0
2023-09-24,0.0,0.0,0.0,0.0,0.0,0.0
2023-09-25,0.0,0.0,0.0,0.0,0.0,0.0
2023-09-26,0.0,0.0,0.0,0.0,0.0,0.0
2023-09-27,0.0,0.0,0.0,0.0,0.0,0.0
2023-09-28,0.0,0.0,0.0,0.0,0.0,0.0
2023-09-29,0.0,0.0,0.0,0.0,0.0,0.0
2023-09-30,0.0,0.0,0.0,0.0,0.0,0.0
2023-10-01,0.0,0.0,0.0,0.0,0.0,0.0
2023-10-02,0.0,0.0,0.0,0.0,0.0,0.0
2023-10-03,0.0,0.0,0.0,0.0,0.0,0.0
2023-10-04,0.0,0.0,0.0,0.0,0.0,0.0
2023-10-05,0.0,0.0,0.0,0.0,0.0,0.0
2023-10-06,0.0,0.0,0.0,0.0,0.0,0.0
2023-10-07,0.0,0.0,0.0,0.0,0.0,0.0
2023-10-08,0.0,0.0,0.0,0.0,0.0,0.0
2023-10-09,0.0,0.0,0.0,0.0,0.0,0.0
2023-10-10,0.0,0.0,0.0,0.0,0.0,0.0
2023-10-11,0.0,0.0,0.0,0.0,0.0,0.0
2023-10-12,0.0,0.0,0.0,0.0,0.0,0.0
2023-10-13,0.0,0.0,0.0,0.0,0.0,0.0
2023-10-14,0.0,0.0,0.0,0.0,0.0,0.0
2023-10-15,0.0,0.0,0.0,0.0,0.0,0.0
2023-10-16,0.0,0.0,0.1123046875,0.044921875,0.0,0.2275390625
2023-10-17,0.0,0.0,0.0,0.0,0.0,0.0
2023-10-18,0.0,0.0,0.0,0.0,0.0,0.0
2023-10-19,0.0,0.0,0.0,0.0,0.0,0.0
2023-10-20,0.0,0.0,0.0,0.0,0.0,0.0
2023-10-21,0.0,0.0,0.0,0.0,0.0,0.0
2023-10-22,0.0,0.0,0.0,0.0,0.0,0.0
2023-10-23,0.0,0.0,0.0,0.0,0.0,0.0
2023-10-24,0.0,0.0,0.0,0.0,0.0,0.0
2023-10-25,0.0,0.0,0.0,0.0,0.0,0.0
2023-10-26,0.0,0.0,0.0,0.0,0.0,0.0
2023-10-27,0.0,0.0,0.0,0.0,0.0,0.0
2023-10-28,0.0,0.0,0.0,0.0,0.0,0.0
2023-10-29,0.0,0.0,0.0,0.0,0.0,0.0
2023-10-30,0.0,0.0,0.0,0.0,0.0,0.0
2023-10-31,0.0,0.0,0.0,0.0,0.0,0.0
2023-11-01,0.0,0.0,0.0,0.0,0.0,0.1044921875
2023-11-02,0.0,0.0,0.0,0.0,0.0,0.0576171875
2023-11-03,0.0,0.0,0.0,0.0,0.0,0.0
2023-11-04,0.0,0.0,0.0,0.0,0.0,0.0107421875
2023-11-05,0.0,0.0,0.0,0.0,0.0,0.005859375
2023-11-06,0.0,0.0,0.0,0.0,0.0,0.0
2023-11-07,0.0,0.0,0.0,0.0,0.0,0.0
2023-11-08,0.0,0.0,0.14453125,0.1181640625,0.0,0.8876953125
2023-11-09,0.0,0.0,0.251953125,0.0,0.0,1.203125
2023-11-10,0.0,0.0,0.0703125,0.0,0.0361328125,1.6220703125
2023-11-11,0.1494140625,0.5126953125,0.8037109375,0.029296875,0.5341796875,14.54296875
2023-11-12,0.0048828125,0.0537109375,2.0576171875,0.3046875,0.033203125,10.150390625
2023-11-13,0.0,0.0,0.4931640625,0.0732421875,0.1103515625,8.0380859375
2023-11-14,0.0,0.0,0.166015625,0.0078125,0.0283203125,5.58203125
2023-11-15,0.1865234375,1.3935546875,5.3681640625,1.3505859375,0.60546875,8.603515625
2023-11-16,0.0,0.5673828125,5.2548828125,0.533203125,0.5859375,9.1064453125
2023-11-17,0.3232421875,1.26953125,3.3818359375,0.76953125,0.1689453125,5.033203125
2023-11-18,1.533203125,5.9140625,3.908203125,1.751953125,0.1484375,3.77734375
2023-11-19,0.2880859375,2.9189453125,1.7197265625,0.1875,0.0009765625,1.2021484375
2023-11-20,0.19140625,2.615234375,2.2685546875,0.412109375,0.0,0.5634765625
2023-11-21,0.11328125,1.447265625,1.759765625,0.2734375,0.005859375,1.2529296875
2023-11-22,2.3232421875,14.4091796875,21.3486328125,4.1103515625,0.0,0.09765625
2023-11-23,3.7958984375,5.33984375,15.453125,2.1171875,1.419921875,3.234375
2023-11-24,0.837890625,4.8466796875,5.5751953125,0.3818359375,0.0810546875,5.1123046875
2023-11-25,25.0546875,40.96484375,42.611328125,32.0625,26.17578125,49.212890625
2023-11-26,26.791015625,53.2958984375,39.2548828125,26.40234375,15.8095703125,41.236328125
2023-11-27,13.150390625,41.626953125,27.0859375,12.0654296875,6.904296875,34.1025390625
2023-11-28,12.5654296875,40.8251953125,50.1552734375,11.1318359375,11.615234375,85.091796875
2023-11-29,5.4306640625,33.650390625,31.5078125,3.2626953125,7.044921875,74.251953125
2023-11-30,0.416015625,14.1181640625,17.3544921875,0.0830078125,3.9814453125,72.67578125
2023-12-01,0.00390625,0.7705078125,2.810546875,0.0,1.4716796875,53.943359375
2023-12-02,0.0,0.0146484375,0.1123046875,0.0,0.232421875,28.568359375
2023-12-03,3.771484375,3.037109375,1.8193359375,0.86328125,3.0146484375,28.751953125
2023-12-04,1.8818359375,2.0810546875,0.939453125,0.015625,0.7919921875,23.3408203125
2023-12-05,1.8818359375,1.8798828125,1.4287109375,0.30859375,1.6474609375,24.2353515625
2023-12-06,3.12890625,3.2998046875,2.5205078125,0.826171875,4.09765625,27.642578125
2023-12-07,1.5849609375,3.38671875,4.6962890625,5.7705078125,9.248046875,32.767578125
2023-12-08,0.2578125,2.0986328125,0.693359375,2.1728515625,2.71484375,33.689453125
2023-12-09,0.431640625,2.8291015625,0.6298828125,1.671875,2.552734375,34.9697265625
2023-12-10,5.4384765625,8.1142578125,8.0947265625,4.2783203125,7.1767578125,41.3955078125
2023-12-11,0.7451171875,4.484375,5.419921875,1.841796875,5.3984375,38.8291015625
2023-12-12,0.0244140625,1.5986328125,1.375,0.1455078125,1.6142578125,33.865234375
2023-12-13,0.001953125,0.0322265625,0.041015625,0.0,0.2939453125,14.1015625
2023-12-14,0.0,0.1025390625,3.8720703125,4.7548828125,0.484375,25.4228515625
2023-12-15,1.7080078125,4.6005859375,9.0234375,8.6259765625,1.2509765625,31.0458984375
2023-12-16,0.6435546875,4.16015625,8.306640625,6.6640625,1.8203125,31.8427734375
2023-12-17,0.3095703125,1.3125,5.431640625,2.9443359375,2.3564453125,37.8095703125
2023-12-18,1.6669921875,1.275390625,4.9130859375,3.2265625,4.615234375,37.9111328125
2023-12-19,1.1943359375,0.4189453125,4.294921875,1.81640625,3.732421875,37.0537109375
2023-12-20,1.748046875,0.4521484375,4.2568359375,1.8408203125,3.4873046875,34.3505859375
2023-12-21,2.08984375,0.7529296875,4.94140625,1.90234375,4.8203125,33.380859375
2023-12-22,5.8251953125,6.6796875,9.388671875,6.099609375,5.9521484375,35.609375
2023-12-23,3.537109375,5.4912109375,8.7578125,5.29296875,4.1982421875,35.7294921875
2023-12-24,0.5517578125,2.27734375,3.2998046875,0.1005859375,0.576171875,27.841796875
2023-12-25,0.275390625,2.0810546875,3.3701171875,0.0244140625,0.623046875,27.123046875
2023-12-26,0.1796875,1.4853515625,3.0986328125,0.0,0.6494140625,26.6796875
2023-12-27,0.125,0.9306640625,2.7685546875,0.0,0.48828125,20.599609375
2023-12-28,0.1279296875,0.8115234375,2.533203125,0.0,0.43359375,17.5380859375
2023-12-29,0.2783203125,1.36328125,2.443359375,0.0,0.4150390625,15.8994140625
2023-12-30,0.1005859375,0.9833984375,2.271484375,0.0,0.380859375,14.416015625
2023-12-31,0.126953125,0.7509765625,2.0517578125,0.0,0.3837890625,13.4013671875
2024-01-01,0.1142578125,0.5673828125,1.7626953125,0.0009765625,0.4775390625,12.8095703125
2024-01-02,0.2197265625,2.24609375,2.4150390625,0.357421875,0.2783203125,13.98046875
2024-01-03,0.0,0.158203125,1.1728515625,0.154296875,0.2294921875,14.9453125
2024-01-04,0.0,0.3095703125,0.6279296875,0.0126953125,0.1640625,11.3896484375
2024-01-05,0.0,0.0048828125,0.3876953125,0.0,0.08203125,9.3857421875
2024-01-06,0.0,0.048828125,0.244140625,0.0029296875,0.21875,8.8916015625
2024-01-07,0.0888671875,1.140625,4.6689453125,0.2548828125,0.677734375,10.9375
2024-01-08,6.3310546875,3.7724609375,2.470703125,1.9951171875,8.5693359375,24.634765625
2024-01-09,15.7900390625,14.5458984375,7.3193359375,6.6298828125,10.3447265625,22.2373046875
2024-01-10,11.767578125,12.830078125,5.2763671875,3.1708984375,8.1650390625,22.3447265625
2024-01-11,9.6767578125,11.49609375,5.4736328125,2.3798828125,9.1455078125,22.5986328125
2024-01-12,8.6357421875,11.40234375,5.4287109375,1.9033203125,8.63671875,22.833984375
2024-01-13,7.6220703125,10.875,4.3193359375,1.2099609375,7.3330078125,22.87109375
2024-01-14,6.5009765625,9.9912109375,3.7373046875,0.8857421875,7.126953125,23.306640625
2024-01-15,5.3115234375,8.8623046875,5.24609375,0.6982421875,11.1923828125,42.2685546875
2024-01-16,7.2626953125,10.9931640625,5.6064453125,1.8369140625,9.009765625,38.61328125
2024-01-17,2.537109375,4.41015625,2.3232421875,0.341796875,4.8603515625,35.98046875
2024-01-18,0.1787109375,0.4873046875,0.83203125,0.0,2.4423828125,31.9970703125
2024-01-19,7.6044921875,7.29296875,13.21484375,12.2373046875,1.6279296875,30.0556640625
2024-01-20,10.0283203125,11.185546875,23.6953125,19.251953125,16.12890625,53.251953125
2024-01-21,2.640625,3.4521484375,17.9482421875,8.9638671875,5.259765625,56.087890625
2024-01-22,15.896484375,15.19140625,32.3046875,24.2568359375,17.7822265625,62.916015625
2024-01-23,16.3212890625,16.2265625,33.103515625,25.08203125,18.544921875,62.439453125
2024-01-24,13.6005859375,13.61328125,29.6005859375,20.9677734375,14.0595703125,58.0947265625
2024-01-25,11.7890625,13.8134765625,28.978515625,18.439453125,12.421875,57.5771484375
2024-01-26,4.1748046875,5.1201171875,20.40234375,9.55078125,5.5341796875,54.3017578125
2024-01-27,6.6162109375,8.931640625,24.017578125,13.4833984375,8.5146484375,55.1884765625
2024-01-28,5.41796875,7.3466796875,22.287109375,10.7685546875,6.0546875,50.83203125
2024-01-29,6.673828125,8.7177734375,21.619140625,10.939453125,5.96484375,48.150390625
2024-01-30,1.044921875,2.837890625,14.0,3.404296875,2.7255859375,48.109375
2024-01-31,0.890625,1.88671875,12.001953125,2.3984375,2.8017578125,47.673828125
2024-02-01,1.47265625,2.44140625,14.66796875,4.900390625,5.435546875,49.484375
2024-02-02,1.2001953125,2.9052734375,16.451171875,6.611328125,7.9375,50.96484375
2024-02-03,0.0625,1.1494140625,10.9560546875,2.541015625,4.3037109375,51.0361328125
2024-02-04,0.0966796875,1.326171875,11.9609375,3.83203125,6.169921875,50.677734375
2024-02-05,0.087890625,1.0712890625,10.71875,3.548828125,6.705078125,48.4228515625
2024-02-06,0.0166015625,0.2890625,7.2333984375,1.1591796875,5.1474609375,46.2470703125
2024-02-07,0.001953125,0.1435546875,4.98046875,0.498046875,3.0146484375,43.0400390625
2024-02-08,0.0,0.0,3.4619140625,0.0,2.3076171875,39.9287109375
2024-02-09,0.0,0.0,2.328125,0.0,1.634765625,35.927734375
2024-02-10,0.0,0.0,1.1767578125,0.0,1.0439453125,38.5537109375
2024-02-11,0.0,0.0,4.1005859375,0.076171875,4.03125,61.2802734375
2024-02-12,0.2587890625,1.6845703125,3.4775390625,0.806640625,3.97265625,68.8681640625
2024-02-13,0.4609375,3.5791015625,4.845703125,2.01953125,3.2705078125,72.072265625
2024-02-14,0.169921875,3.4365234375,2.6298828125,1.861328125,2.9033203125,72.4736328125
2024-02-15,0.0,2.099609375,1.8271484375,0.0810546875,2.818359375,71.3955078125
2024-02-16,0.0,2.095703125,1.556640625,0.0,2.6884765625,71.1015625
2024-02-17,0.0,1.8486328125,1.3193359375,0.0,2.5078125,71.2080078125
2024-02-18,0.0,1.5185546875,1.1474609375,0.0,2.3251953125,71.705078125
2024-02-19,0.0,1.2705078125,0.9619140625,0.0,1.8994140625,67.71484375
2024-02-20,0.2666015625,1.216796875,1.1474609375,0.212890625,1.4560546875,62.8896484375
2024-02-21,0.04296875,1.2265625,0.775390625,0.20703125,1.1279296875,60.6513671875
2024-02-22,0.0,0.5615234375,0.5537109375,0.0,0.8984375,58.8095703125
2024-02-23,0.0,0.0849609375,0.5859375,0.0,0.57421875,55.6435546875
2024-02-24,0.0068359375,0.015625,9.646484375,0.0,1.9541015625,82.2783203125
2024-02-25,0.0068359375,0.0,6.35546875,0.0048828125,1.1630859375,77.474609375
2024-02-26,0.0,0.0,2.16015625,0.0,0.560546875,70.7548828125
2024-02-27,0.0,0.0,1.2353515625,0.0,0.373046875,67.5439453125
2024-02-28,0.0,0.0,0.5810546875,0.0,0.236328125,61.009765625
2024-02-29,0.0,0.0,0.3779296875,0.0,0.1640625,53.53515625
2024-03-01,0.0,0.0,0.353515625,0.05078125,0.671875,54.62890625
2024-03-02,0.0,0.0,0.5166015625,0.228515625,0.083984375,52.2685546875
2024-03-03,0.0,0.0,0.1748046875,0.0029296875,0.0576171875,49.4833984375
2024-03-04,0.0,0.0,0.1279296875,0.0009765625,0.70703125,49.107421875
2024-03-05,0.0,0.0751953125,0.1962890625,0.0263671875,0.7646484375,45.2548828125
2024-03-06,0.4189453125,0.3720703125,1.048828125,0.25390625,1.0908203125,46.412109375
2024-03-07,3.171875,4.6552734375,3.0703125,1.8720703125,3.236328125,42.6455078125
2024-03-08,0.70703125,2.181640625,1.3486328125,0.396484375,0.654296875,39.685546875
2024-03-09,0.0986328125,1.02734375,0.556640625,0.087890625,0.7109375,42.0732421875
2024-03-10,0.0009765625,0.099609375,0.0625,0.0,0.1904296875,34.8173828125
2024-03-11,0.0498046875,0.1376953125,18.3896484375,4.7119140625,9.7958984375,57.396484375
2024-03-12,0.57421875,0.384765625,13.625,3.0439453125,1.84375,61.9326171875
2024-03-13,0.0,0.3974609375,9.76953125,0.9716796875,1.1806640625,61.501953125
2024-03-14,0.0,0.306640625,6.2119140625,0.5751953125,0.69921875,59.6572265625
2024-03-15,0.0,0.0556640625,3.8544921875,0.109375,0.47265625,57.8916015625
2024-03-16,0.0,0.0,1.74609375,0.0,0.2939453125,53.3994140625
2024-03-17,0.0,0.0107421875,0.923828125,0.0,0.166015625,47.666015625
2024-03-18,0.0,0.0859375,0.64453125,0.048828125,0.1416015625,39.9755859375
2024-03-19,0.0,0.337890625,2.4365234375,1.6708984375,0.1474609375,39.580078125
2024-03-20,0.0,0.0009765625,1.001953125,0.49609375,0.0703125,36.6572265625
2024-03-21,0.0,0.0,0.41796875,0.220703125,0.029296875,31.978515625
2024-03-22,0.0,0.0,0.2939453125,0.1142578125,0.01171875,29.5380859375
2024-03-23,0.0,0.0,0.1669921875,0.0,0.0,25.6181640625
2024-03-24,11.6435546875,11.96484375,5.21875,4.88671875,1.47265625,27.8974609375
2024-03-25,5.83203125,7.6279296875,8.5185546875,9.12109375,1.0048828125,50.5048828125
2024-03-26,1.4921875,1.4599609375,2.8095703125,1.4873046875,0.1279296875,46.0576171875
2024-03-27,0.1435546875,0.078125,0.197265625,0.2177734375,0.00390625,31.1201171875
2024-03-28,0.0087890625,0.0009765625,0.001953125,0.0009765625,0.03125,24.826171875
2024-03-29,0.0,0.0,0.078125,0.0,0.0,15.1494140625
2024-03-30,0.0,0.0,0.103515625,0.0,0.0,9.6396484375
2024-03-31,0.0,0.0,0.060546875,0.0,0.0,5.40625
2024-04-01,0.0,0.0,0.021484375,0.0,0.0,2.1044921875
2024-04-02,0.0,0.0,0.076171875,0.0,0.0029296875,1.6376953125
2024-04-03,0.0,0.0,0.1298828125,0.0,0.0,1.09375
2024-04-04,0.0,0.01171875,0.171875,0.0576171875,0.0,0.943359375
2024-04-05,0.0,0.0,0.0439453125,0.01953125,0.0,0.73828125
2024-04-06,0.0,0.0,0.0,0.0,0.0,0.4931640625
2024-04-07,0.0,0.0,0.0,0.0,0.0,0.20703125
2024-04-08,0.0,0.0,0.0,0.0,0.0,0.1416015625
2024-04-09,0.0,0.0,0.0,0.0,0.0,0.0849609375
2024-04-10,0.0,0.0,0.0,0.0,0.0,0.0
2024-04-11,0.0,0.0,0.0,0.0,0.0,0.0
2024-04-12,0.0,0.0,0.0,0.0,0.0,0.0
2024-04-13,0.0,0.0,0.0,0.0,0.0,0.0
2024-04-14,0.0,0.0,0.0,0.0,0.0,0.0
2024-04-15,0.0,0.0,0.0,0.0,0.0,0.0
2024-04-16,0.0,0.0,0.0,0.0,0.0,0.0
2024-04-17,2.1220703125,3.6494140625,6.5673828125,0.5517578125,0.2353515625,1.79296875
2024-04-18,0.5546875,4.1171875,3.3427734375,0.8974609375,2.2880859375,7.546875
2024-04-19,0.2138671875,2.693359375,1.5478515625,0.068359375,0.1982421875,5.6015625
2024-04-20,0.0068359375,1.4765625,2.0029296875,0.2216796875,0.3349609375,4.982421875
2024-04-21,0.8466796875,5.2783203125,16.12109375,6.8837890625,6.125,28.0224609375
2024-04-22,0.310546875,0.9765625,3.2412109375,0.349609375,0.203125,11.16015625
2024-04-23,0.0361328125,0.15234375,0.7861328125,0.0048828125,0.154296875,7.669921875
2024-04-24,0.0,0.0546875,0.2783203125,0.0009765625,0.2421875,4.8515625
2024-04-25,0.34765625,0.9384765625,1.1171875,0.76171875,0.1435546875,6.060546875
2024-04-26,0.03125,0.3994140625,0.1337890625,0.0654296875,0.0576171875,4.056640625
2024-04-27,0.0,0.12890625,0.029296875,0.0009765625,0.0,2.001953125
2024-04-28,0.0,0.0322265625,0.0,0.0,0.0,0.8837890625
2024-04-29,0.0,0.0,0.0,0.0,0.0,0.4208984375
2024-04-30,0.0,0.0,0.0,0.0,0.0,0.1796875
2024-05-01,0.0,0.0,0.0,0.0,0.0,0.033203125
2024-05-02,0.0,0.0,0.0,0.0517578125,0.0,0.0263671875
2024-05-03,0.0,0.0,0.302734375,0.0517578125,0.005859375,2.447265625
2024-05-04,0.0,0.0,0.0185546875,0.0,0.0029296875,3.1865234375
2024-05-05,0.0,0.0,0.0,0.0,0.0,0.5322265625
2024-05-06,0.0,0.0,0.0,0.0,0.0,0.1513671875
2024-05-07,0.0,0.0,0.0,0.0,0.0,0.0517578125
2024-05-08,0.0,0.0,0.0,0.0,0.0,0.0
2024-05-09,0.0,0.0,0.0,0.0,0.0,0.0
2024-05-10,0.0,0.0,0.0,0.0,0.0,0.001953125
2024-05-11,0.0,0.0,0.0,0.0,0.0,0.0
2024-05-12,0.0,0.0,0.0,0.0,0.0,0.0
2024-05-13,0.0,0.0,0.0,0.0,0.0,0.0
2024-05-14,0.0,0.0,0.0,0.0,0.0,0.0
2024-05-15,0.0,0.0,0.0,0.0,0.0,0.0
2024-05-16,0.0,0.0,0.0,0.0,0.0,0.0
2024-05-17,0.0,0.0,0.0,0.0,0.0,0.0
2024-05-18,0.0,0.0,0.0,0.0,0.0,0.0
2024-05-19,0.0,0.0,0.0,0.0,0.0,0.0
2024-05-20,0.0,0.0,0.0,0.0,0.0,0.0
2024-05-21,0.0,0.0,0.0,0.0,0.0,0.0
2024-05-22,0.0,0.0,0.0,0.0,0.0,0.0
2024-05-23,0.0,0.0,0.0,0.0,0.0,0.0
2024-05-24,0.0,0.0,0.0,0.0,0.0,0.0
2024-05-25,0.0,0.0,0.0,0.0,0.0,0.0
2024-05-26,0.0,0.0,0.0,0.0,0.0,0.0
2024-05-27,0.0,0.0,0.0,0.0,0.0,0.0
2024-05-28,0.0,0.0,0.0,0.0,0.0,0.0
2024-05-29,0.0,0.0,0.0,0.0,0.0,0.0
2024-05-30,0.0,0.0,0.0,0.0,0.0,0.0
2024-05-31,0.0,0.0,0.0,0.0,0.0,0.0
2024-06-01,0.0,0.0,0.0,0.0,0.0,0.0
2024-06-02,0.0,0.0,0.0,0.0,0.0,0.0
2024-06-03,0.0,0.0,0.0,0.0,0.0,0.0
2024-06-04,0.0,0.0,0.0,0.0,0.0,0.0
2024-06-05,0.0,0.0,0.0,0.0,0.0,0.0
2024-06-06,0.0,0.0,0.0,0.0,0.0,0.0
2024-06-07,0.0,0.0,0.0,0.0,0.0,0.0
2024-06-08,0.0,0.0,0.0,0.0,0.0,0.0
2024-06-09,0.0,0.0,0.0,0.0,0.0,0.0
2024-06-10,0.0,0.0,0.0,0.0,0.0,0.0
2024-06-11,0.0,0.0,0.0,0.0,0.0,0.0
2024-06-12,0.0,0.0,0.0,0.0,0.0,0.0
2024-06-13,0.0,0.0,0.0,0.0,0.0,0.0
2024-06-14,0.0,0.0,0.0,0.0,0.0,0.0
2024-06-15,0.0,0.0,0.0,0.0,0.0,0.0
2024-06-16,0.0,0.0,0.0,0.0,0.0,0.0
2024-06-17,0.0,0.0,0.0,0.0,0.0,0.0
2024-06-18,0.0,0.0,0.0,0.0,0.0,0.0
2024-06-19,0.0,0.0,0.0,0.0,0.0,0.0
2024-06-20,0.0,0.0,0.0,0.0,0.0,0.0
2024-06-21,0.0,0.0,0.0,0.0,0.0,0.0
2024-06-22,0.0,0.0,0.0,0.0,0.0,0.0
2024-06-23,0.0,0.0,0.0,0.0,0.0,0.0
2024-06-24,0.0,0.0,0.0,0.0,0.0,0.0
2024-06-25,0.0,0.0,0.0,0.0,0.0,0.0
2024-06-26,0.0,0.0,0.0,0.0,0.0,0.0
2024-06-27,0.0,0.0,0.0,0.0,0.0,0.0
2024-06-28,0.0,0.0,0.0,0.0,0.0,0.0
2024-06-29,0.0,0.0,0.0,0.0,0.0,0.0
2024-06-30,0.0,0.0,0.0,0.0,0.0,0.0
2024-07-01,0.0,0.0,0.0,0.0,0.0,0.0
2024-07-02,0.0,0.0,0.0,0.0,0.0,0.0
2024-07-03,0.0,0.0,0.0,0.0,0.0,0.0
2024-07-04,0.0,0.0,0.0,0.0,0.0,0.0
2024-07-05,0.0,0.0,0.0,0.0,0.0,0.0
2024-07-06,0.0,0.0,0.0,0.0,0.0,0.0
2024-07-07,0.0,0.0,0.0,0.0,0.0,0.0
2024-07-08,0.0,0.0,0.0,0.0,0.0,0.0
2024-07-09,0.0,0.0,0.0,0.0,0.0,0.0
2024-07-10,0.0,0.0,0.0,0.0,0.0,0.0
2024-07-11,0.0,0.0,0.0,0.0,0.0,0.0
2024-07-12,0.0,0.0,0.0,0.0,0.0,0.0
2024-07-13,0.0,0.0,0.0,0.0,0.0,0.0
2024-07-14,0.0,0.0,0.0,0.0,0.0,0.0
2024-07-15,0.0,0.0,0.0,0.0,0.0,0.0
2024-07-16,0.0,0.0,0.0,0.0,0.0,0.0
2024-07-17,0.0,0.0,0.0,0.0,0.0,0.0
2024-07-18,0.0,0.0,0.0,0.0,0.0,0.0
2024-07-19,0.0,0.0,0.0,0.0,0.0,0.0
2024-07-20,0.0,0.0,0.0,0.0,0.0,0.0
2024-07-21,0.0,0.0,0.0,0.0,0.0,0.0
2024-07-22,0.0,0.0,0.0,0.0,0.0,0.0
2024-07-23,0.0,0.0,0.0,0.0,0.0,0.0
2024-07-24,0.0,0.0,0.0,0.0,0.0,0.0
2024-07-25,0.0,0.0,0.0,0.0,0.0,0.0
2024-07-26,0.0,0.0,0.0,0.0,0.0,0.0
2024-07-27,0.0,0.0,0.0,0.0,0.0,0.0
2024-07-28,0.0,0.0,0.0,0.0,0.0,0.0
2024-07-29,0.0,0.0,0.0,0.0,0.0,0.0
2024-07-30,0.0,0.0,0.0,0.0,0.0,0.0
2024-07-31,0.0,0.0,0.0,0.0,0.0,0.0
2024-08-01,0.0,0.0,0.0,0.0,0.0,0.0
2024-08-02,0.0,0.0,0.0,0.0,0.0,0.0
2024-08-03,0.0,0.0,0.0,0.0,0.0,0.0
2024-08-04,0.0,0.0,0.0,0.0,0.0,0.0
2024-08-05,0.0,0.0,0.0,0.0,0.0,0.0
2024-08-06,0.0,0.0,0.0,0.0,0.0,0.0
2024-08-07,0.0,0.0,0.0,0.0,0.0,0.0
2024-08-08,0.0,0.0,0.0,0.0,0.0,0.0
2024-08-09,0.0,0.0,0.0,0.0,0.0,0.0
2024-08-10,0.0,0.0,0.0,0.0,0.0,0.0
2024-08-11,0.0,0.0,0.0,0.0,0.0,0.0
2024-08-12,0.0,0.0,0.0,0.0,0.0,0.0
2024-08-13,0.0,0.0,0.0,0.0,0.0,0.0
2024-08-14,0.0,0.0,0.0,0.0,0.0,0.0
2024-08-15,0.0,0.0,0.0,0.0,0.0,0.0
2024-08-16,0.0,0.0,0.0,0.0,0.0,0.0
2024-08-17,0.0,0.0,0.0,0.0,0.0,0.0
2024-08-18,0.0,0.0,0.0,0.0,0.0,0.0
2024-08-19,0.0,0.0,0.0,0.0,0.0,0.0
2024-08-20,0.0,0.0,0.0,0.0,0.0,0.0
2024-08-21,0.0,0.0,0.0,0.0,0.0,0.0
2024-08-22,0.0,0.0,0.0,0.0,0.0,0.0
2024-08-23,0.0,0.0,0.0,0.0,0.0,0.0
2024-08-24,0.0,0.0,0.0,0.0,0.0,0.0
2024-08-25,0.0,0.0,0.0,0.0,0.0,0.0
2024-08-26,0.0,0.0,0.0,0.0,0.0,0.0
2024-08-27,0.0,0.0,0.0,0.0,0.0,0.0
2024-08-28,0.0,0.0,0.0,0.0,0.0,0.0
2024-08-29,0.0,0.0,0.0,0.0,0.0,0.0
2024-08-30,0.0,0.0,0.0,0.0,0.0,0.0
2024-08-31,0.0,0.0,0.0,0.0,0.0,0.0
2024-09-01,0.0,0.0,0.0,0.0,0.0,0.0
2024-09-02,0.0,0.0,0.0,0.0,0.0,0.0
2024-09-03,0.0,0.0,0.0,0.0,0.0,0.0
2024-09-04,0.0,0.0,0.0,0.0,0.0,0.0
2024-09-05,0.0,0.0,0.0,0.0,0.0,0.0
2024-09-06,0.0,0.0,0.0,0.0,0.0,0.0
2024-09-07,0.0,0.0,0.0,0.0,0.0,0.0
2024-09-08,0.0,0.0,0.0,0.0,0.0,0.0
2024-09-09,0.0,0.0,0.0,0.0,0.0,0.0
2024-09-10,0.0,0.0,0.0,0.0,0.0,0.0
2024-09-11,0.0,0.0,0.0,0.0,0.0,0.0
2024-09-12,0.0,0.0,0.0,0.0,0.0,0.0
2024-09-13,0.0,0.0,0.0,0.0,0.0,0.0
2024-09-14,0.0,0.0,0.0,0.0,0.0,0.0
2024-09-15,0.0,0.0,0.0,0.0,0.0,0.0029296875
2024-09-16,0.0,0.0,0.0,0.0,0.0,0.0
2024-09-17,0.0,0.0,0.0,0.0,0.0,0.0
2024-09-18,0.0,0.0,0.0,0.0,0.0,0.0
2024-09-19,0.0,0.0,0.0,0.0,0.0,0.0
2024-09-20,0.0,0.0,0.0,0.0,0.0,0.0
2024-09-21,0.0,0.0,0.0,0.0,0.0,0.0
2024-09-22,0.0,0.0,0.0,0.0,0.0,0.0
2024-09-23,0.0,0.0,0.0,0.0,0.0,0.0
2024-09-24,0.0,0.0,0.0,0.0,0.0,0.0
2024-09-25,0.0,0.0,0.0,0.0,0.0,0.0
2024-09-26,0.0,0.0,0.0,0.0,0.0,0.0
2024-09-27,0.0,0.0,0.0,0.0,0.0,0.0
2024-09-28,0.0,0.0,0.0,0.0,0.0,0.0
2024-09-29,0.0,0.0,0.0078125,0.0,0.0,0.009765625
2024-09-30,0.0,0.0,0.0087890625,0.0,0.0,0.0947265625
2024-10-01,0.0,0.0,0.0,0.0,0.0,0.068359375
2024-10-02,0.0,0.0,0.0,0.0,0.0,0.0263671875
2024-10-03,0.0,0.0,0.0,0.0,0.0,0.0
2024-10-04,0.0,0.0,0.0,0.0,0.0,0.0
2024-10-05,0.0,0.0,0.0,0.0,0.0,0.0
2024-10-06,0.0,0.0,0.0166015625,0.0,0.0,0.0078125
2024-10-07,0.0,0.0,0.0,0.0,0.0,0.0029296875
2024-10-08,0.0,0.0,0.0,0.0,0.0,0.0
2024-10-09,0.0,0.0,0.0,0.0,0.0,0.0
2024-10-10,0.0,0.0,0.0,0.0,0.0,0.0
2024-10-11,0.0,0.0,0.0,0.0,0.0,0.0
2024-10-12,0.0,0.0,0.0,0.0,0.0,0.0
2024-10-13,0.0,0.0,0.0,0.0,0.0,0.0
2024-10-14,0.0,0.0,0.0,0.0,0.0,0.0
2024-10-15,0.0,0.0,0.0,0.0,0.0,0.0
2024-10-16,0.0,0.0,0.0,0.0,0.0,0.0
2024-10-17,0.0,0.0,0.0,0.0,0.0,0.0
2024-10-18,0.0,0.0,0.0,0.0,0.0,0.0
2024-10-19,0.0,0.0,0.0,0.0,0.0,0.0
2024-10-20,0.0,0.0,0.0,0.0,0.0,0.0
2024-10-21,0.0,0.0,0.0,0.0,0.0,0.0
2024-10-22,0.0,0.0,0.0,0.0,0.0,0.0
2024-10-23,0.0,0.0,0.0,0.0,0.0,0.0
2024-10-24,0.0,0.0,0.0,0.0,0.0,0.0
2024-10-25,0.0,0.0,0.0,0.0,0.0,0.0
2024-10-26,0.0,0.0,0.0,0.0,0.0,0.0
2024-10-27,0.0,0.0,0.0,0.0,0.0,0.0
2024-10-28,0.0,0.0,0.0,0.0,0.0,0.0
2024-10-29,0.0,0.0,0.0,0.0,0.0,0.0
2024-10-30,0.0,0.0,0.0,0.0,0.0,0.0
2024-10-31,0.0,0.0,0.0,0.0,0.0,0.0
2024-11-01,0.0,0.0,0.0,0.0,0.0,0.0
2024-11-02,0.0,0.0,0.0,0.0,0.0,0.0
2024-11-03,0.0,0.0,0.0,0.0,0.0,0.0
2024-11-04,0.0,0.0,0.0,0.0,0.0,0.0
2024-11-05,0.0,0.0,0.0,0.0,0.0,0.0
2024-11-06,0.0,0.0,0.0,0.0,0.0,0.0
2024-11-07,0.0,0.0,0.0,0.0,0.0,0.0
2024-11-08,0.0,0.0,0.0,0.0,0.0,0.0
2024-11-09,0.0,0.0,0.0,0.0,0.0,0.0
2024-11-10,0.0,0.0,0.0,0.0,0.0,0.0
2024-11-11,0.19140625,0.654296875,0.625,0.3359375,0.0009765625,0.0595703125
2024-11-12,0.1748046875,0.44140625,0.314453125,0.0849609375,0.0,0.01171875
2024-11-13,0.015625,0.1181640625,0.947265625,0.1591796875,0.0,0.3125
2024-11-14,6.142578125,6.544921875,10.689453125,5.197265625,0.017578125,6.2265625
2024-11-15,1.0419921875,4.2568359375,11.6962890625,4.6513671875,1.802734375,11.873046875
2024-11-16,0.93359375,4.458984375,13.416015625,4.3505859375,3.3349609375,11.7880859375
2024-11-17,0.2587890625,3.0517578125,11.55859375,2.412109375,3.4453125,9.7080078125
2024-11-18,0.0419921875,1.4384765625,7.6220703125,0.6162109375,2.3515625,7.193359375
2024-11-19,0.0009765625,0.083984375,1.6484375,0.15625,0.4365234375,3.4443359375
2024-11-20,15.7109375,19.005859375,10.3251953125,11.0849609375,0.001953125,0.3544921875
2024-11-21,16.978515625,19.2529296875,17.3876953125,16.16015625,0.8974609375,4.90625
2024-11-22,13.1689453125,18.11328125,12.3349609375,7.3212890625,0.5869140625,9.333984375
2024-11-23,13.2607421875,15.25,5.2890625,5.8193359375,0.2978515625,3.978515625
2024-11-24,11.525390625,14.322265625,1.53125,2.6064453125,0.0,1.42578125
2024-11-25,10.6787109375,12.8994140625,1.12109375,2.115234375,0.0,1.0263671875
2024-11-26,6.9736328125,9.5830078125,0.369140625,0.962890625,0.0,0.4404296875
2024-11-27,2.111328125,4.2119140625,0.0,0.1396484375,0.0,0.0
2024-11-28,0.2744140625,0.720703125,0.0,0.001953125,0.0029296875,0.0009765625
2024-11-29,11.7763671875,15.3564453125,18.5673828125,13.310546875,5.6064453125,17.3134765625
2024-11-30,12.3525390625,24.685546875,28.2412109375,23.7041015625,14.451171875,31.09375
2024-12-01,20.50390625,40.4443359375,38.646484375,39.0556640625,23.2041015625,52.1689453125
2024-12-02,12.6123046875,40.400390625,38.17578125,32.9541015625,14.8515625,53.2080078125
2024-12-03,5.609375,36.4345703125,30.9765625,23.9833984375,12.140625,50.169921875
2024-12-04,4.01953125,39.2353515625,32.328125,25.1640625,12.5556640625,49.3720703125
2024-12-05,7.4169921875,42.5556640625,38.8935546875,27.3837890625,19.5625,65.19921875
2024-12-06,12.94921875,47.6220703125,40.287109375,25.21875,18.6982421875,76.025390625
2024-12-07,9.556640625,52.2744140625,44.0078125,31.5810546875,16.83203125,80.9541015625
2024-12-08,5.302734375,50.693359375,44.8974609375,25.646484375,13.9482421875,90.4814453125
2024-12-09,1.248046875,45.619140625,41.95703125,17.9013671875,13.1044921875,93.34765625
2024-12-10,0.3486328125,46.23828125,38.798828125,15.4736328125,10.3359375,94.080078125
2024-12-11,0.126953125,46.5908203125,36.4521484375,13.3828125,9.1533203125,95.4736328125
2024-12-12,0.107421875,46.037109375,33.9677734375,10.6875,7.779296875,90.02734375
2024-12-13,0.0400390625,44.9619140625,33.662109375,9.3603515625,7.478515625,90.181640625
2024-12-14,0.166015625,40.1943359375,36.5546875,6.91015625,9.4990234375,104.9775390625
2024-12-15,0.296875,35.2685546875,27.5732421875,5.1376953125,7.783203125,98.7294921875
2024-12-16,0.013671875,33.671875,24.4453125,4.3544921875,8.7548828125,102.44140625
2024-12-17,0.0,31.2001953125,20.8408203125,2.75390625,7.7333984375,94.279296875
2024-12-18,0.447265625,33.25,20.7021484375,3.0849609375,7.458984375,92.291015625
2024-12-19,0.818359375,34.1708984375,19.8408203125,3.21875,6.8857421875,85.591796875
2024-12-20,5.478515625,41.0849609375,30.341796875,12.748046875,17.9990234375,108.15234375
2024-12-21,19.548828125,57.7333984375,30.06640625,20.3623046875,12.9560546875,104.6728515625
2024-12-22,13.650390625,51.4931640625,32.609375,14.2255859375,14.4951171875,100.017578125
2024-12-23,31.6650390625,70.693359375,63.453125,26.4453125,57.1640625,142.8046875
2024-12-24,33.58203125,80.087890625,70.439453125,29.05859375,53.4501953125,152.6513671875
2024-12-25,43.3515625,99.6806640625,74.1669921875,30.587890625,44.400390625,155.6943359375
2024-12-26,47.5439453125,105.1416015625,76.58984375,32.857421875,41.8759765625,163.185546875
2024-12-27,45.2822265625,101.9150390625,71.8828125,30.0087890625,38.0888671875,167.806640625
2024-12-28,41.8916015625,97.8408203125,68.087890625,27.26953125,36.2548828125,168.59765625
2024-12-29,39.2333984375,93.4521484375,64.2734375,23.1064453125,33.5712890625,156.2255859375
2024-12-30,36.677734375,92.111328125,63.0673828125,20.9814453125,32.521484375,154.01953125
2024-12-31,36.6669921875,92.6630859375,62.2568359375,19.818359375,31.484375,154.048828125
