0,1,2,3,4,5,6
,,,,,,
2019-01-01,5.1922454833984375,8.246536254882812,3.889854431152344,3.887397766113281,0.6406402587890625,1.9503402709960935
2019-01-02,2.765953063964844,3.3693771362304688,1.891273498535156,2.1952667236328125,0.0809707641601562,0.5093231201171875
2019-01-03,1.0285720825195312,1.6958770751953125,0.4863052368164062,0.7001571655273438,0.0545578002929687,0.1071701049804687
2019-01-04,5.038131713867188,8.985931396484375,2.410980224609375,3.352813720703125,0.28094482421875,1.605072021484375
2019-01-05,1.9807662963867188,2.986541748046875,1.4575424194335938,1.8625335693359373,0.2193984985351562,0.9169692993164062
2019-01-06,2.0597686767578125,2.34222412109375,1.812896728515625,1.509185791015625,2.813812255859375,1.4556732177734375
2019-01-07,7.73944091796875,10.01678466796875,19.238601684570312,15.680770874023438,29.58662414550781,30.34881591796875
2019-01-08,4.464447021484375,7.178459167480469,4.7790374755859375,5.502662658691406,1.6387710571289062,5.191825866699219
2019-01-09,0.768341064453125,1.009613037109375,0.4333953857421875,0.43011474609375,0.2569732666015625,0.881988525390625
2019-01-10,0.3055343627929687,0.3328933715820312,0.1881332397460937,0.244293212890625,0.0064163208007812,0.03729248046875
2019-01-11,0.4420013427734375,0.7019729614257812,0.4653167724609375,0.4485626220703125,0.1447830200195312,0.3211517333984375
2019-01-12,7.456596374511719,8.737586975097656,8.083473205566406,5.940109252929688,10.699989318847656,6.705093383789063
2019-01-13,1.2641983032226562,6.148139953613281,0.6037979125976562,0.9200439453125,0.0148773193359375,0.260040283203125
2019-01-14,0.0,7.62939453125e-06,0.0018234252929687,0.0,7.62939453125e-06,0.0
2019-01-15,0.0,0.0,0.0328826904296875,0.0,0.240325927734375,0.09259033203125
2019-01-16,0.812469482421875,1.2965011596679688,1.3158950805664062,0.3915481567382812,10.290542602539062,5.234260559082031
2019-01-17,1.2374649047851562,0.3158035278320312,6.817497253417969,0.8457412719726562,17.173507690429688,8.452957153320312
2019-01-18,1.5497665405273438,1.2975387573242188,4.027435302734375,0.4121475219726562,7.874504089355469,4.4312744140625
2019-01-19,0.245819091796875,0.20806884765625,0.9647674560546876,0.1681137084960937,1.7071685791015625,0.4769058227539062
2019-01-20,2.3636932373046875,1.67730712890625,8.611114501953125,2.493110656738281,16.457176208496094,14.563461303710938
2019-01-21,0.040252685546875,0.0485305786132812,1.5814361572265625,0.328857421875,6.36090087890625,3.9814224243164062
2019-01-22,1.5833740234375,2.967071533203125,0.65863037109375,1.45245361328125,0.6367034912109375,1.0696563720703125
2019-01-23,10.995864868164062,12.718475341796877,10.57232666015625,12.601547241210938,8.621200561523438,10.61431884765625
2019-01-24,3.690643310546875,3.9370346069335938,1.9726486206054688,2.7352447509765625,1.130950927734375,1.655670166015625
2019-01-25,0.0045318603515625,0.0,0.3496322631835937,0.02703857421875,1.4901046752929688,0.5912933349609375
2019-01-26,2.6948318481445312,2.30615234375,18.603195190429688,10.32421875,45.96380615234375,38.829063415527344
2019-01-27,1.4377365112304688,0.9500885009765624,1.023529052734375,1.1390533447265625,2.217147827148437,1.2612762451171875
2019-01-28,0.0149002075195312,0.0145492553710937,0.0130996704101562,0.0030288696289062,0.017120361328125,0.0147171020507812
2019-01-29,1.2356643676757812,1.8253860473632808,2.5740890502929688,1.5111923217773438,8.163444519042969,3.778610229492188
2019-01-30,0.4737091064453125,0.0992279052734375,8.375045776367188,1.238677978515625,27.98957061767578,13.095252990722656
2019-01-31,2.2300949096679688,0.3636016845703125,9.574813842773438,2.638145446777344,3.869384765625,3.2789535522460938
2019-03-01,0.0294570922851562,0.140106201171875,0.0058059692382812,0.0544509887695312,0.0,0.0
2019-03-02,0.0,0.0,0.0,0.0,0.0,0.0
2019-03-03,0.5044364929199219,1.0258560180664062,1.5488967895507812,0.3149032592773437,5.105072021484375,1.9773635864257808
2019-03-04,0.0,0.0,0.0,0.0,0.0,0.0
2019-03-05,0.0,0.0,0.0018234252929687,0.0,0.0,0.0
2019-03-06,0.0,0.0027618408203125,0.0185737609863281,0.0,0.0,0.0
2019-03-07,2.139698028564453,3.4051666259765625,0.48590087890625,0.0222930908203125,11.426963806152344,0.3685073852539062
2019-03-08,0.0,0.0,0.1355667114257812,0.0084877014160156,2.982635498046875,0.1651763916015625
2019-03-09,17.281112670898438,18.25500869750977,26.63347625732422,19.17172622680664,41.87847137451172,27.280742645263672
2019-03-10,5.546398162841797,8.06988525390625,10.461631774902344,7.997386932373047,11.386600494384766,7.867687225341797
2019-03-11,0.0,0.0,0.0,0.0,0.0,0.0
2019-03-12,10.253868103027344,9.635711669921877,7.517440795898437,6.489349365234375,5.911689758300781,5.356178283691406
2019-03-13,0.0813331604003906,0.2241592407226562,0.0032806396484375,0.0095024108886718,0.0,0.0002708435058593
2019-03-14,0.0,0.0,0.0,0.0,0.0,0.0
2019-03-15,0.0,0.0,0.0066757202148437,0.0,0.0283889770507812,0.0
2019-03-16,0.0569725036621093,0.0028266906738281,0.7422981262207031,0.0175743103027343,6.139175415039063,0.2516326904296875
2019-03-17,0.8554000854492188,1.064697265625,0.459197998046875,2.1570053100585938,0.3073539733886719,0.3040504455566406
2019-03-18,0.1433258056640625,0.08111572265625,0.2041549682617187,0.1197509765625,0.0,0.0272674560546875
2019-03-19,0.0072746276855468,0.0010414123535156,0.0030326843261718,0.0027351379394531,3.814697265625e-06,0.0116043090820312
2019-03-20,0.0,0.0,0.0,0.0,0.0,0.0
2019-03-21,0.0145492553710937,0.0007095336914062,0.0,0.0,0.0,0.0
2019-03-22,0.0,0.0,0.0,0.0,0.0,0.0
2019-03-23,0.0310211181640625,0.0,0.0,0.0,0.0,0.0
2019-03-24,9.8948974609375,8.851417541503906,9.872512817382812,4.213294982910156,2.87860107421875,3.142402648925781
2019-03-25,3.814697265625e-06,0.0,0.3130607604980469,0.0316429138183593,0.0272064208984375,0.1338996887207031
2019-03-26,0.0,0.0,0.0,0.0,0.0111503601074218,0.0
2019-03-27,0.0,0.0,0.0,0.0,0.0,0.0
2019-03-28,0.0,0.0,0.0,0.0,0.0,0.0
2019-03-29,0.0,0.0,0.0,0.0,0.0,0.0
2019-03-30,0.0,0.0,0.0,0.0,0.0,0.0
2019-03-31,0.1443405151367187,0.5231170654296875,0.5338211059570312,0.374755859375,0.1031494140625,2.860687255859375
2019-04-01,0.3916816711425781,1.6726417541503906,0.4475631713867187,0.3460960388183594,0.3809394836425781,0.4683151245117187
2019-04-02,0.100128173828125,0.0086746215820312,1.07562255859375,0.04144287109375,4.40966796875,0.5235366821289062
2019-04-03,1.164947509765625,1.0446319580078125,4.27862548828125,0.2638397216796875,13.905181884765623,5.3172760009765625
2019-04-04,0.0897140502929687,0.0,0.1431045532226562,0.0640335083007812,0.0256423950195312,0.0999526977539062
2019-04-05,2.1068267822265625,3.6307220458984375,1.018463134765625,2.9104156494140625,0.6081695556640625,0.8113250732421875
2019-04-06,8.950519561767578,7.911418914794922,3.013755798339844,2.8853683471679688,6.25701904296875,2.1713523864746094
2019-04-07,11.55007553100586,21.505596160888672,16.01534652709961,20.427215576171875,9.238414764404297,13.173709869384766
2019-04-08,4.789939880371094,11.66744613647461,2.784404754638672,4.813037872314453,7.649936676025391,2.5430221557617188
2019-04-09,0.4465789794921875,1.8238754272460935,0.8279342651367188,0.516265869140625,7.923042297363281,1.47735595703125
2019-04-10,6.980079650878906,7.962005615234375,2.2147674560546875,1.6202316284179688,2.204208374023437,1.3849716186523438
2019-04-11,0.4816513061523437,1.6264419555664062,1.057964324951172,1.280242919921875,1.6648597717285156,2.1915435791015625
2019-04-12,1.5167198181152344,2.6393394470214844,4.360511779785156,6.384689331054688,3.416522979736328,2.7012939453125
2019-04-13,8.388778686523438,6.299575805664063,3.7566146850585938,3.720855712890625,0.67138671875,3.9681930541992183
2019-04-14,0.0037994384765625,0.0045242309570312,0.2650833129882812,0.39141845703125,0.62200927734375,0.225982666015625
2019-04-15,0.009307861328125,0.054046630859375,0.0,0.003021240234375,0.0021133422851562,0.0142669677734375
2019-04-16,2.53509521484375,2.7815704345703125,2.5461196899414062,2.049072265625,0.7473678588867188,1.778564453125
2019-04-17,0.280426025390625,0.2414398193359375,0.111053466796875,0.1536636352539062,0.0,0.0024337768554687
2019-04-18,0.0,0.0,0.0,0.0,0.0,0.0
2019-04-19,0.0,0.0,0.0,0.0027313232421875,0.0719451904296875,0.0073623657226562
2019-04-20,0.0003509521484375,0.0128326416015625,0.1690673828125,0.0027313232421875,0.3829269409179687,0.0743560791015625
2019-04-21,1.972320556640625,2.7529373168945312,3.0062713623046875,2.233749389648437,3.2827301025390625,3.5618972778320312
2019-04-22,0.4861526489257812,0.38079833984375,1.2514114379882812,0.8069381713867188,0.8422393798828125,1.729217529296875
2019-04-23,0.1824951171875,0.4327392578125,0.8208999633789062,1.00390625,0.0226058959960937,0.2294998168945312
2019-04-24,0.009033203125,0.0243148803710937,0.307891845703125,0.0642471313476562,0.0,0.0
2019-04-25,2.499549865722656,3.73699951171875,5.0370025634765625,1.41412353515625,9.82439422607422,1.9124221801757808
2019-04-26,0.68505859375,2.060863494873047,1.641815185546875,0.8176231384277344,0.1170997619628906,0.1627883911132812
2019-04-27,15.275287628173828,8.432548522949219,20.11402130126953,4.640708923339844,23.758625030517575,7.912784576416016
2019-04-28,16.957168579101562,9.661148071289062,9.448448181152344,2.79449462890625,14.589385986328123,7.3461456298828125
2019-04-29,2.377685546875,1.8599777221679688,1.4304656982421875,1.6015472412109375,4.6265716552734375,0.2987060546875
2019-04-30,0.1954421997070312,1.2633209228515625,0.3782196044921875,0.59539794921875,0.8501663208007812,0.4514312744140625
2019-05-01,0.2845115661621094,0.5865058898925781,0.2022132873535156,0.0057563781738281,0.4813346862792969,0.0130462646484375
2019-05-02,4.250129699707031,1.236724853515625,4.354480743408203,1.8467674255371092,10.142772674560549,8.34042739868164
2019-05-03,12.85943603515625,11.301708221435549,15.051605224609377,10.32625961303711,47.86252212524414,30.921688079833984
2019-05-04,15.604721069335938,14.135498046875,7.4765777587890625,4.2187042236328125,11.589241027832031,4.763603210449219
2019-05-05,1.1339950561523438,2.044761657714844,0.4156112670898437,0.9947662353515624,0.0219879150390625,0.0355224609375
2019-05-06,0.0031051635742187,0.0010414123535156,0.0020713806152343,0.0046005249023437,0.0,0.005462646484375
2019-05-07,5.786590576171875,7.606307983398437,5.261257171630859,5.855998992919922,24.742137908935547,5.665321350097656
2019-05-08,0.5059928894042969,1.5402183532714844,0.0499267578125,0.0250587463378906,6.1593170166015625,0.6846351623535156
2019-05-09,0.0475311279296875,0.0,0.1094779968261718,0.0121116638183593,0.0041084289550781,0.0
2019-05-10,7.267482757568359,3.32913589477539,13.485210418701172,4.502250671386719,19.22101211547852,17.845203399658203
2019-05-11,14.242919921875,10.35039520263672,19.853286743164062,17.65068817138672,18.977577209472656,22.39151763916016
2019-05-12,11.629409790039062,18.891372680664062,15.407981872558594,12.530410766601562,16.45697784423828,8.046470642089844
2019-05-13,2.4406051635742188,5.575798034667969,2.8358917236328125,1.5240707397460938,5.917655944824219,2.6168746948242188
2019-05-14,3.682064056396485,9.940105438232422,6.946792602539063,8.804767608642578,5.123512268066406,2.341461181640625
2019-05-15,3.2803878784179688,4.161369323730469,3.954887390136719,4.670913696289063,3.832725524902344,1.62103271484375
2019-05-16,0.0062026977539062,0.0,0.0,0.0,0.0,0.0
2019-05-17,0.0,0.0944099426269531,0.0046005249023437,0.0030250549316406,0.1161994934082031,0.0209465026855468
2019-05-18,0.2982902526855469,0.2976799011230469,0.5384025573730469,0.387237548828125,11.882266998291016,2.077945709228516
2019-05-19,0.5511474609375,0.6808013916015625,1.3761520385742188,0.1484909057617187,3.843582153320313,1.3266677856445312
2019-05-20,0.63641357421875,7.761322021484375,2.0935134887695312,0.8055343627929688,4.501968383789063,0.963104248046875
2019-05-21,5.197257995605469,8.220634460449219,11.025833129882812,11.135353088378906,8.434585571289062,10.150993347167969
2019-05-22,0.4294815063476562,1.8593902587890625,0.5985946655273438,0.2637405395507812,6.676040649414063,1.880889892578125
2019-05-23,0.1088485717773437,0.545745849609375,0.2117385864257812,0.0397186279296875,1.388713836669922,0.3943290710449219
2019-05-24,2.9457778930664062,1.2580947875976562,3.1043014526367188,0.981292724609375,1.0432052612304688,2.2093429565429688
2019-05-25,8.470703125,10.789398193359377,11.644187927246094,8.097129821777344,13.723922729492188,10.918212890625
2019-05-26,0.4951858520507812,1.0883865356445312,6.758445739746094,2.084701538085937,40.54493713378906,17.65137481689453
2019-05-27,0.3578109741210937,0.5183944702148438,2.9216537475585938,0.8115692138671875,27.771163940429688,5.3401947021484375
2019-05-28,13.934829711914062,4.512741088867188,0.7870941162109375,0.6185226440429688,3.9272308349609375,2.3285446166992188
2019-05-29,2.625083923339844,2.4224395751953125,4.6815948486328125,4.5074462890625,5.107276916503906,4.418067932128906
2019-05-30,3.3614158630371094,13.36139678955078,7.0882568359375,2.7918739318847656,6.933929443359375,2.4276046752929688
2019-05-31,18.401348114013672,22.94409942626953,4.599189758300781,14.359081268310549,6.959808349609375,8.605587005615234
2019-06-01,30.197345733642575,32.85236358642578,14.288936614990234,22.682449340820312,15.879539489746094,12.535247802734377
2019-06-02,4.276611328125,8.481376647949219,10.56903076171875,7.349952697753906,7.138908386230469,14.861495971679688
2019-06-03,19.557693481445312,18.51502990722656,5.254020690917969,2.2129440307617188,11.146591186523438,10.93994140625
2019-06-04,0.0395469665527343,0.1259956359863281,0.0751266479492187,0.1093788146972656,0.3118476867675781,0.1387710571289062
2019-06-05,0.0439872741699218,0.0072975158691406,0.0406341552734375,0.0149650573730468,0.0,0.2891502380371094
2019-06-06,0.6232452392578125,0.1496353149414062,0.14996337890625,0.1717758178710937,1.5127182006835938,0.16400146484375
2019-06-07,0.0436325073242187,0.1498260498046875,0.1305313110351562,0.175262451171875,0.0,0.0005416870117187
2019-06-08,0.1381721496582031,0.6732139587402344,0.1090278625488281,0.8743400573730469,0.0826568603515625,2.640289306640625
2019-06-09,0.0,0.0708770751953125,0.30169677734375,0.0944061279296875,1.7007904052734375,9.93707275390625
2019-06-10,0.051788330078125,0.0,0.01458740234375,0.0037384033203125,0.6917266845703125,0.4368743896484375
2019-06-11,0.0,0.0,0.14251708984375,0.0,0.0,0.6126556396484375
2019-06-12,0.0,0.1817092895507812,0.0109405517578125,0.0,0.053436279296875,0.307708740234375
2019-06-13,0.0,0.0,0.0,0.0,0.1582527160644531,0.0460472106933593
2019-06-14,0.2659950256347656,0.0739631652832031,1.0799598693847656,0.2578773498535156,3.675636291503906,1.5753250122070312
2019-06-15,5.637645721435547,11.41924285888672,7.474056243896484,9.4913330078125,4.996929168701172,9.888656616210938
2019-06-16,2.7172775268554688,12.713912963867188,9.3719482421875,2.614116668701172,3.350616455078125,6.144962310791016
2019-06-17,1.0868492126464844,9.41415023803711,2.492847442626953,4.267772674560547,3.1175498962402344,10.318622589111328
2019-06-18,0.9891128540039062,2.101062774658203,7.634296417236328,2.9776268005371094,3.2193565368652344,2.4972457885742188
2019-06-19,0.40740966796875,2.5517234802246094,1.339740753173828,0.7119407653808594,2.990425109863281,2.7642555236816406
2019-06-20,1.560222625732422,0.23480224609375,0.2068710327148437,0.093292236328125,0.0074386596679687,4.1859893798828125
2019-06-21,11.224437713623049,12.725448608398438,2.2627906799316406,2.969181060791016,1.6994514465332031,5.676826477050781
2019-06-22,3.1028976440429688,3.6058273315429688,3.117462158203125,2.402694702148437,1.27886962890625,6.0554962158203125
2019-06-23,4.231048583984375,6.584217071533203,6.86553955078125,5.197917938232422,0.3299064636230469,5.173938751220703
2019-06-24,1.6742477416992188,2.005657196044922,1.2727737426757812,1.4760513305664062,0.0382537841796875,9.529342651367188
2019-06-25,0.448760986328125,0.9850578308105468,0.0440330505371093,0.0443496704101562,0.0,0.0
2019-06-26,0.5949554443359375,1.1710968017578125,0.0762557983398437,0.0804519653320312,0.0010299682617187,0.0061416625976562
2019-06-27,0.0,0.0,0.0,0.0018692016601562,0.0,0.0066757202148437
2019-06-28,0.0,0.0,0.0,0.0,0.0,0.0
2019-06-29,0.0,0.0,0.0,0.0,0.0,0.0
2019-06-30,0.0362548828125,0.1578826904296875,0.2452468872070312,0.0,0.009246826171875,0.0
2019-07-01,1.6600189208984375,3.215766906738281,0.0375747680664062,4.394134521484375,0.0472679138183593,0.7995071411132812
2019-07-02,3.190826416015625,1.0897293090820312,13.613494873046877,4.7938385009765625,3.814697265625e-06,4.939174652099609
2019-07-03,0.8003425598144531,0.7710075378417969,1.3818130493164062,0.7268867492675781,0.102874755859375,1.2326812744140625
2019-07-04,0.0,0.0,0.0,0.0,0.0298004150390625,0.1224250793457031
2019-07-05,0.0,0.1727943420410156,0.06866455078125,0.0,0.1558876037597656,0.0018959045410156
2019-07-06,1.8081130981445312,4.349067687988281,3.6838531494140634,5.002281188964844,0.88311767578125,5.271499633789063
2019-07-07,12.532676696777344,13.213768005371094,10.919647216796877,13.114639282226562,8.173568725585938,10.71783447265625
2019-07-08,26.577560424804688,30.946762084960938,21.99768829345703,20.47579574584961,20.827205657958984,51.84349822998047
2019-07-09,0.0,0.0,0.0,0.0,0.0431594848632812,0.0
2019-07-10,0.1427078247070312,0.0,0.1522750854492187,0.0,3.2019805908203125,2.1246871948242188
2019-07-11,4.986370086669922,3.312671661376953,7.394695281982422,4.274360656738281,4.039501190185547,5.104217529296875
2019-07-12,2.738807678222656,8.056816101074219,0.7827224731445312,2.271331787109375,0.0822067260742187,0.2601089477539062
2019-07-13,1.1072921752929688,2.504825592041016,0.4054603576660156,0.5983200073242188,0.2919387817382812,3.40936279296875
2019-07-14,0.0041580200195312,0.0,1.0978164672851562,0.3907546997070312,1.091796875,5.050544738769531
2019-07-15,0.0,0.0,0.0,0.0,0.0,0.0
2019-07-16,0.0517425537109375,0.0252838134765625,0.830413818359375,0.0940780639648437,0.0300445556640625,2.4259490966796875
2019-07-17,0.8929977416992188,6.212718963623047,0.1522560119628906,0.9630966186523438,0.1233139038085937,3.685226440429688
2019-07-18,0.0654335021972656,0.6303939819335938,0.0967025756835937,0.2022476196289062,0.0652275085449218,0.9447135925292968
2019-07-19,0.0,0.00177001953125,0.0030288696289062,0.0,0.0256881713867187,0.0113754272460937
2019-07-20,4.230979919433594,4.400672912597656,2.966808319091797,1.5539817810058594,0.0161972045898437,0.4866561889648437
2019-07-21,0.0,0.0083198547363281,0.0416259765625,0.0497474670410156,3.814697265625e-06,3.814697265625e-06
2019-07-22,0.493896484375,2.420326232910156,0.710845947265625,0.9876174926757812,0.0,0.7167205810546875
2019-07-23,0.0003509521484375,0.006927490234375,0.0030288696289062,0.0057601928710937,0.0,0.0
2019-07-24,0.0,0.0,0.0912017822265625,0.0,0.0,0.1294631958007812
2019-07-25,2.733306884765625,3.544540405273437,2.987373352050781,3.5916061401367188,0.0,8.913490295410156
2019-07-26,2.022125244140625,4.613548278808594,11.657394409179688,1.3750457763671875,29.98876953125,14.502548217773438
2019-07-27,1.120513916015625,3.384918212890625,16.354019165039062,2.9665756225585938,9.219314575195312,11.915374755859377
2019-07-28,2.8615646362304688,2.09625244140625,0.6677169799804688,1.8481369018554688,2.0945816040039062,0.7303390502929688
2019-07-29,2.128379821777344,2.585742950439453,2.4331016540527344,2.738101959228516,0.3941421508789062,0.6699409484863281
2019-07-30,1.5144500732421875,2.550968170166016,3.068035125732422,1.9483680725097656,0.1308479309082031,1.3760643005371094
2019-07-31,0.259185791015625,1.5217132568359375,0.2872886657714844,0.52191162109375,0.0128173828125,0.0205841064453125
2019-08-01,3.847732543945313,15.94210433959961,7.1327667236328125,7.321449279785156,2.3173828125,5.518424987792969
2019-08-02,0.4251327514648437,1.5052032470703125,0.3926925659179687,0.7573318481445312,0.1089324951171875,0.0612106323242187
2019-08-03,0.003814697265625,0.0,0.004852294921875,0.0,0.0,0.0
2019-08-04,0.0,0.0,0.0687637329101562,0.0,0.0,0.0644607543945312
2019-08-05,0.0,0.0041580200195312,0.0,0.0030288696289062,0.0,0.0659942626953125
2019-08-06,0.0,0.0,0.0,0.0,0.0,0.0
2019-08-07,0.1208572387695312,0.1071701049804687,0.00970458984375,0.0,0.0226058959960937,0.0
2019-08-08,0.0,0.0,0.0,0.0,0.0,0.0075836181640625
2019-08-09,0.0,0.0,0.0,0.0,0.0,0.0
2019-08-10,0.0,0.0,0.0,0.0,0.0,0.0
2019-08-11,0.033172607421875,0.0,0.2301101684570312,0.0,0.0,0.0669479370117187
2019-08-12,15.501564025878906,16.933181762695312,8.167152404785156,4.7584228515625,1.2190704345703125,7.350975036621094
2019-08-13,2.2971649169921875,2.556793212890625,2.3913726806640625,1.8797760009765625,0.89581298828125,5.744636535644531
2019-08-14,0.0132980346679687,0.0134353637695312,1.161151885986328,0.1159515380859375,3.7325286865234375,9.842910766601562
2019-08-15,3.814697265625e-06,3.814697265625e-06,3.814697265625e-06,0.0,0.0,0.0
2019-08-16,0.0,0.0,0.0,0.0,0.0,0.0
2019-08-17,0.0,0.0,0.0,0.0,0.0,0.0
2019-08-18,0.0,0.0,0.0,0.0,0.0647430419921875,0.0
2019-08-19,0.0,0.0,0.0,0.0,0.4123916625976562,0.0
2019-08-20,1.3995742797851562,1.3886642456054688,0.0454177856445312,0.0,0.0,0.0
2019-08-21,0.0474662780761718,0.0041618347167968,0.0,0.005462646484375,0.0,0.00640869140625
2019-08-22,0.0,0.0076942443847656,0.0404586791992187,0.0081901550292968,1.7896385192871094,2.874858856201172
2019-08-23,5.079734802246094,9.672931671142578,6.343189239501953,2.373485565185547,1.4713401794433594,1.5262947082519531
2019-08-24,7.095485687255859,11.27978515625,4.553272247314453,6.327098846435547,0.855316162109375,0.983318328857422
2019-08-25,1.798614501953125,2.805877685546875,0.7861709594726562,3.0678024291992188,0.2939834594726562,3.564414978027344
2019-08-26,0.0,0.0007095336914062,0.0066757202148437,0.0,0.0115509033203125,0.06884765625
2019-08-27,0.0,0.0,0.0224342346191406,3.814697265625e-06,0.0392951965332031,0.2250480651855468
2019-08-28,0.0,3.814697265625e-06,0.0,0.0,3.814697265625e-06,0.0
2019-08-29,0.0381546020507812,0.1849746704101562,0.3232192993164062,0.0537872314453125,0.0,0.1942138671875
2019-08-30,0.0,0.0,0.0,0.0,0.0,0.0
2019-08-31,0.0082321166992187,0.0072746276855468,0.0,0.0224494934082031,0.4667816162109375,0.0880775451660156
2019-09-01,2.88336181640625,0.7538681030273438,1.1686477661132812,0.018402099609375,9.881683349609377,0.0
2019-09-02,0.0500373840332031,0.1040191650390625,0.3199119567871094,0.3666725158691406,0.0461959838867187,0.813690185546875
2019-09-03,0.0187721252441406,0.05419921875,0.2483482360839843,0.1041336059570312,3.814697265625e-06,1.1476707458496094
2019-09-04,1.6672744750976562,0.5711593627929688,10.212791442871094,5.445396423339844,2.2614517211914062,5.795669555664063
2019-09-05,1.064453125,0.5016708374023438,0.448150634765625,1.2894363403320312,1.9577789306640625,3.110633850097656
2019-09-06,0.5022354125976562,0.6878662109375,0.8693923950195312,0.8579330444335938,3.53057861328125,1.6562423706054688
2019-09-07,0.0259857177734375,0.015594482421875,1.3542938232421875,0.0306549072265625,6.320083618164063,0.4639892578125
2019-09-08,0.0236053466796875,0.3000946044921875,0.00555419921875,0.0,0.0,0.0
2019-09-09,1.1683273315429688,0.0831985473632812,7.0638427734375,2.5264434814453125,6.44903564453125,6.073989868164063
2019-09-10,4.124244689941406,6.75494384765625,2.4846420288085938,1.9693145751953125,0.4841156005859375,2.255859375
2019-09-11,0.0211944580078125,0.13934326171875,0.4654541015625,0.64215087890625,0.00103759765625,0.0835723876953125
2019-09-12,0.001068115234375,0.018035888671875,0.0116119384765625,0.004608154296875,0.0,0.0
2019-09-13,0.1256561279296875,0.152496337890625,0.062713623046875,0.05413818359375,0.0,0.0
2019-09-14,0.0,0.0,0.0,0.0,0.0,0.0
2019-09-15,0.0,0.0,0.0,0.0,0.0,0.0
2019-09-16,2.85723876953125,3.515838623046875,2.3228836059570312,0.5740737915039062,2.4289703369140625,6.701820373535156
2019-09-17,2.4564285278320312,4.432548522949219,3.7932205200195312,2.289100646972656,1.921905517578125,15.117759704589844
2019-09-18,7.62939453125e-06,0.0,0.0,7.62939453125e-06,7.62939453125e-06,0.0128250122070312
2019-09-19,0.0,0.0,0.0,0.0,0.0,0.0064163208007812
2019-09-20,0.0,0.0,0.0,0.0,0.0,0.0
2019-09-21,0.0919647216796875,1.7822723388671875,4.728439331054688,2.26953125,21.564971923828125,9.874984741210938
2019-09-22,12.859375,15.541458129882812,4.420211791992188,6.712677001953125,10.464035034179688,8.067352294921875
2019-09-23,0.0216140747070312,0.0991897583007812,0.1960220336914062,0.2027130126953125,2.8725814819335938,0.4330596923828125
2019-09-24,5.8614044189453125,11.649948120117188,4.86224365234375,4.290031433105469,17.5252685546875,33.05430603027344
2019-09-25,0.0506668090820312,0.0117950439453125,0.0545272827148437,0.0198593139648437,0.0041122436523437,0.108978271484375
2019-09-26,0.0,0.0,0.0,0.0,0.0,0.0
2019-09-27,0.0,0.0,0.0,0.0,0.0,0.0
2019-09-28,0.0403022766113281,0.1455802917480468,0.0274429321289062,0.0,0.0466766357421875,0.0
2019-09-29,0.1460838317871093,0.7585983276367188,0.002777099609375,0.0559921264648437,0.0010261535644531,0.0290298461914062
2019-09-30,0.0,0.0,0.0940704345703125,0.0057601928710937,2.5343475341796875,0.0738983154296875
2019-10-01,16.11713409423828,15.966033935546877,15.841293334960938,14.229583740234377,52.32115936279297,39.74555206298828
2019-10-02,0.1704177856445312,0.3626861572265625,0.8519210815429688,0.4348907470703125,0.9903717041015624,0.9336700439453124
2019-10-03,0.0,0.3455810546875,0.0094451904296875,0.0,0.514892578125,0.1017913818359375
2019-10-04,1.51025390625,2.7084197998046875,0.1254806518554687,0.0977630615234375,0.0548477172851562,0.5019607543945312
2019-10-05,0.0,0.0,0.0,0.0,0.0,0.0162124633789062
2019-10-06,0.0,0.0,0.0,0.0,0.0,0.0128173828125
2019-10-07,0.0,0.0,0.0474700927734375,0.0,0.1680450439453125,0.0178375244140625
2019-10-08,4.82244873046875,6.475166320800781,0.422882080078125,0.0267791748046875,5.134117126464844,0.6767959594726562
2019-10-09,0.1637802124023437,0.055206298828125,0.3370590209960937,0.2104034423828125,0.20050048828125,2.5681610107421875
2019-10-10,0.0,0.0,0.0,0.0,0.0010299682617187,0.000946044921875
2019-10-11,0.0,0.0,0.0,0.0,0.0,0.0
2019-10-12,0.0,0.0,0.0,0.0,0.0,0.0
2019-10-13,0.0,0.0,0.0,0.0,0.0,0.0
2019-10-14,0.0,0.0,0.0,0.0,0.0,0.0
2019-10-15,0.1145095825195312,0.0,0.0678863525390625,0.0,0.0,0.0
2019-10-16,0.0,0.0,0.0,0.0,0.0,0.0
2019-10-17,0.0,0.0,0.0,0.0,0.0,0.0
2019-10-18,7.62939453125e-06,0.0,0.0,0.0,0.0,0.0
2019-10-19,0.0,0.0,0.0,0.0,0.0,0.0
2019-10-20,0.0,0.0,0.0,0.0,0.0,0.0
2019-10-21,0.0,0.0,0.0,0.0,0.0,0.0
2019-10-22,0.0,0.0,0.0,0.0,0.0,0.0
2019-10-23,0.0,0.0,0.0,0.0,0.0,0.0
2019-10-24,0.0,0.0,0.0,0.0,0.0,0.0
2019-10-25,0.0,0.0,0.0,0.0,0.0,0.0
2019-10-26,0.0,0.0,0.0,0.0,0.0,0.0
2019-10-27,3.220470428466797,2.31081771850586,0.0358314514160156,0.0530242919921875,0.0,0.0
2019-10-28,2.2182769775390625,1.7684555053710938,0.39495849609375,0.2572097778320312,0.0,0.1493301391601562
2019-10-29,0.8600311279296875,1.7126693725585938,0.5344314575195312,0.2626724243164062,0.074981689453125,1.1044235229492188
2019-10-30,0.1536483764648437,0.1265792846679687,0.0838470458984375,0.081756591796875,0.0084609985351562,0.2055892944335937
2019-10-31,0.4681777954101562,0.5486068725585938,7.08538818359375,0.7866439819335938,33.782440185546875,7.750152587890625
2019-11-01,12.41034698486328,8.622665405273438,32.259544372558594,9.746200561523438,95.06859588623048,49.3013916015625
2019-11-02,5.58489990234375,5.6892852783203125,12.584747314453123,6.397262573242188,74.02304077148438,25.428192138671875
2019-11-03,1.458709716796875,0.58489990234375,7.02880859375,1.3626556396484375,31.42442321777344,7.314208984375
2019-11-04,17.574661254882812,15.947036743164062,29.011734008789062,13.67840576171875,155.2301483154297,63.08512878417969
2019-11-05,1.618194580078125,3.862548828125,9.710189819335938,18.46176147460937,31.81170654296875,58.253936767578125
2019-11-06,4.035568237304688,8.772811889648438,21.950912475585938,11.985031127929688,37.61506652832031,17.350921630859375
2019-11-07,7.034263610839844,3.4026412963867188,13.264686584472656,5.747428894042969,43.26178741455078,14.756507873535156
2019-11-08,2.31414794921875,1.436676025390625,5.8100433349609375,3.631393432617188,16.103713989257812,12.966781616210938
2019-11-09,0.0,0.0,0.1800689697265625,0.00244140625,0.0793685913085937,0.1365203857421875
2019-11-10,10.789154052734377,7.291496276855469,19.85761260986328,15.88995361328125,23.94384765625,21.6302490234375
2019-11-11,2.3576736450195312,0.7325592041015625,6.069282531738281,1.3610610961914062,13.183555603027344,3.343467712402344
2019-11-12,0.077728271484375,0.34051513671875,0.477874755859375,0.0975341796875,5.077072143554688,1.1730194091796875
2019-11-13,0.053741455078125,0.01318359375,1.9709014892578125,0.20135498046875,9.792465209960938,2.393829345703125
2019-11-14,0.0187835693359375,0.0,1.90423583984375,0.042572021484375,4.581939697265625,1.9255828857421875
2019-11-15,0.6778106689453125,0.135589599609375,2.931671142578125,0.60406494140625,6.490646362304688,2.509384155273437
2019-11-16,1.5540924072265625,0.5079345703125,4.88287353515625,2.130859375,12.275588989257812,4.967941284179688
2019-11-17,0.533203125,1.1342697143554688,2.2803192138671875,1.4654159545898438,5.093864440917969,4.89691162109375
2019-11-18,4.623062133789063,3.746017456054688,13.063827514648438,7.1538848876953125,28.655105590820312,16.66815185546875
2019-11-19,0.2173690795898437,0.0,0.0782318115234375,0.035797119140625,0.9562759399414062,0.1426544189453125
2019-11-20,0.0,0.0,0.0,0.0093460083007812,0.0627212524414062,0.000946044921875
2019-11-21,0.0041656494140625,0.0041656494140625,0.0018157958984375,0.0030364990234375,0.0074310302734375,0.0
2019-11-22,0.1780242919921875,0.1492462158203125,1.7677154541015625,1.60589599609375,5.033462524414063,4.631500244140625
2019-11-23,0.5686798095703125,1.1615753173828125,2.1162109375,3.070831298828125,4.922149658203125,7.71466064453125
2019-11-24,0.0464859008789062,0.05377197265625,0.0379714965820312,0.1647872924804687,0.0094375610351562,0.139678955078125
2019-11-25,1.5644683837890625,0.5397186279296875,1.60882568359375,0.8867034912109375,11.176666259765623,2.4611053466796875
2019-11-26,0.4962081909179687,0.47808837890625,5.648696899414063,4.238533020019531,49.5713119506836,20.40479278564453
2019-11-27,0.0743789672851562,0.4881134033203125,0.869659423828125,0.1608963012695312,6.3671875,1.0873336791992188
2019-11-28,4.676300048828125,4.9160003662109375,3.724197387695313,5.688407897949219,2.3832244873046875,4.016448974609375
2019-11-29,0.0,0.0069351196289062,0.0060577392578125,0.0092010498046875,0.0,0.0
2019-11-30,5.730194091796875,4.639816284179688,6.97308349609375,4.947456359863281,12.32855987548828,3.9511947631835938
2019-12-01,6.144142150878906,7.782089233398437,7.9427490234375,5.110527038574219,7.245513916015625,17.847618103027344
2019-12-02,0.1115875244140625,0.09918212890625,0.0961990356445312,0.0813369750976562,0.0010299682617187,0.1553878784179687
2019-12-03,0.0,0.0,0.0,0.0,0.0008392333984375,0.0
2019-12-04,0.21832275390625,0.3874359130859375,1.5716705322265625,0.3720169067382812,13.047248840332031,3.259613037109375
2019-12-05,0.0736236572265625,0.1013870239257812,0.55609130859375,0.6662750244140625,5.6126556396484375,3.044136047363281
2019-12-06,3.814697265625e-06,0.2112770080566406,0.0097007751464843,0.0060539245605468,0.0301361083984375,0.0010871887207031
2019-12-07,1.0144882202148438,1.3301010131835938,4.3721923828125,0.9259719848632812,15.69768524169922,6.4232330322265625
2019-12-08,6.917987823486328,11.703201293945312,8.168994903564453,11.373550415039062,7.336101531982422,14.069400787353516
2019-12-09,1.30401611328125,2.0773582458496094,2.7304611206054688,2.0177879333496094,0.623870849609375,1.3171234130859375
2019-12-10,0.011444091796875,0.009735107421875,0.971649169921875,0.0909271240234375,3.971343994140625,2.430526733398437
2019-12-11,2.498779296875,1.1178741455078125,13.556396484375,3.748321533203125,29.249908447265625,21.6827392578125
2019-12-12,2.151084899902344,2.636878967285156,6.079559326171875,2.0396957397460938,11.561676025390623,9.963027954101562
2019-12-13,0.0,0.0,0.0,0.0,0.0,0.0
2019-12-14,0.0,0.0,0.2486114501953125,0.0,2.872421264648437,0.072906494140625
2019-12-15,0.0,0.0,0.0526046752929687,0.0,0.26947021484375,0.0009536743164062
2019-12-16,0.0031051635742187,0.0,0.0182418823242187,0.0,0.2404403686523437,0.0
2019-12-17,0.0131149291992187,0.0,0.2629547119140625,0.0,0.8296737670898438,0.0083084106445312
2019-12-18,1.04913330078125,0.94775390625,7.497344970703125,3.64996337890625,23.3619384765625,13.419464111328123
2019-12-19,11.26165771484375,4.0860748291015625,26.19003295898437,10.868515014648438,87.97819519042969,35.59251403808594
2019-12-20,8.320709228515625,5.6342620849609375,15.349334716796877,8.01287841796875,78.53764343261719,34.01934814453125
2019-12-21,5.29248046875,8.621551513671875,3.230453491210937,3.948760986328125,0.8262939453125,1.11029052734375
2019-12-22,1.7837448120117188,4.510704040527344,1.1485214233398438,2.2023468017578125,0.086212158203125,1.4842605590820312
2019-12-23,4.8221435546875,6.7051544189453125,3.0522918701171875,4.3667755126953125,0.37164306640625,1.4687347412109375
2019-12-24,2.867904663085937,5.787994384765625,1.64447021484375,2.9459228515625,0.0074310302734375,0.6268768310546875
2019-12-25,0.8005828857421875,1.3435211181640625,0.33038330078125,0.3995819091796875,0.00103759765625,0.2656402587890625
2019-12-26,6.7687530517578125,13.119842529296877,4.034347534179688,4.8970794677734375,0.2500457763671875,1.0945281982421875
2019-12-27,3.558784484863281,5.856407165527344,2.8712234497070312,2.9962310791015625,0.3665771484375,1.0240554809570312
2019-12-28,0.7079849243164062,1.0577392578125,1.0955734252929688,0.8031234741210938,0.1091079711914062,0.2050399780273437
2019-12-29,0.0090484619140625,0.015960693359375,0.0213241577148437,0.0092010498046875,0.0,0.0128250122070312
2019-12-30,0.0936965942382812,0.1297149658203125,0.0745468139648437,0.1237869262695312,0.0,0.0
2019-12-31,0.0190811157226562,0.0163040161132812,0.03192138671875,0.0485076904296875,0.0,0.00762939453125
2020-01-01,0.0,0.0,0.0,0.0,0.0,0.0
2020-01-02,1.03802490234375,1.4595184326171875,1.1129302978515625,0.7876663208007812,0.0341033935546875,0.1609039306640625
2020-01-03,8.695419311523438,9.877334594726562,6.249351501464844,6.175712585449219,1.010009765625,2.3575439453125
2020-01-04,0.364776611328125,0.319793701171875,0.3539352416992187,0.3109283447265625,0.1925735473632812,0.2389068603515625
2020-01-05,0.0030975341796875,0.0003509521484375,0.0184860229492187,0.0267715454101562,0.0,0.0
2020-01-06,0.0,0.0,0.0,0.0,0.0,0.0
2020-01-07,0.0,0.0,0.0,0.0,0.0,0.0
2020-01-08,0.0,0.0,0.0,0.0,0.0,0.0
2020-01-09,0.0500411987304687,0.0901412963867187,0.095367431640625,0.059844970703125,0.0,0.1231536865234375
2020-01-10,0.2295989990234375,0.1730499267578125,0.272705078125,0.19171142578125,0.0,0.0291671752929687
2020-01-11,0.0,0.0,0.0,0.0,0.0,0.0
2020-01-12,0.0,0.0,0.0,0.0,3.814697265625e-06,0.0
2020-01-13,0.0,0.0,0.0,0.0,0.0,0.0
2020-01-14,0.0,0.0,0.0,0.0,0.0,0.0
2020-01-15,0.0,0.0,0.0,0.0,0.0,0.0
2020-01-16,0.0,0.0,0.007293701171875,0.0,0.0950088500976562,0.00244140625
2020-01-17,1.54937744140625,1.0420684814453125,0.8864288330078125,0.3188858032226562,2.4010467529296875,2.833480834960937
2020-01-18,0.2683868408203125,0.2995681762695312,0.1886672973632812,0.1162261962890625,0.0,0.0948486328125
2020-01-19,0.0145416259765625,0.0260162353515625,0.0067596435546875,0.0087890625,0.0,0.007354736328125
2020-01-20,0.0,0.0,0.0,0.0,0.0,0.0
2020-01-21,0.0045318603515625,0.0079803466796875,0.012481689453125,0.0125274658203125,0.0,0.0
2020-01-22,0.0,0.0,0.0749664306640625,0.005462646484375,0.94439697265625,0.0209503173828125
2020-01-23,0.1338653564453125,0.2524185180664062,4.392158508300781,0.446441650390625,22.56196594238281,8.570625305175781
2020-01-24,7.469413757324219,7.521560668945312,13.934333801269531,9.210250854492188,35.12236022949219,19.914779663085938
2020-01-25,1.30029296875,3.7512359619140634,2.09027099609375,3.0111312866210938,4.76959228515625,7.14520263671875
2020-01-26,0.6839141845703125,0.3721466064453125,3.3109893798828125,1.3300704956054688,22.81299591064453,9.4217529296875
2020-01-27,1.7910308837890625,3.6429290771484375,3.506454467773437,3.2089385986328125,12.755569458007812,6.079750061035156
2020-01-28,1.3267135620117188,3.4359893798828125,0.4241485595703125,0.4129562377929687,0.5307464599609375,0.2776412963867187
2020-01-29,0.0,0.0,0.0203933715820312,0.0,0.0334014892578125,0.008575439453125
2020-01-30,0.0,0.0,0.0167465209960937,0.0,0.038604736328125,0.001220703125
2020-01-31,0.10064697265625,0.0679397583007812,0.0463485717773437,0.0060577392578125,0.426300048828125,0.0166168212890625
2020-02-01,0.0,0.0,0.1111068725585937,0.0,0.6117095947265625,0.065643310546875
2020-02-02,10.6322021484375,12.458702087402344,9.413436889648438,8.496818542480469,27.97052764892578,13.882003784179688
2020-02-03,9.173934936523438,19.011154174804688,5.900108337402344,11.193443298339844,1.5584182739257812,4.7085723876953125
2020-02-04,0.2667160034179687,0.615264892578125,0.3794021606445312,0.5438613891601562,0.1325759887695312,0.2988662719726562
2020-02-05,1.354827880859375,2.5600738525390625,0.902374267578125,1.417236328125,0.0128173828125,0.1557464599609375
2020-02-06,0.25677490234375,0.42724609375,0.1758041381835937,0.2611236572265625,0.0,0.0665435791015625
2020-02-07,0.0,0.0,0.0046005249023437,0.0,0.00640869140625,0.0
2020-02-08,0.0079803466796875,0.0142669677734375,1.3883209228515625,0.1185302734375,12.55963134765625,4.461570739746094
2020-02-09,2.9379959106445312,4.7537994384765625,1.930633544921875,1.4190292358398438,9.894004821777344,4.564453125
2020-02-10,0.0149002075195312,0.0619964599609375,0.0259552001953125,0.196685791015625,0.6088485717773438,0.5709304809570312
2020-02-11,0.0041732788085937,0.0,0.0012054443359375,0.0,0.00762939453125,0.0351715087890625
2020-02-12,9.962249755859377,12.27764129638672,9.70124053955078,7.705459594726562,28.05018615722656,17.881263732910156
2020-02-13,0.4842376708984375,0.8949966430664062,0.4304122924804687,0.945220947265625,0.0,0.0812606811523437
2020-02-14,0.0076370239257812,0.000701904296875,0.003143310546875,0.0098037719726562,0.0,0.0141754150390625
2020-02-15,0.0,0.0,0.0,0.0,0.0,0.0
2020-02-16,0.016693115234375,0.0083465576171875,0.0060577392578125,0.0,0.0,0.0405426025390625
2020-02-17,4.486701965332031,5.0704498291015625,1.2711257934570312,0.2624969482421875,0.1462478637695312,0.4763336181640625
2020-02-18,4.635570526123047,9.943408966064451,7.174468994140625,6.962993621826172,5.239688873291016,7.528633117675781
2020-02-19,0.0094070434570312,1.034870147705078,0.0948333740234375,0.1063690185546875,0.0159034729003906,0.1400375366210937
2020-02-20,0.000701904296875,0.2647933959960937,0.0726394653320312,0.062164306640625,0.0128173828125,0.0641021728515625
2020-02-21,0.0,0.0,0.0,0.0,0.0,0.0
2020-02-22,0.07366943359375,0.2315521240234375,0.00970458984375,0.0060577392578125,0.0,0.0
2020-02-23,0.0,0.0083198547363281,0.8866386413574219,0.0322380065917968,5.812965393066406,1.1010627746582031
2020-02-24,2.1913070678710938,4.2811279296875,14.551719665527344,2.2145538330078125,53.95162963867188,38.03972625732422
2020-02-25,10.265457153320312,11.520401000976562,7.646087646484375,6.2801666259765625,10.249534606933594,9.49736785888672
2020-02-26,5.7633209228515625,6.264732360839844,8.753227233886719,5.201416015625,25.37641906738281,16.457489013671875
2020-02-27,0.0048789978027343,0.096099853515625,0.0136795043945312,0.0771293640136718,0.0,3.814697265625e-06
2020-02-28,2.096923828125,0.9616622924804688,8.697166442871094,2.211456298828125,25.43065643310547,8.851966857910156
2020-02-29,0.3646621704101562,0.2570648193359375,6.930580139160156,1.4898605346679688,47.595359802246094,13.678947448730469
2020-03-01,24.172080993652344,9.287498474121094,41.53499603271485,16.447364807128906,70.47594451904297,30.97272491455078
2020-03-02,7.390518188476562,13.156158447265623,8.926437377929688,13.374664306640623,7.28369140625,13.399566650390623
2020-03-03,0.0214614868164062,0.0173492431640625,0.0634384155273437,0.0374069213867187,0.0436477661132812,0.1579132080078125
2020-03-04,0.8043670654296875,0.5943870544433594,11.786048889160156,9.478408813476562,58.39786911010742,28.354717254638672
2020-03-05,13.42831039428711,18.212238311767575,16.185325622558594,16.54961395263672,20.19418334960937,17.432010650634766
2020-03-06,6.841941833496094,5.2100372314453125,9.452674865722656,5.381988525390625,3.942413330078125,7.990165710449219
2020-03-07,0.5485153198242188,1.7592391967773438,0.6073684692382812,0.8747100830078125,0.1816177368164062,0.5352325439453125
2020-03-08,0.4832916259765625,0.6346817016601562,0.4246749877929687,0.501129150390625,0.0,0.087127685546875
2020-03-09,0.0072708129882812,0.0041580200195312,0.0,0.00762939453125,0.0,0.0
2020-03-10,0.0031051635742187,0.0,0.0,0.0,0.0074386596679687,0.0
2020-03-11,0.5172386169433594,0.7527809143066406,0.5786895751953125,0.4829864501953125,0.0,0.2677040100097656
2020-03-12,6.038455963134766,6.613670349121094,24.7691650390625,20.757549285888672,5.708580017089844,15.34524917602539
2020-03-13,0.0576553344726562,0.2311668395996093,1.2866058349609375,1.3611679077148438,1.125652313232422,3.0516433715820312
2020-03-14,0.0,0.0,0.0152587890625,0.0244636535644531,0.0,0.0414390563964843
2020-03-15,0.0,0.0,0.0,7.62939453125e-06,0.0,7.62939453125e-06
2020-03-16,0.0,0.0,0.0,0.0,0.0,0.0
2020-03-17,0.0,0.0,0.0,0.0,0.0,0.0
2020-03-18,0.0,0.0,0.0,0.0,0.0,0.0
2020-03-19,0.0,0.0,0.0,0.0,0.0,0.0
2020-03-20,2.9410934448242188,4.948455810546875,4.6629791259765625,4.29559326171875,1.0138778686523438,5.3786468505859375
2020-03-21,3.1597671508789062,4.049575805664063,5.787399291992188,4.040443420410156,4.075958251953125,11.515617370605469
2020-03-22,7.9691162109375,8.788444519042969,6.441932678222656,7.338951110839844,3.5055694580078125,6.7588958740234375
2020-03-23,1.779632568359375,2.774131774902344,1.4489517211914062,2.6339111328125,0.6384353637695312,3.64910888671875
2020-03-24,0.2847442626953125,0.6439132690429688,1.0721817016601562,2.1375885009765625,1.4237289428710938,3.7994537353515625
2020-03-25,0.98004150390625,0.338134765625,5.904449462890625,4.4527130126953125,10.4486083984375,10.4422607421875
2020-03-26,0.2997207641601562,0.2774200439453125,1.3980026245117188,1.1656417846679688,0.333038330078125,1.3117141723632812
2020-03-27,2.029647827148437,1.8084793090820312,0.3820266723632812,0.6520462036132812,1.6281890869140625,0.0274505615234375
2020-03-28,0.2177047729492187,0.3889923095703125,0.1494674682617187,0.2586441040039062,1.2485122680664062,1.6500778198242188
2020-03-29,5.605945587158203,5.311412811279297,10.864547729492188,5.546745300292969,10.7205810546875,9.039859771728516
2020-03-30,5.793651580810547,8.700614929199219,11.06624984741211,11.33017349243164,9.078914642333984,13.855369567871094
2020-03-31,0.0076141357421875,0.0214920043945312,0.0532379150390625,0.051239013671875,0.0,0.01336669921875
2020-04-01,0.0613632202148437,0.0319366455078125,0.0058059692382812,0.0663223266601562,0.0,0.0
2020-04-02,0.0567245483398437,0.1150588989257812,1.72674560546875,1.8021469116210935,0.0801925659179687,0.8901596069335938
2020-04-03,0.0,0.0027542114257812,0.0838241577148437,0.1563186645507812,0.1443939208984375,0.8646621704101562
2020-04-04,0.0,0.0,0.0,0.0,0.0,0.0
2020-04-05,0.0,0.0,0.0,0.0,0.0,0.0
2020-04-06,0.0,0.0,0.0,0.0,0.0,0.0
2020-04-07,0.0,0.0,0.0,0.0,0.0,0.0
2020-04-08,0.0,0.0,0.0,0.0,0.0,0.0
2020-04-09,0.0072746276855468,0.0031814575195312,0.0060539245605468,0.0530815124511718,0.0,0.0
2020-04-10,0.0,0.0,0.0,0.0,0.0,0.0166130065917968
2020-04-11,0.0,0.0,0.0765457153320312,0.0,0.0081367492675781,0.0
2020-04-12,12.97492218017578,16.5447998046875,25.149879455566406,19.74723052978516,45.262672424316406,30.036102294921875
2020-04-13,0.0,0.0,0.0166702270507812,0.0176887512207031,0.0148200988769531,0.1510963439941406
2020-04-14,0.0,0.0,0.0,0.0,0.00640869140625,0.0
2020-04-15,0.0045280456542968,0.0,0.0,0.002166748046875,3.814697265625e-06,0.0
2020-04-16,0.0,0.0,0.0,0.0,0.0,0.0
2020-04-17,0.9417076110839844,0.5457801818847656,0.6060600280761719,0.0073318481445312,0.0,0.0024375915527343
2020-04-18,1.2911300659179688,2.150604248046875,2.437538146972656,2.056991577148437,2.489784240722656,4.481834411621094
2020-04-19,21.499267578125,21.4217529296875,23.421043395996094,21.08898162841797,20.469017028808597,21.28008270263672
2020-04-20,0.0875015258789062,0.0372238159179687,0.962799072265625,0.8608551025390625,0.5850906372070312,2.369544982910156
2020-04-21,0.0,0.0,0.0018234252929687,0.0057601928710937,0.071990966796875,0.0
2020-04-22,0.0041732788085937,0.0,0.0,0.0002975463867187,0.0001907348632812,0.0
2020-04-23,0.052001953125,0.6900100708007812,0.0,0.0,0.1440887451171875,0.0
2020-04-24,1.0635299682617188,8.375411987304688,0.8612518310546875,0.6870498657226562,0.0512771606445312,0.0235671997070312
2020-04-25,1.6274948120117188,4.870040893554688,3.0362625122070312,3.3385009765625,2.0387039184570312,5.193275451660156
2020-04-26,0.0,0.0041580200195312,0.0066757202148437,0.0,0.0,0.0032501220703125
2020-04-27,0.0723991394042968,0.5295753479003906,0.8230056762695312,0.1905364990234375,8.557838439941406,1.3723678588867188
2020-04-28,0.4972381591796875,0.7119255065917969,1.0017967224121094,0.7316703796386719,3.057727813720703,0.5902824401855469
2020-04-29,3.3173561096191406,4.82171630859375,4.291538238525391,2.421226501464844,5.277313232421875,0.9278297424316406
2020-04-30,12.96234893798828,13.037578582763672,9.561031341552734,11.10467529296875,18.430126190185547,9.913776397705078
2020-05-01,0.4429779052734375,0.9929046630859376,0.9937744140625,1.2934722900390625,0.3372573852539062,0.3958663940429687
2020-05-02,0.0772018432617187,0.4744987487792969,0.0676651000976562,0.2246665954589843,0.0,0.0
2020-05-03,3.0111846923828125,6.111503601074219,3.709793090820313,2.204673767089844,0.0,0.0570220947265625
2020-05-04,4.026523590087891,4.873661041259766,3.384613037109375,2.05743408203125,2.527629852294922,6.549922943115234
2020-05-05,0.030517578125,0.0966033935546875,0.0,0.061859130859375,0.0,0.0
2020-05-06,0.0,0.0,0.0,0.0,0.0,0.0
2020-05-07,0.0,0.0,0.0030288696289062,0.0030250549316406,0.0102767944335937,0.0
2020-05-08,0.6673088073730469,0.1497573852539062,0.4044265747070312,0.1052436828613281,0.2739181518554687,1.0993499755859375
2020-05-09,0.0152587890625,0.0007095336914062,0.305389404296875,0.0279006958007812,2.411407470703125,0.2064895629882812
2020-05-10,0.189239501953125,0.65460205078125,0.7327804565429688,0.0986785888671875,8.249778747558594,1.72589111328125
2020-05-11,0.0,0.0,0.0060577392578125,0.0,0.0041122436523437,0.00189208984375
2020-05-12,0.2574653625488281,0.0340003967285156,0.3522453308105469,0.1036300659179687,0.0645675659179687,0.1859931945800781
2020-05-13,0.0,0.0,0.0,0.0,0.0,0.0
2020-05-14,0.0,0.0,0.0194015502929687,0.0077743530273437,0.0,0.0005416870117187
2020-05-15,0.20098876953125,0.2121772766113281,0.0292739868164062,0.0175743103027343,0.0,0.0040626525878906
2020-05-16,0.2587203979492187,0.0735244750976562,0.00555419921875,0.0041885375976562,0.0082206726074218,0.0010833740234375
2020-05-17,8.390850067138672,5.2135162353515625,4.088214874267578,2.86358642578125,0.0805397033691406,2.58047103881836
2020-05-18,34.00433349609375,30.049076080322266,19.42138671875,13.739582061767578,8.147438049316406,3.652721405029297
2020-05-19,0.000701904296875,0.0076446533203125,0.5556869506835938,0.4501495361328125,0.0684814453125,0.2333984375
2020-05-20,0.0,0.0,0.0,0.0,0.0,0.0
2020-05-21,0.0,0.0,0.0,0.0,0.0,0.0
2020-05-22,6.201866149902344,6.88409423828125,10.401565551757812,10.821815490722656,6.1711273193359375,34.17711639404297
2020-05-23,0.2261848449707031,1.3508186340332031,0.1084938049316406,0.1755142211914062,0.0904045104980468,1.1149330139160156
2020-05-24,12.291217803955078,14.293575286865234,5.232025146484375,6.311698913574219,1.8008308410644531,2.71658706665039
2020-05-25,5.352882385253906,15.579669952392578,4.084442138671875,9.660907745361328,0.0307235717773437,3.877525329589844
2020-05-26,4.435722351074219,8.819507598876953,2.6086082458496094,4.966732025146484,0.250091552734375,2.7903404235839844
2020-05-27,3.3058090209960938,8.695716857910156,1.702434539794922,3.823169708251953,3.7151832580566406,5.483184814453125
2020-05-28,10.811294555664062,12.379024505615234,5.317447662353516,2.271564483642578,7.801841735839844,6.093658447265625
2020-05-29,1.9992752075195312,4.991004943847656,6.837028503417969,4.050300598144531,9.62548828125,12.686477661132812
2020-05-30,4.4154052734375,7.606029510498047,3.604312896728516,2.8409423828125,1.528789520263672,1.1163215637207031
2020-05-31,3.4959869384765625,7.252250671386719,2.548934936523437,2.8166732788085938,0.8343429565429688,2.05816650390625
2020-06-01,3.4206771850585938,9.562332153320312,2.810859680175781,1.0692138671875,1.5328903198242188,10.796714782714844
2020-06-02,0.0372238159179687,0.1540031433105468,0.797210693359375,0.3977775573730469,3.0324668884277344,0.14581298828125
2020-06-03,4.636138916015625,2.3285446166992188,18.026397705078125,10.798965454101562,46.68412780761719,28.206504821777344
2020-06-04,3.1204833984375,7.268478393554687,7.492431640625,6.9534454345703125,1.754425048828125,0.7701568603515625
2020-06-05,2.0122833251953125,6.86566162109375,2.5791168212890625,0.5780029296875,2.2142562866210938,1.751068115234375
2020-06-06,3.156211853027344,1.0322418212890625,1.0135116577148438,0.2833709716796875,1.0722808837890625,1.027618408203125
2020-06-07,7.958648681640625,3.9130859375,1.7524261474609375,2.793731689453125,3.2982330322265625,4.4337310791015625
2020-06-08,1.4590530395507812,1.7058486938476562,1.3436355590820312,0.4055328369140625,6.678070068359375,2.386138916015625
2020-06-09,2.345355987548828,3.7304954528808594,3.363445281982422,1.2033233642578125,1.0237464904785156,2.137157440185547
2020-06-10,0.0003509521484375,0.3128700256347656,0.0334129333496093,0.0,0.1124000549316406,0.0797653198242187
2020-06-11,0.0,0.077392578125,0.0018234252929687,0.1133880615234375,0.572174072265625,0.0357513427734375
2020-06-12,3.917312622070313,5.308372497558594,3.2651901245117188,2.5933914184570312,3.201820373535156,1.012115478515625
2020-06-13,2.412826538085937,1.0699234008789062,2.176216125488281,0.427581787109375,0.9697418212890624,0.1022567749023437
2020-06-14,7.1336822509765625,15.0289306640625,13.508705139160156,4.547904968261719,7.1539459228515625,9.450088500976562
2020-06-15,0.0660438537597656,0.6823310852050781,1.1179924011230469,1.362407684326172,10.311126708984377,13.890338897705078
2020-06-16,0.7689743041992188,1.1794509887695312,1.1643295288085938,1.3397331237792969,6.267669677734375,1.7642364501953125
2020-06-17,1.4227027893066406,1.3548812866210938,0.3209724426269531,0.4526214599609375,4.532222747802734,13.041149139404297
2020-06-18,3.5678024291992188,9.344390869140623,4.724311828613281,1.939697265625,2.8317642211914062,6.829345703125
2020-06-19,7.774513244628906,9.858245849609377,3.720626831054688,3.31597900390625,0.87762451171875,3.8997650146484375
2020-06-20,43.735130310058594,47.08297729492188,22.012420654296875,22.840576171875,4.114219665527344,11.899436950683594
2020-06-21,12.465583801269531,23.97065734863281,8.633819580078125,17.289154052734375,3.7562179565429688,8.775581359863281
2020-06-22,0.0424041748046875,0.7764892578125,0.1305694580078125,0.2565841674804687,1.2865676879882812,4.508583068847656
2020-06-23,0.1734695434570312,1.0355987548828125,0.5576858520507812,0.3097305297851562,0.9598159790039062,1.711669921875
2020-06-24,0.2595939636230469,1.443889617919922,0.5959739685058594,0.4302024841308594,0.8740196228027344,1.120586395263672
2020-06-25,0.1252593994140625,2.243633270263672,1.2292251586914062,0.3561325073242187,0.7905235290527344,1.409404754638672
2020-06-26,0.1888275146484375,0.2700729370117187,1.0975303649902344,0.7772254943847656,3.052597045898437,4.712970733642578
2020-06-27,0.0003509521484375,0.0086898803710937,0.0206527709960937,0.0059127807617187,0.3224716186523437,0.6121368408203125
2020-06-28,0.00177001953125,0.0107955932617187,0.2217254638671875,0.0037384033203125,0.0588150024414062,0.2640380859375
2020-06-29,0.5043258666992188,0.9489593505859376,0.0436325073242187,0.1048011779785156,0.0,0.0
2020-06-30,0.5579757690429688,4.198265075683594,4.824913024902344,1.75836181640625,0.3790130615234375,2.2455978393554688
2020-07-01,6.693134307861328,7.230754852294922,6.222282409667969,5.467796325683594,1.4120521545410156,2.894718170166016
2020-07-02,17.18523406982422,15.21270751953125,16.848873138427734,12.357166290283203,3.6898727416992183,5.616355895996094
2020-07-03,1.7041702270507812,3.1947479248046875,2.8024635314941406,2.5443267822265625,0.3214797973632812,3.919414520263672
2020-07-04,0.4373130798339844,1.996540069580078,2.979434967041016,2.9720916748046875,3.754077911376953,5.891590118408203
2020-07-05,2.2115554809570312,4.4899444580078125,2.046249389648437,1.9619064331054688,0.0604705810546875,0.7824478149414062
2020-07-06,3.814697265625e-06,0.0,0.0,0.0,3.814697265625e-06,0.0
2020-07-07,0.0,0.0,0.0,3.814697265625e-06,0.0,0.0
2020-07-08,0.0,0.0,0.0,0.0,0.0,0.0
2020-07-09,0.0558395385742187,0.0916824340820312,0.4944000244140625,0.4933547973632812,0.2375106811523437,1.4669036865234375
2020-07-10,0.2781944274902344,0.3597068786621094,0.7511253356933594,0.4933090209960937,2.256629943847656,12.581165313720703
2020-07-11,0.0090293884277343,0.0090293884277343,0.0883369445800781,0.040252685546875,3.814697265625e-06,0.0
2020-07-12,0.0,0.0,0.0,0.0,0.0,0.0
2020-07-13,0.0125274658203125,0.0028228759765625,0.1676025390625,0.048919677734375,0.304443359375,0.275604248046875
2020-07-14,0.0663681030273437,1.5276031494140625,3.7195053100585938,0.3203353881835937,0.7085800170898438,7.560661315917969
2020-07-15,21.989665985107425,22.40627670288086,6.405170440673828,2.948192596435547,0.8206787109375,4.408702850341797
2020-07-16,11.24297332763672,8.478355407714844,13.47490692138672,8.052436828613281,5.807701110839844,16.507583618164062
2020-07-17,2.6627197265625,5.632049560546875,1.2356491088867188,1.1390533447265625,0.0542068481445312,0.4462509155273437
2020-07-18,0.0062026977539062,0.0069351196289062,0.0109405517578125,0.0,0.0226058959960937,0.0
2020-07-19,0.0007095336914062,0.0,0.0,0.0,0.0513801574707031,0.0018959045410156
2020-07-20,3.814697265625e-06,0.01043701171875,3.814697265625e-06,0.0037384033203125,0.0123329162597656,0.0
2020-07-21,1.5452117919921875,4.3593597412109375,2.633895874023437,0.6466064453125,0.00616455078125,0.1661376953125
2020-07-22,4.949684143066406,6.776771545410156,7.332511901855469,5.727012634277344,0.7543716430664062,5.254806518554688
2020-07-23,3.7430496215820312,6.962993621826172,0.921875,0.1587409973144531,0.7423439025878906,4.282516479492188
2020-07-24,3.41961669921875,2.5184402465820312,2.7129058837890625,2.020980834960937,1.5726776123046875,8.258995056152344
2020-07-25,1.0669708251953125,2.360542297363281,0.1652755737304687,1.4068069458007812,0.041107177734375,0.4058990478515625
2020-07-26,0.0,0.0,0.0,3.814697265625e-06,3.814697265625e-06,0.0
2020-07-27,0.0,0.0,0.0,0.0018692016601562,0.0010299682617187,0.0061416625976562
2020-07-28,0.1602935791015625,0.0007095336914062,0.0060577392578125,0.0,0.0,0.0427093505859375
2020-07-29,4.7688751220703125,7.500076293945312,5.6488037109375,3.588165283203125,0.0623321533203125,0.40087890625
2020-07-30,1.3212890625,2.8735122680664062,1.507110595703125,1.8202438354492188,0.70037841796875,2.1962966918945312
2020-07-31,0.0,0.0,0.0011978149414062,0.0048980712890625,0.0008392333984375,0.000946044921875
2020-08-01,0.0,0.0090255737304687,0.0,0.0,0.0,0.0
2020-08-02,0.1001739501953125,0.0,0.18780517578125,0.0635986328125,0.5709228515625,0.5177154541015625
2020-08-03,12.827064514160156,23.369461059570312,2.7782745361328125,6.6484375,4.166496276855469,5.0076751708984375
2020-08-04,15.36809539794922,13.260284423828123,15.433753967285156,11.168304443359377,7.241172790527344,14.556777954101562
2020-08-05,2.611236572265625,2.94903564453125,6.228660583496094,13.093963623046877,0.2581634521484375,2.2356414794921875
2020-08-06,1.9318084716796875,3.0669708251953125,7.4793701171875,6.5637969970703125,0.7854690551757812,6.344413757324219
2020-08-07,11.217315673828123,6.5181427001953125,6.645469665527344,11.749427795410156,2.203041076660156,7.3543701171875
2020-08-08,1.2679519653320312,5.279151916503906,0.721466064453125,1.149810791015625,1.4012908935546875,0.295562744140625
2020-08-09,0.3778228759765625,1.185150146484375,0.3144912719726562,0.10919189453125,0.7618408203125,1.1555938720703125
2020-08-10,1.2044448852539062,2.284141540527344,7.231346130371094,1.398712158203125,4.056007385253906,6.639434814453125
2020-08-11,0.1650543212890625,1.2795867919921875,0.4448394775390625,0.8364028930664062,0.8744583129882812,2.4116134643554688
2020-08-12,0.1532974243164062,1.8284759521484373,1.4026565551757812,1.1285858154296875,0.69793701171875,8.901786804199219
2020-08-13,9.106220245361328,6.729290008544922,15.501956939697266,4.156734466552734,0.0968780517578125,12.003154754638672
2020-08-14,0.9500885009765624,5.293918609619141,0.4664993286132812,0.4185600280761719,2.0286903381347656,2.9204978942871094
2020-08-15,2.8485336303710938,3.02212142944336,6.397926330566406,2.4620399475097656,0.3474845886230469,11.052719116210938
2020-08-16,6.36346435546875,3.2888946533203125,5.710823059082031,1.5280685424804688,0.591094970703125,6.861251831054688
2020-08-17,4.631805419921875,4.808082580566406,5.1316680908203125,3.694984436035156,5.141151428222656,5.2556915283203125
2020-08-18,0.0145492553710937,0.2266998291015625,0.0,0.01959228515625,0.0,0.0
2020-08-19,0.0003585815429687,0.00762939453125,0.0015792846679687,0.0,0.0010299682617187,0.0
2020-08-20,3.814697265625e-06,0.0,0.0,0.0,0.0,0.0
2020-08-21,1.6624069213867188,0.8776626586914062,4.393455505371094,1.4487686157226562,0.6831893920898438,3.79864501953125
2020-08-22,3.3805389404296875,3.605377197265625,2.5376205444335938,1.6203079223632812,0.1820831298828125,5.074981689453125
2020-08-23,7.801235198974609,10.369754791259766,9.231281280517578,5.055023193359375,3.557636260986328,7.673732757568359
2020-08-24,0.000701904296875,0.0007095336914062,0.0227203369140625,0.0244598388671875,0.0020599365234375,0.0578765869140625
2020-08-25,0.0,0.0,0.0,0.0,0.0133590698242187,0.00640869140625
2020-08-26,0.0,0.0,0.0,0.0,0.0,0.0
2020-08-27,0.0,0.0,0.0,0.0,0.0,0.0
2020-08-28,0.0,0.0,0.0,0.0,0.0,0.0
2020-08-29,0.26617431640625,0.0,0.0,0.0,0.0,0.0
2020-08-30,0.7722320556640625,1.852256774902344,4.68170166015625,0.949371337890625,0.7773895263671875,1.545166015625
2020-08-31,0.0,0.0045166015625,0.1121673583984375,0.01739501953125,0.0,0.0268630981445312
2020-09-01,0.7180976867675781,0.3922119140625,1.1980743408203125,0.1501884460449218,0.0,0.1654510498046875
2020-09-02,0.0003547668457031,0.0072784423828125,0.0414237976074218,0.0046005249023437,0.0,0.001220703125
2020-09-03,0.0,0.0013961791992187,0.003021240234375,0.0048980712890625,0.0,0.0
2020-09-04,0.0,0.0,0.0,0.0,0.0,0.0
2020-09-05,0.0957717895507812,0.3720550537109375,0.20086669921875,0.1179656982421875,0.0,0.0
2020-09-06,1.6590194702148438,2.6058425903320312,0.9160308837890624,0.74407958984375,0.1546783447265625,0.069122314453125
2020-09-07,0.0,0.0003509521484375,0.0058135986328125,0.0027313232421875,0.0,0.0
2020-09-08,0.0,0.0,0.0,0.0,0.0,0.0
2020-09-09,0.0,0.0,0.0,0.0,0.0,0.0
2020-09-10,0.0,0.0,0.0,0.0,0.003082275390625,0.4646339416503906
2020-09-11,0.0,0.0,0.0,0.0,0.0,0.0
2020-09-12,0.0003509521484375,0.0041656494140625,0.0,7.62939453125e-06,0.0,0.0
2020-09-13,0.0,0.0,0.0,0.0,7.62939453125e-06,0.0
2020-09-14,0.1099090576171875,0.5906753540039062,0.1708297729492187,0.0685195922851562,0.054412841796875,0.0128173828125
2020-09-15,0.6211090087890625,0.332489013671875,1.62127685546875,0.3114013671875,0.0148773193359375,0.076934814453125
2020-09-16,0.80804443359375,0.9157562255859376,0.9478302001953124,0.63824462890625,0.0,0.1666717529296875
2020-09-17,0.0,0.0,0.0,0.0,0.0,0.0
2020-09-18,0.0,0.00103759765625,0.0018157958984375,0.0,0.0,0.0128173828125
2020-09-19,0.1030120849609375,0.0430450439453125,2.6987075805664062,0.086029052734375,0.1008987426757812,3.356605529785156
2020-09-20,0.24432373046875,0.4775543212890625,0.171905517578125,0.3926544189453125,8.171562194824219,1.3450851440429688
2020-09-21,0.690582275390625,1.1832046508789062,4.172454833984375,0.3071365356445312,19.46593475341797,9.90020751953125
2020-09-22,1.03997802734375,1.0404281616210938,2.7723159790039062,0.5867919921875,5.0339202880859375,1.9801559448242188
2020-09-23,1.72900390625,2.534454345703125,16.579818725585938,4.036430358886719,111.3302993774414,40.98470306396485
2020-09-24,1.2099151611328125,2.8768463134765625,7.203704833984375,6.3324127197265625,48.03138732910156,36.43040466308594
2020-09-25,3.1234588623046875,0.9864501953125,7.544708251953125,1.421539306640625,17.438629150390625,7.953338623046875
2020-09-26,3.2100982666015625,1.9529266357421875,9.9718017578125,4.767593383789063,46.565162658691406,17.614646911621094
2020-09-27,0.435760498046875,1.642059326171875,0.9007720947265624,0.8748016357421875,8.674102783203125,5.6075286865234375
2020-09-28,0.00762939453125,0.1848907470703125,0.0,0.0060577392578125,0.220184326171875,0.0017623901367187
2020-09-29,0.0,0.0003509521484375,0.0234298706054687,0.0018692016601562,0.4756851196289062,0.0208969116210937
2020-09-30,0.008331298828125,0.0003433227539062,0.8535385131835938,0.0253143310546875,13.498695373535156,2.4954757690429688
2020-10-01,0.0110931396484375,0.00726318359375,0.8415985107421875,0.021575927734375,5.26898193359375,0.5959930419921875
2020-10-02,2.8950958251953125,0.17755126953125,68.48747253417969,10.847610473632812,176.2987823486328,32.78251647949219
2020-10-03,1.0062713623046875,0.3800201416015625,11.965621948242188,1.5820770263671875,61.98933410644531,82.00959777832031
2020-10-04,0.97735595703125,2.6198272705078125,6.2469329833984375,4.57989501953125,12.929824829101562,19.520538330078125
2020-10-05,7.367401123046875,6.9752044677734375,10.01666259765625,9.896041870117188,30.30087280273437,17.9168701171875
2020-10-06,3.311737060546875,9.323944091796877,1.7946090698242188,3.151573181152344,0.1078567504882812,0.738189697265625
2020-10-07,0.0,0.0,0.0,0.0,0.0,0.0
2020-10-08,0.0,0.0,0.0,0.0,0.0,0.0
2020-10-09,0.0007095336914062,0.0,0.3481063842773437,0.0185546875,4.298309326171875,0.2905502319335937
2020-10-10,36.85875701904297,26.070358276367188,42.99089050292969,27.894195556640625,60.04396057128906,47.7431869506836
2020-10-11,1.6954421997070312,3.2421798706054688,3.886070251464844,2.9903488159179688,10.089248657226562,5.459007263183594
2020-10-12,0.3041839599609375,0.1163177490234375,3.676712036132813,0.7665557861328125,21.82769775390625,6.3052520751953125
2020-10-13,6.5636138916015625,6.782470703125,27.66143035888672,14.834014892578123,94.84600830078124,55.74114227294922
2020-10-14,0.1790313720703125,0.1026153564453125,0.3663177490234375,0.0988616943359375,2.995147705078125,1.4224090576171875
2020-10-15,1.6887664794921875,4.5589447021484375,1.1864471435546875,0.14581298828125,3.807952880859375,0.9874114990234376
2020-10-16,0.003173828125,0.0620956420898437,0.232421875,0.0794715881347656,0.2941741943359375,0.7004890441894531
2020-10-17,0.0,0.0,0.0,0.0,0.0,0.0
2020-10-18,0.000701904296875,0.0,0.0,0.0,0.0,0.0
2020-10-19,0.0,0.0,0.0,0.0,0.0,0.0
2020-10-20,0.0,0.0,0.0,0.0,7.62939453125e-06,0.0
2020-10-21,0.0,0.0,0.0,0.0,0.0,0.0
2020-10-22,6.536384582519531,4.368492126464844,3.472991943359375,1.9141082763671875,2.407051086425781,4.150718688964844
2020-10-23,3.7862701416015625,6.707466125488281,2.694007873535156,3.015869140625,2.1875534057617188,2.6074371337890625
2020-10-24,0.0,0.0,0.01214599609375,0.0,0.0303268432617187,0.000946044921875
2020-10-25,0.0134658813476562,0.0,0.8142242431640625,0.0030288696289062,5.424858093261719,0.1186294555664062
2020-10-26,0.0021209716796875,0.0,0.0,0.0,0.0,0.0
2020-10-27,0.8376922607421875,1.0648574829101562,0.0837554931640625,0.1869049072265625,0.0260238647460937,0.0010833740234375
2020-10-28,0.5765533447265625,1.3799285888671875,0.30621337890625,0.5865631103515625,0.0,0.0639190673828125
2020-10-29,0.173065185546875,2.111053466796875,0.0348358154296875,0.4106369018554687,0.0,0.0256423950195312
2020-10-30,0.4561309814453125,0.339263916015625,0.10333251953125,0.5939712524414062,0.0,0.0158004760742187
2020-10-31,7.62939453125e-06,0.0,0.0,7.62939453125e-06,0.0,0.0
2020-11-01,0.0,0.0,0.0,0.0,0.0,0.0
2020-11-02,0.0528526306152343,0.0083160400390625,0.14300537109375,0.0037422180175781,0.0709915161132812,0.2886543273925781
2020-11-03,3.434410095214844,6.331260681152344,2.44268798828125,3.205169677734375,0.016937255859375,0.898193359375
2020-11-04,1.3315811157226562,2.11480712890625,1.21990966796875,1.3446731567382812,0.0074386596679687,0.2439651489257812
2020-11-05,0.0041656494140625,0.0,0.01898193359375,0.020599365234375,0.0,0.002166748046875
2020-11-06,0.0,0.0,0.0,0.0,0.0,0.0
2020-11-07,0.0,0.0,0.0,0.0,0.0,0.0
2020-11-08,0.0422210693359375,0.020782470703125,0.0,0.012115478515625,0.0,0.0
2020-11-09,0.0131149291992187,0.0,0.0111083984375,0.0060577392578125,0.0,0.002166748046875
2020-11-10,0.0,0.000701904296875,0.0,0.0,0.0,0.0
2020-11-11,0.0693588256835937,1.2141799926757812,0.1163482666015625,0.0771255493164062,0.0132064819335937,0.3599777221679687
2020-11-12,0.0,0.0,0.0,0.0,0.00616455078125,0.0010833740234375
2020-11-13,3.814697265625e-06,0.0,0.0,0.0,3.814697265625e-06,0.0005416870117187
2020-11-14,1.875213623046875,0.6135406494140625,3.570228576660156,0.4469528198242187,4.1221923828125,0.4420547485351562
2020-11-15,11.75341796875,9.0975341796875,15.03081512451172,8.36090087890625,10.407638549804688,6.016036987304688
2020-11-16,0.1572189331054687,0.3992691040039062,0.1437911987304687,0.168792724609375,0.0105209350585937,0.241790771484375
2020-11-17,0.0,0.0062255859375,0.0,0.0,0.0,0.0163421630859375
2020-11-18,3.2354965209960938,5.540031433105469,1.8691635131835935,1.1409835815429688,0.0,0.1101455688476562
2020-11-19,0.3910369873046875,0.340789794921875,0.5000457763671875,0.19830322265625,0.00640869140625,0.06829833984375
2020-11-20,0.0516128540039062,0.04754638671875,0.1112899780273437,0.0767059326171875,7.62939453125e-06,0.0498886108398437
2020-11-21,0.0,0.0,0.0,0.0,0.0,0.0
2020-11-22,0.0,0.00311279296875,0.0,0.0,0.0,0.0002670288085937
2020-11-23,0.0,0.0,0.0,0.00762939453125,0.0,0.0
2020-11-24,0.0,0.0,0.0,0.00762939453125,0.0,0.0
2020-11-25,0.0,0.0,0.0,0.0,0.0,0.0
2020-11-26,0.0,0.0,0.0109405517578125,0.0,0.6175994873046875,0.0427093505859375
2020-11-27,0.1935958862304687,0.2948684692382812,0.2200851440429687,0.1998519897460937,0.5110397338867188,1.4597854614257812
2020-11-28,0.14495849609375,0.2840423583984375,0.19091796875,0.1595077514648437,0.0020523071289062,0.2233200073242187
2020-11-29,0.0,0.0,0.0,0.0,0.0,0.0
2020-11-30,0.0117874145507812,0.0,0.7991714477539062,0.0018692016601562,6.6620941162109375,0.8372039794921875
2020-12-01,0.5614700317382812,0.0875091552734375,7.873893737792969,1.5068588256835938,14.62860870361328,9.224250793457031
2020-12-02,0.1067657470703125,0.024993896484375,1.5248565673828125,0.214385986328125,2.025497436523437,1.3646240234375
2020-12-03,0.0,0.0,0.1179962158203125,0.0037384033203125,0.19537353515625,0.0152587890625
2020-12-04,3.3899078369140625,0.8318939208984375,9.203964233398438,3.6727447509765625,10.3853759765625,7.262359619140625
2020-12-05,5.03668212890625,4.2335205078125,14.826736450195312,11.202377319335938,21.58482360839844,19.813156127929688
2020-12-06,0.8909988403320312,0.0083236694335937,2.3309478759765625,0.3175201416015625,6.252479553222656,1.9163665771484373
2020-12-07,2.4409255981445312,1.056884765625,12.431755065917969,5.575492858886719,29.598907470703125,26.796913146972656
2020-12-08,0.2223052978515625,0.1969757080078125,1.1352386474609375,0.2151641845703125,2.7579803466796875,2.143798828125
2020-12-09,7.62939453125e-06,0.0003585815429687,0.2020721435546875,0.2591094970703125,3.8649749755859375,3.1391754150390625
2020-12-10,0.1561965942382812,0.28472900390625,1.7774429321289062,2.6554412841796875,2.359603881835937,3.604194641113281
2020-12-11,1.915122985839844,1.5584869384765625,1.01080322265625,1.4365310668945312,0.017120361328125,0.356781005859375
2020-12-12,0.32208251953125,0.4188232421875,0.310333251953125,0.23541259765625,0.0,0.02618408203125
2020-12-13,0.0045318603515625,0.0003662109375,0.002777099609375,0.0103607177734375,0.0,0.0
2020-12-14,0.0,0.0,0.0,0.0,0.0,0.0
2020-12-15,0.0,0.0,0.0,0.0,0.0,0.0
2020-12-16,0.0,0.0,0.0,0.0,0.0,0.00189208984375
2020-12-17,0.0,0.0,0.0,0.0,0.0,0.0
2020-12-18,0.0,0.0,0.0,0.0,0.0,0.0
2020-12-19,0.0,0.0,0.0,0.0,0.0155410766601562,0.0158004760742187
2020-12-20,0.0,0.0,0.0,0.0,0.00640869140625,0.0066757202148437
2020-12-21,0.0,0.0,0.0046005249023437,0.0,0.0064125061035156,0.0
2020-12-22,0.00762939453125,0.0,0.8680953979492188,0.0234527587890625,9.852981567382812,1.1192474365234375
2020-12-23,0.910980224609375,1.92401123046875,3.7759857177734375,1.5770721435546875,27.86260223388672,13.233535766601562
2020-12-24,25.757469177246094,22.946548461914062,35.61217498779297,26.281082153320312,45.75746154785156,49.32115173339844
2020-12-25,2.344696044921875,2.339790344238281,8.906753540039062,5.789695739746094,17.603050231933594,16.141555786132812
2020-12-26,9.274826049804688,3.5575027465820312,17.143028259277344,4.1791839599609375,33.61277770996094,22.30609893798828
2020-12-27,10.0252685546875,13.232048034667969,37.599342346191406,27.437484741210938,106.02957916259766,58.29901885986328
2020-12-28,13.264541625976562,9.9365234375,32.135284423828125,13.741134643554688,72.90966796875,46.22833251953125
2020-12-29,1.8700103759765625,1.67095947265625,5.96807861328125,4.133453369140625,18.0263671875,12.70513916015625
2020-12-30,0.0,0.0,0.0456390380859375,0.0,0.2278289794921875,0.0178298950195312
2020-12-31,0.2159805297851562,3.814697265625e-06,0.339019775390625,3.814697265625e-06,0.2296295166015625,0.0662269592285156
2021-01-01,1.5848007202148438,1.9196548461914065,7.941261291503906,3.2033615112304688,32.8935546875,27.08777618408203
2021-01-02,4.281646728515625,4.9059906005859375,7.545326232910156,6.601898193359375,10.508262634277344,10.39643096923828
2021-01-03,0.3119125366210937,0.1030654907226562,2.1546401977539062,0.2857742309570312,9.489471435546877,4.250602722167969
2021-01-04,6.901390075683594,5.471321105957031,24.515884399414062,11.368148803710938,41.1084213256836,31.66503143310547
2021-01-05,4.575836181640625,6.83221435546875,11.10956573486328,11.720077514648438,20.764060974121094,31.376510620117188
2021-01-06,8.914802551269531,9.321884155273438,20.769309997558597,16.562301635742188,51.838340759277344,59.86561584472656
2021-01-07,5.00299072265625,4.815841674804688,6.6439971923828125,7.440322875976562,11.013137817382812,11.852157592773438
2021-01-08,8.401313781738281,10.96613311767578,14.958450317382812,12.141273498535156,43.19001770019531,55.34916687011719
2021-01-09,1.3634185791015625,3.0448150634765625,6.794342041015625,12.544143676757812,12.85894775390625,25.871109008789062
2021-01-10,0.3913040161132812,0.2679977416992187,0.1661834716796875,0.0952987670898437,0.1636810302734375,0.140625
2021-01-11,1.961509704589844,2.7438735961914062,3.611328125,2.8530502319335938,1.4485397338867188,5.127098083496094
2021-01-12,3.263862609863281,3.4191131591796875,2.4947738647460938,2.5236587524414062,0.5181121826171875,0.9445648193359376
2021-01-13,0.7031707763671875,0.9369888305664062,0.369781494140625,0.4814529418945312,0.0128250122070312,0.0430755615234375
2021-01-14,1.2480010986328125,2.5625762939453125,1.15142822265625,1.64691162109375,0.0640411376953125,0.6863784790039062
2021-01-15,1.7281036376953125,2.084701538085937,1.0702590942382812,1.2534637451171875,0.44415283203125,0.7813186645507812
2021-01-16,0.1807632446289062,0.1571121215820312,0.1921463012695312,0.187103271484375,0.003082275390625,0.2525787353515625
2021-01-17,0.082489013671875,0.143585205078125,0.02081298828125,0.1128692626953125,0.0759124755859375,0.0147247314453125
2021-01-18,0.0003509521484375,0.0,0.4308013916015625,0.0312271118164062,3.140350341796875,1.6880645751953125
2021-01-19,0.000701904296875,0.0,0.9145050048828124,0.0816879272460937,12.10107421875,3.4513397216796875
2021-01-20,0.7022628784179688,0.2797393798828125,9.278671264648438,3.678665161132813,51.80339050292969,19.774803161621094
2021-01-21,3.497344970703125,2.70794677734375,16.10797882080078,9.83940887451172,50.18840789794922,31.82514953613281
2021-01-22,6.398811340332031,4.6901702880859375,26.43617248535156,13.289039611816406,55.32719421386719,42.051063537597656
2021-01-23,11.6473388671875,13.854957580566406,28.139663696289062,20.099464416503903,39.96906280517578,46.09397888183594
2021-01-24,2.953285217285156,4.543556213378906,3.6591949462890634,2.817176818847656,2.1088790893554688,4.919731140136719
2021-01-25,1.4056549072265625,3.2551422119140625,0.7423934936523438,1.4309463500976562,0.0243682861328125,0.4580841064453125
2021-01-26,0.19384765625,0.2437820434570312,0.170623779296875,0.112152099609375,0.35888671875,0.0993118286132812
2021-01-27,6.788787841796875,9.198966979980469,9.931625366210938,4.773773193359375,44.44440460205078,16.888710021972656
2021-01-28,3.093574523925781,4.844650268554688,5.93267822265625,7.586639404296875,4.867805480957031,6.502952575683594
2021-01-29,16.31121063232422,11.35614013671875,26.381568908691406,17.82513427734375,53.26839447021485,36.70912170410156
2021-01-30,0.1117019653320312,0.1110153198242187,0.8772659301757812,0.0802688598632812,7.469802856445312,4.4835052490234375
2021-01-31,0.044342041015625,0.0173797607421875,0.1066436767578125,0.159423828125,1.9086456298828125,3.8239822387695312
2021-02-01,0.0,0.0,0.0018234252929687,0.0,0.0,0.0
2021-02-02,0.0,0.0,0.0725555419921875,0.0,0.49658203125,0.0779190063476562
2021-02-03,0.0,0.0,3.814697265625e-06,0.0,3.814697265625e-06,3.814697265625e-06
2021-02-04,0.0,0.0041580200195312,0.0544319152832031,0.0,0.0599365234375,3.814697265625e-06
2021-02-05,9.968658447265623,4.789237976074219,20.950977325439453,14.450347900390623,32.30793762207031,19.64640045166016
2021-02-06,32.498252868652344,11.000045776367188,38.79090118408203,12.95293426513672,56.54267120361328,30.270957946777344
2021-02-07,4.149284362792969,3.228515625,15.240242004394531,8.385505676269531,52.23667144775391,25.187240600585938
2021-02-08,17.457969665527344,4.786964416503906,22.197792053222656,7.240310668945312,31.71797180175781,10.1434326171875
2021-02-09,13.76679229736328,15.19499969482422,20.51306915283203,18.72997283935547,34.75226593017578,38.956451416015625
2021-02-10,0.0152587890625,0.0298080444335937,0.0055618286132812,0.0115203857421875,0.0020523071289062,0.0598602294921875
2021-02-11,0.4530563354492187,0.8310661315917969,4.583881378173828,4.642192840576172,6.970897674560547,11.578262329101562
2021-02-12,0.9331512451171876,1.6399917602539062,2.357391357421875,2.5932159423828125,2.136932373046875,3.717826843261719
2021-02-13,0.2465362548828125,0.341094970703125,0.7587051391601562,0.6302108764648438,0.115325927734375,0.1998977661132812
2021-02-14,0.0034561157226562,0.0,0.0002517700195312,0.0,0.0010223388671875,0.0064163208007812
2021-02-15,0.113128662109375,0.3377609252929687,0.0722808837890625,0.11444091796875,0.0003814697265625,0.0256423950195312
2021-02-16,0.5112380981445312,0.7253952026367188,0.1453399658203125,0.2973785400390625,0.0053787231445312,0.00640869140625
2021-02-17,0.0,0.0,0.0036468505859375,0.0,0.0,0.0
2021-02-18,0.0083465576171875,0.050628662109375,0.0092010498046875,0.0331344604492187,0.0759124755859375,0.0147171020507812
2021-02-19,0.0031051635742187,0.0003585815429687,0.0094528198242187,0.00762939453125,0.0,0.0440139770507812
2021-02-20,0.0,0.0,0.0,0.0,0.0,0.0
2021-02-21,0.0,0.0,0.0,0.0,0.0,0.0
2021-02-22,0.0,0.0,0.0,0.0,0.0,0.0
2021-02-23,0.0,0.0,0.0,0.0,0.0,0.0
2021-02-24,0.0,0.0,0.0,0.0,0.0,0.0
2021-02-25,0.233551025390625,1.6331863403320312,0.335693359375,0.420806884765625,0.0,0.0409011840820312
2021-02-26,0.2489852905273437,0.2662200927734375,0.2406845092773437,0.0722198486328125,0.0,0.0137786865234375
2021-02-27,0.1170272827148437,0.409942626953125,0.1828231811523437,0.0920486450195312,0.0,0.0342178344726562
2021-02-28,0.0007095336914062,0.0152587890625,0.032928466796875,0.0377044677734375,0.0,0.0
2021-03-01,0.0,0.0,0.0,0.0,0.0,0.0
2021-03-02,0.0,0.0,0.0,0.0,0.0,0.0
2021-03-03,4.072055816650391,5.08148193359375,0.7188262939453125,0.33428955078125,2.62554931640625,0.8981857299804688
2021-03-04,2.799510955810547,3.949909210205078,3.194984436035156,2.718242645263672,0.4065399169921875,2.194225311279297
2021-03-05,0.0,0.0,3.814697265625e-06,0.0,3.814697265625e-06,3.814697265625e-06
2021-03-06,0.3380279541015625,0.1482200622558593,0.4638519287109375,0.21075439453125,0.2869606018066406,0.5340995788574219
2021-03-07,2.689453125,2.80377197265625,12.28472900390625,10.969520568847656,20.528076171875,29.99054718017578
2021-03-08,13.599632263183594,18.57978057861328,23.73970031738281,19.1763916015625,33.722434997558594,44.07988739013672
2021-03-09,0.0079803466796875,0.0086669921875,0.0189895629882812,0.0122299194335937,0.0105209350585937,0.0242385864257812
2021-03-10,0.0205612182617187,0.0561752319335937,1.5051345825195312,0.46978759765625,2.155731201171875,0.5764923095703125
2021-03-11,1.2155075073242188,1.0732803344726562,5.04498291015625,1.873291015625,20.15264129638672,10.043319702148438
2021-03-12,5.751632690429688,4.312740325927734,5.44744873046875,1.3589515686035156,9.606586456298828,5.285743713378906
2021-03-13,16.34894561767578,19.512657165527344,11.70696258544922,12.823467254638672,12.318893432617188,13.641437530517578
2021-03-14,2.1916275024414062,5.6615753173828125,1.2758064270019531,1.5831642150878906,0.9972457885742188,0.6893348693847656
2021-03-15,1.6389083862304688,3.648139953613281,0.4726028442382812,0.9683837890625,0.0,0.0367889404296875
2021-03-16,1.4652023315429688,3.088951110839844,4.3970489501953125,3.038238525390625,1.1182174682617188,0.9121856689453124
2021-03-17,0.6065826416015625,1.2946090698242188,1.2548599243164062,0.748779296875,0.8145523071289062,0.2538833618164062
2021-03-18,9.177024841308594,7.629714965820312,12.583297729492188,6.301460266113281,5.659915924072266,11.755165100097656
2021-03-19,13.508724212646484,18.368282318115234,17.24846649169922,17.572147369384766,12.367916107177734,23.719356536865234
2021-03-20,14.049072265625,23.485740661621094,13.767814636230469,14.5323486328125,12.01642608642578,14.09930419921875
2021-03-21,0.4857139587402344,1.2924270629882812,0.8725700378417969,0.8866500854492188,0.11077880859375,0.37646484375
2021-03-22,6.636962890625,7.770103454589844,4.236747741699219,4.781230926513672,0.5416488647460938,2.294784545898437
2021-03-23,0.0294418334960937,0.02288818359375,0.079071044921875,0.0615997314453125,0.0,0.0137710571289062
2021-03-24,0.0034561157226562,0.0048599243164062,0.0152587890625,0.0057601928710937,0.0,0.0
2021-03-25,0.0,0.0,0.0018234252929687,0.0,0.0,0.0
2021-03-26,0.6743927001953125,1.4313278198242188,0.0414276123046875,0.0268096923828125,0.24853515625,0.0153961181640625
2021-03-27,0.4909858703613281,0.5317306518554688,0.4517059326171875,0.3948936462402344,0.0558204650878906,0.0581016540527343
2021-03-28,0.0948562622070312,0.279541015625,0.24395751953125,0.3035354614257812,0.0145797729492187,0.5330657958984375
2021-03-29,0.468048095703125,0.244110107421875,0.2436447143554687,0.287841796875,0.0020599365234375,0.0940780639648437
2021-03-30,0.0087051391601562,0.1033554077148437,0.0215225219726562,0.137664794921875,0.0,0.0
2021-03-31,9.983016967773438,11.516105651855469,9.077560424804688,8.250259399414062,1.4518356323242188,1.3038177490234375
2021-04-01,10.393543243408203,11.932979583740234,17.351947784423828,13.615242004394531,37.271270751953125,23.04010772705078
2021-04-02,1.1240806579589844,1.8435516357421875,2.2206382751464844,3.799007415771485,6.9908599853515625,14.901702880859377
2021-04-03,0.0003585815429687,0.0072708129882812,0.0541954040527343,0.0280494689941406,0.0064125061035156,0.0073585510253906
2021-04-04,9.246707916259766,7.421943664550781,11.953510284423828,5.358348846435547,18.19061279296875,8.18924331665039
2021-04-05,6.100715637207031,7.656219482421875,11.170196533203123,11.292327880859377,20.29351806640625,24.67845916748047
2021-04-06,0.2543487548828125,0.6775131225585938,0.1482658386230468,0.0894775390625,0.0081367492675781,0.0062294006347656
2021-04-07,0.0,0.00311279296875,0.0,0.0,0.0,0.0
2021-04-08,0.0,0.0,0.0,0.0,0.0,0.0
2021-04-09,0.0,0.0311088562011718,0.0,0.0,0.0,0.0
2021-04-10,0.0,0.0,0.3601226806640625,0.0112152099609375,0.530059814453125,0.00640869140625
2021-04-11,11.78278350830078,12.544769287109377,6.770469665527344,7.319961547851562,25.46746063232422,7.289360046386719
2021-04-12,1.3965225219726562,1.8857345581054688,3.55206298828125,2.752525329589844,11.919532775878906,15.928749084472656
2021-04-13,0.04949951171875,0.0960693359375,0.0323410034179687,0.0263290405273437,0.0566177368164062,0.2786178588867187
2021-04-14,0.0,7.62939453125e-06,0.1763458251953125,0.2012786865234375,0.0792617797851562,0.7736434936523438
2021-04-15,5.390640258789063,5.9349365234375,8.597869873046875,7.977371215820312,8.091033935546875,15.931686401367188
2021-04-16,1.9822654724121092,1.8944854736328125,2.1233139038085938,0.9786834716796876,2.522136688232422,2.8876991271972656
2021-04-17,2.6513671875,4.125957489013672,7.279872894287109,5.440437316894531,2.532238006591797,2.6716384887695312
2021-04-18,5.120861053466797,5.025192260742188,2.604267120361328,1.294921875,5.384845733642578,2.0327377319335938
2021-04-19,0.7310638427734375,1.3543014526367188,0.5525360107421875,0.8530426025390625,1.7749176025390625,0.111053466796875
2021-04-20,0.0872650146484375,0.7278900146484375,1.4312515258789062,0.188812255859375,5.936538696289063,1.969818115234375
2021-04-21,0.3050155639648437,0.4749069213867187,3.5481491088867188,2.277061462402344,3.3278045654296875,4.0558929443359375
2021-04-22,0.0090522766113281,0.0055274963378906,0.0,0.0060539245605468,1.9801139831542969,3.310340881347656
2021-04-23,0.0,0.0045127868652343,0.0030288696289062,0.0011558532714843,0.0,0.0061416625976562
2021-04-24,0.309814453125,0.635711669921875,0.1183738708496093,0.0136871337890625,0.0749664306640625,0.2679824829101562
2021-04-25,0.3990821838378906,0.2468910217285156,2.737689971923828,2.4348106384277344,1.8539886474609373,0.8203582763671875
2021-04-26,5.623928070068359,7.965167999267578,2.220977783203125,2.49462890625,7.109130859375,2.300098419189453
2021-04-27,0.3559417724609375,0.0734329223632812,0.2536506652832031,0.02734375,1.15179443359375,0.0534934997558593
2021-04-28,1.4587898254394531,2.49371337890625,0.0212287902832031,0.0442695617675781,0.0,0.0
2021-04-29,0.0402336120605468,0.0010604858398437,1.606536865234375,0.7764739990234375,5.945957183837891,3.92397689819336
2021-04-30,0.0225372314453125,0.0132064819335937,0.1174545288085937,0.0549774169921875,2.2659454345703125,0.7208023071289062
2021-05-01,0.417755126953125,1.6494598388671875,0.0,0.0,0.1285781860351562,0.0263595581054687
2021-05-02,0.0,0.0007095336914062,0.0213088989257812,0.0037384033203125,0.0,0.3180007934570312
2021-05-03,0.2770347595214844,0.3503913879394531,0.4582061767578125,0.5898551940917969,6.269630432128906,1.3551673889160156
2021-05-04,0.5470428466796875,0.8119468688964844,0.0841636657714843,0.1215438842773437,6.439483642578125,1.0644760131835938
2021-05-05,0.0,0.0332412719726562,0.0036544799804687,0.0,0.0,0.0
2021-05-06,0.9374771118164062,0.7033157348632812,1.3485794067382812,0.5714569091796875,0.0300064086914062,0.3970870971679687
2021-05-07,0.0,0.0,0.0,0.0,0.0,0.0002708435058593
2021-05-08,0.0,0.0,0.0,0.0,0.0,0.0
2021-05-09,0.0,0.05126953125,0.0036468505859375,0.057830810546875,0.00616455078125,0.3322601318359375
2021-05-10,0.931304931640625,2.0223541259765625,3.4783172607421875,1.216705322265625,8.032501220703125,5.824310302734375
2021-05-11,1.221710205078125,3.5048141479492188,5.836441040039063,0.6310882568359375,21.54309844970703,10.231178283691406
2021-05-12,0.3598251342773437,0.8231925964355469,1.8842315673828125,0.6292190551757812,9.65802001953125,3.0757064819335938
2021-05-13,9.065052032470703,11.269634246826172,17.39913558959961,14.493816375732422,39.86027526855469,27.781330108642575
2021-05-14,0.861663818359375,0.3468704223632812,0.3134498596191406,0.2057342529296875,3.3234100341796875,0.2954216003417969
2021-05-15,5.941062927246094,7.079292297363281,2.695587158203125,1.773895263671875,3.2788238525390625,2.8954620361328125
2021-05-16,0.7400283813476562,1.1736717224121094,0.8656997680664062,1.0778732299804688,0.0502510070800781,0.1024284362792968
2021-05-17,1.499919891357422,1.12591552734375,0.6779594421386719,0.2278060913085937,1.9717025756835935,0.1684761047363281
2021-05-18,6.821235656738281,13.707744598388672,8.01926040649414,3.8785400390625,8.991111755371094,10.601665496826172
2021-05-19,0.1810646057128906,0.6374702453613281,0.3056144714355469,0.9681243896484376,0.0254974365234375,0.085235595703125
2021-05-20,0.0,0.0,0.0,0.0,0.0,0.0
2021-05-21,0.02325439453125,0.1219482421875,0.00762939453125,0.1555976867675781,0.0010299682617187,0.0
2021-05-22,0.0644149780273437,0.2010879516601562,0.1029434204101562,0.0527267456054687,0.0,0.3224258422851562
2021-05-23,0.2333221435546875,0.512847900390625,0.0,0.0,0.0,0.0
2021-05-24,1.1543426513671875,2.1773681640625,1.2783584594726562,0.6362838745117188,0.0102767944335937,0.9342269897460938
2021-05-25,0.89739990234375,0.9654617309570312,4.325111389160156,6.909355163574219,0.1906356811523437,1.3821487426757812
2021-05-26,7.650321960449219,14.389411926269531,9.00897216796875,7.409786224365234,6.371242523193359,13.101062774658203
2021-05-27,0.0045280456542968,0.0041580200195312,0.00762939453125,0.0002937316894531,0.3027381896972656,0.8563919067382812
2021-05-28,0.746856689453125,1.2921180725097656,1.5080680847167969,1.1234397888183594,7.8810882568359375,9.236167907714844
2021-05-29,2.2920684814453125,9.945148468017578,0.9085655212402344,2.244152069091797,0.3142890930175781,6.831573486328125
2021-05-30,3.884765625,5.755714416503906,1.4849777221679688,3.005821228027344,0.9226455688476562,6.3882598876953125
2021-05-31,0.0,0.0,0.0,0.0,0.0,0.0106964111328125
2021-06-01,0.0,0.0,0.0,0.0,0.0,0.0
2021-06-02,0.0,0.0,0.0,0.0,0.0,0.0
2021-06-03,0.0164794921875,0.0423049926757812,2.8119354248046875,0.0194168090820312,0.6478271484375,0.0436553955078125
2021-06-04,3.629249572753906,9.848159790039062,12.712173461914062,3.391448974609375,0.1835861206054687,4.164985656738281
2021-06-05,8.124099731445312,11.870368957519531,10.171745300292969,5.947311401367188,6.786018371582031,12.04914093017578
2021-06-06,0.49969482421875,0.066925048828125,0.3373641967773437,0.3142852783203125,0.325836181640625,0.5405044555664062
2021-06-07,0.0,0.0,0.0,0.019561767578125,0.0503044128417968,0.5431785583496094
2021-06-08,4.5855255126953125,7.662754058837891,1.8049430847167969,4.93988037109375,5.838657379150391,7.308235168457031
2021-06-09,3.8720550537109375,2.261871337890625,2.9833526611328125,4.279521942138672,4.628543853759766,9.999797821044922
2021-06-10,4.355564117431641,11.73025131225586,1.7376060485839844,6.476238250732422,1.1483154296875,6.290859222412109
2021-06-11,4.393890380859375,5.1796875,6.7217864990234375,2.25320053100586,1.5812530517578125,3.661827087402344
2021-06-12,0.3619270324707031,1.6244277954101562,0.6370811462402344,0.6460533142089844,0.0,0.0128173828125
2021-06-13,0.0692291259765625,1.040283203125,0.4094696044921875,0.6664924621582031,0.0020523071289062,0.2933502197265625
2021-06-14,0.0,0.0,0.0,0.0018692016601562,0.0739822387695312,0.03155517578125
2021-06-15,0.0,0.0617103576660156,0.1117172241210937,0.0074806213378906,0.3281135559082031,0.3052597045898437
2021-06-16,0.590606689453125,0.6594390869140625,1.1700286865234375,1.9197311401367188,4.317588806152344,1.4370651245117188
2021-06-17,0.4146499633789062,0.8053131103515625,0.85235595703125,0.926300048828125,0.261993408203125,3.760063171386719
2021-06-18,0.6161880493164062,1.44683837890625,0.4661483764648437,0.7624053955078125,0.2133712768554687,1.383544921875
2021-06-19,0.3017044067382812,0.5761642456054688,0.9012908935546876,0.0660858154296875,0.3320846557617187,2.8086700439453125
2021-06-20,0.0007095336914062,0.0499191284179687,0.1271705627441406,0.0,0.0,0.0384597778320312
2021-06-21,0.0,0.0,0.0066757202148437,0.0,0.0,0.0521392822265625
2021-06-22,0.1789627075195312,0.2457313537597656,0.7704010009765625,0.0,0.0,1.299346923828125
2021-06-23,0.0118675231933593,0.2791481018066406,0.4680747985839844,0.0969085693359375,0.0164413452148437,1.997783660888672
2021-06-24,2.554454803466797,4.460845947265625,2.744544982910156,1.0410919189453125,0.0030746459960937,3.327362060546875
2021-06-25,0.5096092224121094,0.5864143371582031,0.9346847534179688,0.9380569458007812,0.1276168823242187,1.1504440307617188
2021-06-26,0.0045242309570312,0.0108146667480468,0.0542411804199218,0.0038909912109375,0.0215797424316406,1.0348052978515625
2021-06-27,0.0,0.0135040283203125,0.0073013305664062,0.00030517578125,0.0,0.0073623657226562
2021-06-28,0.0,0.0,0.0036468505859375,0.0,0.0,0.0
2021-06-29,2.6649703979492188,7.862274169921875,0.4459152221679687,0.6694793701171875,0.8342361450195312,0.01922607421875
2021-06-30,2.1534881591796875,6.099044799804688,10.581375122070312,4.69757080078125,1.209686279296875,3.527572631835937
2021-07-01,0.27642822265625,1.9237823486328125,0.1775588989257812,0.4989395141601562,0.12274169921875,0.1110000610351562
2021-07-02,0.0,0.0325698852539062,0.0036468505859375,0.0,0.0169296264648437,0.4975814819335937
2021-07-03,4.62847900390625,9.16376495361328,3.9990234375,2.9197998046875,0.5468063354492188,21.511260986328125
2021-07-04,0.6755523681640625,1.067108154296875,0.6061248779296875,0.2515869140625,0.0082244873046875,0.302703857421875
2021-07-05,0.0,0.0,0.0,0.0,0.0,0.0
2021-07-06,0.0,0.0,0.0,0.0,0.0,0.0
2021-07-07,0.2411651611328125,0.7957305908203125,0.9627838134765624,0.46673583984375,0.0384521484375,0.86505126953125
2021-07-08,3.733566284179688,4.303581237792969,0.9448165893554688,1.4988632202148438,0.0,2.484046936035156
2021-07-09,10.299659729003906,4.273208618164063,8.458511352539062,4.6967620849609375,2.1737289428710938,1.9359130859375
2021-07-10,0.1669731140136718,0.2682762145996094,0.2266387939453125,0.178619384765625,1.493206024169922,0.3774528503417969
2021-07-11,0.0030975341796875,0.0010643005371093,0.1433296203613281,3.814697265625e-06,3.814697265625e-06,0.681640625
2021-07-12,0.0,7.62939453125e-06,0.0,7.62939453125e-06,0.0,7.62939453125e-06
2021-07-13,1.7089385986328125,1.293243408203125,0.0353851318359375,0.0,0.68218994140625,0.71600341796875
2021-07-14,11.241241455078123,16.84246063232422,1.1409759521484375,7.526298522949219,0.0,0.0128250122070312
2021-07-15,2.2433319091796875,7.498054504394531,1.9854049682617188,2.431678771972656,0.0071945190429687,0.3180465698242187
2021-07-16,28.698516845703125,17.18017578125,16.53704071044922,16.114036560058594,13.745819091796877,11.27570343017578
2021-07-17,13.542648315429688,11.977447509765623,15.542648315429688,14.153587341308594,13.756675720214844,8.546661376953125
2021-07-18,4.539482116699219,15.5130615234375,5.998222351074219,4.622291564941406,1.609893798828125,3.42742919921875
2021-07-19,0.0034561157226562,0.0031204223632812,0.0261611938476562,0.0273361206054687,0.0053863525390625,0.006683349609375
2021-07-20,0.089508056640625,0.735565185546875,0.0439300537109375,0.023895263671875,0.0,0.0
2021-07-21,0.0,0.0742721557617187,0.0237197875976562,0.020721435546875,0.0082244873046875,0.8994674682617188
2021-07-22,0.0340957641601562,0.133941650390625,0.1558456420898437,0.1667327880859375,0.034942626953125,0.678802490234375
2021-07-23,0.0,0.0860404968261718,0.786163330078125,0.0514755249023437,0.0064048767089843,2.7579307556152344
2021-07-24,0.4745101928710937,0.6473922729492188,0.3182601928710937,0.00445556640625,0.0010299682617187,2.5557937622070312
2021-07-25,0.0,0.0,0.0,0.0,0.0,0.0
2021-07-26,0.0,0.0,0.0030288696289062,0.0,0.0,0.0094833374023437
2021-07-27,0.0,0.0003509521484375,0.08868408203125,0.00030517578125,0.0,0.0073699951171875
2021-07-28,0.0,0.0,0.0,0.0,0.0,0.0
2021-07-29,0.0,0.0,0.0,0.0,0.0,0.0
2021-07-30,0.0,0.0041580200195312,0.0145950317382812,0.0,0.0,0.0
2021-07-31,0.0003585815429687,0.0403518676757812,0.0,0.0,0.0074310302734375,0.0064163208007812
2021-08-01,0.0062026977539062,0.0,0.0,0.0,0.0,0.0
2021-08-02,0.0,0.0,0.0,0.0,0.0,0.0
2021-08-03,0.1793899536132812,0.2003860473632812,1.5434112548828125,0.1208953857421875,4.018234252929688,3.772262573242188
2021-08-04,1.5513229370117188,1.2704086303710938,11.127731323242188,5.550796508789063,3.8089599609375,8.116958618164062
2021-08-05,0.0003509521484375,0.0,0.0,0.0027313232421875,0.0,0.0064163208007812
2021-08-06,0.0,0.0,0.0,0.0,0.0,0.0
2021-08-07,0.0,0.0124664306640625,0.0254592895507812,0.0,0.0,0.0018997192382812
2021-08-08,0.009185791015625,0.2433319091796875,0.244415283203125,0.0280609130859375,0.1243438720703125,0.0
2021-08-09,0.180877685546875,0.2679519653320312,0.6189041137695312,0.3199310302734375,0.799346923828125,2.0391159057617188
2021-08-10,0.0595855712890625,0.02496337890625,0.0121002197265625,0.0060577392578125,0.0020599365234375,0.0128173828125
2021-08-11,0.0,0.0,7.62939453125e-06,0.0,0.0,0.0
2021-08-12,0.0,0.0,0.0,0.0,0.0,0.0
2021-08-13,0.0,0.0,0.0,0.0,0.0,0.0128173828125
2021-08-14,0.0,0.0041580200195312,0.0364761352539062,0.0,0.0,0.1403045654296875
2021-08-15,2.1368179321289062,1.3833236694335938,0.6430091857910156,0.024017333984375,0.0,0.0265922546386718
2021-08-16,0.5595779418945312,0.2903823852539062,1.3197708129882812,0.1743850708007812,1.3906707763671875,11.202789306640623
2021-08-17,0.0,0.0,0.0018234252929687,0.0,0.0,0.0598602294921875
2021-08-18,0.0,0.0,0.0,0.0,0.0,0.0
2021-08-19,0.0003547668457031,0.0287818908691406,0.1546058654785156,0.0692024230957031,0.0535240173339843,0.2457237243652343
2021-08-20,0.0,0.0,0.0,0.0,0.0,0.0
2021-08-21,0.0049476623535156,0.0063629150390625,0.0090827941894531,0.0,0.0,0.0
2021-08-22,2.2029266357421875,0.6491165161132812,1.7083358764648438,0.2830963134765625,0.0071945190429687,0.51239013671875
2021-08-23,17.986251831054688,21.61255645751953,7.5473480224609375,2.709503173828125,5.488815307617188,2.212646484375
2021-08-24,0.8373489379882812,1.968658447265625,1.8007125854492188,1.2791366577148438,4.28753662109375,6.778968811035156
2021-08-25,0.8581008911132812,0.886322021484375,0.6362266540527344,0.0092010498046875,2.4075584411621094,0.552001953125
2021-08-26,2.110260009765625,1.5272064208984375,2.1156082153320312,0.0992698669433593,4.222805023193359,0.9678840637207032
2021-08-27,12.33258056640625,17.598670959472656,26.14391326904297,19.062110900878903,27.32599639892578,18.040496826171875
2021-08-28,0.2054595947265625,0.5015029907226562,1.7623367309570312,0.6252517700195312,0.030975341796875,0.2852554321289062
2021-08-29,0.9287796020507812,2.53076171875,0.4054107666015625,0.204833984375,0.1118545532226562,0.141571044921875
2021-08-30,1.1166229248046875,5.454261779785156,2.48358154296875,0.7695465087890625,0.680450439453125,10.95146942138672
2021-08-31,0.0,0.0062294006347656,0.017669677734375,0.0,0.0,0.0048789978027343
2021-09-01,0.0,0.0,0.0,0.0,0.0,0.0
2021-09-02,0.026153564453125,0.0689468383789062,1.872230529785156,0.4430618286132812,0.2104873657226562,0.4712142944335937
2021-09-03,0.0021171569824218,0.0163688659667968,0.1410064697265625,0.0364227294921875,0.3077774047851562,0.6122894287109375
2021-09-04,0.0243148803710937,0.0090255737304687,0.0,0.0,0.0,0.0
2021-09-05,0.0,0.0,0.0,0.0,0.0,0.0
2021-09-06,0.0,0.0,0.0,0.0,0.034149169921875,0.0
2021-09-07,0.0,0.0,0.0667800903320312,0.1776504516601562,1.1278076171875,0.4231033325195312
2021-09-08,0.0,7.62939453125e-06,0.1459121704101562,0.0,0.1662673950195312,0.1475296020507812
2021-09-09,0.0,0.0194320678710937,0.0,0.007476806640625,1.7490158081054688,0.13128662109375
2021-09-10,0.0,0.0,0.0,0.0,0.0,0.0
2021-09-11,0.0,0.0,0.042388916015625,0.009796142578125,0.0868072509765625,0.2472991943359375
2021-09-12,0.0619583129882812,0.5462188720703125,0.0,0.0060577392578125,0.0071868896484375,0.2775497436523437
2021-09-13,0.0,0.0,0.0357894897460937,0.0,0.00640869140625,0.2989425659179687
2021-09-14,0.1254043579101562,0.24224853515625,0.5515213012695312,0.3133773803710937,0.0641021728515625,0.1091537475585937
2021-09-15,0.5601959228515625,1.223175048828125,3.5220184326171875,1.1015167236328125,5.628265380859375,3.47100830078125
2021-09-16,5.615036010742188,5.5924224853515625,5.9102630615234375,3.9924163818359375,5.5622100830078125,2.18572998046875
2021-09-17,1.8528518676757808,6.756103515625,3.385604858398437,0.5592727661132812,1.5681838989257812,1.0595169067382812
2021-09-18,0.326202392578125,1.6698760986328125,3.5370025634765625,0.8423233032226562,10.937149047851562,4.558006286621094
2021-09-19,0.8174591064453125,0.9619369506835938,4.181861877441406,1.5925750732421875,1.3086318969726562,3.907432556152344
2021-09-20,0.1709671020507812,1.5031204223632812,0.7657623291015625,0.7344284057617188,0.1697845458984375,3.283973693847656
2021-09-21,0.5919952392578125,1.816650390625,0.1074981689453125,0.4297637939453125,0.0066070556640625,0.295379638671875
2021-09-22,0.0,0.0,0.0,0.0,0.0,0.0
2021-09-23,0.0,0.0,0.0,0.0,0.0,0.0
2021-09-24,0.0,0.0,0.0,0.0,0.0,0.0
2021-09-25,2.229644775390625,3.2859039306640625,2.4992904663085938,0.5661163330078125,0.1535110473632812,3.811767578125
2021-09-26,5.45245361328125,10.728843688964844,2.137908935546875,4.245880126953125,0.7758255004882812,9.96233367919922
2021-09-27,2.477729797363281,4.144660949707031,0.3579788208007812,0.6266860961914062,0.1787490844726562,1.3587646484375
2021-09-28,4.171287536621094,4.776500701904297,3.5224609375,4.7545928955078125,9.15007781982422,8.884208679199219
2021-09-29,0.2360610961914062,0.0916366577148437,1.382610321044922,0.6327247619628906,0.1925201416015625,1.8202857971191408
2021-09-30,0.0,0.0,0.0,0.0,0.0,0.0018997192382812
2021-10-01,0.0,0.0,0.0,0.0,0.0,0.0
2021-10-02,0.0,0.0,0.0,0.0,0.0,0.0
2021-10-03,0.0,0.0,0.0,0.0,0.0,0.0
2021-10-04,2.9818878173828125,5.763763427734375,6.0889434814453125,4.952438354492188,21.39584350585937,11.933090209960938
2021-10-05,6.992393493652344,5.675407409667969,8.416069030761719,8.039451599121094,15.894729614257812,15.27838134765625
2021-10-06,4.970504760742188,7.511474609375,5.619308471679688,3.596893310546875,5.6800537109375,8.971328735351562
2021-10-07,7.468505859375,9.472747802734377,7.23077392578125,6.29156494140625,2.401458740234375,4.959381103515625
2021-10-08,14.581512451171877,16.219131469726562,25.336959838867188,19.99789428710937,33.76701354980469,30.156326293945312
2021-10-09,7.703720092773437,13.18890380859375,4.671295166015625,9.360092163085938,10.407699584960938,10.708969116210938
2021-10-10,2.1151123046875,3.3237762451171875,1.8043975830078125,3.0151519775390625,0.238250732421875,0.8037872314453125
2021-10-11,3.5479888916015625,10.315544128417969,3.2721481323242188,3.299400329589844,0.5750274658203125,5.973060607910156
2021-10-12,0.0821685791015625,0.1503829956054687,0.2187728881835937,0.0668792724609375,0.0051345825195312,0.491302490234375
2021-10-13,0.9109954833984376,1.32550048828125,0.936309814453125,1.0317153930664062,0.1247787475585937,0.6770706176757812
2021-10-14,2.7880859375,6.027267456054688,1.76116943359375,4.090988159179688,0.0,0.0977783203125
2021-10-15,0.0,0.0132217407226562,0.0,0.0018692016601562,0.2896347045898437,0.1002197265625
2021-10-16,0.0227890014648437,0.090545654296875,0.1729736328125,0.0613327026367187,0.5884780883789062,0.5915603637695312
2021-10-17,0.0110855102539062,0.0242843627929687,0.0116119384765625,0.0046005249023437,0.0,0.0002670288085937
2021-10-18,0.0,0.0,0.0,0.0,0.0,0.0
2021-10-19,0.0,0.0003509521484375,0.8506698608398438,0.0181655883789062,5.008934020996094,0.5568771362304688
2021-10-20,0.1462554931640625,0.0996856689453125,1.7567825317382812,0.5391693115234375,8.101142883300781,1.61663818359375
2021-10-21,12.47661590576172,9.60003662109375,12.814582824707031,8.256431579589844,2.8314132690429688,12.766387939453123
2021-10-22,0.0,0.0079803466796875,0.0317230224609375,0.0208740234375,0.0195159912109375,0.3255462646484375
2021-10-23,0.0,0.0,0.0,0.0,0.0,7.62939453125e-06
2021-10-24,0.0,0.0,0.0,0.0,0.0,0.00640869140625
2021-10-25,0.144775390625,0.0395050048828125,0.0,0.0,0.0,0.0
2021-10-26,0.0041656494140625,0.0041656494140625,0.00555419921875,0.012115478515625,0.0,0.0
2021-10-27,0.0,0.0,0.0,0.0,0.0,0.0
2021-10-28,0.0,0.0,0.0,0.0,0.0,0.0
2021-10-29,0.0,0.0,0.0,0.0,0.0,0.0
2021-10-30,0.003448486328125,0.0,0.1562652587890625,0.005462646484375,0.364990234375,0.0817108154296875
2021-10-31,4.1507415771484375,3.805023193359375,7.674484252929687,3.613433837890625,21.33861541748047,14.423248291015623
2021-11-01,0.6637802124023438,0.6332931518554688,3.4707183837890625,0.1880569458007812,3.888725280761719,2.581085205078125
2021-11-02,0.40411376953125,0.3071441650390625,4.385246276855469,0.3674697875976562,17.8245849609375,0.9330978393554688
2021-11-03,19.161407470703125,5.494476318359375,25.684097290039062,5.27252197265625,38.90318298339844,9.834197998046877
2021-11-04,23.5450439453125,17.863052368164062,29.144805908203125,10.808303833007812,33.77903747558594,21.738601684570312
2021-11-05,0.154296875,0.4951019287109375,0.02728271484375,0.0363311767578125,0.0,0.1053314208984375
2021-11-06,9.211959838867188,7.073570251464844,7.349761962890625,3.7632904052734375,5.654273986816406,3.4673385620117188
2021-11-07,2.0386505126953125,2.890243530273437,2.978599548339844,1.0706329345703125,1.7052459716796875,4.4312896728515625
2021-11-08,0.0,0.0,0.013885498046875,7.62939453125e-06,0.0,0.0
2021-11-09,0.0,0.0,0.0,0.003021240234375,7.62939453125e-06,0.0
2021-11-10,0.0,0.0,0.0,0.0,0.00018310546875,0.0
2021-11-11,0.0,0.0,0.0,0.0,0.0,0.0001373291015625
2021-11-12,3.761474609375,5.1385040283203125,3.0584869384765625,4.948822021484375,4.005363464355469,4.699882507324219
2021-11-13,0.0417556762695312,0.0031204223632812,0.0455245971679687,0.0178680419921875,0.003082275390625,0.0529556274414062
2021-11-14,0.0212020874023437,0.0177383422851562,0.0118560791015625,0.0716934204101562,0.0,0.00433349609375
2021-11-15,0.6130294799804688,0.0499343872070312,1.4213027954101562,0.3405838012695312,0.0010223388671875,1.62896728515625
2021-11-16,0.9287567138671876,1.7602920532226562,0.692138671875,0.201751708984375,1.6985931396484375,5.260231018066406
2021-11-17,0.0370864868164062,0.3487625122070312,0.1816177368164062,0.0763816833496093,3.814697265625e-06,0.0840110778808593
2021-11-18,0.0535964965820312,0.5760269165039062,0.2951278686523437,0.25360107421875,0.0,0.0384597778320312
2021-11-19,0.0,0.0,0.0416641235351562,0.000579833984375,0.297943115234375,0.1565322875976562
2021-11-20,3.666580200195313,2.6492996215820312,2.090003967285156,2.045196533203125,7.227348327636719,6.716407775878906
2021-11-21,2.379585266113281,3.384956359863281,5.78009033203125,3.1411666870117188,1.4726333618164062,5.746070861816406
2021-11-22,0.011077880859375,0.0117950439453125,0.0266189575195312,0.0,0.0,0.0
2021-11-23,0.348052978515625,0.0,0.90887451171875,0.001861572265625,2.1267242431640625,0.301971435546875
2021-11-24,6.629478454589844,4.4577484130859375,16.165191650390625,11.706527709960938,41.83916473388672,36.72013092041016
2021-11-25,0.69561767578125,0.3564605712890625,18.967681884765625,6.3397216796875,56.41128540039063,51.01104736328125
2021-11-26,9.385772705078123,10.022354125976562,32.76295471191406,26.369842529296875,60.47792053222656,57.340179443359375
2021-11-27,14.877639770507812,13.983840942382812,11.75860595703125,5.4397735595703125,18.09150695800781,20.084274291992188
2021-11-28,1.727386474609375,2.3837432861328125,4.130035400390625,2.620590209960937,4.319488525390625,5.41766357421875
2021-11-29,0.0,0.03570556640625,1.2340011596679688,0.0163803100585937,5.237312316894531,1.8479690551757808
2021-11-30,1.5137710571289062,0.392608642578125,14.613327026367188,3.186370849609375,44.02582550048828,25.113845825195312
2021-12-01,28.61573028564453,18.576499938964844,28.04279327392578,9.172340393066406,34.14942932128906,15.708946228027344
2021-12-02,0.542205810546875,0.17578125,0.1412582397460937,0.0387115478515625,0.1838455200195312,0.2296524047851562
2021-12-03,3.0459136962890625,4.437469482421875,20.812728881835938,8.79052734375,41.0108642578125,30.567153930664062
2021-12-04,9.978179931640623,9.510025024414062,13.594390869140623,7.111373901367188,15.02275848388672,14.61029815673828
2021-12-05,4.7180938720703125,11.017578125,3.1148681640625,3.812713623046875,0.62725830078125,1.2971343994140625
2021-12-06,0.0683135986328125,0.069732666015625,0.07562255859375,0.0826416015625,0.0618667602539062,0.0294342041015625
2021-12-07,20.02373504638672,11.70453643798828,38.16571044921875,24.56925201416016,58.229736328125,43.03142547607422
2021-12-08,2.603477478027344,2.7175827026367188,5.2943878173828125,2.2719879150390625,21.02277374267578,12.86052703857422
2021-12-09,14.922195434570312,18.55453491210937,21.3333740234375,18.10020446777344,22.47181701660156,26.37373352050781
2021-12-10,8.339637756347656,17.918075561523438,8.249252319335938,11.89861297607422,6.855949401855469,10.433761596679688
2021-12-11,1.622589111328125,3.6327438354492183,1.6076583862304688,1.8948516845703125,0.1504592895507812,0.6827239990234375
2021-12-12,0.1559677124023437,0.6170654296875,0.1787033081054687,0.3489761352539062,0.0,0.0512847900390625
2021-12-13,0.3847808837890625,1.3864288330078125,0.7178878784179688,0.6173858642578125,0.0330734252929687,0.0786819458007812
2021-12-14,1.2751846313476562,1.9502410888671875,1.2142868041992188,1.3456649780273438,0.0266647338867187,0.1195831298828125
2021-12-15,3.933807373046875,5.03765869140625,1.8996505737304688,3.338485717773437,0.0723114013671875,0.7170333862304688
2021-12-16,5.745216369628906,9.075347900390623,5.073432922363281,4.967826843261719,1.1334152221679688,3.13702392578125
2021-12-17,0.0762939453125,0.06207275390625,0.0488433837890625,0.16015625,0.00640869140625,0.011871337890625
2021-12-18,0.5150299072265625,1.3317031860351562,0.1290359497070312,0.2966995239257812,0.0,0.0064010620117187
2021-12-19,0.3128204345703125,0.8941497802734375,0.207000732421875,0.398651123046875,0.0,0.013763427734375
2021-12-20,0.0,0.0,0.0,0.0,0.0,0.0
2021-12-21,0.039520263671875,0.02392578125,0.1555328369140625,0.0139617919921875,0.7769775390625,0.2702789306640625
2021-12-22,0.0,0.0003509521484375,0.9477996826171876,0.0218505859375,3.215545654296875,1.1664276123046875
2021-12-23,0.1385040283203125,0.1528778076171875,2.5701675415039062,0.06231689453125,12.14289093017578,4.79632568359375
2021-12-24,1.1027145385742188,4.541343688964844,12.942214965820312,2.93878173828125,64.15693664550781,44.20738983154297
2021-12-25,3.386177062988281,3.434783935546875,21.97743225097656,11.216590881347656,69.06084442138672,38.362548828125
2021-12-26,0.0003509521484375,0.0,0.0167388916015625,0.0,0.0964813232421875,0.544036865234375
2021-12-27,3.94012451171875,7.037109375,3.621879577636719,2.8737945556640625,2.9290847778320312,4.030609130859375
2021-12-28,0.1471023559570312,0.5617523193359375,0.2147674560546875,0.4085769653320312,0.0128173828125,0.0897445678710937
2021-12-29,0.0374298095703125,0.0998382568359375,0.0820159912109375,0.02618408203125,0.0,0.0
2021-12-30,0.008331298828125,0.199249267578125,0.002777099609375,0.06695556640625,0.0,0.0
2021-12-31,0.0635528564453125,0.081878662109375,0.0055618286132812,0.0761489868164062,0.0,0.0
2022-01-01,0.0,0.0326385498046875,0.0092086791992187,0.0,0.2596054077148437,0.0147171020507812
2022-01-02,0.0,0.0,0.34881591796875,0.005462646484375,5.317771911621094,0.2026901245117187
2022-01-03,0.0,0.0003509521484375,3.7879562377929688,0.0913009643554687,9.6846923828125,2.4668197631835938
2022-01-04,3.5103912353515625,5.725433349609375,9.494205474853516,7.693759918212891,35.320926666259766,16.233768463134766
2022-01-05,5.712547302246094,5.0817413330078125,3.2189254760742188,1.3664321899414062,5.338478088378906,3.921829223632813
2022-01-06,10.937294006347656,6.062911987304688,11.632415771484377,4.873191833496094,7.644233703613281,7.575546264648437
2022-01-07,2.254745483398437,4.64013671875,1.1762771606445312,3.315277099609375,2.5123443603515625,6.194427490234375
2022-01-08,13.163162231445312,19.82518768310547,11.479949951171877,18.349266052246094,4.794685363769531,6.328956604003906
2022-01-09,6.09527587890625,9.591217041015623,8.774070739746094,7.936225891113281,0.9376296997070312,6.147682189941406
2022-01-10,0.845367431640625,1.498382568359375,1.2615203857421875,0.855377197265625,0.025634765625,0.113677978515625
2022-01-11,0.0804824829101562,0.0280838012695312,0.0316696166992187,0.0812301635742187,0.0,7.62939453125e-06
2022-01-12,0.0,0.006591796875,0.0030364990234375,0.0027313232421875,0.0,0.0
2022-01-13,0.0974960327148437,0.1705398559570312,0.0303573608398437,0.1077041625976562,0.0,0.0
2022-01-14,0.0087051391601562,0.0,0.0055580139160156,0.0087852478027343,0.0,0.0
2022-01-15,0.2792205810546875,0.6775894165039062,0.108428955078125,0.1412200927734375,0.0074386596679687,0.1063613891601562
2022-01-16,0.2781295776367187,1.1780471801757812,0.2234954833984375,0.2771759033203125,0.0074386596679687,0.0928573608398437
2022-01-17,0.0118026733398437,0.0232391357421875,0.0223846435546875,0.0649261474609375,0.0,0.00640869140625
2022-01-18,6.018165588378906,5.6548614501953125,7.030609130859375,4.9066009521484375,6.759986877441406,5.109649658203125
2022-01-19,0.9613189697265624,1.2519989013671875,2.037094116210937,1.908599853515625,3.205307006835937,8.482711791992188
2022-01-20,3.118721008300781,5.829010009765625,1.5709075927734375,2.5422897338867188,0.12384033203125,1.16522216796875
2022-01-21,0.2977828979492187,0.671966552734375,0.6539306640625,1.0464401245117188,0.0148696899414062,0.3198471069335937
2022-01-22,0.8370285034179688,1.4041213989257812,1.3382644653320312,1.01739501953125,0.0671844482421875,0.37420654296875
2022-01-23,0.0072784423828125,0.02044677734375,0.015960693359375,0.0243377685546875,0.0,0.0
2022-01-24,1.0057144165039062,1.4405746459960938,0.4915542602539062,0.9894638061523438,0.0010223388671875,0.0781402587890625
2022-01-25,0.0773773193359375,0.0711212158203125,0.0309677124023437,0.0966262817382812,0.0,0.00640869140625
2022-01-26,0.9899063110351562,1.751068115234375,1.3559112548828125,0.870819091796875,0.0800018310546875,0.3866500854492187
2022-01-27,1.0692901611328125,2.84722900390625,0.9407958984375,1.5220184326171875,0.0138473510742187,0.430816650390625
2022-01-28,0.194305419921875,0.8729782104492188,0.4352951049804687,0.9157638549804688,0.0,0.1521377563476562
2022-01-29,3.350341796875,2.957557678222656,5.801544189453125,1.1963577270507812,12.178665161132812,9.825462341308594
2022-01-30,10.03460693359375,17.829994201660156,15.254928588867188,13.77558135986328,15.766098022460938,20.77252960205078
2022-01-31,1.9452629089355469,2.747425079345703,1.4957313537597656,2.2307586669921875,0.0361595153808593,0.4581718444824219
2022-02-01,3.037315368652344,3.400421142578125,1.629547119140625,2.155845642089844,0.1136093139648437,1.2163772583007812
2022-02-02,0.0,0.0,0.007293701171875,0.003753662109375,0.0276947021484375,0.0
2022-02-03,1.0287399291992188,2.472152709960937,0.9258346557617188,0.2829742431640625,1.4106216430664062,0.955596923828125
2022-02-04,0.0090560913085937,0.0003509521484375,0.0224761962890625,0.0258026123046875,0.0406570434570312,0.0837936401367187
2022-02-05,13.65206527709961,17.86673355102539,17.819759368896484,14.287712097167969,22.33572769165039,19.041900634765625
2022-02-06,2.175151824951172,4.1376495361328125,2.5568199157714844,3.433052062988281,0.4440155029296875,1.9853286743164065
2022-02-07,0.0462265014648437,0.2859725952148437,0.142303466796875,0.2497482299804687,0.00640869140625,0.1236953735351562
2022-02-08,0.0,0.0,0.0030364990234375,0.0030364990234375,0.0,0.0
2022-02-09,0.2962646484375,1.310546875,0.0090866088867187,0.0030288696289062,0.0,0.0
2022-02-10,0.5118331909179688,1.2608680725097656,0.9584274291992188,0.4152641296386719,0.0,0.294158935546875
2022-02-11,0.0972175598144531,0.0770797729492187,0.7380638122558594,2.1810379028320312,2.695159912109375,5.706466674804688
2022-02-12,0.0278167724609375,0.027252197265625,0.0541000366210937,0.0030288696289062,0.1898574829101562,0.032501220703125
2022-02-13,0.2297935485839843,0.4676666259765625,6.999530792236328,0.8267173767089844,26.123645782470703,12.298843383789062
2022-02-14,4.631278991699219,5.958808898925781,22.456993103027344,12.543350219726562,53.00308227539063,45.57160186767578
2022-02-15,0.0,0.0003509521484375,0.0,0.0030288696289062,0.0,0.0
2022-02-16,0.2331199645996093,0.9685516357421876,0.1949539184570312,0.1373634338378906,0.0,0.0156898498535156
2022-02-17,0.0083465576171875,0.0311737060546875,0.0018234252929687,0.0,3.814697265625e-06,0.0
2022-02-18,1.2752418518066406,2.7873268127441406,4.376979827880859,2.363853454589844,12.69168472290039,5.64434814453125
2022-02-19,2.992622375488281,2.906440734863281,4.2720489501953125,1.1330718994140625,19.517799377441406,9.499420166015623
2022-02-20,19.08409881591797,17.90174102783203,11.72942352294922,11.586715698242188,10.2791748046875,13.0875244140625
2022-02-21,0.9478759765625,1.4499664306640625,1.29180908203125,1.2271575927734375,0.0599365234375,0.473663330078125
2022-02-22,0.0,0.000701904296875,0.07293701171875,0.2466506958007812,0.0,0.0192337036132812
2022-02-23,0.0980148315429687,0.3474960327148437,0.0795364379882812,0.0092010498046875,0.0,0.0
2022-02-24,7.424148559570312,8.970100402832031,10.777366638183594,6.222557067871094,0.9650955200195312,5.865364074707031
2022-02-25,8.481964111328125,15.328086853027344,11.895133972167969,11.972389221191406,8.970413208007812,20.507225036621094
2022-02-26,4.069244384765625,8.151527404785156,7.156524658203125,5.228614807128906,0.9686965942382812,5.0155792236328125
2022-02-27,2.002021789550781,3.2579116821289062,2.4537124633789062,1.480804443359375,0.0484390258789062,1.0377426147460938
2022-02-28,0.3597030639648437,0.9188995361328124,0.6055450439453125,0.7571640014648438,7.62939453125e-06,0.1467208862304687
2022-03-01,0.0145492553710937,0.0998764038085937,0.0092010498046875,0.0515365600585937,0.0,0.0
2022-03-02,0.0,0.075592041015625,0.2594146728515625,0.0745162963867187,0.0754013061523437,0.8134918212890625
2022-03-03,2.028511047363281,2.637298583984375,4.128448486328125,3.6997299194335938,1.4383697509765625,5.406784057617188
2022-03-04,10.824604034423828,12.023445129394531,14.334030151367188,12.571285247802734,14.785091400146484,20.46972274780273
2022-03-05,2.368000030517578,5.5247802734375,3.212955474853516,1.998443603515625,1.2088890075683594,4.171695709228516
2022-03-06,3.576850891113281,4.328742980957031,3.748046875,1.6820449829101562,0.823699951171875,4.059249877929688
2022-03-07,3.2137374877929688,6.3116607666015625,3.6528091430664062,2.5881423950195312,0.2728805541992187,1.5950927734375
2022-03-08,4.576026916503906,3.5986557006835938,3.775726318359375,3.514251708984375,0.7427825927734375,2.4023590087890625
2022-03-09,0.0166854858398437,0.1036453247070312,0.2670745849609375,0.0804977416992187,7.62939453125e-06,0.0589141845703125
2022-03-10,0.0,0.0,0.02587890625,0.0353851318359375,0.0,0.0
2022-03-11,0.0,0.0,0.0,0.0,0.0,0.0
2022-03-12,0.0,0.0,0.0,0.0,0.0,0.0
2022-03-13,0.0,0.0,0.0,0.0,0.0,0.0
2022-03-14,2.215293884277344,4.277885437011719,0.582000732421875,1.0398788452148438,0.1436538696289062,0.013092041015625
2022-03-15,0.569976806640625,0.9787063598632812,0.8840560913085938,0.878021240234375,0.0,1.423187255859375
2022-03-16,0.0197677612304687,0.0100631713867187,0.1993331909179687,0.0493621826171875,0.0072479248046875,0.1668548583984375
2022-03-17,0.0,0.0,0.0,7.62939453125e-06,0.0,0.0256423950195312
2022-03-18,0.0,0.0,0.0,0.0,0.0,0.0
2022-03-19,0.0,0.0,0.0,0.0,0.0,0.0
2022-03-20,0.0,0.0,0.002777099609375,0.0,0.0,0.0
2022-03-21,0.0,0.0,0.0,0.0,0.0,0.0
2022-03-22,0.0,0.0,0.0,0.0,0.0,0.0
2022-03-23,0.0,0.0,0.0,0.0,0.0,0.0
2022-03-24,0.0,0.0,0.0,0.0,0.0,0.0
2022-03-25,0.0,0.0,0.0,0.0,0.0,0.0
2022-03-26,0.0,0.0,0.0165023803710937,0.0,0.8257827758789062,0.28070068359375
2022-03-27,0.090301513671875,0.30804443359375,0.0258712768554687,0.3834991455078125,0.0689926147460937,0.0288009643554687
2022-03-28,1.77252197265625,1.6310043334960938,4.682239532470703,2.684364318847656,12.671405792236328,7.4106597900390625
2022-03-29,19.26665496826172,9.518692016601562,53.06435775756836,16.278514862060547,89.52961730957031,57.76302719116211
2022-03-30,1.0547332763671875,0.5489349365234375,10.327346801757812,3.16156005859375,46.1375732421875,32.0675048828125
2022-03-31,0.85760498046875,0.601165771484375,6.252197265625,1.97943115234375,25.09361267089844,21.47796630859375
2022-04-01,0.6668548583984375,2.0635528564453125,4.477462768554688,6.1116943359375,3.796905517578125,3.912017822265625
2022-04-02,0.4326553344726562,1.294830322265625,1.1509628295898438,1.025665283203125,1.1193084716796875,0.95733642578125
2022-04-03,0.0,0.00311279296875,0.0046005249023437,0.0057601928710937,0.0062179565429687,0.0002670288085937
2022-04-04,5.270668029785156,5.874794006347656,4.4066009521484375,1.8771514892578125,2.5672760009765625,3.0164566040039062
2022-04-05,5.707366943359375,5.5050201416015625,5.8145904541015625,9.820175170898438,33.6549072265625,19.42090606689453
2022-04-06,0.0,0.0,0.5367698669433594,0.0057601928710937,3.0191307067871094,0.4476470947265625
2022-04-07,6.842689514160156,5.401611328125,4.882591247558594,0.8949432373046875,19.22034454345703,7.587600708007812
2022-04-08,5.508350372314453,8.643146514892578,11.368026733398438,5.95989990234375,4.495906829833984,6.376232147216797
2022-04-09,3.814697265625e-06,0.0,0.0,0.0054588317871093,0.0,0.0
2022-04-10,0.0,0.0,0.0,0.0,0.0,0.0
2022-04-11,0.0,0.0,0.0,0.0,0.0,0.0
2022-04-12,0.0,0.0,0.0,0.0,0.0,0.0
2022-04-13,0.0,0.0,0.0,0.0,0.0256423950195312,0.0
2022-04-14,5.053741455078125,6.3720550537109375,8.205482482910156,5.636192321777344,2.777587890625,4.714614868164063
2022-04-15,1.321136474609375,1.991729736328125,1.7719879150390625,0.8298873901367188,0.5815658569335938,3.202621459960937
2022-04-16,0.1209297180175781,0.660003662109375,0.1979598999023437,0.1098670959472656,0.1271705627441406,1.3913078308105469
2022-04-17,1.5934104919433594,1.3845558166503906,1.767902374267578,0.7726097106933594,3.608436584472656,2.1433067321777344
2022-04-18,8.564891815185547,10.134471893310549,16.826507568359375,18.17178726196289,20.863265991210938,27.54677963256836
2022-04-19,2.2900161743164062,3.4385757446289062,4.095085144042969,2.527252197265625,2.0978317260742188,2.7400436401367188
2022-04-20,4.992256164550781,0.97711181640625,6.646453857421875,3.0475616455078125,34.25251770019531,14.63568878173828
2022-04-21,0.43597412109375,0.9052505493164062,2.0106430053710938,1.1706161499023438,11.671737670898438,6.634857177734375
2022-04-22,0.35137939453125,0.0,0.037322998046875,0.0038909912109375,0.0992889404296875,0.0
2022-04-23,0.0368576049804687,0.4608001708984375,0.3614959716796875,0.02850341796875,1.8281784057617188,0.1454544067382812
2022-04-24,0.74176025390625,1.3924827575683594,0.6319694519042969,0.5779685974121094,0.0,0.0300636291503906
2022-04-25,0.5249786376953125,1.3097763061523438,0.5202713012695312,0.4202117919921875,0.0,0.0
2022-04-26,0.3540840148925781,2.2072982788085938,1.0272293090820312,0.7124404907226562,0.0041084289550781,0.43310546875
2022-04-27,0.826873779296875,2.379135131835937,2.111557006835937,1.2946929931640625,0.0,0.054534912109375
2022-04-28,0.1611328125,0.6469650268554688,0.2141265869140625,0.3499984741210937,1.1867218017578125,0.6415939331054688
2022-04-29,0.8839187622070312,0.8349800109863281,2.426746368408203,1.0818214416503906,1.385894775390625,2.553180694580078
2022-04-30,18.21828842163086,26.522804260253903,19.281269073486328,23.555561065673828,15.975547790527344,17.480175018310547
2022-05-01,1.7585792541503906,1.7082366943359375,5.153377532958984,6.806064605712891,3.747501373291016,3.604595184326172
2022-05-02,0.1376266479492187,0.3852806091308594,2.893047332763672,1.3178215026855469,0.9326248168945312,1.298065185546875
2022-05-03,0.2564773559570312,0.4800033569335937,0.5901260375976562,0.4805145263671875,0.0844573974609375,0.0492935180664062
2022-05-04,1.1787185668945312,2.8510284423828125,4.7549896240234375,2.6380615234375,3.41912841796875,2.923858642578125
2022-05-05,4.909732818603516,0.5255508422851562,2.704204559326172,0.4718208312988281,7.711399078369141,0.1248245239257812
2022-05-06,0.0041732788085937,0.024932861328125,0.4979400634765625,7.62939453125e-06,4.125656127929688,0.4144287109375
2022-05-07,0.0342864990234375,0.0560455322265625,3.0316390991210938,1.125457763671875,3.843475341796875,0.0192337036132812
2022-05-08,0.9881095886230468,3.8187484741210938,5.115993499755859,2.249671936035156,3.627849578857422,3.218280792236328
2022-05-09,0.2343254089355468,0.9147911071777344,0.1814537048339843,0.4288711547851562,0.5797767639160156,0.5346870422363281
2022-05-10,0.0,0.0,0.0,0.0,0.539215087890625,0.1528549194335937
2022-05-11,0.0,0.0900764465332031,0.071533203125,0.0018692016601562,0.3208465576171875,0.2067604064941406
2022-05-12,5.597679138183594,5.060272216796875,2.343421936035156,7.812767028808594,1.5572433471679688,8.454444885253906
2022-05-13,3.814697265625e-06,0.0021247863769531,2.0538330078125,0.0128288269042968,3.81585693359375,7.575004577636719
2022-05-14,0.0379753112792968,0.1264076232910156,1.1753425598144531,0.1228408813476562,0.5794105529785156,3.867763519287109
2022-05-15,9.793861389160156,16.443408966064453,1.932025909423828,3.881507873535156,0.1769523620605468,2.032047271728516
2022-05-16,1.9604759216308596,3.940460205078125,1.0779762268066406,0.8982315063476562,0.0,0.0943489074707031
2022-05-17,0.0,0.0,0.0,0.0,0.0,3.814697265625e-06
2022-05-18,0.0,0.0,0.0,0.0,0.0,0.0
2022-05-19,0.0,0.0,0.0,0.0,0.0041122436523437,0.0682525634765625
2022-05-20,0.9703636169433594,4.3024444580078125,0.4594001770019531,0.370269775390625,2.42447280883789,14.583843231201172
2022-05-21,2.566509246826172,4.614662170410156,7.541225433349609,1.8485260009765625,5.887855529785156,11.093509674072266
2022-05-22,0.2224845886230468,0.3487815856933594,0.6311683654785156,0.3421058654785156,0.0,0.5241317749023438
2022-05-23,0.0303764343261718,0.1440200805664062,0.4396781921386719,0.0968704223632812,0.0,0.0003433227539062
2022-05-24,1.41455078125,2.4755096435546875,0.0181655883789062,0.0328445434570312,0.0,0.0
2022-05-25,0.4839553833007812,0.2183952331542968,3.919136047363281,1.4353141784667969,0.00640869140625,4.315849304199219
2022-05-26,12.9989013671875,12.699310302734377,2.4858627319335938,1.6503829956054688,0.8678665161132812,2.5460968017578125
2022-05-27,3.936553955078125,7.757087707519531,5.824016571044922,9.03653335571289,20.04268264770508,10.05133056640625
2022-05-28,9.878547668457031,10.409919738769531,1.3480072021484375,0.7229080200195312,5.077507019042969,1.0371246337890625
2022-05-29,7.13836669921875,0.676727294921875,2.5481109619140625,0.6504669189453125,0.0369949340820312,2.4810562133789062
2022-05-30,0.1191177368164062,0.2340850830078125,0.0653533935546875,0.0221786499023437,0.0123367309570312,0.0504226684570312
2022-05-31,0.0041770935058593,0.797119140625,0.089813232421875,0.0244941711425781,0.4971809387207031,1.6221351623535156
2022-06-01,0.1078872680664062,1.0120086669921875,0.1845817565917968,1.0720558166503906,0.5592880249023438,3.152484893798828
2022-06-02,0.0390968322753906,0.104248046875,2.803272247314453,1.4037933349609375,2.9789810180664062,10.55987548828125
2022-06-03,0.3641281127929687,1.16107177734375,1.4272613525390625,0.4998779296875,1.3248291015625,4.50244140625
2022-06-04,4.88848876953125,7.778144836425781,4.825553894042969,5.2298431396484375,0.3577651977539062,3.4365310668945312
2022-06-05,0.8295555114746094,0.8818855285644531,2.060588836669922,2.6655235290527344,2.639049530029297,2.9768028259277344
2022-06-06,3.655715942382813,2.5228042602539062,5.113880157470703,5.333293914794922,3.049869537353516,6.679332733154297
2022-06-07,3.9585189819335938,4.005062103271484,10.208900451660156,2.0449676513671875,11.181156158447266,13.484375
2022-06-08,19.705612182617188,24.813446044921875,17.63811492919922,21.86933135986328,2.5590057373046875,7.015899658203125
2022-06-09,16.13043975830078,16.237991333007812,9.10809326171875,9.879180908203123,0.1802139282226562,5.0025634765625
2022-06-10,3.783401489257813,8.893341064453125,5.744354248046875,4.337173461914063,0.261688232421875,3.823883056640625
2022-06-11,1.04168701171875,2.6489715576171875,2.413192749023437,2.2626953125,2.16790771484375,6.683868408203125
2022-06-12,0.0871849060058593,0.3785133361816406,1.0836524963378906,0.333587646484375,0.5794181823730469,6.834056854248047
2022-06-13,0.0,0.00311279296875,0.0030288696289062,0.0,0.0105209350585937,0.02496337890625
2022-06-14,0.0041732788085937,0.0038070678710937,0.0,0.0008544921875,0.00640869140625,0.0028457641601562
2022-06-15,1.6207122802734375,4.2742767333984375,3.936378479003906,2.533660888671875,11.486465454101562,8.971328735351562
2022-06-16,0.4591636657714844,1.0347747802734375,1.478668212890625,0.8400917053222656,0.0071830749511718,0.4793510437011719
2022-06-17,0.0,0.0,0.0,0.0,0.0,0.0
2022-06-18,3.814697265625e-06,0.0,3.814697265625e-06,0.0,0.0,0.0
2022-06-19,0.1926727294921875,0.72509765625,0.909912109375,1.0059585571289062,1.3826522827148438,2.4948272705078125
2022-06-20,2.48345947265625,4.847175598144531,6.196144104003906,5.300300598144531,1.0930023193359375,10.509765625
2022-06-21,5.3725128173828125,14.024978637695312,1.5378875732421875,2.616973876953125,0.00640869140625,7.0758056640625
2022-06-22,0.4594192504882812,0.129180908203125,1.668670654296875,1.4217987060546875,5.501808166503906,2.4205322265625
2022-06-23,0.6303558349609375,0.982330322265625,0.3146514892578125,0.5583953857421875,0.171112060546875,0.48358154296875
2022-06-24,0.2121658325195312,1.6406097412109375,0.078369140625,0.3009872436523437,0.0082244873046875,0.0726852416992187
2022-06-25,0.0003509521484375,0.0034637451171875,0.0054779052734375,0.0,0.00103759765625,0.019775390625
2022-06-26,0.7127685546875,0.4221954345703125,0.9877166748046876,0.6724853515625,0.400726318359375,2.229965209960937
2022-06-27,0.6007919311523438,0.174713134765625,1.0432205200195312,0.151947021484375,0.0,0.8095321655273438
2022-06-28,0.9822006225585938,7.1364593505859375,0.2784042358398437,0.9146041870117188,0.1031494140625,2.100677490234375
2022-06-29,0.0003509521484375,0.0457038879394531,0.0030288696289062,0.0486335754394531,0.0,0.777801513671875
2022-06-30,1.8862380981445312,1.4837265014648438,2.193389892578125,1.20477294921875,1.2921600341796875,4.479545593261719
2022-07-01,0.4503250122070312,1.0807266235351562,0.5905570983886719,1.53167724609375,0.4640731811523437,1.6800193786621094
2022-07-02,0.5269393920898438,0.6502304077148438,0.34124755859375,0.8366928100585938,1.0391921997070312,1.6346359252929688
2022-07-03,12.237884521484377,5.902099609375,11.278121948242188,5.157142639160156,0.7586288452148438,13.781028747558594
2022-07-04,3.4831466674804688,3.5962905883789062,3.376380920410156,3.5883102416992188,0.3077850341796875,5.363800048828125
2022-07-05,0.0365676879882812,0.0624160766601562,0.0514678955078125,0.0116653442382812,0.0290145874023437,0.2402572631835937
2022-07-06,18.67480087280273,25.23457717895508,25.636127471923828,26.65087890625,19.445972442626957,29.082256317138672
2022-07-07,2.609161376953125,5.513252258300781,2.535728454589844,2.4059829711914062,0.3747406005859375,1.7079963684082031
2022-07-08,0.0961456298828125,0.7133636474609375,0.0455398559570312,0.0388870239257812,0.0,0.0147171020507812
2022-07-09,0.0,0.0083160400390625,0.0965423583984375,0.0807952880859375,0.0,0.0507354736328125
2022-07-10,0.0007095336914062,0.7106399536132812,0.0,0.0,0.0431594848632812,0.0597686767578125
2022-07-11,0.0007095336914062,0.0007095336914062,0.0,0.0,0.0,0.0
2022-07-12,0.0003585815429687,0.0,0.0,0.0,0.0,0.0
2022-07-13,0.0,0.0041580200195312,0.0,0.0,0.0,0.035125732421875
2022-07-14,1.0258712768554688,1.3272476196289062,0.3217315673828125,1.9754791259765625,0.0,0.0512809753417968
2022-07-15,0.3478546142578125,0.0359344482421875,0.5894546508789062,0.7691268920898438,0.524261474609375,9.416496276855469
2022-07-16,0.0,0.0,0.0,3.814697265625e-06,0.0,0.0
2022-07-17,0.0,0.0,0.0,0.0,0.0,0.0
2022-07-18,0.0,0.0,0.0,0.0,0.0,0.0
2022-07-19,0.0,0.0,0.0,0.0,0.0,0.0
2022-07-20,0.0,0.0,0.0,0.0,0.0,0.0
2022-07-21,0.0,0.0003509521484375,0.0302810668945312,0.0,0.0,0.0265884399414062
2022-07-22,0.0,0.171173095703125,0.2351493835449218,0.0576591491699218,0.0,4.591346740722656
2022-07-23,0.1484909057617187,0.0842742919921875,0.2290878295898437,0.1411399841308593,0.0205535888671875,0.6078681945800781
2022-07-24,0.000701904296875,0.0,0.0175857543945312,0.0037384033203125,0.0,0.0
2022-07-25,8.343360900878906,4.714469909667969,11.207168579101562,5.608932495117188,1.0255966186523438,9.24383544921875
2022-07-26,0.3836212158203125,1.001556396484375,2.923057556152344,4.498626708984375,0.7034912109375,5.799369812011719
2022-07-27,0.2367172241210937,0.30206298828125,0.1372528076171875,0.0641555786132812,0.0492782592773437,0.643402099609375
2022-07-28,6.896408081054688,7.872566223144531,2.5922622680664062,0.4944038391113281,0.1809921264648437,0.2977333068847656
2022-07-29,0.9012069702148438,2.040985107421875,1.7672576904296875,1.7112045288085938,0.4670181274414062,2.3347625732421875
2022-07-30,0.004180908203125,0.0430068969726562,0.0030288696289062,0.0018692016601562,0.0,0.0
2022-07-31,1.26690673828125,1.5017242431640625,0.6340560913085938,0.3606414794921875,0.0015411376953125,0.05279541015625
2022-08-01,0.3963356018066406,0.9071998596191406,0.294677734375,0.2667617797851562,0.5602836608886719,0.5080604553222656
2022-08-02,0.0,0.0,0.0060577392578125,0.0121078491210937,0.0082244873046875,0.2734909057617187
2022-08-03,0.0,0.0,0.0,0.0,0.0,0.0
2022-08-04,0.0,0.0,0.0,0.0,0.0,0.0
2022-08-05,0.8284683227539062,1.2642135620117188,0.92169189453125,1.4744873046875,0.0775833129882812,0.995758056640625
2022-08-06,2.849224090576172,6.736232757568359,5.006298065185547,13.950836181640623,9.454574584960938,0.8577957153320312
2022-08-07,12.647575378417969,3.931465148925781,6.492645263671875,11.671295166015623,13.397239685058594,1.3225631713867188
2022-08-08,1.6667327880859375,4.411468505859375,1.7671432495117188,2.2079315185546875,1.5298538208007812,0.9772872924804688
2022-08-09,1.0463104248046875,1.13677978515625,0.776153564453125,0.74749755859375,4.05926513671875,13.083602905273438
2022-08-10,0.5354080200195312,2.459701538085937,8.02117919921875,11.44220733642578,7.851951599121094,9.794212341308594
2022-08-11,8.252159118652344,22.00194549560547,7.136833190917969,10.762451171875,5.118141174316406,7.674484252929687
2022-08-12,1.4883651733398438,3.066925048828125,2.5075416564941406,2.394351959228516,1.0877723693847656,1.1978645324707031
2022-08-13,0.0115280151367187,0.259857177734375,0.5311164855957031,0.093780517578125,0.2902336120605469,0.4894943237304687
2022-08-14,1.5698204040527344,1.2235755920410156,3.690273284912109,1.3067588806152344,1.0079116821289062,6.940025329589844
2022-08-15,0.0271453857421875,0.6650009155273438,0.3044052124023437,0.0093536376953125,0.1620063781738281,0.5680046081542969
2022-08-16,0.0,0.0,0.0,0.0,0.0,0.0
2022-08-17,0.162841796875,0.0806045532226562,0.5746307373046875,0.0452499389648437,0.0,1.5470199584960938
2022-08-18,9.991218566894531,9.587882995605469,1.8347320556640625,2.107337951660156,2.2136688232421875,0.6013259887695312
2022-08-19,9.404953002929688,15.878448486328123,10.834487915039062,7.250770568847656,7.730979919433594,10.223152160644531
2022-08-20,8.188949584960938,14.479537963867188,6.541290283203125,9.518333435058594,4.766937255859375,4.239173889160156
2022-08-21,5.448455810546875,6.188591003417969,5.354248046875,8.917343139648438,6.74884033203125,3.449775695800781
2022-08-22,4.3961334228515625,7.51007080078125,3.172401428222656,3.2635421752929688,2.217857360839844,4.188079833984375
2022-08-23,2.3262710571289062,4.031269073486328,3.2165069580078125,3.664936065673828,1.26397705078125,3.4049530029296875
2022-08-24,2.8365707397460938,3.645957946777344,6.49871826171875,9.9549560546875,2.131019592285156,4.997329711914063
2022-08-25,0.6937026977539062,0.3033599853515625,7.028282165527344,0.0925369262695312,1.5280914306640625,3.1203689575195312
2022-08-26,7.723983764648437,1.4208145141601562,3.579208374023437,0.73431396484375,0.389678955078125,1.2989959716796875
2022-08-27,5.219329833984375,3.587860107421875,9.135215759277344,9.851905822753906,3.861030578613281,8.120651245117188
2022-08-28,1.4209365844726562,7.410614013671875,1.457122802734375,4.279296875,6.435264587402344,9.310798645019531
2022-08-29,2.619735717773437,5.491218566894531,6.561080932617188,2.3520660400390625,5.84210205078125,14.698127746582031
2022-08-30,15.238388061523438,11.945480346679688,6.765510559082031,7.176704406738281,2.0028152465820312,8.651771545410156
2022-08-31,7.494209289550781,10.237770080566406,5.201446533203125,7.155174255371094,1.4895172119140625,8.793800354003906
2022-09-01,0.0188140869140625,0.0271148681640625,0.156829833984375,0.0359878540039062,0.0,0.2861251831054687
2022-09-02,2.705230712890625,9.419601440429688,13.173011779785156,9.22869110107422,1.1899490356445312,10.570755004882812
2022-09-03,1.0716934204101562,1.78900146484375,0.7130203247070312,0.7659072875976562,0.0135498046875,1.2202682495117188
2022-09-04,0.0031051635742187,0.0454025268554687,0.0264053344726562,0.0018692016601562,0.1120986938476562,0.2748260498046875
2022-09-05,0.0195770263671875,0.2891693115234375,4.228271484375,0.274688720703125,0.0051422119140625,5.977317810058594
2022-09-06,0.1240386962890625,0.1515045166015625,0.7741165161132812,0.0093536376953125,0.415863037109375,0.0783233642578125
2022-09-07,1.1806182861328125,12.484375,1.1944961547851562,0.1255111694335937,7.484443664550781,11.45732879638672
2022-09-08,0.2830810546875,0.4946823120117187,0.0756607055664062,0.0390090942382812,4.840293884277344,2.5453109741210938
2022-09-09,7.07501220703125,11.82794189453125,11.924102783203123,6.509765625,3.1754913330078125,8.777084350585938
2022-09-10,0.9178619384765624,2.554183959960937,0.5440597534179688,0.8854293823242188,0.008270263671875,0.0176544189453125
2022-09-11,0.0103759765625,0.1567535400390625,0.0,0.0576248168945312,0.0,0.0
2022-09-12,7.62939453125e-06,7.62939453125e-06,0.0,0.0,0.0,0.0
2022-09-13,0.0,0.0,0.5991668701171875,0.0751113891601562,0.2393798828125,0.0092544555664062
2022-09-14,0.2186126708984375,0.7704544067382812,14.523696899414062,0.5919342041015625,60.19937896728516,35.06079864501953
2022-09-15,15.749252319335938,11.795700073242188,12.281158447265623,3.376373291015625,10.684066772460938,17.816497802734375
2022-09-16,0.4617767333984375,0.6517791748046875,0.2153472900390625,0.4470977783203125,1.0575103759765625,1.0331573486328125
2022-09-17,0.8475112915039062,2.459442138671875,5.275444030761719,2.184188842773437,0.05230712890625,0.2804794311523437
2022-09-18,0.1303939819335937,1.10430908203125,0.0111160278320312,0.0613975524902343,0.0246658325195312,0.8330039978027344
2022-09-19,1.6470718383789062,6.872222900390625,2.448326110839844,4.217437744140625,0.2506866455078125,5.445899963378906
2022-09-20,0.5550003051757812,3.5875244140625,0.7716751098632812,1.5436325073242188,0.0133438110351562,0.6601333618164062
2022-09-21,0.1875152587890625,0.6422882080078125,0.0850067138671875,0.24468994140625,0.0154266357421875,0.1145782470703125
2022-09-22,0.0,7.62939453125e-06,0.0,7.62939453125e-06,0.0,0.0
2022-09-23,0.00628662109375,0.0,1.248687744140625,0.066619873046875,3.6567153930664062,0.7553024291992188
2022-09-24,21.196685791015625,25.37788391113281,68.35006713867188,35.00701904296875,83.66900634765625,38.95585632324219
2022-09-25,3.3062286376953125,1.5932159423828125,15.891616821289062,0.56182861328125,23.053466796875,24.419265747070312
2022-09-26,0.1435699462890625,0.0003509521484375,1.70379638671875,0.1593780517578125,13.1951904296875,4.596343994140625
2022-09-27,0.0423736572265625,0.0375823974609375,5.96405029296875,1.3794784545898438,32.359107971191406,21.24633026123047
2022-09-28,0.11834716796875,0.0826568603515625,4.8863525390625,0.5985794067382812,9.043800354003906,4.88323974609375
2022-09-29,0.00311279296875,0.0,0.9775390625,1.00372314453125,6.896453857421875,6.36474609375
2022-09-30,0.0879364013671875,0.4160995483398437,0.05767822265625,0.29986572265625,0.0,0.0002670288085937
2022-10-01,0.924163818359375,2.4029617309570312,3.4334487915039062,1.8669891357421875,2.025146484375,7.096733093261719
2022-10-02,0.2907485961914062,3.528770446777344,0.0807418823242187,0.7057266235351562,0.0,0.01922607421875
2022-10-03,0.0007095336914062,0.0367355346679687,0.0159683227539062,0.0443496704101562,0.0,0.0
2022-10-04,0.0034561157226562,0.0031204223632812,0.0020751953125,0.0,0.0,0.0
2022-10-05,0.0,0.0,0.0,0.0,0.0,0.0
2022-10-06,0.0,0.0,0.0,0.0,0.0,0.0
2022-10-07,0.163360595703125,0.3358154296875,0.8592605590820312,0.1970672607421875,0.0226058959960937,0.0705184936523437
2022-10-08,0.1457901000976562,0.078033447265625,0.3773651123046875,0.4646453857421875,0.5471649169921875,1.597625732421875
2022-10-09,4.223579406738281,10.882926940917969,7.740180969238281,6.577323913574219,20.67456817626953,9.66790008544922
2022-10-10,0.4974288940429687,1.8822555541992188,0.747283935546875,0.3507232666015625,2.1413345336914062,1.56927490234375
2022-10-11,0.1338577270507812,0.4886207580566406,0.0210189819335937,0.0800132751464843,0.0292129516601562,1.4613876342773438
2022-10-12,0.6926040649414062,1.664154052734375,2.4813461303710938,2.774627685546875,5.1349029541015625,13.454231262207031
2022-10-13,0.0003509521484375,0.0010452270507812,0.0030288696289062,0.0073318481445312,0.0,0.0
2022-10-14,0.0,0.0,0.0,0.0,0.0,7.62939453125e-06
2022-10-15,0.0,0.0,0.0,0.0,0.0,0.0
2022-10-16,0.0,0.0,0.0,0.0,0.0,0.0
2022-10-17,0.13336181640625,0.7133636474609375,0.1482391357421875,0.229766845703125,0.0,0.0
2022-10-18,0.0644073486328125,0.0086746215820312,0.0055465698242187,0.0243377685546875,0.0,0.0
2022-10-19,0.0,0.0,0.0,0.0,0.0,0.0
2022-10-20,0.0,0.0,0.0,0.0,0.0,0.0
2022-10-21,0.0,0.0,0.1416473388671875,0.0168304443359375,0.0,0.0
2022-10-22,0.0,0.0,0.0,0.0,0.0,0.0
2022-10-23,0.0,0.020782470703125,0.0333099365234375,0.0,0.0,0.0
2022-10-24,0.0284881591796875,0.0079803466796875,0.0030288696289062,0.0030288696289062,0.0,0.1120452880859375
2022-10-25,0.004180908203125,0.0,0.01513671875,0.0030288696289062,0.0020523071289062,0.3447723388671875
2022-10-26,0.0,0.0,0.0,0.0,0.0,0.0
2022-10-27,0.0,0.0,0.0,0.003021240234375,0.0,0.0
2022-10-28,0.0,0.0,0.0,0.0,0.0,0.0
2022-10-29,0.0,0.0,0.0,0.0,0.0,0.0
2022-10-30,0.0,0.0,0.0133514404296875,0.0,0.0,0.015167236328125
2022-10-31,0.0,0.0,3.814697265625e-06,0.0,0.0,0.0833358764648437
2022-11-01,0.1297760009765625,0.0035324096679687,0.0968856811523437,0.1013565063476562,0.0,0.4679718017578125
2022-11-02,4.263080596923828,1.0254898071289062,10.187633514404297,3.1345291137695312,18.810813903808597,6.719257354736328
2022-11-03,26.945465087890625,18.139732360839844,32.966346740722656,9.778839111328123,28.349197387695312,17.98389434814453
2022-11-04,2.3359832763671875,2.491683959960937,6.046905517578125,7.99322509765625,2.628021240234375,10.678672790527344
2022-11-05,0.1977310180664062,0.7274169921875,0.2825393676757812,0.2999038696289062,0.0,0.2877960205078125
2022-11-06,0.0083465576171875,0.00762939453125,0.0,0.003021240234375,0.0,0.007354736328125
2022-11-07,0.0,0.0,0.0,0.0,0.0,0.0
2022-11-08,0.154296875,0.7164382934570312,0.0650634765625,0.044708251953125,0.0,0.0
2022-11-09,0.628021240234375,2.616661071777344,0.933685302734375,0.9486618041992188,0.0441436767578125,0.8743133544921875
2022-11-10,0.476470947265625,0.5474853515625,0.6485137939453125,0.3572235107421875,0.0937652587890625,0.9195556640625
2022-11-11,0.0,0.0,0.1951828002929687,0.019561767578125,1.7041778564453125,0.5508956909179688
2022-11-12,0.0387649536132812,0.0,0.0949020385742187,0.041412353515625,0.6895370483398438,0.2361907958984375
2022-11-13,0.20794677734375,0.0377731323242187,0.1051788330078125,0.0792922973632812,0.5643463134765625,0.3256683349609375
2022-11-14,4.772491455078125,6.179496765136719,7.534690856933594,5.247825622558594,34.57776641845703,21.09296417236328
2022-11-15,3.2951583862304688,1.8957366943359373,1.6613845825195312,1.1377105712890625,9.21826171875,4.253410339355469
2022-11-16,1.3425064086914062,1.5193328857421875,10.015586853027344,6.068023681640625,33.40623474121094,19.764923095703125
2022-11-17,36.88691711425781,16.1273193359375,42.830528259277344,8.440261840820312,46.84005737304688,35.85407257080078
2022-11-18,14.843147277832031,12.936531066894531,28.44468688964844,17.558990478515625,69.63530731201172,57.82014465332031
2022-11-19,5.557708740234375,9.960952758789062,6.51483154296875,4.367721557617188,15.020889282226562,15.29345703125
2022-11-20,19.35881805419922,12.254730224609377,51.598365783691406,35.400848388671875,88.80612182617188,65.33446502685547
2022-11-21,2.632240295410156,2.0281219482421875,9.858009338378906,3.713180541992188,29.763755798339844,20.938743591308597
2022-11-22,0.3007888793945312,0.9583358764648438,1.6772079467773438,1.1495742797851562,2.0654525756835938,2.880805969238281
2022-11-23,0.0524520874023437,0.5738601684570312,0.0222702026367187,0.19830322265625,7.62939453125e-06,0.0192337036132812
2022-11-24,0.5460739135742188,0.8684921264648438,1.8236236572265625,0.7820205688476562,1.6281204223632812,3.603713989257813
2022-11-25,5.495529174804688,5.856353759765625,9.126312255859377,6.904045104980469,7.2621612548828125,13.242835998535156
2022-11-26,0.024200439453125,0.048919677734375,0.134796142578125,0.23858642578125,0.0001983642578125,0.2010345458984375
2022-11-27,0.0007095336914062,0.0,0.0152587890625,0.0166778564453125,0.0,0.0128250122070312
2022-11-28,0.8928604125976562,0.7166595458984375,1.73272705078125,2.4504318237304688,2.224159240722656,5.650550842285156
2022-11-29,3.172149658203125,4.4133148193359375,4.6146240234375,4.323936462402344,10.351280212402344,10.652503967285156
2022-11-30,0.1378021240234375,0.0846099853515625,0.452392578125,0.1294708251953125,0.061431884765625,0.34454345703125
2022-12-01,0.0869064331054687,0.1647491455078125,0.5976028442382812,0.1153945922851562,1.1739959716796875,1.0669326782226562
2022-12-02,3.9614028930664062,2.8972244262695312,10.153724670410156,3.252647399902344,21.208053588867188,12.131385803222656
2022-12-03,0.0035324096679687,0.0405044555664062,0.0499954223632812,0.0628814697265625,0.3580780029296875,0.3006134033203125
2022-12-04,0.26287841796875,0.537567138671875,0.5252838134765625,0.36993408203125,1.4423599243164062,1.2535400390625
2022-12-05,1.8541183471679688,0.90606689453125,0.488861083984375,0.0614089965820312,1.6263046264648438,1.1842880249023438
2022-12-06,0.0507965087890625,0.5561065673828125,1.6463546752929688,0.0806884765625,7.945152282714844,7.49078369140625
2022-12-07,1.2203140258789062,0.40203857421875,15.821372985839844,3.7872314453125,66.9574966430664,27.93651580810547
2022-12-08,9.132049560546877,7.899452209472656,22.527603149414062,19.997886657714844,64.4864273071289,56.53873443603516
2022-12-09,6.421112060546875,6.111846923828125,6.467819213867188,3.757049560546875,35.22857666015625,16.489852905273438
2022-12-10,2.5093536376953125,3.7997894287109375,4.4505767822265625,2.5621795654296875,6.7252349853515625,6.6254730224609375
2022-12-11,0.0086822509765625,0.0093917846679687,0.0660476684570312,0.0437545776367187,0.1028213500976562,0.4079132080078125
2022-12-12,4.167350769042969,5.9034576416015625,21.808746337890625,18.72689819335937,37.128944396972656,39.35283660888672
2022-12-13,1.4422454833984375,0.9012603759765624,3.2483062744140625,0.6511764526367188,3.98529052734375,9.616043090820312
2022-12-14,3.7816314697265625,0.53668212890625,26.394821166992188,1.3311004638671875,53.35322570800781,21.49887084960937
2022-12-15,7.483993530273437,15.310195922851562,16.276580810546875,11.182464599609377,33.75262451171875,36.94429016113281
2022-12-16,0.031097412109375,0.08099365234375,0.0605926513671875,0.0157623291015625,0.000518798828125,0.2585906982421875
2022-12-17,0.0041732788085937,0.0,0.0101547241210937,0.0048980712890625,0.00640869140625,0.02044677734375
2022-12-18,0.0,0.0,0.0030288696289062,0.0046005249023437,0.0,0.0
2022-12-19,0.0,0.0,0.0,0.0,0.0,0.0
2022-12-20,0.023956298828125,0.0942535400390625,0.0303497314453125,0.0,0.0,0.0
2022-12-21,0.0,0.0197372436523437,0.0,0.0,0.0,0.0
2022-12-22,0.3581962585449219,0.6455268859863281,0.0551910400390625,0.1806182861328125,0.0,0.0
2022-12-23,0.0,0.0,0.0,0.0,0.0,0.0
2022-12-24,0.0,0.0,0.0,0.0,0.0,0.0
2022-12-25,0.9502334594726562,1.5855560302734375,1.5573272705078125,1.066253662109375,2.7764663696289062,1.7838897705078125
2022-12-26,0.2243804931640625,0.208740234375,0.5638885498046875,0.28179931640625,0.3359756469726562,1.1710472106933594
2022-12-27,0.0031013488769531,0.0,0.1726608276367187,0.0087890625,0.2736892700195312,0.1381759643554687
2022-12-28,0.0057296752929687,0.0,0.2400588989257812,0.0,1.3205413818359375,0.1536636352539062
2022-12-29,0.0,0.0,0.0596542358398437,0.0,0.1651229858398437,0.1161956787109375
2022-12-30,0.0,0.0,0.0030364990234375,0.0030288696289062,0.0,0.0
2022-12-31,0.0,0.0,0.0,0.0,0.0,0.0
2023-01-01,0.0,0.0,0.0,0.0,0.0,0.0
2023-01-02,0.0069122314453125,0.0031204223632812,0.0171661376953125,0.0213165283203125,0.0,0.0
2023-01-03,0.0,0.0003547668457031,0.0,0.0,0.0959701538085937,3.814697265625e-06
2023-01-04,0.0183601379394531,0.1307792663574218,0.0,0.0234489440917968,0.0,0.0
2023-01-05,3.814697265625e-06,0.0,0.0,0.0,0.0,3.814697265625e-06
2023-01-06,0.0,0.0,0.0624008178710937,0.0,0.0576934814453125,0.0
2023-01-07,6.648780822753906,2.10137939453125,13.606048583984377,6.393577575683594,66.2412338256836,40.02166748046875
2023-01-08,7.043968200683594,13.515716552734377,5.394599914550781,4.191696166992188,2.7257537841796875,5.509559631347656
2023-01-09,1.4438629150390625,4.875328063964844,1.4252853393554688,2.1566390991210938,0.3079376220703125,1.0881118774414062
2023-01-10,0.079498291015625,0.1919937133789062,0.1446609497070312,0.4619598388671875,0.0,0.1205291748046875
2023-01-11,0.4148406982421875,0.898223876953125,0.8756866455078125,0.61138916015625,0.1858062744140625,1.0282440185546875
2023-01-12,1.0414886474609375,1.8833465576171875,0.8299102783203125,0.9806060791015624,0.0301971435546875,0.6647491455078125
2023-01-13,0.0083465576171875,0.0069351196289062,0.0133514404296875,0.0092086791992187,0.0434799194335937,0.0231094360351562
2023-01-14,4.0440216064453125,2.4657974243164062,22.367881774902344,7.556884765625,59.75154113769531,39.41889953613281
2023-01-15,43.90843963623047,27.01263427734375,74.28359985351562,49.026161193847656,104.7953109741211,91.15181732177734
2023-01-16,25.871902465820312,23.355392456054688,57.015228271484375,59.96421813964844,96.39984130859376,98.77117919921876
2023-01-17,7.128875732421875,4.968994140625,22.526779174804688,19.76820373535156,33.6484375,42.211273193359375
2023-01-18,1.3170623779296875,2.7100067138671875,2.56817626953125,2.6023101806640625,1.5697479248046875,6.028717041015625
2023-01-19,6.872810363769531,5.470947265625,21.350730895996094,11.87456512451172,34.01671600341797,28.871078491210938
2023-01-20,2.4923019409179688,2.596229553222656,8.987236022949219,6.993125915527344,13.67217254638672,14.27081298828125
2023-01-21,9.658050537109377,13.94245147705078,17.58416748046875,17.294845581054688,27.63973999023437,25.8465576171875
2023-01-22,5.902229309082031,8.694656372070312,5.5121002197265625,8.991462707519531,2.043769836425781,7.202247619628906
2023-01-23,0.7589492797851562,0.4648818969726562,0.5269241333007812,0.296844482421875,0.0,0.2152481079101562
2023-01-24,3.5545806884765625,4.055671691894531,2.747406005859375,2.8625717163085938,4.67694091796875,5.339027404785156
2023-01-25,5.498817443847656,6.012298583984375,4.922950744628906,3.6418304443359375,3.0801239013671875,1.3957290649414062
2023-01-26,0.8041229248046875,1.6571807861328125,0.9716796875,1.174896240234375,0.1137313842773437,0.54779052734375
2023-01-27,0.743560791015625,2.278480529785156,0.977874755859375,0.8937606811523438,0.0010299682617187,0.1641464233398437
2023-01-28,0.147369384765625,0.2793960571289062,0.0379791259765625,0.0535888671875,0.0,0.0016250610351562
2023-01-29,2.3434982299804688,5.103179931640625,1.1959228515625,2.0327606201171875,0.0867385864257812,0.5735244750976562
2023-01-30,0.0076370239257812,0.0427017211914062,0.034423828125,0.0626068115234375,0.0,0.0064163208007812
2023-01-31,4.7186431884765625,6.0045318603515625,3.180870056152344,3.857948303222656,0.978851318359375,1.698150634765625
2023-02-01,0.8318099975585938,1.2052154541015625,0.22686767578125,0.2645034790039062,0.0148696899414062,0.0759811401367187
2023-02-02,7.644966125488281,10.304061889648438,6.0985107421875,6.513923645019531,2.115150451660156,5.0158233642578125
2023-02-03,3.142929077148437,4.084144592285156,2.2489013671875,2.1464080810546875,0.1698074340820312,0.536407470703125
2023-02-04,1.2525787353515625,1.8113555908203125,1.7433013916015625,0.9408187866210938,0.058807373046875,0.0902175903320312
2023-02-05,0.1951446533203125,0.3766632080078125,0.89630126953125,0.4563751220703125,0.00640869140625,0.0332794189453125
2023-02-06,0.66033935546875,1.3231201171875,0.8228607177734375,0.7566375732421875,0.017974853515625,0.3215789794921875
2023-02-07,0.0079803466796875,0.0045166015625,0.092254638671875,0.0018692016601562,0.0,0.0128173828125
2023-02-08,0.0041656494140625,0.00762939453125,0.0,0.0,0.0,0.0
2023-02-09,0.004180908203125,0.0169830322265625,0.0,0.0,0.0,0.0
2023-02-10,1.9236297607421875,5.233322143554688,2.4381179809570312,2.3555908203125,0.2302627563476562,0.9937744140625
2023-02-11,0.0458755493164062,0.032257080078125,0.0997047424316406,0.1323356628417968,0.00640869140625,0.0232925415039062
2023-02-12,0.4125518798828125,0.6327438354492188,0.1613311767578125,0.5021438598632812,0.0010223388671875,0.0140380859375
2023-02-13,0.0528030395507812,0.0346832275390625,0.0261154174804687,0.0761489868164062,0.0,0.00640869140625
2023-02-14,0.0,0.0069198608398437,0.0,0.0,0.0,0.0
2023-02-15,0.00274658203125,0.0,0.0,0.0008544921875,0.1070785522460937,0.0
2023-02-16,0.0,0.0,0.0018234252929687,0.0030288696289062,0.0164794921875,0.0
2023-02-17,0.0,0.0,0.0165023803710937,0.0,0.17156982421875,0.0018997192382812
2023-02-18,0.3982925415039062,1.58905029296875,0.1657180786132812,0.4217910766601562,0.0,0.0128173828125
2023-02-19,0.0048904418945312,0.0045013427734375,0.0122299194335937,0.0,0.0,0.0
2023-02-20,0.0,0.0,0.0,0.0,0.0,0.0
2023-02-21,1.484710693359375,0.6898193359375,2.6442642211914062,1.1222991943359375,1.0663604736328125,0.5915679931640625
2023-02-22,0.0121536254882812,0.0246200561523437,0.4359283447265625,0.0018692016601562,1.6790237426757812,0.2079315185546875
2023-02-23,4.4011077880859375,1.3881149291992188,7.659076690673828,1.0096702575683594,19.736309051513672,5.018104553222656
2023-02-24,38.898719787597656,27.172534942626957,55.8154296875,39.98320007324219,86.17060852050781,52.52412033081055
2023-02-25,1.1077499389648438,0.8628463745117188,5.94610595703125,3.6888351440429688,9.486427307128906,12.035446166992188
2023-02-26,0.2179031372070312,0.587646484375,1.1117782592773438,1.6740493774414062,2.1342926025390625,2.8571014404296875
2023-02-27,2.738250732421875,4.582649230957031,4.314453125,3.4976959228515625,9.055999755859377,3.204261779785156
2023-02-28,1.4689407348632812,3.3201141357421875,0.510528564453125,3.7130661010742183,4.508338928222656,1.0071640014648438
2023-03-01,0.1169662475585937,0.9635543823242188,3.123382568359375,7.958354949951172,4.0587005615234375,3.617755889892578
2023-03-02,0.4743728637695312,0.3986053466796875,0.642425537109375,1.6125640869140625,3.24041748046875,4.867637634277344
2023-03-03,0.2164688110351562,0.4930343627929687,0.3083953857421875,0.723388671875,0.0271072387695312,1.4170761108398438
2023-03-04,0.3751754760742187,0.3220863342285156,1.6528396606445312,0.1203346252441406,17.609699249267578,13.771244049072266
2023-03-05,0.0,0.0,0.7020950317382812,0.1320648193359375,3.2263412475585938,1.8712692260742188
2023-03-06,0.0,0.0024757385253906,0.8221969604492188,0.0264434814453125,7.62445068359375,1.6691513061523438
2023-03-07,0.0041732788085937,0.0010604858398437,1.2376785278320312,0.1838150024414062,16.782028198242188,4.1822052001953125
2023-03-08,4.85284423828125,5.380538940429688,21.86034393310547,7.626113891601562,53.75672912597656,37.764434814453125
2023-03-09,4.356620788574219,5.983222961425781,3.826499938964844,3.4074249267578125,13.152938842773438,4.372795104980469
2023-03-10,0.0021438598632812,0.0,0.0004959106445312,0.0,0.046966552734375,0.2500991821289062
2023-03-11,0.0,0.0,0.0,0.0,0.0,0.0
2023-03-12,1.7717742919921875,2.1330490112304688,0.5605392456054688,0.0957107543945312,2.676025390625,0.296875
2023-03-13,14.215049743652344,20.309005737304688,14.994285583496094,9.878265380859377,23.06664276123047,17.32196807861328
2023-03-14,0.1432342529296875,0.822540283203125,0.4478302001953125,1.0059051513671875,0.5946807861328125,2.253875732421875
2023-03-15,0.00762939453125,0.0,0.0058059692382812,0.0,0.0062179565429687,0.0118789672851562
2023-03-16,0.0,0.0,0.0,0.0,0.0,0.0
2023-03-17,0.0,0.0,0.0,0.0028762817382812,0.0,0.0030670166015625
2023-03-18,0.0346908569335937,0.0527191162109375,0.0371932983398437,0.0473480224609375,0.0,0.00640869140625
2023-03-19,2.171821594238281,3.331623077392578,4.904605865478516,4.660888671875,6.479087829589844,5.032470703125
2023-03-20,0.2499961853027343,0.5824928283691406,0.2050666809082031,0.4466476440429687,0.0132064819335937,0.0849609375
2023-03-21,0.0,0.0,0.0,0.0,0.0,0.0
2023-03-22,0.0,0.0013809204101562,0.0007858276367187,0.0,0.0,0.0
2023-03-23,7.138141632080078,7.958263397216797,1.5158004760742188,2.3147506713867188,0.0276947021484375,0.0966072082519531
2023-03-24,0.0,0.4016685485839844,0.1022415161132812,0.2095565795898437,0.2788925170898437,0.0503311157226562
2023-03-25,8.665481567382812,10.643020629882812,18.994483947753903,11.719810485839844,33.14496612548828,31.991432189941406
2023-03-26,1.3625717163085938,1.58831787109375,0.5293807983398438,0.9337310791015624,0.076416015625,0.321563720703125
2023-03-27,0.0041732788085937,0.0440406799316406,0.0018234252929687,0.0,0.0074386596679687,0.0128211975097656
2023-03-28,0.0,0.0,0.0112838745117187,0.0,0.00640869140625,0.0
2023-03-29,3.375572204589844,2.346343994140625,0.331756591796875,0.4197463989257812,0.913330078125,0.0422515869140625
2023-03-30,14.24761199951172,18.801925659179688,10.16828155517578,2.189682006835937,25.84046936035156,13.229164123535156
2023-03-31,3.073692321777344,2.0920562744140625,1.81591796875,2.4196548461914062,1.3215103149414062,1.08233642578125
2023-04-01,8.723793029785156,20.046417236328125,9.469192504882812,7.724739074707031,6.4586944580078125,8.732841491699219
2023-04-02,6.8064727783203125,17.571701049804688,5.6173858642578125,8.749618530273438,2.7694091796875,5.7088470458984375
2023-04-03,3.0691070556640625,4.009429931640625,2.3383712768554688,1.6187820434570312,0.8257675170898438,2.7072830200195312
2023-04-04,0.624359130859375,1.022907257080078,1.2534523010253906,0.8290977478027344,0.1306190490722656,0.6916351318359375
2023-04-05,3.814697265625e-06,0.0,0.2550697326660156,0.0209846496582031,0.0,0.000274658203125
2023-04-06,1.2039794921875,4.140640258789063,1.5319442749023438,0.7456321716308594,3.814697265625e-06,0.0734481811523437
2023-04-07,2.11767578125,1.8732452392578125,2.6556167602539062,3.0035171508789062,5.29132080078125,6.160804748535156
2023-04-08,3.339324951171875,4.445037841796875,5.1266021728515625,5.104217529296875,3.679046630859375,5.88720703125
2023-04-09,0.0758590698242187,0.4434432983398437,0.0688552856445312,0.3521575927734375,0.1254043579101562,0.0129623413085937
2023-04-10,0.05804443359375,0.2650909423828125,0.0636825561523437,0.08380126953125,0.2804336547851562,0.0360260009765625
2023-04-11,0.0003509521484375,0.0841217041015625,0.467926025390625,0.0,0.8285293579101562,0.098724365234375
2023-04-12,10.418045043945312,6.64971923828125,24.404617309570312,14.178314208984377,42.58360290527344,26.479049682617188
2023-04-13,0.696258544921875,0.5060272216796875,2.133613586425781,1.0291290283203125,3.972488403320313,2.932113647460937
2023-04-14,4.2375030517578125,7.669807434082031,5.037071228027344,2.7996139526367188,16.69121551513672,9.111663818359377
2023-04-15,10.79486083984375,12.14495086669922,9.72235107421875,9.553844451904297,6.91131591796875,2.592716217041016
2023-04-16,15.067230224609377,17.576156616210938,10.183914184570312,13.244110107421877,8.475593566894531,5.289230346679688
2023-04-17,4.569129943847656,5.445396423339844,2.7352218627929688,3.0332183837890625,2.676361083984375,2.121810913085937
2023-04-18,0.1025505065917968,0.3080863952636719,0.1008033752441406,0.1615638732910156,3.843467712402344,0.3354148864746094
2023-04-19,0.1117057800292968,0.5970039367675781,0.1572227478027343,0.15948486328125,0.8421134948730469,0.5073280334472656
2023-04-20,0.0833816528320312,0.681304931640625,1.13104248046875,1.045318603515625,3.3819656372070312,3.4554214477539062
2023-04-21,0.3982200622558594,0.3026580810546875,3.4207763671875,1.156352996826172,0.5140533447265625,0.2774505615234375
2023-04-22,3.6888389587402335,3.8640060424804688,4.543979644775391,1.2718048095703125,18.286155700683597,14.98003387451172
2023-04-23,5.876270294189453,5.038581848144531,5.522472381591797,3.455387115478516,7.722244262695312,2.964160919189453
2023-04-24,12.165321350097656,11.331356048583984,3.9206619262695312,5.863307952880859,0.3374290466308594,2.671611785888672
2023-04-25,0.0740127563476562,0.2346229553222656,0.011383056640625,0.1996994018554687,0.0004158020019531,0.0
2023-04-26,0.0,0.0,0.0,0.0,0.0,0.0
2023-04-27,6.678962707519531,3.4202117919921875,4.476509094238281,1.4181594848632812,0.1087265014648437,3.0588150024414062
2023-04-28,0.6523056030273438,1.7914657592773438,2.2816696166992188,1.2209129333496094,3.176227569580078,3.4742164611816406
2023-04-29,1.0788650512695312,0.7667770385742188,3.827705383300781,1.672088623046875,5.670768737792969,3.8892822265625
2023-04-30,1.5234527587890625,3.4836349487304688,6.921669006347656,4.027870178222656,9.80400848388672,12.333976745605469
2023-05-01,4.554298400878906,6.87957763671875,7.614204406738281,6.872734069824219,14.469207763671877,7.42669677734375
2023-05-02,2.0788726806640625,3.478721618652344,2.6522979736328125,3.7691726684570312,0.64984130859375,1.7053680419921875
2023-05-03,0.6729049682617188,1.491363525390625,0.9013137817382812,0.4705657958984375,0.0,0.308563232421875
2023-05-04,0.1375312805175781,0.1513023376464843,0.0754585266113281,0.3405685424804687,0.4963607788085937,0.1289329528808593
2023-05-05,0.1469688415527343,0.3205146789550781,0.2185096740722656,0.1904640197753906,0.7053871154785156,0.0978660583496093
2023-05-06,7.646568298339844,13.843673706054688,8.884651184082031,4.347068786621094,2.3364715576171875,7.489753723144531
2023-05-07,0.0408096313476562,0.0045242309570312,1.6490097045898438,0.1523284912109375,3.826332092285156,8.714096069335938
2023-05-08,5.309738159179688,1.2701454162597656,5.8473663330078125,4.146331787109375,4.896602630615234,6.289104461669922
2023-05-09,10.731552124023438,9.90966796875,15.483261108398438,7.507911682128906,32.922882080078125,25.854248046875
2023-05-10,3.9650955200195312,6.093452453613281,5.967247009277344,0.6540145874023438,16.1619873046875,6.009132385253906
2023-05-11,7.31524658203125,9.721893310546877,3.941986083984375,0.4336929321289062,6.967208862304688,3.296905517578125
2023-05-12,1.6651077270507812,2.5284652709960938,6.406280517578125,0.7534255981445312,12.822715759277344,16.291786193847656
2023-05-13,8.609039306640625,5.7589263916015625,14.77618408203125,11.731674194335938,26.78695678710937,13.634674072265623
2023-05-14,9.611724853515623,9.82415771484375,13.653717041015623,9.426376342773438,24.898178100585938,9.644744873046877
2023-05-15,2.7495040893554688,8.009590148925781,2.6490402221679688,5.001235961914063,2.240081787109375,1.8044281005859373
2023-05-16,1.3691558837890625,4.166717529296875,3.088348388671875,2.3491363525390625,5.4666748046875,7.876083374023437
2023-05-17,0.3694076538085937,1.1106681823730469,0.1855316162109375,0.3801155090332031,0.1617851257324218,0.0419845581054687
2023-05-18,0.3581886291503906,0.9443817138671876,0.4846305847167969,0.4048919677734375,0.3137054443359375,0.0027084350585937
2023-05-19,0.6860885620117188,1.0232696533203125,1.1699676513671875,1.4485321044921875,0.4814071655273437,1.0748062133789062
2023-05-20,0.2382125854492187,1.3578872680664062,0.159332275390625,0.3642654418945312,0.5415420532226562,1.0375213623046875
2023-05-21,2.138534545898437,0.475616455078125,1.5700302124023438,3.8540115356445312,4.6955413818359375,6.1346282958984375
2023-05-22,1.3938064575195312,3.7444992065429688,3.975006103515625,3.7650146484375,6.359565734863281,3.4100341796875
2023-05-23,14.309738159179688,11.106109619140623,3.972198486328125,6.057106018066406,10.64849853515625,6.948699951171875
2023-05-24,6.392921447753906,4.6513671875,3.705024719238281,2.990196228027344,0.4612274169921875,4.240692138671875
2023-05-25,3.54727554321289,6.221157073974609,2.9322471618652344,2.8848190307617188,2.701602935791016,4.805294036865234
2023-05-26,4.539710998535156,9.755538940429688,6.258712768554688,6.817939758300781,8.256904602050781,3.18218994140625
2023-05-27,4.297462463378906,6.551685333251953,4.083091735839844,4.702213287353516,12.5731201171875,5.122394561767578
2023-05-28,5.164588928222656,13.3902587890625,6.2396087646484375,8.291114807128906,7.529647827148437,9.67437744140625
2023-05-29,9.31391143798828,14.71112060546875,5.40301513671875,2.5404205322265625,10.121597290039062,9.412078857421877
2023-05-30,10.336585998535156,8.458309173583984,7.846523284912109,9.636653900146484,9.039283752441406,6.118377685546875
2023-05-31,7.246635437011719,13.523078918457031,12.568500518798828,6.519474029541016,3.0285377502441406,13.892345428466797
2023-06-01,6.1422271728515625,13.715599060058594,8.393138885498047,4.908382415771484,10.887203216552734,12.781139373779297
2023-06-02,4.182140350341797,10.673805236816406,8.68655014038086,6.94122314453125,1.2290267944335938,10.747787475585938
2023-06-03,1.321319580078125,9.02682113647461,0.6060829162597656,1.6216316223144531,0.511383056640625,1.1340980529785156
2023-06-04,0.6265335083007812,14.394065856933594,0.124298095703125,15.68694305419922,1.6023712158203125,13.086906433105469
2023-06-05,11.42914581298828,13.769416809082031,11.41998291015625,13.775146484375,0.8267669677734375,11.286491394042969
2023-06-06,9.196937561035156,12.312881469726562,6.401214599609375,12.028854370117188,1.2074432373046875,15.567832946777344
2023-06-07,4.145664215087891,8.27825927734375,1.7595939636230469,1.7397308349609375,1.1524543762207031,1.9459114074707031
2023-06-08,3.8871917724609375,5.333366394042969,11.072486877441406,4.7313385009765625,4.458992004394531,11.7332763671875
2023-06-09,8.232952117919922,14.46759796142578,11.666030883789062,8.554363250732422,11.814937591552734,21.12677001953125
2023-06-10,11.86041259765625,18.32456970214844,12.512474060058594,18.48773193359375,7.58660888671875,16.26598358154297
2023-06-11,2.1511268615722656,2.16357421875,2.7968292236328125,2.650981903076172,1.9639892578125,2.339191436767578
2023-06-12,8.704368591308594,5.109375,1.7682952880859375,0.5960006713867188,0.8653106689453125,5.982734680175781
2023-06-13,23.17009735107422,25.014686584472656,26.213661193847656,23.346214294433597,33.02696990966797,16.047286987304688
2023-06-14,26.0958251953125,22.41450500488281,25.033477783203125,14.522987365722656,11.802162170410156,3.9086990356445312
2023-06-15,1.3176498413085938,3.5052642822265625,2.4427642822265625,1.493499755859375,0.2682876586914062,1.4379501342773438
2023-06-16,0.2525634765625,1.8505401611328125,0.751800537109375,1.6527633666992188,0.0113067626953125,0.764617919921875
2023-06-17,0.0,0.0038108825683593,3.814697265625e-06,0.0,0.0072479248046875,0.0008087158203125
2023-06-18,0.1460762023925781,0.30780029296875,0.4221839904785156,0.0571784973144531,0.954986572265625,0.34136962890625
2023-06-19,0.0021209716796875,0.201873779296875,0.0213088989257812,0.0391921997070312,0.1893692016601562,0.4499969482421875
2023-06-20,0.0219192504882812,0.14703369140625,0.0036468505859375,0.1343154907226562,1.6179122924804688,0.1973648071289062
2023-06-21,0.54705810546875,0.1997756958007812,0.8037109375,0.4967803955078125,0.0647430419921875,0.7273635864257812
2023-06-22,4.890708923339844,5.468681335449219,9.540977478027344,9.791015625,2.8111495971679688,4.789421081542969
2023-06-23,3.4138717651367188,6.372047424316406,5.455589294433594,5.273063659667969,3.3859176635742188,10.689849853515623
2023-06-24,0.299163818359375,0.8353042602539062,0.396026611328125,0.354217529296875,0.003082275390625,0.0243759155273437
2023-06-25,0.0079879760742187,0.0301971435546875,0.008331298828125,0.1263504028320312,0.1250762939453125,0.83544921875
2023-06-26,6.358161926269531,9.139625549316406,15.35529327392578,12.559700012207031,4.5975189208984375,13.86962890625
2023-06-27,0.0072708129882812,0.0721511840820312,0.0278167724609375,0.1024246215820312,0.340972900390625,2.5804977416992188
2023-06-28,0.0007095336914062,0.0,0.09600830078125,0.0,0.0,0.0128173828125
2023-06-29,3.420005798339844,7.0506439208984375,1.1854476928710938,3.1985092163085938,6.495506286621094,2.37725830078125
2023-06-30,4.947654724121094,4.365638732910156,9.403518676757812,6.872108459472656,3.3520050048828125,5.480987548828125
2023-07-01,0.5549087524414062,0.5977630615234375,0.3953094482421875,0.6210250854492188,1.3138275146484375,2.119354248046875
2023-07-02,3.674026489257813,4.628440856933594,5.361946105957031,1.1153564453125,1.1291122436523438,1.523773193359375
2023-07-03,10.800186157226562,9.36785125732422,4.129096984863281,4.1412506103515625,1.4073257446289062,4.317085266113281
2023-07-04,4.934886932373047,8.579883575439453,2.5373764038085938,3.9930496215820312,1.2216682434082031,1.598052978515625
2023-07-05,2.286659240722656,4.479461669921875,8.722007751464844,6.373939514160156,3.471519470214844,4.088478088378906
2023-07-06,0.013580322265625,0.0,0.0858001708984375,0.2750701904296875,0.0,0.107269287109375
2023-07-07,0.0,0.0,0.003021240234375,0.0,0.0,0.000274658203125
2023-07-08,0.0,0.0,0.0,0.0,0.0,0.0
2023-07-09,0.0,0.0,0.0,0.007476806640625,0.0010223388671875,0.0595932006835937
2023-07-10,0.0,0.0,0.0103225708007812,0.0,0.0,0.0
2023-07-11,0.0,0.0041580200195312,0.004852294921875,0.0,0.0,0.00640869140625
2023-07-12,0.0529632568359375,0.3728866577148437,0.6081390380859375,0.428497314453125,0.0,0.2884750366210937
2023-07-13,0.0,0.0166435241699218,3.814697265625e-06,0.0224456787109375,0.01849365234375,0.6761817932128906
2023-07-14,0.0,0.0,0.0050506591796875,0.0037460327148437,0.0,0.0
2023-07-15,7.62939453125e-06,7.62939453125e-06,0.0,0.0,0.0,7.62939453125e-06
2023-07-16,0.3419570922851562,1.32855224609375,0.0876617431640625,0.5091400146484375,0.0,0.0176925659179687
2023-07-17,0.1138038635253906,0.199676513671875,0.0060577392578125,0.0541572570800781,0.0041084289550781,0.0659980773925781
2023-07-18,1.3864364624023438,0.7712326049804688,0.2002639770507812,0.1449127197265625,0.0743255615234375,0.2939376831054687
2023-07-19,0.0090560913085937,0.048187255859375,0.0636520385742187,0.0060577392578125,0.0,0.0128173828125
2023-07-20,0.3866653442382812,1.4804458618164062,0.1306228637695312,0.0341339111328125,0.2563934326171875,0.3345260620117187
2023-07-21,1.97821044921875,1.5139999389648438,0.2679824829101562,0.2438812255859375,0.0573959350585937,0.1361083984375
2023-07-22,0.0,0.0041618347167968,0.5145187377929688,0.008636474609375,0.0,0.0891609191894531
2023-07-23,0.1675796508789062,0.0423049926757812,0.2968788146972656,0.0,0.0,0.0
2023-07-24,2.6504058837890625,4.04193115234375,0.4092941284179687,0.4142074584960937,1.888023376464844,0.3624191284179687
2023-07-25,0.1020431518554687,0.138031005859375,0.2336502075195312,0.2315597534179687,0.1793060302734375,0.3075942993164062
2023-07-26,0.0,0.0,0.0060577392578125,0.0210189819335937,0.0,0.0
2023-07-27,0.0021209716796875,0.0644683837890625,0.07562255859375,0.018707275390625,0.0,0.7094039916992188
2023-07-28,0.4879913330078125,0.5497512817382812,0.05108642578125,0.0420379638671875,0.0284652709960937,0.0075836181640625
2023-07-29,3.6679649353027344,2.589317321777344,1.2617149353027344,2.083782196044922,0.3153343200683594,1.4073257446289062
2023-07-30,0.0931396484375,0.00311279296875,0.0030288696289062,0.00762939453125,0.0086517333984375,0.001220703125
2023-07-31,3.0044937133789062,1.453033447265625,1.8065719604492188,1.6373062133789062,1.919105529785156,0.6025962829589844
2023-08-01,0.0003509521484375,0.000335693359375,0.0046005249023437,0.0021705627441406,0.00640869140625,0.0
2023-08-02,0.0,0.0,0.007293701171875,0.0,0.0107650756835937,0.0
2023-08-03,11.457756042480469,9.466178894042969,12.587059020996094,8.810836791992188,23.46825408935547,20.052833557128903
2023-08-04,2.2056884765625,1.9607391357421875,0.878692626953125,1.0082015991210938,5.71832275390625,0.8267669677734375
2023-08-05,14.468826293945312,10.099044799804688,3.375694274902344,5.127174377441406,8.550102233886719,6.1904144287109375
2023-08-06,0.5107803344726562,1.69873046875,1.954345703125,1.2721710205078125,0.0476531982421875,0.4037551879882812
2023-08-07,0.0030975341796875,0.0117874145507812,0.0284576416015625,0.0103683471679687,0.0010299682617187,0.006683349609375
2023-08-08,0.8855667114257812,0.7273101806640625,4.528526306152344,2.7809829711914062,0.7928619384765625,1.6463623046875
2023-08-09,0.8839607238769531,2.318042755126953,1.2633438110351562,0.7252426147460938,0.1377105712890625,1.654376983642578
2023-08-10,0.0031051635742187,0.0041580200195312,0.0,7.62939453125e-06,0.0001983642578125,0.03204345703125
2023-08-11,0.0003585815429687,0.00311279296875,0.0018234252929687,0.0,0.0005722045898437,0.0
2023-08-12,0.0030975341796875,0.0461273193359375,0.017669677734375,0.0515823364257812,0.412353515625,0.0769271850585937
2023-08-13,0.988494873046875,1.802032470703125,2.669540405273437,4.8376312255859375,1.590423583984375,4.523956298828125
2023-08-14,0.9889373779296876,2.213043212890625,0.462310791015625,0.86309814453125,0.9284286499023438,1.3910369873046875
2023-08-15,1.9583969116210935,2.2173004150390625,0.5143585205078125,1.7310943603515625,0.750518798828125,1.77618408203125
2023-08-16,0.4909896850585937,1.9526824951171875,1.0752487182617188,2.2186813354492188,0.26837158203125,2.431678771972656
2023-08-17,3.570106506347656,12.618385314941406,3.3119354248046875,6.709762573242188,3.745269775390625,4.800384521484375
2023-08-18,0.424468994140625,0.1477012634277343,0.4266433715820312,0.6707687377929688,0.4173049926757812,1.4867095947265625
2023-08-19,0.1752128601074218,0.2808380126953125,0.3026046752929687,0.2898979187011719,0.6062850952148438,0.2962837219238281
2023-08-20,0.3245849609375,0.755859375,0.359405517578125,0.75439453125,0.471282958984375,0.0256423950195312
2023-08-21,0.3577957153320312,0.5888137817382812,1.8582992553710935,3.1964874267578125,2.9543914794921875,0.6253890991210938
2023-08-22,0.262420654296875,1.0672149658203125,0.48040771484375,2.131683349609375,3.4582977294921875,6.18817138671875
2023-08-23,0.01861572265625,0.0117912292480468,0.0,0.024871826171875,0.7113761901855469,1.4586753845214844
2023-08-24,0.0,0.0,0.0,3.814697265625e-06,0.0918922424316406,0.2364654541015625
2023-08-25,0.0744476318359375,0.0083236694335937,0.0,0.0,0.1283035278320312,0.1319961547851562
2023-08-26,0.0,0.1441497802734375,0.016998291015625,0.0826568603515625,0.6719818115234375,0.0512847900390625
2023-08-27,2.384262084960937,1.932159423828125,3.95721435546875,1.8081512451171875,8.7174072265625,3.3513336181640625
2023-08-28,0.2252883911132812,0.9546585083007812,1.7475814819335938,0.5535202026367188,7.469650268554687,2.9432296752929688
2023-08-29,4.2940521240234375,6.291015625,1.3434906005859375,2.6177215576171875,3.5782699584960938,1.139984130859375
2023-08-30,0.43145751953125,0.925323486328125,0.2085189819335937,0.2154541015625,0.3036117553710937,1.3345718383789062
2023-08-31,0.0,0.0,0.0083351135253906,0.0211982727050781,0.0973625183105468,0.8022689819335938
2023-09-01,2.2767486572265625,5.491020202636719,0.4718017578125,2.856674194335937,0.2217636108398437,0.1720962524414062
2023-09-02,7.148590087890625,15.087478637695312,12.07244873046875,7.320465087890625,0.3644256591796875,1.91693115234375
2023-09-03,1.3222198486328125,3.084625244140625,3.1307449340820312,1.267333984375,0.042572021484375,0.9300613403320312
2023-09-04,0.022064208984375,0.02252197265625,0.03460693359375,0.014984130859375,0.04949951171875,0.012847900390625
2023-09-05,0.168701171875,0.311187744140625,0.317779541015625,0.066619873046875,0.984710693359375,0.84710693359375
2023-09-06,0.0,0.00311279296875,0.004852294921875,0.0,0.084503173828125,0.00640869140625
2023-09-07,0.0,0.0003509521484375,0.0,0.0,0.0,0.0
2023-09-08,0.0,0.0,0.0,0.0,0.00018310546875,0.0
2023-09-09,0.0,0.0,0.0,0.0,0.0,0.0
2023-09-10,0.0,0.0,0.0369796752929687,0.0,0.0,0.0660018920898437
2023-09-11,0.0,0.0,0.0,0.0,0.0,0.0
2023-09-12,0.0003509521484375,0.0062332153320312,1.9782485961914065,1.1952362060546875,0.5708999633789062,0.8651046752929688
2023-09-13,1.1963424682617188,1.7886810302734375,4.9428253173828125,1.4368133544921875,0.6087493896484375,1.7460403442382812
2023-09-14,0.3035736083984375,1.618011474609375,1.1369781494140625,0.350799560546875,0.4963150024414062,1.2972259521484375
2023-09-15,0.20452880859375,1.479156494140625,0.7915191650390625,0.4626617431640625,1.035614013671875,1.047698974609375
2023-09-16,0.0,0.0,0.0,0.0,0.0272064208984375,0.0185089111328125
2023-09-17,7.9630126953125,3.9392318725585938,11.254371643066406,8.556205749511719,6.893516540527344,6.7679595947265625
2023-09-18,0.197021484375,0.591094970703125,0.073944091796875,0.0690155029296875,0.0074462890625,0.1016693115234375
2023-09-19,0.7098312377929688,0.4334335327148437,0.7120361328125,0.3285980224609375,5.269279479980469,1.1700515747070312
2023-09-20,0.0702362060546875,7.62939453125e-06,0.1051712036132812,0.0037307739257812,0.0020599365234375,0.115386962890625
2023-09-21,0.0496368408203125,0.0072784423828125,0.0309295654296875,0.0,0.0008392333984375,0.0
2023-09-22,25.65557098388672,21.393783569335938,30.267601013183597,30.15362548828125,23.30845642089844,25.75347137451172
2023-09-23,10.4705810546875,10.4498291015625,10.856674194335938,16.829177856445312,9.4351806640625,10.807022094726562
2023-09-24,0.0062026977539062,0.0038070678710937,0.0,0.0,3.164886474609375,0.00640869140625
2023-09-25,0.0,0.0,0.0,0.0,0.000396728515625,0.0
2023-09-26,0.0,0.0,0.0,7.62939453125e-06,0.2597885131835937,0.0
2023-09-27,0.021636962890625,0.009033203125,0.0,0.022735595703125,0.2357635498046875,0.478179931640625
2023-09-28,0.4759254455566406,0.291900634765625,0.1441764831542968,0.2078094482421875,0.0143508911132812,0.3333473205566406
2023-09-29,1.037872314453125,4.81170654296875,1.841270446777344,1.5797271728515625,0.0,0.519073486328125
2023-09-30,0.0,0.0,0.0,0.0054588317871093,0.0,0.0
2023-10-01,7.62939453125e-06,0.0,0.0,7.62939453125e-06,0.0,0.0
2023-10-02,0.184295654296875,0.4757080078125,0.0408935546875,0.025054931640625,0.0123291015625,0.0
2023-10-03,0.4883193969726562,0.2343292236328125,3.4660720825195312,3.33917236328125,0.1317138671875,1.64288330078125
2023-10-04,0.0111770629882812,0.0083198547363281,0.145050048828125,0.0653114318847656,0.0183334350585937,0.2765464782714844
2023-10-05,0.0,0.0,0.002777099609375,0.0,0.0010299682617187,0.007354736328125
2023-10-06,0.0626068115234375,0.6765823364257812,0.1957168579101562,0.272003173828125,0.0,0.0256423950195312
2023-10-07,0.0760726928710937,0.2551498413085937,0.1653671264648437,0.0451812744140625,0.0,0.0518264770507812
2023-10-08,0.4333419799804687,0.8921356201171875,0.2249221801757812,0.403167724609375,0.10455322265625,0.0621185302734375
2023-10-09,0.0,0.0,0.0,0.0,0.0003814697265625,0.0
2023-10-10,7.62939453125e-06,0.0034713745117187,0.0,0.0,7.62939453125e-06,0.000946044921875
2023-10-11,0.0,0.0083160400390625,0.0,0.0,0.0,0.0128173828125
2023-10-12,0.0,0.0,0.0,0.0,0.0,0.0
2023-10-13,3.8291168212890634,2.659980773925781,1.8953323364257808,0.859375,2.6990280151367188,2.0081710815429688
2023-10-14,0.0125885009765625,0.0212020874023437,0.3884658813476562,0.2763748168945312,1.4989013671875,1.4582748413085938
2023-10-15,0.0,0.0,0.3330535888671875,0.1148834228515625,2.476776123046875,3.4753952026367188
2023-10-16,0.0,0.0,0.0,0.0,0.0,0.0
2023-10-17,1.0997467041015625,0.6894378662109375,2.0889892578125,1.347686767578125,1.657135009765625,0.732696533203125
2023-10-18,0.016326904296875,0.0,2.303070068359375,0.053314208984375,2.0509796142578125,0.261383056640625
2023-10-19,8.818328857421875,4.413177490234375,15.001327514648438,3.0757293701171875,24.0279541015625,4.5873870849609375
2023-10-20,0.077728271484375,0.3230438232421875,0.855987548828125,0.4215087890625,8.784652709960938,11.761993408203123
2023-10-21,0.0119094848632812,0.0,0.1502304077148437,0.0,0.0128173828125,0.0
2023-10-22,0.0,0.0,0.0,0.0077743530273437,0.0,0.0152587890625
2023-10-23,3.56640625,0.927947998046875,7.764862060546875,3.2865447998046875,54.80195617675781,31.083084106445312
2023-10-24,0.01739501953125,0.0173416137695312,0.5080108642578125,0.3590545654296875,8.564926147460938,0.8664016723632812
2023-10-25,0.9032135009765624,0.8634872436523438,7.353355407714844,2.929794311523437,49.41191101074219,36.72711181640625
2023-10-26,0.2768707275390625,0.205810546875,0.3941650390625,0.0037384033203125,2.5245513916015625,0.0424346923828125
2023-10-27,0.0,0.0034637451171875,0.0018310546875,0.0,0.0080184936523437,0.006683349609375
2023-10-28,7.62939453125e-06,0.0,0.0,0.0,0.0,7.62939453125e-06
2023-10-29,0.272247314453125,0.12738037109375,6.5816192626953125,8.764236450195312,56.08111572265625,15.965957641601562
2023-10-30,0.0014114379882812,0.0,0.0,0.0,0.8414840698242188,0.57232666015625
2023-10-31,3.751319885253906,7.17864990234375,4.977310180664063,2.26519775390625,9.728286743164062,6.5171966552734375
2023-11-01,11.308448791503906,6.9784698486328125,26.732833862304688,6.295379638671875,44.10299682617188,37.52166748046875
2023-11-02,0.141937255859375,0.33990478515625,3.3104705810546875,3.2065887451171875,13.611190795898438,11.939132690429688
2023-11-03,9.208541870117188,3.904632568359375,15.669876098632812,4.13671875,44.367279052734375,42.7818603515625
2023-11-04,7.62939453125e-06,0.0,0.0256195068359375,0.0,2.355804443359375,0.3023605346679687
2023-11-05,1.0458602905273438,1.1754302978515625,3.0487136840820312,0.403106689453125,8.627311706542969,2.7362823486328125
2023-11-06,22.07212829589844,12.627593994140623,13.178054809570312,18.236862182617188,28.085037231445312,29.25719451904297
2023-11-07,0.0,0.0,0.0,0.0,3.814697265625e-06,0.0125961303710937
2023-11-08,0.901123046875,0.770782470703125,10.69223403930664,6.841667175292969,33.96508026123047,29.921955108642575
2023-11-09,10.902809143066406,10.09100341796875,16.294097900390625,6.900291442871094,28.615379333496094,32.04900360107422
2023-11-10,0.4166107177734375,0.2297210693359375,2.6646652221679688,1.1505126953125,0.9474105834960938,0.8631439208984375
2023-11-11,0.0003509521484375,0.0353546142578125,0.0058059692382812,0.0,0.0,0.0065078735351562
2023-11-12,0.0,0.0,0.0732574462890625,0.0,0.7249984741210938,0.1917190551757812
2023-11-13,12.983917236328123,17.531959533691406,8.569175720214844,7.687149047851562,12.993888854980469,8.880287170410156
2023-11-14,0.0045242309570312,0.0052032470703125,0.0,0.0,0.00518798828125,0.0
2023-11-15,7.314231872558594,5.392906188964844,4.323699951171875,6.383399963378906,30.0069580078125,20.78404235839844
2023-11-16,1.5048294067382812,4.190681457519531,2.524208068847656,1.842529296875,0.061065673828125,1.14984130859375
2023-11-17,0.0541229248046875,0.2134628295898437,0.1233367919921875,0.1211776733398437,0.0,0.0769271850585937
2023-11-18,0.0,7.62939453125e-06,0.0018157958984375,0.0,7.62939453125e-06,0.0
2023-11-19,11.106292724609377,11.707275390625,11.631942749023438,5.9937591552734375,20.66499328613281,41.1336669921875
2023-11-20,12.537689208984377,13.128135681152344,18.15811920166016,11.157241821289062,17.072731018066406,17.859169006347656
2023-11-21,0.2964630126953125,0.3659515380859375,0.19329833984375,0.1295013427734375,0.6405487060546875,0.3318939208984375
2023-11-22,15.539337158203123,13.835891723632812,7.3532867431640625,2.9377899169921875,19.01963806152344,13.5587158203125
2023-11-23,11.13372039794922,19.66322326660156,28.042869567871094,30.78618621826172,27.86383819580078,41.47848510742188
2023-11-24,1.2647781372070312,2.595161437988281,0.8748550415039062,0.96051025390625,0.0276947021484375,0.569915771484375
2023-11-25,0.3110504150390625,0.4356231689453125,1.8452911376953125,0.2602081298828125,4.610748291015625,3.355560302734375
2023-11-26,16.486526489257812,11.145278930664062,42.61448669433594,26.36786651611328,65.12102508544922,66.21452331542969
2023-11-27,2.592880249023437,2.322174072265625,1.41595458984375,2.6401443481445312,6.1194915771484375,1.6898422241210938
2023-11-28,0.0093917846679687,0.000701904296875,3.940834045410156,1.550018310546875,31.982208251953125,16.939163208007812
2023-11-29,0.079742431640625,0.0062713623046875,6.357810974121094,1.1768951416015625,33.62957763671875,34.83953094482422
2023-11-30,1.3129119873046875,1.24212646484375,9.635116577148438,2.342926025390625,32.72772216796875,16.092361450195312
2023-12-01,2.9722213745117188,2.6146697998046875,2.3866424560546875,1.0742416381835938,3.864212036132813,2.020751953125
2023-12-02,0.0221672058105468,0.038177490234375,0.0496406555175781,0.03814697265625,0.0074348449707031,0.0316886901855468
2023-12-03,0.106689453125,0.0721664428710937,0.1026153564453125,0.06884765625,0.1972274780273437,0.4017868041992187
2023-12-04,1.7050094604492188,1.79058837890625,2.2957916259765625,1.3302764892578125,5.9777374267578125,4.5292816162109375
2023-12-05,7.8125,8.285110473632812,6.022430419921875,3.3144073486328125,2.6037673950195312,2.166961669921875
2023-12-06,0.1771240234375,0.5179824829101562,0.1907424926757812,0.3119354248046875,0.0,0.0367507934570312
2023-12-07,0.0,0.0,0.0,0.0002899169921875,0.0022430419921875,0.001220703125
2023-12-08,4.38153076171875,5.327392578125,7.929061889648437,5.834259033203125,7.8143310546875,6.2591705322265625
2023-12-09,0.6990509033203125,0.8493270874023438,0.7802886962890625,1.1636505126953125,0.2507553100585937,0.6226272583007812
2023-12-10,3.5409889221191406,2.3099098205566406,7.691425323486328,3.952617645263672,3.427013397216797,5.129695892333984
2023-12-11,0.3676071166992187,0.014251708984375,7.445167541503906,0.10467529296875,38.82173156738281,11.063369750976562
2023-12-12,14.381088256835938,15.473182678222656,11.15288543701172,13.773643493652344,32.429832458496094,39.5352783203125
2023-12-13,2.720001220703125,4.829795837402344,5.645675659179688,4.450782775878906,1.6870574951171875,5.546730041503906
2023-12-14,1.0468978881835938,2.97357177734375,1.9452590942382808,0.9360733032226562,0.1724700927734375,0.25140380859375
2023-12-15,0.0014190673828125,0.0069351196289062,0.052337646484375,0.046905517578125,0.0,0.0
2023-12-16,0.0,7.62939453125e-06,0.0,0.0,0.0,0.0
2023-12-17,0.0,0.0,7.62939453125e-06,7.62939453125e-06,0.0,0.0
2023-12-18,0.300689697265625,0.1705398559570312,0.0339279174804687,0.0181655883789062,0.0041122436523437,0.0
2023-12-19,0.3621597290039062,0.3361129760742187,0.9450607299804688,0.406219482421875,0.073883056640625,0.3709945678710937
2023-12-20,11.566970825195312,13.30609130859375,3.2374725341796875,6.445625305175781,6.08575439453125,3.6783599853515625
2023-12-21,0.0379180908203125,0.05609130859375,0.072662353515625,0.00115966796875,0.2300262451171875,0.0876312255859375
2023-12-22,0.0,0.0,0.0064239501953125,0.0011444091796875,0.0189361572265625,0.0206756591796875
2023-12-23,0.0,0.0,0.0,0.0,0.0,0.0
2023-12-24,0.0,0.0,0.0018234252929687,0.0,0.0,0.0
2023-12-25,0.0,0.00311279296875,0.0,0.0,0.0,0.0
2023-12-26,0.0,0.0013961791992187,0.0,0.0018692016601562,0.0,0.0
2023-12-27,0.0,0.0,0.0,0.0,0.0,0.0
2023-12-28,0.0,0.0,0.0,0.0,0.0,0.0
2023-12-29,3.814697265625e-06,0.0,0.00555419921875,0.0,0.0169296264648437,0.0
2023-12-30,2.956504821777344,2.418701171875,2.5055465698242188,0.3000869750976562,10.88213348388672,4.106101989746094
2023-12-31,0.1008071899414062,0.2981491088867187,0.6870803833007812,0.718597412109375,3.181503295898437,2.61083984375
2024-01-01,0.9931259155273438,1.1087265014648438,2.666748046875,2.0957489013671875,8.574897766113281,3.4175796508789062
2024-01-02,1.1941604614257812,2.036849975585937,0.8625640869140625,0.3922805786132812,13.957923889160156,7.13641357421875
2024-01-03,0.0293350219726562,0.0,0.7916259765625,0.0,1.4724960327148438,0.169921875
2024-01-04,0.4202346801757812,1.3482742309570312,3.3163833618164062,1.7114791870117188,8.667518615722656,6.363670349121094
2024-01-05,2.540733337402344,8.022697448730469,6.638923645019531,6.794898986816406,26.58589172363281,21.34527587890625
2024-01-06,7.444541931152344,7.3298187255859375,7.9328765869140625,7.174484252929688,16.069412231445312,17.94133758544922
2024-01-07,0.6559829711914062,1.4959640502929688,0.5463409423828125,0.3707656860351562,0.0482940673828125,0.1925888061523437
2024-01-08,0.090850830078125,0.0589141845703125,0.0561447143554687,0.0166778564453125,0.0010223388671875,0.007354736328125
2024-01-09,0.0,0.0,0.0,0.0,0.0,0.0
2024-01-10,0.2363433837890625,0.6553421020507812,0.3397979736328125,0.224853515625,0.00640869140625,0.1191787719726562
2024-01-11,0.08038330078125,0.1283340454101562,0.0788650512695312,0.094940185546875,0.0,0.0128250122070312
2024-01-12,0.0,0.0,0.0061798095703125,0.0,0.4016571044921875,0.039947509765625
2024-01-13,0.6315765380859375,0.664581298828125,5.887008666992188,0.8030242919921875,29.34809875488281,35.94097900390625
2024-01-14,3.1545333862304688,3.978828430175781,2.5195388793945312,2.415283203125,0.5531539916992188,1.1947784423828125
2024-01-15,0.0424041748046875,0.327239990234375,3.65570068359375,0.3583602905273437,19.93183898925781,11.99054718017578
2024-01-16,0.6343154907226562,0.2632980346679687,14.78339385986328,6.938682556152344,66.76131439208984,32.57585906982422
2024-01-17,7.610282897949219,11.419273376464844,11.419105529785156,7.751922607421875,25.87859344482422,13.141830444335938
2024-01-18,7.386024475097656,7.955276489257812,16.94500732421875,13.036102294921877,22.67427062988281,28.599830627441406
2024-01-19,0.0181083679199218,0.0291748046875,0.053741455078125,0.0477294921875,0.0,3.814697265625e-06
2024-01-20,0.0,0.0,0.0,0.0,0.0,0.0
2024-01-21,0.234130859375,0.5660552978515625,0.6018295288085938,0.3789291381835937,0.0128173828125,0.0512847900390625
2024-01-22,0.0083465576171875,0.144775390625,0.0731430053710937,0.2217330932617187,0.0,0.0403594970703125
2024-01-23,2.3396530151367188,1.5482330322265625,0.6019287109375,0.488800048828125,0.0723876953125,0.470367431640625
2024-01-24,0.0152587890625,0.0569381713867187,0.0048484802246093,0.0,3.814697265625e-06,0.0
2024-01-25,0.9499893188476562,1.9567337036132808,0.873443603515625,0.8267059326171875,0.111419677734375,0.8004074096679688
2024-01-26,0.8948211669921875,2.3597412109375,1.6529617309570312,2.3840484619140625,0.158966064453125,1.3491134643554688
2024-01-27,0.3133468627929687,1.2743072509765625,0.5254058837890625,0.5932235717773438,0.0243682861328125,0.1032028198242187
2024-01-28,0.0,0.0031166076660156,0.012939453125,0.0135383605957031,0.0010261535644531,0.000946044921875
2024-01-29,0.0007171630859375,0.0072784423828125,0.0,0.0038986206054687,0.00640869140625,0.006134033203125
2024-01-30,0.0360107421875,0.108154296875,0.0,0.0,0.0,0.0
2024-01-31,0.8145980834960938,2.912384033203125,2.115219116210937,1.2064971923828125,0.0446243286132812,0.3499603271484375
2024-02-01,7.62939453125e-06,0.0,0.0,0.0,0.0,7.62939453125e-06
2024-02-02,0.0,0.0,0.0,7.62939453125e-06,0.0,0.0
2024-02-03,0.0,7.62939453125e-06,0.0,0.0,0.0,0.0
2024-02-04,0.0,0.0,0.012939453125,0.0,0.02783203125,0.0037994384765625
2024-02-05,0.0,0.0,0.018402099609375,0.0,0.42938232421875,0.0098876953125
2024-02-06,0.0072784423828125,0.0,0.1920623779296875,0.0027313232421875,2.6979217529296875,0.1311416625976562
2024-02-07,0.0041732788085937,0.0,0.1845626831054687,0.0,1.947113037109375,0.1837310791015625
2024-02-08,6.52459716796875,3.31231689453125,21.47651672363281,7.074249267578125,11.470466613769531,9.4085693359375
2024-02-09,7.3729248046875,3.15728759765625,28.616485595703125,11.257339477539062,50.59541320800781,29.87690734863281
2024-02-10,1.2488861083984375,1.7306594848632812,0.581939697265625,0.5651168823242188,5.503204345703125,1.9327163696289065
2024-02-11,3.8689117431640634,4.084381103515625,3.2044906616210938,3.3433609008789062,0.029022216796875,0.9646530151367188
2024-02-12,0.7058792114257812,1.1056747436523438,0.7127609252929688,1.4900741577148438,0.0179519653320312,0.473663330078125
2024-02-13,7.62939453125e-06,0.0,0.0,0.0,7.62939453125e-06,7.62939453125e-06
2024-02-14,0.0,0.0,0.0,0.0,0.0,0.0
2024-02-15,0.0,0.0,0.0,0.0,0.0,0.0
2024-02-16,0.2105712890625,0.9019699096679688,0.212646484375,0.1224288940429687,0.0003814697265625,0.0139007568359375
2024-02-17,0.0471649169921875,0.0333175659179687,0.0884933471679687,0.0368728637695312,0.0,0.0032501220703125
2024-02-18,2.6425743103027344,4.484764099121094,2.1608619689941406,2.030235290527344,0.0655517578125,0.6880950927734375
2024-02-19,0.3529777526855469,0.8837356567382812,0.1282577514648437,0.4716148376464844,0.0865020751953125,0.0064125061035156
2024-02-20,0.0,0.0,0.00555419921875,0.0,0.149688720703125,0.024200439453125
2024-02-21,0.155059814453125,0.1165237426757812,3.7027664184570312,0.504119873046875,20.13047790527344,9.356193542480469
2024-02-22,5.7475128173828125,1.7563705444335938,43.40960693359375,11.779312133789062,60.12257385253906,46.90126800537109
2024-02-23,0.7119293212890625,0.3803253173828125,6.10546875,1.161224365234375,6.518035888671875,4.1378021240234375
2024-02-24,0.2457122802734375,0.2273712158203125,0.2159271240234375,0.230194091796875,0.3796539306640625,0.0575103759765625
2024-02-25,0.01275634765625,0.1429290771484375,0.057373046875,0.0048980712890625,0.7379608154296875,0.4472503662109375
2024-02-26,0.0,0.0,0.0266494750976562,0.0,0.13031005859375,0.1526336669921875
2024-02-27,0.718292236328125,1.12200927734375,2.0539779663085938,1.29705810546875,4.407920837402344,3.3803253173828125
2024-02-28,0.731353759765625,1.0464324951171875,2.2354278564453125,2.0489654541015625,6.8336944580078125,6.793380737304688
2024-02-29,0.202239990234375,0.04296875,0.31951904296875,0.6413040161132812,1.2913970947265625,0.422271728515625
2024-03-01,0.3517913818359375,0.3834228515625,0.4715728759765625,0.6439971923828125,1.4802017211914062,0.3629608154296875
2024-03-02,2.697418212890625,3.6788482666015625,6.236480712890625,4.08319091796875,20.49896240234375,10.07977294921875
2024-03-03,3.1237030029296875,4.4250335693359375,5.34881591796875,11.049301147460938,5.197677612304688,9.873733520507812
2024-03-04,4.989112854003906,4.976787567138672,3.2376251220703125,2.5008583068847656,5.82672119140625,1.7901382446289062
2024-03-05,6.120025634765625,7.640373229980469,6.923828125,3.7552337646484375,5.558319091796875,3.101791381835937
2024-03-06,5.752067565917969,6.213386535644531,3.033515930175781,4.156654357910156,0.5870819091796875,1.7204055786132812
2024-03-07,2.378257751464844,2.0674819946289062,6.188507080078125,0.9080886840820312,19.472915649414062,12.894012451171877
2024-03-08,0.0915603637695312,0.0,1.011383056640625,0.0796737670898437,5.037925720214844,4.212867736816406
2024-03-09,12.610519409179688,7.287261962890625,24.68207550048828,13.885772705078123,39.98601531982422,33.34455871582031
2024-03-10,2.4416275024414062,6.2967071533203125,3.8722457885742183,3.6590805053710938,12.963706970214844,2.462959289550781
2024-03-11,2.4958267211914062,5.430778503417969,2.4379806518554688,3.3330307006835938,0.7845535278320312,1.195404052734375
2024-03-12,0.4997940063476562,2.9107437133789062,0.8814163208007812,2.1171951293945312,0.2245101928710937,0.3219070434570312
2024-03-13,0.1735305786132812,0.2222900390625,0.2192764282226562,0.0865745544433593,0.0544624328613281,0.0470848083496093
2024-03-14,4.282451629638672,3.857372283935547,4.241889953613281,2.769325256347656,1.7838859558105469,2.395332336425781
2024-03-15,3.40948486328125,5.418933868408203,2.4889144897460938,3.2006759643554688,0.6535873413085938,0.3253097534179687
2024-03-16,6.732593536376953,6.892135620117188,2.8856353759765625,1.2922592163085938,2.3655357360839844,0.802032470703125
2024-03-17,5.425071716308594,5.292732238769531,7.298912048339844,6.351486206054688,7.432563781738281,9.217971801757812
2024-03-18,0.0,0.0,0.0,0.0,0.0,0.0128173828125
2024-03-19,0.0,0.0045166015625,0.0,0.0018768310546875,0.0074462890625,0.002716064453125
2024-03-20,0.8611984252929688,1.21539306640625,0.8113555908203125,0.9489517211914062,0.3410110473632812,1.2950668334960938
2024-03-21,0.0045242309570312,0.042999267578125,0.0532760620117187,0.0118179321289062,0.4284133911132812,0.109466552734375
2024-03-22,17.766098022460938,18.921173095703125,14.901092529296877,11.497093200683594,39.834228515625,23.98596954345703
2024-03-23,0.7540168762207031,2.634552001953125,1.508869171142578,2.6463546752929688,6.406757354736328,6.000232696533203
2024-03-24,2.121158599853516,4.882335662841797,7.397953033447266,2.8277359008789062,17.18541717529297,17.065250396728516
2024-03-25,3.3379364013671875,0.6203155517578125,16.08118438720703,5.2995452880859375,45.52277374267578,21.54327392578125
2024-03-26,2.773277282714844,3.057357788085937,4.0404815673828125,6.090347290039063,5.305305480957031,10.181678771972656
2024-03-27,0.0,7.62939453125e-06,0.00555419921875,0.0037460327148437,0.0,7.62939453125e-06
2024-03-28,7.62939453125e-06,0.0,7.62939453125e-06,7.62939453125e-06,0.0,0.0
2024-03-29,0.0,0.0,0.0,0.0,0.0,0.0
2024-03-30,1.8521575927734373,0.0332794189453125,3.710357666015625,0.0839996337890625,9.120880126953123,1.4387664794921875
2024-03-31,2.2466354370117188,3.1245651245117188,3.344917297363281,3.9163894653320312,3.798126220703125,2.4398269653320312
2024-04-01,0.0,0.0,0.0,0.0,0.0,0.0
2024-04-02,0.2472267150878906,0.172760009765625,0.1218833923339843,0.0331306457519531,0.0962486267089843,0.2114982604980468
2024-04-03,0.0003509521484375,0.0,0.0030288696289062,3.814697265625e-06,0.0313148498535156,0.0815238952636718
2024-04-04,0.0045394897460937,0.0,0.0,0.0,0.0160446166992187,0.0471725463867187
2024-04-05,0.0,0.0270156860351562,0.0,0.0529632568359375,0.0007705688476562,0.20513916015625
2024-04-06,0.0,0.0,0.0,0.0,0.0,0.0
2024-04-07,0.0,0.0,0.0,0.0,0.0,0.2281608581542968
2024-04-08,0.08251953125,0.0672683715820312,0.036407470703125,0.0,0.0,0.0
2024-04-09,0.0090560913085937,0.0,0.023223876953125,0.0,0.0003814697265625,0.0
2024-04-10,0.13031005859375,0.1580123901367187,0.0432624816894531,0.0624008178710937,0.0427970886230468,0.0256423950195312
2024-04-11,0.0052337646484375,0.0169906616210937,0.0509796142578125,0.0797958374023437,0.002105712890625,0.1067657470703125
2024-04-12,0.0030975341796875,0.00311279296875,0.0,0.0027313232421875,0.0053863525390625,0.002166748046875
2024-04-13,0.0,0.0,0.0091171264648437,0.0,0.0,0.0
2024-04-14,6.568077087402344,0.8818130493164062,7.596641540527344,2.28717041015625,44.17403411865234,16.953357696533203
2024-04-15,8.838394165039062,9.467750549316406,17.15164566040039,15.018253326416016,39.3017463684082,27.324020385742188
2024-04-16,4.177665710449219,2.911949157714844,5.111030578613281,2.7369461059570312,2.622764587402344,4.444793701171875
2024-04-17,0.5708541870117188,1.6180038452148438,2.5751495361328125,1.3467788696289062,0.3597335815429687,1.3445968627929688
2024-04-18,2.103092193603516,2.7287559509277344,1.2433586120605469,1.2408828735351562,3.162212371826172,2.5335617065429688
2024-04-19,13.913436889648438,17.638778686523438,18.61563873291016,11.295181274414062,14.162429809570312,16.938568115234375
2024-04-20,0.1509475708007812,0.0478477478027343,0.025299072265625,0.0522193908691406,0.03961181640625,0.0002708435058593
2024-04-21,6.339035034179688,6.634090423583984,5.150970458984375,5.501819610595703,9.173583984375,4.292640686035156
2024-04-22,1.0657424926757812,0.80499267578125,1.0778083801269531,0.2442855834960937,6.292083740234375,1.0198478698730469
2024-04-23,5.428077697753906,3.6718978881835938,3.88741683959961,3.603832244873047,5.383148193359375,4.617946624755859
2024-04-24,0.2258682250976562,0.3134918212890625,1.187774658203125,0.3188362121582031,1.2188072204589844,0.5274581909179688
2024-04-25,0.3672561645507812,0.7390937805175781,0.8213157653808594,0.239288330078125,0.06549072265625,0.8126716613769531
2024-04-26,0.0,0.0332794189453125,3.814697265625e-06,0.0,0.0,0.0128211975097656
2024-04-27,7.62939453125e-06,0.0,7.62939453125e-06,0.0,0.0386581420898437,0.0
2024-04-28,0.0,0.0,0.0,0.0,0.0,0.0
2024-04-29,0.3529853820800781,3.00088119506836,1.206695556640625,0.4793357849121094,1.8661613464355469,1.6576995849609375
2024-04-30,0.5999908447265625,1.667266845703125,2.656822204589844,0.9937820434570312,10.092414855957031,3.299041748046875
2024-05-01,5.980949401855469,14.777992248535156,7.044914245605469,11.17011260986328,7.344947814941406,6.033195495605469
2024-05-02,1.7729568481445312,8.513641357421875,3.1174545288085938,4.299140930175781,4.6795806884765625,6.1924591064453125
2024-05-03,1.4715652465820312,0.4764862060546875,1.1874771118164062,0.8212814331054688,0.436614990234375,2.2817916870117188
2024-05-04,0.214019775390625,0.1381378173828125,0.5030441284179688,1.2048110961914062,0.6778488159179688,1.0552139282226562
2024-05-05,4.276252746582031,2.71240234375,0.342987060546875,0.4696807861328125,0.0210418701171875,0.2326736450195312
2024-05-06,9.388298034667969,7.288135528564453,4.741233825683594,5.648845672607422,2.4234161376953125,3.845024108886719
2024-05-07,18.612945556640625,18.380126953125,21.901775360107425,24.282028198242188,8.579071044921875,15.563030242919922
2024-05-08,0.7598915100097656,0.1264419555664062,2.1392059326171875,1.3971672058105469,1.4134597778320312,4.792552947998047
2024-05-09,0.0124092102050781,0.0228691101074218,0.0455360412597656,0.0109214782714843,0.6284103393554688,0.1794967651367187
2024-05-10,5.00677490234375,4.908672332763672,4.540073394775391,3.212543487548828,3.9915771484375,2.3153305053710938
2024-05-11,0.20538330078125,0.2128677368164062,0.2454147338867187,0.3912353515625,1.3845977783203125,0.47802734375
2024-05-12,14.274299621582031,11.26291275024414,5.551959991455078,5.006252288818359,4.0517120361328125,5.881740570068359
2024-05-13,4.767799377441406,6.5601959228515625,4.2962493896484375,4.1552581787109375,1.1422500610351562,2.131866455078125
2024-05-14,2.314788818359375,4.487335205078125,2.093536376953125,3.01666259765625,1.893798828125,3.60174560546875
2024-05-15,0.44500732421875,0.1005477905273437,0.3011474609375,0.0362701416015625,0.300048828125,0.1188125610351562
2024-05-16,0.2655181884765625,0.107269287109375,0.330413818359375,0.15509033203125,0.0390548706054687,0.1581878662109375
2024-05-17,7.078704833984375,6.212066650390625,5.8906097412109375,4.974021911621094,5.824188232421875,6.963279724121094
2024-05-18,3.742645263671875,3.732963562011719,2.101791381835937,3.639114379882813,0.4425888061523437,0.939178466796875
2024-05-19,1.5504379272460938,1.2898406982421875,1.2087478637695312,1.858154296875,6.456207275390625,2.8553695678710938
2024-05-20,13.827552795410156,5.735603332519531,1.5611419677734375,2.143135070800781,4.2574462890625,0.98052978515625
2024-05-21,0.8957672119140625,2.9232177734375,2.9633560180664062,1.1246566772460938,1.921104431152344,3.146812438964844
2024-05-22,0.5467605590820312,1.9753952026367188,0.6699295043945312,0.6186904907226562,0.51177978515625,1.246429443359375
2024-05-23,2.517871856689453,2.9667930603027344,3.673583984375,4.3065032958984375,6.777984619140625,3.44803237915039
2024-05-24,11.062156677246094,18.33533477783203,16.03215789794922,11.2523193359375,19.5836181640625,7.854171752929687
2024-05-25,1.7319869995117188,0.9188880920410156,3.959896087646485,2.5222930908203125,11.836528778076172,2.3180809020996094
2024-05-26,1.399028778076172,1.3501319885253906,1.1449546813964844,1.962909698486328,5.261238098144531,2.4369354248046875
2024-05-27,2.6615219116210938,4.844524383544922,1.5902976989746094,3.208911895751953,9.6417236328125,2.207218170166016
2024-05-28,6.72796630859375,4.619960784912109,3.9754638671875,3.21170425415039,4.818931579589844,2.594879150390625
2024-05-29,0.3896026611328125,0.1738510131835937,3.066444396972656,0.0800933837890625,8.003059387207031,2.1847152709960938
2024-05-30,0.1629562377929687,0.0,2.7616958618164062,0.0754013061523437,10.53376007080078,6.389549255371094
2024-05-31,2.998153686523437,4.782493591308594,2.7544403076171875,1.227935791015625,0.8636627197265625,0.3399810791015625
2024-06-01,9.1912841796875,7.043220520019531,1.7462387084960938,0.642486572265625,2.9605255126953125,0.4298553466796875
2024-06-02,0.0454444885253906,0.0048675537109375,0.049163818359375,0.0014533996582031,0.0,0.0061416625976562
2024-06-03,3.2341270446777344,4.147006988525391,5.920726776123047,1.93194580078125,0.7336502075195312,0.5613784790039062
2024-06-04,0.0041732788085937,0.028076171875,0.0,0.0,0.2916717529296875,0.7153167724609375
2024-06-05,0.009033203125,0.0249557495117187,0.2258071899414062,0.0299224853515625,0.0811309814453125,0.2516403198242187
2024-06-06,0.2043685913085937,0.5138778686523438,0.5819549560546875,0.4125289916992187,0.0523529052734375,1.3870773315429688
2024-06-07,0.3362884521484375,0.2204551696777343,0.7474327087402344,0.0943756103515625,1.0523109436035156,0.6890335083007812
2024-06-08,0.3587799072265625,0.0069236755371093,1.1128463745117188,0.3436279296875,0.0179595947265625,0.6855659484863281
2024-06-09,0.1891250610351562,0.3735580444335937,0.0182342529296875,0.0,0.0128250122070312,0.0
2024-06-10,1.9733734130859373,5.509490966796875,0.81500244140625,0.2821578979492187,0.0230941772460937,0.1923141479492187
2024-06-11,10.755989074707031,9.792701721191406,4.02545166015625,2.369476318359375,4.424201965332031,1.0260772705078125
2024-06-12,5.016845703125,9.989044189453123,2.184761047363281,1.95379638671875,0.8011550903320312,1.1984786987304688
2024-06-13,0.0031051635742187,0.0,0.0060577392578125,0.03179931640625,0.0,0.0137710571289062
2024-06-14,0.0782928466796875,0.3246307373046875,0.4646530151367187,0.2281875610351562,0.5358047485351562,0.8814544677734375
2024-06-15,0.1151046752929687,0.8582077026367188,0.4397506713867187,0.0782012939453125,0.1113128662109375,0.6702957153320312
2024-06-16,0.0,0.02496337890625,0.1294364929199218,0.0161209106445312,0.0837211608886718,0.0971107482910156
2024-06-17,0.0,0.0,0.0,0.0,0.0,0.0
2024-06-18,0.0,0.0,3.814697265625e-06,3.814697265625e-06,0.0,0.0
2024-06-19,0.0,0.1683883666992187,0.0,0.0,0.0374832153320312,0.0477218627929687
2024-06-20,0.3030548095703125,0.0124969482421875,0.2655792236328125,0.0254745483398437,0.2737197875976562,0.3389053344726562
2024-06-21,0.7869796752929688,1.936927795410156,0.3481292724609375,1.4171066284179688,0.0,0.0030670166015625
2024-06-22,5.028358459472656,4.4323577880859375,8.295799255371094,9.977806091308594,2.081611633300781,3.7449874877929688
2024-06-23,15.865089416503906,18.35826110839844,1.284881591796875,1.1395263671875,1.4608535766601562,2.078460693359375
2024-06-24,1.68121337890625,2.6884307861328125,4.705894470214844,1.39697265625,20.63169860839844,3.080596923828125
2024-06-25,9.633567810058594,10.192489624023438,6.365058898925781,7.236434936523437,2.66522216796875,2.9652175903320312
2024-06-26,1.5560073852539062,6.846611022949219,3.1803054809570312,2.7975082397460938,1.6097412109375,4.0957794189453125
2024-06-27,1.610370635986328,2.8786773681640625,2.1559371948242188,2.4577865600585938,1.5923728942871094,1.9896469116210935
2024-06-28,0.0397567749023437,0.0,0.1944351196289062,0.0,0.0,0.0641098022460937
2024-06-29,0.0062026977539062,0.0332794189453125,0.0383148193359375,0.0,0.0,0.0256423950195312
2024-06-30,18.614112854003903,20.42426300048828,11.34295654296875,11.082267761230469,18.744468688964844,6.978675842285156
2024-07-01,0.0665359497070312,0.72027587890625,0.3048248291015625,1.3984832763671875,0.7358016967773438,2.2652816772460938
2024-07-02,0.094635009765625,0.1663970947265625,0.1619796752929687,0.02703857421875,0.0962066650390625,0.3768081665039062
2024-07-03,0.0142974853515625,0.0332794189453125,0.0,0.0,0.0084152221679687,0.0137710571289062
2024-07-04,0.0,0.0,0.0,0.0,0.0,3.814697265625e-06
2024-07-05,0.0,0.0,0.0,0.0,0.0,0.0128173828125
2024-07-06,0.8749771118164062,1.1626663208007812,0.385406494140625,0.2919921875,0.0020523071289062,0.3005752563476562
2024-07-07,0.2334976196289062,0.3543205261230469,0.4466819763183594,0.1503982543945312,0.0804939270019531,0.0641059875488281
2024-07-08,0.00762939453125,0.0214996337890625,0.0102386474609375,0.0049057006835937,0.0,0.0
2024-07-09,0.0,0.0041618347167968,0.0054740905761718,0.00762939453125,0.0793724060058593,0.0422554016113281
2024-07-10,0.0,0.0499191284179687,0.2688446044921875,0.0030288696289062,0.4415130615234375,0.4644088745117187
2024-07-11,0.0031051635742187,0.0499191284179687,0.0204010009765625,0.0236053466796875,0.32427978515625,1.4113540649414062
2024-07-12,0.0204696655273437,0.2263717651367187,0.5651016235351562,0.684539794921875,0.00616455078125,1.0137710571289062
2024-07-13,0.0003585815429687,0.216094970703125,0.0,0.0048980712890625,0.0191802978515625,0.2317352294921875
2024-07-14,0.4230117797851562,0.0748825073242187,1.2204055786132812,0.04034423828125,0.4894180297851562,2.7874984741210938
2024-07-15,0.3752021789550781,0.505279541015625,0.4730110168457031,2.243961334228516,1.2058143615722656,0.952556610107422
2024-07-16,1.333038330078125,1.79150390625,9.3907470703125,1.7624130249023438,0.438629150390625,2.1370162963867188
2024-07-17,1.53314208984375,1.6349258422851562,1.789154052734375,1.3740921020507812,1.1565933227539062,1.8989715576171875
2024-07-18,7.241710662841797,15.46318817138672,5.044773101806641,4.956230163574219,0.7791328430175781,1.3248176574707031
2024-07-19,0.4739761352539062,4.912818908691406,0.390289306640625,0.403900146484375,0.8835372924804688,0.4539718627929687
2024-07-20,0.0435943603515625,0.1381034851074218,1.2319602966308594,0.5178871154785156,2.921733856201172,0.9305953979492188
2024-07-21,1.205413818359375,1.29229736328125,1.8461685180664065,1.3472671508789062,0.562713623046875,1.7683868408203125
2024-07-22,8.20257568359375,16.405746459960938,11.532081604003906,9.842048645019531,5.9037933349609375,4.210044860839844
2024-07-23,0.1765975952148437,0.209320068359375,0.8143348693847656,0.7545051574707031,0.0276947021484375,0.3407516479492187
2024-07-24,0.0,0.0,0.0,0.0060577392578125,0.0,0.0
2024-07-25,0.0,0.0,0.0,0.0,0.0,0.0
2024-07-26,0.0,0.004150390625,0.0,0.0,0.0,0.0
2024-07-27,0.3989715576171875,1.13079833984375,0.872161865234375,0.856689453125,0.0870895385742187,1.2569198608398438
2024-07-28,0.0041656494140625,0.0003509521484375,0.0,0.0,0.0,0.0
2024-07-29,0.0,0.0,0.0,0.0,0.0,0.0
2024-07-30,0.0,0.0,0.0,0.0,0.0,0.0
2024-07-31,1.3007888793945312,5.552970886230469,4.046318054199219,1.068023681640625,0.1909332275390625,1.142242431640625
2024-08-01,3.642189025878906,4.929862976074219,9.682510375976562,5.70367431640625,0.79620361328125,3.260986328125
2024-08-02,0.0500869750976562,0.0,0.0,0.0218429565429687,0.1094131469726562,0.32403564453125
2024-08-03,0.013824462890625,0.2503280639648437,0.1697006225585937,0.1025390625,0.154144287109375,0.6168365478515625
2024-08-04,0.082733154296875,0.0967864990234375,1.48565673828125,1.1150131225585938,0.2997589111328125,1.0950241088867188
2024-08-05,0.0,0.0,0.0036468505859375,0.0,0.065765380859375,0.0
2024-08-06,4.0047454833984375,3.13214111328125,8.425949096679688,5.002784729003906,0.5298080444335938,7.016834259033203
2024-08-07,0.2399940490722656,0.7028961181640625,0.3068885803222656,0.2425804138183593,0.2573356628417969,1.0054969787597656
2024-08-08,0.0,0.0,0.0030288696289062,0.0,0.0,0.0
2024-08-09,0.0,0.0,0.0,0.0,0.0,0.0
2024-08-10,0.0,0.0,0.0,0.0,0.0,0.0
2024-08-11,0.0,0.00311279296875,0.0058059692382812,0.0,0.0,0.0769271850585937
2024-08-12,0.4095077514648437,0.6283111572265625,0.0166702270507812,0.5368537902832031,0.0020523071289062,0.1666755676269531
2024-08-13,0.0,0.0367507934570312,0.0,0.0060577392578125,0.0020599365234375,0.1410293579101562
2024-08-14,0.16357421875,1.5978851318359375,0.5518951416015625,0.3081741333007812,0.0010299682617187,0.3345260620117187
2024-08-15,0.0,2.1625518798828125,1.8946456909179688,0.0615463256835937,0.353973388671875,1.630615234375
2024-08-16,1.7303314208984375,1.512359619140625,0.709075927734375,3.014923095703125,0.061309814453125,0.4375457763671875
2024-08-17,6.556510925292969,13.193313598632812,2.3927001953125,7.789024353027344,14.457794189453123,12.916458129882812
2024-08-18,10.936073303222656,7.149917602539063,5.70758056640625,8.117172241210938,11.42352294921875,7.687187194824219
2024-08-19,5.660636901855469,4.696907043457031,3.209785461425781,2.4708175659179688,3.7846755981445312,3.950408935546875
2024-08-20,0.5634231567382812,1.13519287109375,1.2947006225585938,1.2846527099609375,1.5194854736328125,1.5967483520507812
2024-08-21,0.0682487487792968,0.0582389831542968,0.0,0.0,0.0276908874511718,0.0128211975097656
2024-08-22,0.0,0.0,0.0,0.0,0.0169296264648437,0.0256423950195312
2024-08-23,0.0,0.0003509521484375,0.0078811645507812,0.0,0.0020523071289062,0.0655059814453125
2024-08-24,0.0159683227539062,0.03118896484375,0.3583526611328125,0.3979873657226562,0.947418212890625,0.8067779541015625
2024-08-25,2.7328033447265625,6.033843994140625,2.720550537109375,1.5791244506835938,1.9078140258789065,1.7369918823242188
2024-08-26,2.0203781127929688,2.3452377319335938,3.424507141113281,2.386268615722656,1.4856796264648438,2.5523223876953125
2024-08-27,1.0105743408203125,7.745182037353516,2.1083526611328125,7.199779510498047,0.8229560852050781,7.517055511474609
2024-08-28,1.77191162109375,4.5839385986328125,5.563591003417969,3.481201171875,2.994735717773437,7.294090270996094
2024-08-29,0.4642715454101562,2.009017944335937,1.737213134765625,1.36065673828125,2.159698486328125,2.448646545410156
2024-08-30,0.2189102172851562,0.3246688842773437,0.8950576782226562,0.62652587890625,0.1688156127929687,0.743988037109375
2024-08-31,0.0,0.00311279296875,0.0,0.0,0.0,0.007354736328125
2024-09-01,0.0400772094726562,0.0513381958007812,1.0010452270507812,0.0391921997070312,1.2634506225585938,2.237022399902344
2024-09-02,0.4247589111328125,0.025665283203125,1.2085609436035156,1.3504905700683594,1.8402328491210935,5.0481719970703125
2024-09-03,1.2662200927734375,0.7377090454101562,0.238922119140625,0.5720367431640625,0.589569091796875,0.710662841796875
2024-09-04,10.275833129882812,2.8915557861328125,3.3955307006835938,2.9697799682617188,3.1663131713867188,2.082138061523437
2024-09-05,0.5498504638671875,6.17034912109375,0.2581787109375,0.889556884765625,0.1437835693359375,1.2431640625
2024-09-06,0.0014114379882812,0.1186676025390625,0.0689010620117187,0.1637039184570312,0.1200790405273437,0.1318206787109375
2024-09-07,2.451240539550781,1.7357330322265625,7.537979125976562,4.675437927246094,18.57120513916016,13.628150939941406
2024-09-08,7.806610107421875,10.273674011230469,14.948112487792969,18.093978881835938,10.241935729980469,33.95867156982422
2024-09-09,0.197662353515625,0.7340621948242188,0.450225830078125,0.9772109985351562,0.0420074462890625,0.865997314453125
2024-09-10,0.0869369506835937,0.2170562744140625,1.3638763427734375,1.1044464111328125,6.911346435546875,7.940330505371094
2024-09-11,19.1358642578125,12.034408569335938,18.57828521728516,8.893623352050781,45.14555358886719,22.958465576171875
2024-09-12,10.128662109375,14.302001953125,21.56884765625,15.554168701171877,21.586090087890625,10.264053344726562
2024-09-13,7.30108642578125,8.031753540039062,2.479583740234375,3.9725341796875,2.945343017578125,2.8096160888671875
2024-09-14,1.3692779541015625,1.4615936279296875,1.031494140625,0.653839111328125,0.459259033203125,1.0260162353515625
2024-09-15,0.1093826293945312,0.3839569091796875,0.8894805908203125,0.177001953125,2.2809829711914062,0.22662353515625
2024-09-16,2.3116226196289062,6.308296203613281,6.027145385742188,7.570457458496094,8.241409301757812,1.597900390625
2024-09-17,9.935821533203123,7.224822998046875,9.077804565429688,6.5101470947265625,14.642547607421877,7.239456176757812
2024-09-18,4.8087921142578125,9.29535675048828,3.9411849975585938,5.063209533691406,8.330291748046875,1.849647521972656
2024-09-19,0.0049591064453125,0.0045166015625,0.1415252685546875,0.04010009765625,0.6094818115234375,0.1011276245117187
2024-09-20,0.0,0.0031204223632812,0.0330886840820312,0.0,0.0,0.1697921752929687
2024-09-21,0.0310211181640625,0.0,0.0,0.0,0.1698837280273437,0.0128173828125
2024-09-22,0.5947952270507812,0.8141632080078125,1.09375,0.2981109619140625,5.401115417480469,3.8814697265625
2024-09-23,0.15130615234375,0.0416259765625,0.1290130615234375,0.1468353271484375,1.5455780029296875,0.893218994140625
2024-09-24,7.62939453125e-06,7.62939453125e-06,0.0877151489257812,0.0,1.406982421875,0.0703353881835937
2024-09-25,0.0,0.0,0.0092010498046875,0.0,0.0,0.0
2024-09-26,0.5106735229492188,0.5149688720703125,1.3817291259765625,0.0791473388671875,1.896942138671875,2.3498687744140625
2024-09-27,14.850555419921877,18.584701538085938,9.51264190673828,16.474761962890625,3.297569274902344,3.5216064453125
2024-09-28,0.01739501953125,0.0333099365234375,0.2958221435546875,0.1709213256835937,0.0,0.1672134399414062
2024-09-29,0.0,0.0,0.0055618286132812,7.62939453125e-06,0.0107650756835937,0.0013504028320312
2024-09-30,0.0007095336914062,0.0,0.0024032592773437,0.0029067993164062,0.3615875244140625,0.041351318359375
2024-10-01,6.841827392578125,7.2463531494140625,24.07089233398437,7.993316650390625,33.99163818359375,24.13959503173828
2024-10-02,5.8473052978515625,4.891128540039063,31.67051696777344,15.87908935546875,66.89015197753906,51.14338684082031
2024-10-03,0.44403076171875,1.875823974609375,0.605743408203125,0.18115234375,3.46136474609375,2.109039306640625
2024-10-04,7.69384765625,9.735305786132812,9.659942626953123,5.9813079833984375,9.405685424804688,5.164474487304688
2024-10-05,0.0,0.0107421875,0.0073776245117187,0.0,0.00640869140625,0.0061416625976562
2024-10-06,0.0,0.0,0.0,0.0,0.0,7.62939453125e-06
2024-10-07,1.96563720703125,5.03167724609375,4.55450439453125,1.85931396484375,21.84332275390625,8.787704467773438
2024-10-08,0.0445938110351562,0.0,1.310455322265625,0.0194473266601562,8.54888916015625,1.6508865356445312
2024-10-09,8.134567260742188,5.605880737304688,8.052604675292969,6.3663177490234375,10.174110412597656,8.326995849609375
2024-10-10,0.4675140380859375,0.5069427490234375,0.94268798828125,0.873077392578125,0.010498046875,0.38995361328125
2024-10-11,0.0,0.0,0.0,0.0,0.06475830078125,0.0
2024-10-12,0.0,0.0,0.0,0.0,0.0,0.000946044921875
2024-10-13,0.0083465576171875,0.0332794189453125,0.0,0.0,0.0,0.0166168212890625
2024-10-14,0.0110855102539062,0.0083389282226562,0.0,0.0,0.00640869140625,0.0128173828125
2024-10-15,0.003814697265625,0.00311279296875,0.038299560546875,0.0,0.0,0.0458221435546875
2024-10-16,0.4096832275390625,0.8635406494140625,4.715377807617188,1.5847320556640625,0.6345977783203125,2.7282257080078125
2024-10-17,0.624664306640625,0.0766143798828125,2.0691375732421875,0.415740966796875,1.7056121826171875,0.3737945556640625
2024-10-18,0.0,0.0,0.0,0.0,0.0,0.0
2024-10-19,0.0,0.0,0.0,0.0,0.0,0.0
2024-10-20,0.0,0.0,0.0,0.0,0.0,0.0
2024-10-21,0.0,0.0,0.0,0.0,0.0,0.0
2024-10-22,0.0,0.0,0.0,0.0,0.0,0.0
2024-10-23,0.0,0.0083160400390625,0.737884521484375,0.0,0.0,0.0422515869140625
2024-10-24,0.0,0.0478286743164062,0.0363311767578125,0.0,0.00616455078125,0.3718109130859375
2024-10-25,0.0,0.0,7.62939453125e-06,0.0,0.0,0.0128173828125
2024-10-26,0.0,0.0,0.0,0.0,0.0362091064453125,0.119171142578125
2024-10-27,0.0062103271484375,0.0235595703125,0.1536788940429687,0.059967041015625,0.0796051025390625,0.20477294921875
2024-10-28,0.0,0.0007171630859375,0.0,0.0054473876953125,0.0052642822265625,0.2349395751953125
2024-10-29,0.0,0.0086822509765625,0.0060577392578125,0.027069091796875,0.0,0.000946044921875
2024-10-30,0.0,0.0,0.0,0.0,0.0,0.0
2024-10-31,0.267974853515625,0.7175140380859375,0.1326141357421875,0.216461181640625,0.0,0.0
2024-11-01,0.2239456176757812,0.53448486328125,0.2421112060546875,0.2508010864257812,0.0,0.0
2024-11-02,0.0,0.0,0.0,0.0,0.0,0.0
2024-11-03,0.0,0.0,0.0,0.0,0.0,0.0
2024-11-04,0.0,0.0,0.0,0.0,0.0,0.0
2024-11-05,0.0,0.0,0.0,0.0,0.0,0.0
2024-11-06,0.0,0.0,0.0,0.0,0.0,0.0
2024-11-07,0.0,0.0,0.0,0.0,0.0,0.0
2024-11-08,0.0,0.0,0.0,0.0,0.0,0.0
2024-11-09,0.0083465576171875,0.0194091796875,0.0,0.0060577392578125,0.0,0.0
2024-11-10,0.0083465576171875,0.0214920043945312,7.62939453125e-06,0.0244598388671875,0.0,0.0
2024-11-11,0.034423828125,0.1210479736328125,7.0742034912109375,8.54644775390625,6.3386077880859375,6.93896484375
2024-11-12,1.1594085693359375,4.516357421875,8.186347961425781,11.08747100830078,18.534835815429688,20.137420654296875
2024-11-13,0.3799362182617187,0.8390045166015625,0.5079345703125,0.2789459228515625,2.1272964477539062,0.3320388793945312
2024-11-14,0.043853759765625,0.0644989013671875,0.081268310546875,0.1063003540039062,0.00762939453125,0.0
2024-11-15,0.0,0.0,0.0,0.0,0.0,0.0
2024-11-16,0.3753890991210937,0.5206680297851562,0.010650634765625,0.0,0.0,0.0
2024-11-17,0.2057647705078125,2.294677734375,2.678047180175781,0.349273681640625,9.38726806640625,8.234375
2024-11-18,20.52295684814453,18.63714599609375,24.088836669921875,21.56463623046875,62.37445068359375,44.496917724609375
2024-11-19,2.46746826171875,3.565025329589844,4.910987854003906,3.899627685546875,6.614349365234375,12.99640655517578
2024-11-20,25.646392822265625,26.43775177001953,58.09856414794922,47.32128143310547,92.6205825805664,76.6209487915039
2024-11-21,0.0,0.0,0.0,0.0152587890625,0.353302001953125,2.2473907470703125
2024-11-22,0.0,0.0,0.0,0.0,0.0,0.0
2024-11-23,0.0072784423828125,0.0,0.0,0.0,0.0010299682617187,0.0002670288085937
2024-11-24,0.0,0.0,0.0,0.0,0.0,0.0
2024-11-25,0.0,0.0,0.0073776245117187,0.0,0.0,0.00640869140625
2024-11-26,0.0,0.0,0.0322952270507812,0.01092529296875,0.63970947265625,0.1967315673828125
2024-11-27,13.594001770019531,11.672348022460938,13.383796691894531,9.970947265625,16.235877990722656,18.83165740966797
2024-11-28,10.11762237548828,14.80878448486328,15.788070678710938,19.06952667236328,15.507698059082031,14.538444519042969
2024-11-29,2.024169921875,3.4958648681640625,7.3261260986328125,9.116294860839844,14.976242065429688,20.99376678466797
2024-11-30,0.1249542236328125,0.0595855712890625,0.0152587890625,0.012939453125,0.0,0.0318756103515625
2024-12-01,0.0438995361328125,0.016632080078125,0.10699462890625,0.01397705078125,0.025634765625,0.0073699951171875
2024-12-02,0.1697311401367187,0.5279922485351562,1.0008316040039062,0.787109375,4.077995300292969,3.7403564453125
2024-12-03,8.76483154296875,10.989303588867188,11.406005859375,8.602676391601562,16.1287841796875,18.23280334472656
2024-12-04,0.0500564575195312,0.0811843872070312,0.464324951171875,0.09613037109375,5.352813720703125,12.361984252929688
2024-12-05,0.03118896484375,1.0041580200195312,3.368927001953125,2.241905212402344,4.4285888671875,8.845932006835938
2024-12-06,4.383766174316406,8.185722351074219,14.807960510253906,7.239494323730469,26.954734802246094,21.588882446289062
2024-12-07,0.0911178588867187,0.0768661499023437,0.930572509765625,0.5384368896484375,11.378326416015623,3.623847961425781
2024-12-08,0.8873672485351562,1.01385498046875,2.3325424194335938,1.599456787109375,7.195068359375,2.3598861694335938
2024-12-09,3.635330200195313,3.791572570800781,4.117973327636719,2.809783935546875,2.0979766845703125,4.099708557128906
2024-12-10,0.3394622802734375,0.7199554443359375,0.2164154052734375,0.1876602172851562,0.100433349609375,0.4876861572265625
2024-12-11,0.0030975341796875,0.0034637451171875,0.0,0.0,0.0,0.0
2024-12-12,3.2746734619140625,1.5995712280273438,6.532341003417969,1.3794631958007812,15.4503173828125,12.038162231445312
2024-12-13,2.2111892700195312,3.850494384765625,5.185798645019531,3.07232666015625,4.99285888671875,6.448036193847656
2024-12-14,0.0815505981445312,0.1510238647460937,0.0668563842773437,0.0715103149414062,0.0,0.0641021728515625
2024-12-15,0.0,0.0,0.0,0.0,0.0,0.0
2024-12-16,0.0,0.0,0.0,0.0,0.0,0.0
2024-12-17,0.0,0.0,0.0157089233398437,0.0,0.0404586791992187,0.002166748046875
2024-12-18,15.666793823242188,22.976638793945312,21.36872100830078,15.169219970703123,40.84031677246094,26.59271240234375
2024-12-19,5.436897277832031,10.281761169433594,7.110252380371094,5.769157409667969,2.5504302978515625,2.2624664306640625
2024-12-20,0.80157470703125,0.41326904296875,2.179779052734375,0.4641876220703125,1.2318267822265625,2.378852844238281
2024-12-21,8.342910766601562,10.335296630859377,28.35875701904297,11.681236267089844,38.53382873535156,36.55133056640625
2024-12-22,3.980522155761719,5.34765625,3.650352478027344,3.822227478027344,0.5168914794921875,1.5325851440429688
2024-12-23,4.274383544921875,11.525474548339844,1.8069000244140625,2.1981430053710938,0.95452880859375,2.812652587890625
2024-12-24,0.66082763671875,2.51629638671875,1.055084228515625,1.005889892578125,0.7206878662109375,1.5673828125
2024-12-25,0.0021209716796875,0.1834259033203125,0.04638671875,0.126617431640625,0.0268402099609375,0.074859619140625
2024-12-26,7.62939453125e-06,0.0,0.0,7.62939453125e-06,7.62939453125e-06,0.0
2024-12-27,0.001068115234375,0.0,0.0,0.0018768310546875,0.0,0.00640869140625
2024-12-28,0.0,0.0,0.0,0.0,0.0,0.0
2024-12-29,0.0,0.0,0.0,0.0,0.0,0.0
2024-12-30,0.0,0.0,0.0,0.0,0.0,0.0
2024-12-31,0.0,0.0,0.0388031005859375,0.0027313232421875,0.2098464965820312,0.1982269287109375
