0,1,2,3,4,5,6
,,,,,,
2019-01-01,0.6001205444335938,1.0086135864257812,0.57421875,0.34747314453125,0.0138473510742187,0.1443710327148437
2019-01-02,5.007232666015625,6.599639892578125,4.729450225830078,4.239238739013672,1.6609001159667969,4.772529602050781
2019-01-03,3.7762527465820312,7.734642028808594,3.3204879760742188,3.064781188964844,0.463043212890625,1.5523452758789062
2019-01-04,1.5632476806640625,2.5264892578125,2.3314132690429688,1.81280517578125,0.3799972534179687,0.874359130859375
2019-01-05,2.3661880493164062,2.7271499633789062,1.3596649169921875,1.1365814208984375,0.1024551391601562,0.40765380859375
2019-01-06,4.896583557128906,8.503959655761719,3.098579406738281,4.483901977539063,0.3896255493164062,1.9467697143554688
2019-01-07,1.6963577270507812,3.276435852050781,1.3351898193359375,1.826942443847656,0.163818359375,0.8145904541015625
2019-01-08,2.0279998779296875,2.0365447998046875,1.7431793212890625,1.1087493896484375,1.6927261352539062,1.1958770751953125
2019-01-09,8.102630615234375,8.935150146484375,23.23004150390625,15.41754150390625,27.912109375,24.035812377929688
2019-01-10,12.895050048828123,18.20136260986328,15.682106018066406,15.278289794921877,17.67072296142578,19.319725036621094
2019-01-11,1.1082763671875,1.6054916381835938,0.6634788513183594,0.6220932006835938,0.0116691589355468,0.1354331970214843
2019-01-12,0.4417991638183594,0.5284690856933594,0.2492904663085937,0.3160972595214844,0.0,0.0187797546386718
2019-01-13,0.207733154296875,0.4632110595703125,0.3861579895019531,0.43328857421875,0.0914382934570312,0.3832321166992187
2019-01-14,6.557960510253906,7.5471343994140625,5.124427795410156,3.8280029296875,6.060188293457031,3.474800109863281
2019-01-15,0.7191314697265625,1.1006927490234375,0.2218704223632812,0.2538909912109375,0.003204345703125,0.0389404296875
2019-01-16,0.0,0.0,0.0,0.0,0.0,0.0
2019-01-17,0.0015506744384765,0.0,0.0561771392822265,0.0,0.2423515319824218,0.0463848114013671
2019-01-18,0.6308631896972656,0.9586334228515624,1.246868133544922,0.312469482421875,11.695072174072266,5.218109130859375
2019-01-19,0.5659408569335938,1.0517082214355469,4.038864135742188,2.4311256408691406,9.962989807128906,6.660594940185547
2019-01-20,1.2647590637207031,1.5685958862304688,2.286834716796875,0.2356452941894531,6.802371978759766,5.0643310546875
2019-01-21,0.2727775573730469,0.1605873107910156,1.0647659301757812,0.2308883666992187,0.6080093383789062,0.6386985778808594
2019-01-22,3.470649719238281,4.138671875,12.219245910644531,3.5663375854492188,32.85984802246094,19.046295166015625
2019-01-23,0.1171035766601562,0.0284652709960937,1.2332382202148438,0.2925262451171875,7.176933288574219,3.1200714111328125
2019-01-24,3.4751739501953125,5.236137390136719,3.1691970825195312,5.109748840332031,3.644699096679688,4.89129638671875
2019-01-25,20.788116455078125,24.56653594970703,20.32941436767578,24.56951141357422,15.0338134765625,21.135238647460938
2019-01-26,3.742511749267578,4.153934478759766,2.207748413085937,3.0974273681640625,0.2474098205566406,0.902618408203125
2019-01-27,0.0003547668457031,0.00762939453125,0.2970237731933594,0.0112190246582031,0.8907012939453125,0.1734886169433593
2019-01-28,4.828285217285156,2.9207992553710938,19.42372131347656,8.133071899414062,39.78861999511719,29.482421875
2019-01-29,3.668155670166016,1.4307937622070312,2.9409141540527344,1.019916534423828,5.088447570800781,2.9151268005371094
2019-01-30,0.0187149047851562,0.0222015380859375,0.2068405151367187,0.0798568725585937,2.0151519775390625,0.7319183349609375
2019-01-31,0.1330490112304687,0.2893600463867187,1.5671310424804688,0.4837722778320312,9.480201721191406,4.110008239746094
2019-03-01,0.0041732788085937,0.0159835815429687,0.0084991455078125,0.0,0.0,0.102569580078125
2019-03-02,1.1589813232421875,1.6298484802246094,0.627655029296875,1.0224609375,0.0,0.10784912109375
2019-03-03,0.1308021545410156,0.1203536987304687,0.00762939453125,0.0759124755859375,0.0,0.0005416870117187
2019-03-04,0.0,0.0,0.0,0.0,0.0,0.0
2019-03-05,0.3584976196289062,0.8030166625976562,0.6243705749511719,0.053436279296875,5.15625,1.4223480224609375
2019-03-06,0.0,0.0034713745117187,0.0036468505859375,0.0,0.1047592163085937,0.0024375915527343
2019-03-07,0.0,0.0,0.0,0.0,0.0,0.0
2019-03-08,1.1863975524902344,0.1379051208496093,0.0669136047363281,0.0,0.1608924865722656,0.0
2019-03-09,0.650177001953125,1.0760459899902344,2.2720909118652344,1.9950065612792969,7.867435455322266,1.385417938232422
2019-03-10,0.0,0.0,0.0782737731933593,0.0,1.0596847534179688,0.1070785522460937
2019-03-11,18.21142196655273,22.093711853027344,21.009296417236328,14.672405242919922,33.52032470703125,26.741191864013672
2019-03-12,3.07107162475586,5.139743804931641,6.180763244628906,5.251544952392578,5.473762512207031,9.004531860351562
2019-03-13,0.0,0.0,0.0139350891113281,0.0,0.0,0.0
2019-03-14,1.2925529479980469,1.4522209167480469,4.075778961181641,2.076118469238281,3.9846267700195312,5.323169708251953
2019-03-15,0.2267265319824218,0.3577766418457031,0.1895904541015625,0.25439453125,0.0210304260253906,0.0954818725585937
2019-03-16,0.0,0.0065841674804687,0.0,0.0,0.0,0.0
2019-03-17,0.0,0.0,0.0036468505859375,0.0,0.021026611328125,0.0
2019-03-18,0.0072746276855468,0.0041580200195312,0.1708869934082031,0.0,2.126201629638672,0.041351318359375
2019-03-19,0.5507125854492188,0.2390480041503906,0.373870849609375,0.6111221313476562,0.0410232543945312,0.0137252807617187
2019-03-20,0.087015151977539,0.0593166351318359,0.2012252807617187,0.0753707885742187,0.0514698028564453,0.1847763061523437
2019-03-21,0.0072784423828125,0.00762939453125,0.00762939453125,0.0,0.0,0.00640869140625
2019-03-22,0.0,0.0,0.0,0.0,0.0,0.0
2019-03-23,0.0,0.0,0.0,0.0,0.0,0.0
2019-03-24,0.0,0.0,0.0,0.0,0.0,0.0
2019-03-25,0.0,0.0,0.0,0.0,0.0,0.0
2019-03-26,1.1875362396240234,1.612104415893555,0.5646266937255859,0.1816482543945312,0.4828834533691406,0.4645729064941406
2019-03-27,0.0,0.0,0.0036468505859375,0.0,0.1520881652832031,1.0397491455078125
2019-03-28,0.0,0.0,0.0,0.0,0.0,0.0
2019-03-29,0.0,0.0,0.0,0.0,0.0,0.0
2019-03-30,0.0,0.0,0.0,0.0,0.0,0.0
2019-03-31,0.0,0.0,0.0,0.0,0.0,0.0
2019-04-01,0.0,0.0,0.0,0.0,0.0,0.0
2019-04-02,0.331298828125,0.3450393676757812,0.5902442932128906,0.8509445190429688,0.1410179138183593,0.2377166748046875
2019-04-03,0.8137855529785156,2.048412322998047,0.8667716979980469,1.5853729248046875,4.816226959228516,3.4939956665039062
2019-04-04,0.1220703125,0.0225372314453125,0.5447616577148438,0.0755844116210937,1.6034164428710938,0.3597946166992187
2019-04-05,1.66925048828125,2.5246658325195312,8.289619445800781,1.9636306762695312,18.43061065673828,9.760757446289062
2019-04-06,0.7450408935546875,0.4089088439941406,0.7539138793945312,0.2623558044433594,0.5497360229492188,0.0588188171386718
2019-04-07,2.1764144897460938,1.1466712951660156,0.4793891906738281,1.3434333801269531,3.623821258544922,0.5902481079101562
2019-04-08,10.522457122802734,11.891433715820312,4.615406036376953,5.165309906005859,15.407562255859377,7.846416473388672
2019-04-09,14.22939682006836,16.615676879882812,14.533931732177734,20.525184631347656,7.628658294677734,12.899837493896484
2019-04-10,10.02398681640625,12.795570373535156,8.553054809570312,11.040088653564451,18.67102813720703,7.18475341796875
2019-04-11,2.010631561279297,4.273139953613281,0.6346549987792969,1.2708473205566406,5.135334014892578,0.6459121704101562
2019-04-12,3.1002197265625,7.149837493896484,3.943923950195313,6.222698211669922,4.389904022216797,3.841964721679688
2019-04-13,0.3985023498535156,0.7516899108886719,1.3000259399414062,0.7669105529785156,3.2954673767089844,0.4742889404296875
2019-04-14,0.8464584350585938,1.9391632080078125,2.4738845825195312,2.6419219970703125,3.165771484375,1.7290191650390625
2019-04-15,4.081699371337891,9.50484848022461,3.062461853027344,3.889728546142578,3.526416778564453,4.573799133300781
2019-04-16,0.4847259521484375,0.8868637084960938,0.3750190734863281,1.1166725158691406,0.9302215576171876,0.2510337829589844
2019-04-17,0.0010604858398437,0.3855018615722656,0.1832466125488281,0.1073112487792968,0.3454093933105469,0.1179542541503906
2019-04-18,3.874935150146485,2.157657623291016,2.816082000732422,2.460895538330078,0.167205810546875,1.993446350097656
2019-04-19,0.1338653564453125,0.50286865234375,0.4430160522460937,0.72802734375,0.0,0.0389633178710937
2019-04-20,0.0,0.0,0.0,0.0,0.0,0.0
2019-04-21,0.0,0.0,0.0036468505859375,0.0,0.2002143859863281,0.0189590454101562
2019-04-22,0.2265510559082031,0.0138931274414062,0.9489402770996094,0.4016494750976562,3.267494201660156,2.1871910095214844
2019-04-23,1.8931617736816408,1.4134063720703125,3.9858245849609375,3.416908264160156,12.58871841430664,6.796581268310547
2019-04-24,0.060302734375,0.7352828979492188,0.458221435546875,0.3404006958007812,2.9035415649414062,0.7650985717773438
2019-04-25,0.4213104248046875,0.13763427734375,0.164306640625,0.089599609375,0.0,0.0331802368164062
2019-04-26,0.0679359436035156,0.0,0.2460784912109375,0.0027313232421875,0.0,0.0585060119628906
2019-04-27,3.703601837158203,5.323215484619141,4.210273742675781,1.1937332153320312,20.33035659790039,3.0048065185546875
2019-04-28,2.8330841064453125,0.9630088806152344,0.6147308349609375,0.6699981689453125,0.154815673828125,0.0545310974121093
2019-04-29,10.329994201660156,6.8948974609375,9.226882934570312,2.8479080200195312,18.913619995117188,8.477912902832031
2019-04-30,7.5503082275390625,6.450786590576172,3.2488327026367188,3.089912414550781,14.580509185791016,8.195621490478516
2019-05-01,1.385150909423828,2.853504180908203,3.4927902221679688,2.387561798095703,7.7082366943359375,0.3483734130859375
2019-05-02,0.6289520263671875,2.1110076904296875,1.1669082641601562,0.3031120300292969,1.585296630859375,0.0651397705078125
2019-05-03,0.9507980346679688,0.3865509033203125,0.3537406921386719,0.0,1.9602088928222656,0.0166130065917968
2019-05-04,4.966876983642578,2.238876342773437,2.5343246459960938,1.482318878173828,14.31386947631836,7.121784210205078
2019-05-05,10.76968765258789,10.183258056640623,7.466033935546875,6.551803588867188,36.13959503173828,19.52239990234375
2019-05-06,10.288246154785156,9.838508605957031,11.84329605102539,7.632396697998047,16.08757781982422,5.255119323730469
2019-05-07,0.8502311706542969,1.5804061889648438,0.4862556457519531,0.8402137756347656,0.004425048828125,0.0444679260253906
2019-05-08,0.0,0.0,0.0,0.0,0.0,0.0
2019-05-09,4.564647674560547,5.402019500732422,4.533412933349609,3.573261260986328,31.357933044433597,5.934982299804688
2019-05-10,0.1111068725585937,0.3592071533203125,0.2575645446777344,0.0705032348632812,1.717609405517578,0.2710304260253906
2019-05-11,0.0007057189941406,0.0038223266601562,0.1742973327636718,0.0242271423339843,0.0,0.0018959045410156
2019-05-12,8.790679931640625,9.018699645996094,10.50849151611328,4.589988708496094,19.60590362548828,15.239051818847656
2019-05-13,11.801597595214844,13.533927917480469,17.454505920410156,14.39569091796875,26.23181915283203,24.198501586914062
2019-05-14,11.308879852294922,9.415325164794922,14.193950653076172,12.478996276855469,16.17165756225586,12.61736297607422
2019-05-15,1.979717254638672,2.9666786193847656,3.516151428222656,4.298480987548828,2.8144760131835938,0.4100837707519531
2019-05-16,1.6659164428710938,0.9504928588867188,11.170040130615234,9.33853530883789,12.067756652832031,2.947059631347656
2019-05-17,0.3100433349609375,0.6693840026855469,1.397991180419922,3.4069747924804688,0.6800346374511719,0.8734207153320312
2019-05-18,0.2093467712402343,0.0492439270019531,0.0972251892089843,0.0018692016601562,0.1572532653808593,0.0166130065917968
2019-05-19,1.0236778259277344,3.318061828613281,2.024486541748047,2.39028549194336,16.285118103027344,10.507369995117188
2019-05-20,0.0105247497558593,0.0679893493652343,3.40447998046875,0.6162681579589844,10.308708190917969,5.806404113769531
2019-05-21,0.6686553955078125,0.3006706237792969,0.6064491271972656,0.5731277465820312,4.852039337158203,0.8834152221679688
2019-05-22,3.363780975341797,6.281642913818359,1.7958984375,0.4356689453125,2.099334716796875,0.3295440673828125
2019-05-23,6.9044952392578125,12.4935302734375,6.084194183349609,2.4392967224121094,5.205448150634766,1.8504409790039065
2019-05-24,7.267482757568359,11.477916717529297,7.664657592773437,3.8608360290527344,9.368244171142578,10.146244049072266
2019-05-25,0.11236572265625,0.8585739135742188,0.1266975402832031,0.08306884765625,2.555240631103516,0.8177108764648438
2019-05-26,3.183258056640625,1.3214035034179688,3.0452194213867188,1.9542465209960935,3.60528564453125,3.6100997924804688
2019-05-27,10.607933044433594,9.663543701171877,18.22296142578125,11.141365051269531,35.82574462890625,23.136329650878903
2019-05-28,2.946941375732422,4.5671234130859375,8.775588989257812,3.5335845947265625,33.88078689575195,17.482677459716797
2019-05-29,2.8422393798828125,2.23089599609375,5.6826019287109375,2.1798095703125,34.5477294921875,11.80670166015625
2019-05-30,9.343841552734377,10.764690399169922,1.0997238159179688,1.3457412719726562,2.999862670898437,3.929363250732422
2019-05-31,1.1477699279785156,2.385059356689453,2.0738983154296875,8.923526763916016,1.0740318298339844,11.005054473876951
2019-06-01,6.228237152099609,8.608505249023438,7.381935119628906,5.750125885009766,4.630863189697266,1.043743133544922
2019-06-02,1.5118942260742188,2.697425842285156,6.496040344238281,13.333000183105469,8.345870971679688,11.299034118652344
2019-06-03,13.70648193359375,30.10731506347656,12.54546356201172,31.53775787353516,19.835487365722656,31.357933044433597
2019-06-04,6.802642822265625,12.153141021728516,8.576112747192383,5.888450622558594,12.61359977722168,14.992752075195312
2019-06-05,4.402172088623047,7.977485656738281,10.478900909423828,4.4738311767578125,7.759857177734375,8.548881530761719
2019-06-06,0.4621124267578125,4.09869384765625,0.1568069458007812,0.2170562744140625,0.4658889770507812,0.164642333984375
2019-06-07,0.0717048645019531,0.0326385498046875,0.2252120971679687,0.009796142578125,0.0,0.0788230895996093
2019-06-08,0.1555118560791015,1.1030559539794922,2.3372573852539062,0.3948822021484375,1.2178668975830078,1.0998382568359375
2019-06-09,0.0338706970214843,0.0062332153320312,0.3622703552246094,0.0353851318359375,0.0,0.0209465026855468
2019-06-10,0.3385162353515625,0.4520416259765625,0.4928741455078125,0.4211883544921875,0.210357666015625,0.87994384765625
2019-06-11,0.0390129089355468,0.3887710571289062,0.6947097778320312,0.1294097900390625,0.10064697265625,6.771991729736328
2019-06-12,0.1201095581054687,0.0003547668457031,0.0645637512207031,0.0168342590332031,0.0226058959960937,0.5260963439941406
2019-06-13,0.0,0.1601371765136718,0.0,0.0060577392578125,0.0,0.0
2019-06-14,0.0345802307128906,0.0056571960449218,0.0157585144042968,0.4495925903320312,0.0,0.1444587707519531
2019-06-15,0.0,0.0160980224609375,0.0,0.1336021423339843,0.0,0.1305580139160156
2019-06-16,9.39007568359375,4.835033416748047,7.995523452758789,5.88044548034668,3.854583740234375,8.159753799438477
2019-06-17,2.84659194946289,7.094978332519531,0.7952003479003906,3.783607482910156,6.907318115234375,2.90567398071289
2019-06-18,1.718851089477539,8.100936889648438,2.0385704040527344,3.9127273559570312,6.201883316040039,10.034393310546877
2019-06-19,0.0646934509277343,1.5748348236083984,3.6155872344970703,0.093393325805664,6.619211196899414,10.307634353637695
2019-06-20,2.909595489501953,3.3657798767089844,5.859432220458984,2.558307647705078,1.1670036315917969,10.136726379394531
2019-06-21,1.248394012451172,1.0406494140625,0.5476341247558594,0.6142501831054688,0.4612083435058594,0.2594375610351562
2019-06-22,0.1995391845703125,0.8958969116210938,0.976299285888672,0.1224441528320312,0.0488243103027343,1.3342514038085938
2019-06-23,0.3046989440917969,1.9323196411132808,0.2682647705078125,0.0,0.5541801452636719,0.13958740234375
2019-06-24,1.8382339477539065,6.517616271972656,2.5251197814941406,5.159889221191406,2.830513000488281,8.406719207763672
2019-06-25,3.1629562377929688,3.589027404785156,5.680511474609375,2.714927673339844,1.0271072387695312,3.791431427001953
2019-06-26,0.7097053527832031,1.7300796508789062,1.5730209350585938,1.7282180786132812,0.2035980224609375,3.27813720703125
2019-06-27,0.1326141357421875,0.2737197875976562,0.0,0.0030288696289062,0.0,0.0
2019-06-28,0.8403663635253906,2.276161193847656,0.1892280578613281,0.639862060546875,0.0811805725097656,0.6715202331542969
2019-06-29,0.0,0.0,0.0,0.0,0.0,0.0
2019-06-30,0.0,0.0,0.0,0.0,0.0,0.0
2019-07-01,0.0,0.0,0.0,0.0,0.0,0.0
2019-07-02,0.0459098815917968,0.0708351135253906,0.2391929626464843,0.0,0.2929496765136719,0.0
2019-07-03,1.4177894592285156,1.2189064025878906,2.751476287841797,3.689640045166016,0.0,0.0858573913574218
2019-07-04,10.615001678466797,4.067598342895508,9.81892204284668,5.330238342285156,0.0333919525146484,4.974857330322266
2019-07-05,0.3854408264160156,1.0324745178222656,2.776775360107422,0.9152183532714844,1.708576202392578,2.6938934326171875
2019-07-06,0.0,0.0,0.0066757202148437,0.0,0.0134830474853515,0.0581417083740234
2019-07-07,0.5412216186523438,1.564533233642578,0.354339599609375,0.0792922973632812,0.0187416076660156,0.6047134399414062
2019-07-08,0.1778831481933593,2.2740936279296875,3.003032684326172,0.9625205993652344,0.7212142944335938,3.875782012939453
2019-07-09,17.733863830566406,19.505313873291016,3.7834701538085938,3.975414276123047,4.258052825927734,2.0296669006347656
2019-07-10,11.684532165527344,14.55059051513672,19.19860076904297,16.867813110351562,16.332794189453125,37.3360595703125
2019-07-11,0.0,0.0,0.0060539245605468,0.0,0.0678215026855468,0.0002708435058593
2019-07-12,0.0,0.00311279296875,0.639862060546875,0.9268417358398438,0.5782470703125,2.8518829345703125
2019-07-13,7.510425567626953,13.890987396240234,13.380008697509766,3.213085174560547,0.9066925048828124,9.26081085205078
2019-07-14,2.9936180114746094,6.34002685546875,1.2497024536132812,2.637001037597656,0.0565032958984375,0.3926048278808594
2019-07-15,1.43865966796875,1.9903488159179688,0.8866653442382812,0.9996109008789062,0.4483566284179687,0.858245849609375
2019-07-16,0.00177001953125,0.0010604858398437,0.1172637939453125,0.0783843994140625,0.0563430786132812,1.74200439453125
2019-07-17,0.0,0.1053657531738281,0.0,0.0,0.0,0.0
2019-07-18,0.1609954833984375,0.2930412292480469,0.1429557800292968,0.0574111938476562,0.1108283996582031,0.2288360595703125
2019-07-19,3.030548095703125,6.89935302734375,2.6547393798828125,1.1882400512695312,0.2356452941894531,5.8696136474609375
2019-07-20,0.0529594421386718,0.5289192199707031,0.2123680114746093,0.1619758605957031,0.1692085266113281,1.0376548767089844
2019-07-21,0.0,0.0,0.0018234252929687,0.0,0.1078987121582031,0.0426597595214843
2019-07-22,4.57928466796875,14.994949340820312,6.196525573730469,4.457977294921875,0.0574951171875,5.675056457519531
2019-07-23,0.1368293762207031,1.351581573486328,0.7347564697265625,1.0410537719726562,0.0,0.0422096252441406
2019-07-24,0.1008262634277343,1.3320579528808594,0.2746047973632812,0.6557159423828125,0.0074386596679687,0.3428230285644531
2019-07-25,0.0,0.0041580200195312,0.0224685668945312,0.14044189453125,0.0,0.006683349609375
2019-07-26,0.0382499694824218,0.0415992736816406,0.1369590759277343,0.0,0.1849594116210937,0.093170166015625
2019-07-27,1.0593795776367188,1.864952087402344,2.207763671875,0.6732063293457031,0.0,2.7842979431152344
2019-07-28,2.73175048828125,1.8826217651367188,4.430267333984375,1.649322509765625,32.58580017089844,4.041633605957031
2019-07-29,12.171485900878906,18.043869018554688,9.990509033203123,4.564132690429688,28.38465881347656,17.21434783935547
2019-07-30,0.4311485290527344,1.8047447204589844,0.9396934509277344,2.0206527709960938,0.2995071411132812,1.2347869873046875
2019-07-31,0.725341796875,2.7447586059570312,1.0107192993164062,2.31854248046875,0.3817291259765625,3.82159423828125
2019-08-01,3.3093299865722656,4.203025817871094,4.667182922363281,1.5077171325683594,0.7769546508789062,3.982746124267578
2019-08-02,2.805755615234375,5.097259521484375,1.69873046875,0.3187065124511719,0.510345458984375,0.2265739440917968
2019-08-03,4.158962249755859,9.061256408691406,4.719146728515625,7.3860015869140625,3.52261734008789,11.255870819091797
2019-08-04,0.677947998046875,3.513046264648437,0.513031005859375,1.0587921142578125,0.00921630859375,0.8872604370117188
2019-08-05,0.0,0.0701103210449218,0.0365715026855468,0.0724372863769531,0.0123329162597656,0.0
2019-08-06,0.0,0.0,0.0018234252929687,0.0,0.0,0.0
2019-08-07,0.0,0.0,0.0054702758789062,0.0,0.0,0.0
2019-08-08,0.0,0.0,0.0,0.0,0.0,0.0
2019-08-09,0.2080459594726562,0.4060134887695312,0.1182785034179687,0.0037384033203125,0.0,0.0166168212890625
2019-08-10,0.0,0.0,0.0,0.0,0.0,0.0
2019-08-11,0.0,0.0,0.0,0.0,0.0,0.0
2019-08-12,0.0,0.0,0.0,0.0,0.0,0.0
2019-08-13,0.0527496337890625,0.0,0.0036468505859375,0.0,0.0,0.1865730285644531
2019-08-14,9.805706024169922,4.763423919677734,8.480331420898438,12.15127182006836,3.457996368408203,5.053668975830078
2019-08-15,0.8064689636230469,3.139225006103516,0.5043220520019531,0.5666885375976562,0.0143852233886718,0.38214111328125
2019-08-16,0.0,0.0,0.0,0.0,0.0780982971191406,0.0
2019-08-17,0.0,0.0132026672363281,0.004852294921875,0.0018692016601562,0.0,0.0018959045410156
2019-08-18,0.0,0.0,0.0,0.0,0.0,0.0
2019-08-19,0.0,0.0,0.0,0.0,0.0010261535644531,0.0
2019-08-20,0.0,0.0,0.0,0.0,0.066497802734375,0.0
2019-08-21,0.0,0.0,0.0,0.0,0.8040313720703125,0.0
2019-08-22,0.0416259765625,0.0118560791015625,0.0030288696289062,0.0,0.0,0.0
2019-08-23,0.4427947998046875,2.5476531982421875,0.1836509704589843,0.2078056335449218,0.00640869140625,0.5405616760253906
2019-08-24,4.611856460571289,5.051691055297852,6.131221771240234,4.768363952636719,3.0939712524414062,2.818511962890625
2019-08-25,4.498355865478516,13.967517852783203,6.061294555664063,3.76943588256836,2.405014038085937,2.7936973571777344
2019-08-26,4.8018341064453125,2.293376922607422,1.9720115661621092,0.64984130859375,0.973773956298828,2.932636260986328
2019-08-27,0.4223709106445312,0.7624549865722656,2.2427635192871094,2.901256561279297,0.6622886657714844,1.9766616821289065
2019-08-28,0.0,0.0003547668457031,0.0333786010742187,0.0,0.3655242919921875,0.0880775451660156
2019-08-29,0.0,0.0,0.06854248046875,0.0,0.0882720947265625,0.1070365905761718
2019-08-30,0.0,0.0,0.0060539245605468,0.0,0.009552001953125,0.1612129211425781
2019-08-31,1.879966735839844,2.3376197814941406,1.0228309631347656,0.1517524719238281,3.132884979248047,0.1868553161621093
2019-09-01,0.0,0.0,0.0,0.0,0.0084648132324218,0.0
2019-09-02,0.0,0.0,0.0121116638183593,0.0,0.0453643798828125,0.1063613891601562
2019-09-03,3.0361328125,2.5843276977539062,5.053016662597656,0.88970947265625,0.1821212768554687,1.7778053283691406
2019-09-04,1.0424118041992188,1.032379150390625,0.3682327270507812,0.1376266479492187,0.2755813598632812,0.0214004516601562
2019-09-05,0.1186180114746093,0.232513427734375,1.3400917053222656,0.1422004699707031,0.00616455078125,1.4467010498046875
2019-09-06,3.477161407470703,5.597526550292969,11.939952850341797,16.74306869506836,3.307994842529297,10.13088607788086
2019-09-07,0.6585311889648438,1.806549072265625,0.5167160034179688,0.9210586547851562,4.718620300292969,3.0405197143554688
2019-09-08,0.2262191772460937,0.4889602661132812,0.545684814453125,0.9003677368164062,2.0816192626953125,2.842559814453125
2019-09-09,0.0424232482910156,0.5611381530761719,1.0004844665527344,0.0590171813964843,5.939605712890625,2.90982437133789
2019-09-10,0.28436279296875,0.2975921630859375,0.071533203125,0.1759872436523437,0.044189453125,0.211822509765625
2019-09-11,0.2179183959960937,0.1227951049804687,0.4162826538085937,0.0450363159179687,12.508514404296877,0.0724105834960937
2019-09-12,0.0983352661132812,1.36468505859375,0.0651016235351562,0.151519775390625,0.0,0.519256591796875
2019-09-13,0.4694366455078125,0.28778076171875,1.3807373046875,0.5084991455078125,0.035125732421875,0.0736236572265625
2019-09-14,0.0034561157226562,0.0395278930664062,0.0798225402832031,0.0100631713867187,0.0,0.0
2019-09-15,0.0,0.0,0.0088348388671875,0.0,0.0,0.0
2019-09-16,0.0,0.0,0.0,0.0,0.0,0.0
2019-09-17,0.0,0.0,0.0,0.0,0.0,0.0
2019-09-18,1.9833831787109373,3.6491966247558594,1.47149658203125,0.2893447875976562,0.5816078186035156,0.0403594970703125
2019-09-19,1.1492233276367188,1.2004852294921875,2.290191650390625,0.396697998046875,7.4080810546875,5.656608581542969
2019-09-20,0.0,0.0,0.0,0.0,0.0,0.0
2019-09-21,0.0,0.0,0.0,0.0,0.0,0.0
2019-09-22,0.0,0.0,0.0,0.0,0.0,0.0
2019-09-23,6.965354919433594,5.927543640136719,17.277542114257812,16.24651336669922,27.980926513671875,22.466209411621094
2019-09-24,5.699867248535156,11.800636291503906,3.6531944274902335,2.919963836669922,9.54520034790039,10.921100616455078
2019-09-25,0.03466796875,0.1284446716308593,0.157501220703125,0.0030288696289062,1.6182861328125,1.6023635864257812
2019-09-26,1.7076187133789062,5.461509704589844,1.7347526550292969,1.0249862670898438,3.676475524902344,1.051898956298828
2019-09-27,0.0041732788085937,0.0385169982910156,0.01202392578125,0.0384597778320312,0.0,0.0474662780761718
2019-09-28,0.0067176818847656,0.0,0.0,0.0,0.0,0.0
2019-09-29,0.0007057189941406,0.0956001281738281,0.0018234252929687,0.0018692016601562,0.0,0.0
2019-09-30,0.1538047790527343,0.4322547912597656,0.0090827941894531,0.0,0.12420654296875,0.0
2019-10-01,0.2997932434082031,0.7765274047851562,0.4324951171875,0.7979660034179688,0.0,0.1306495666503906
2019-10-02,0.0,0.0,0.1872711181640625,0.0081939697265625,8.704246520996094,1.2984466552734375
2019-10-03,19.42294311523437,16.209030151367188,16.575225830078125,15.985000610351562,25.76293182373047,20.843536376953125
2019-10-04,0.074951171875,0.097076416015625,0.22088623046875,0.115509033203125,0.138824462890625,1.0340805053710938
2019-10-05,0.2854690551757812,0.2561721801757812,0.0548477172851562,0.1984634399414062,0.9488067626953124,0.07318115234375
2019-10-06,1.1926422119140625,2.3026046752929688,0.1530532836914062,0.4041595458984375,0.0,0.2001609802246093
2019-10-07,0.0,0.0,0.0,0.0030288696289062,0.0,0.0135879516601562
2019-10-08,0.0,0.0,0.0,0.0,0.0,0.0
2019-10-09,0.0003547668457031,0.0,0.3017692565917969,0.0103607177734375,2.9921798706054688,0.4908027648925781
2019-10-10,0.7701339721679688,1.7365036010742188,0.5948448181152344,0.5566825866699219,5.869659423828125,2.6143951416015625
2019-10-11,0.1394271850585937,0.0631065368652343,0.7462882995605469,0.379852294921875,0.010711669921875,0.840179443359375
2019-10-12,0.0,0.0,0.0,0.0,0.0,0.00640869140625
2019-10-13,0.0,0.0,0.0,0.0,0.0,0.0
2019-10-14,0.0,0.0,0.0,0.0,0.0,0.0
2019-10-15,0.0,0.0,0.0,0.0,0.0,0.0
2019-10-16,0.0031051635742187,0.0,0.0,0.0,0.0,0.0
2019-10-17,0.0248184204101562,0.0,0.0,0.0,0.0,0.0
2019-10-18,0.0145530700683593,0.0415992736816406,0.0,0.0,0.0,0.0
2019-10-19,0.0,0.0,0.0,0.0,0.0,0.0
2019-10-20,0.0,0.0,0.0,0.0,0.0,0.0
2019-10-21,0.0,0.0,0.0,0.0,0.0,0.0
2019-10-22,0.0,0.0,0.0,0.0,0.0,0.0
2019-10-23,0.0,0.0,0.0,0.0,0.0,0.0
2019-10-24,0.0,0.0,0.0,0.0,0.0,0.0
2019-10-25,0.0,0.0,0.0,0.0,0.0,0.0
2019-10-26,0.0,0.0,0.0,0.0,0.0,0.0
2019-10-27,0.0,0.0,0.0,0.0,0.0,0.0
2019-10-28,0.0,0.0,0.0,0.0,0.0,0.0
2019-10-29,0.0,0.020782470703125,0.0,0.0,0.0,0.0
2019-10-30,2.69775390625,2.703041076660156,0.1980972290039062,0.0659332275390625,0.2696723937988281,1.3626747131347656
2019-10-31,0.27752685546875,0.3301010131835937,0.1646957397460937,0.123260498046875,0.1293792724609375,0.5484161376953125
2019-11-01,0.0152587890625,0.0152587890625,0.0546112060546875,0.028350830078125,0.2022018432617187,0.06781005859375
2019-11-02,4.443153381347656,8.029876708984375,11.8609619140625,4.5838470458984375,55.24942779541016,17.217926025390625
2019-11-03,6.48101806640625,5.97369384765625,28.043380737304688,8.456085205078125,94.885986328125,47.1181640625
2019-11-04,12.715377807617188,10.076301574707031,19.69042205810547,8.610427856445312,58.19061279296875,26.352584838867188
2019-11-05,0.9009780883789062,0.4371719360351562,6.073371887207031,1.2982711791992188,36.70040893554688,8.940757751464844
2019-11-06,13.800758361816406,9.676002502441406,38.688133239746094,12.601165771484377,98.06155395507812,67.44062805175781
2019-11-07,0.9776535034179688,5.675300598144531,10.915985107421877,18.84834289550781,30.22027587890625,52.86264801025391
2019-11-08,2.6250228881835938,2.81707763671875,5.587257385253906,2.4739303588867188,12.13823699951172,4.732429504394531
2019-11-09,5.9166259765625,2.721641540527344,10.874717712402344,4.2652740478515625,52.003639221191406,16.378433227539062
2019-11-10,6.2072601318359375,3.57891845703125,13.509986877441406,6.5803985595703125,36.8499755859375,12.5775146484375
2019-11-11,0.0,0.0,0.0066757202148437,0.0,0.00762939453125,0.0
2019-11-12,18.53345489501953,7.752349853515625,34.5850830078125,16.544700622558594,38.79660034179688,27.419166564941406
2019-11-13,7.324424743652344,3.8663864135742183,20.5185546875,5.094139099121094,28.968658447265625,9.733039855957031
2019-11-14,1.2623748779296875,0.3324966430664062,2.4616928100585938,0.861083984375,6.811279296875,2.7941970825195312
2019-11-15,0.019775390625,0.0045166015625,1.3596343994140625,0.0458908081054687,10.496589660644531,1.3378067016601562
2019-11-16,0.043701171875,0.0041580200195312,4.035446166992188,0.1626358032226562,11.294334411621094,4.47882080078125
2019-11-17,0.0069122314453125,0.0,0.5284271240234375,0.0,3.5694503784179688,0.3221893310546875
2019-11-18,0.6185760498046875,0.1804275512695312,3.8361129760742183,1.3309326171875,11.441146850585938,7.102714538574219
2019-11-19,0.9501419067382812,0.4942169189453125,0.6728057861328125,0.435699462890625,3.31256103515625,1.2233123779296875
2019-11-20,4.143657684326172,4.231971740722656,11.700862884521484,7.698047637939453,30.580841064453125,17.601703643798828
2019-11-21,0.0203781127929687,0.0332794189453125,0.2685775756835937,0.0212860107421875,0.8338470458984375,0.2752456665039062
2019-11-22,0.0,0.0,0.0,0.0046005249023437,0.0,0.00640869140625
2019-11-23,0.0,0.0003509521484375,0.05596923828125,0.0037384033203125,0.315277099609375,0.04632568359375
2019-11-24,0.0,0.0,0.0084991455078125,0.0018692016601562,0.0125198364257812,0.0692520141601562
2019-11-25,0.0277786254882812,0.0083389282226562,0.0250473022460937,0.048065185546875,0.0010299682617187,0.272491455078125
2019-11-26,0.0339736938476562,0.0648422241210937,0.0597457885742187,0.1693572998046875,0.0125732421875,0.2794876098632812
2019-11-27,0.3695602416992187,0.7296562194824219,2.514591217041016,1.4117965698242188,14.505084991455078,4.065635681152344
2019-11-28,1.5481338500976562,0.6378517150878906,4.345417022705078,2.3522987365722656,39.46541976928711,16.589488983154297
2019-11-29,0.5336952209472656,1.067424774169922,1.501239776611328,0.8177223205566406,11.369232177734377,3.2745361328125
2019-11-30,4.904140472412109,8.853118896484375,2.842296600341797,2.357891082763672,8.906013488769531,6.033329010009766
2019-12-01,0.0,0.0,0.0127639770507812,0.0,0.0,0.0
2019-12-02,3.8213119506835938,3.7900390625,5.351825714111328,2.407787322998047,14.052837371826172,5.385513305664063
2019-12-03,6.675689697265625,7.960166931152344,8.578758239746094,5.153228759765625,7.430999755859375,19.227577209472656
2019-12-04,0.1144485473632812,0.1352081298828125,0.0615386962890625,0.0323867797851562,0.0,0.0530014038085937
2019-12-05,0.0,0.0,0.0,0.0,0.0,0.0
2019-12-06,0.2315864562988281,0.0832481384277343,0.9721221923828124,0.4320144653320312,4.765068054199219,2.1461753845214844
2019-12-07,3.815273284912109,3.801677703857422,3.911273956298828,3.0824737548828125,3.627368927001953,2.3738670349121094
2019-12-08,0.0932235717773437,0.3322105407714844,0.0410537719726562,0.1029281616210937,0.0066032409667968,0.0018959045410156
2019-12-09,0.2842216491699219,1.0054359436035156,1.7519149780273438,0.1777267456054687,4.512424468994141,1.6308326721191406
2019-12-10,14.473777770996094,17.032127380371094,13.888206481933594,13.699623107910156,7.572853088378906,13.297042846679688
2019-12-11,0.9634933471679688,1.7119979858398438,3.3126373291015625,2.43994140625,1.4502716064453125,3.1397476196289062
2019-12-12,0.080078125,0.2990188598632812,1.6259613037109375,0.313323974609375,6.8186798095703125,5.912818908691406
2019-12-13,0.6830520629882812,1.3001632690429688,6.5727386474609375,1.4109878540039062,20.35458374023437,11.930908203125
2019-12-14,0.861968994140625,0.3355026245117187,4.901599884033203,2.114471435546875,10.42608642578125,11.088539123535156
2019-12-15,0.0,0.0,0.0,0.0,0.0,0.0
2019-12-16,0.0,0.0,0.2026596069335937,0.0,1.4775047302246094,0.0344467163085937
2019-12-17,0.0,0.0,0.0507850646972656,0.0,0.2024993896484375,0.0009498596191406
2019-12-18,0.0,0.0,0.0176200866699218,0.0,0.0870437622070312,0.0
2019-12-19,0.0,0.0,0.1060943603515625,0.0,0.89306640625,0.0018997192382812
2019-12-20,2.890625,1.1165771484375,8.118751525878906,3.845649719238281,27.3416748046875,11.968711853027344
2019-12-21,7.4968109130859375,3.6573562622070312,27.37123107910156,15.406867980957031,88.76270294189453,49.55634307861328
2019-12-22,8.297210693359375,7.645095825195312,30.28163146972656,17.929779052734375,94.07775115966795,49.23851013183594
2019-12-23,12.372329711914062,16.109947204589844,7.435379028320312,7.379386901855469,5.1078643798828125,6.0516204833984375
2019-12-24,4.5847930908203125,10.125167846679688,2.2220458984375,3.7925033569335938,0.3387985229492187,2.070014953613281
2019-12-25,1.1059188842773438,2.416961669921875,0.6005477905273438,0.8818283081054688,0.0904159545898437,0.486572265625
2019-12-26,2.249824523925781,5.095024108886719,0.8633880615234375,2.4906234741210938,0.0010299682617187,0.4843597412109375
2019-12-27,0.62908935546875,1.8857421875,0.357696533203125,0.5774002075195312,0.0,0.10662841796875
2019-12-28,8.578033447265625,14.130409240722656,5.86785888671875,6.5865325927734375,0.5899810791015625,2.6001510620117188
2019-12-29,4.6101837158203125,8.206222534179688,3.182655334472656,3.328315734863281,0.3516998291015625,1.1334915161132812
2019-12-30,0.8262939453125,1.2240066528320312,1.0895004272460938,0.8827438354492188,0.1987380981445312,0.4506301879882812
2019-12-31,0.0823593139648437,0.1145057678222656,0.1129493713378906,0.2186431884765625,0.0010261535644531,0.11236572265625
2020-01-01,0.0315895080566406,0.0846290588378906,0.0490074157714843,0.0814590454101562,0.0,0.00640869140625
2020-01-02,0.039398193359375,0.02947998046875,0.0423126220703125,0.0356216430664062,0.0,0.00640869140625
2020-01-03,0.0,0.0,0.0,0.0,0.0,0.0
2020-01-04,1.2084083557128906,1.9837684631347656,0.39404296875,0.4823493957519531,0.00640869140625,0.0589141845703125
2020-01-05,9.618946075439451,10.707061767578123,7.309486389160156,6.529266357421875,0.9363784790039062,2.362415313720703
2020-01-06,0.1634063720703125,0.217864990234375,0.2943038940429687,0.305145263671875,0.1014785766601562,0.1246414184570312
2020-01-07,0.0301666259765625,0.0145721435546875,0.029144287109375,0.0270767211914062,0.0,0.0
2020-01-08,0.0,0.0,0.0,0.0,0.0,0.0
2020-01-09,0.0,0.0,0.0,0.0,0.0,0.0
2020-01-10,0.0,0.0,0.0,0.0,0.0,0.0
2020-01-11,0.1806259155273437,0.0395431518554687,0.3322830200195312,0.3622283935546875,0.0850372314453125,0.582183837890625
2020-01-12,0.0450592041015625,0.0499343872070312,0.0502128601074218,0.0378494262695312,0.0310707092285156,0.3606071472167969
2020-01-13,0.0,0.0,0.0,0.0,0.0,0.0
2020-01-14,0.0,0.0,0.0,0.0,0.0,0.0
2020-01-15,0.0,0.0,0.0,0.0,0.0,0.0
2020-01-16,0.0,0.0,0.0,0.0,0.0,0.0
2020-01-17,0.0,0.0,0.0,0.0,0.0,0.0
2020-01-18,0.0,0.0,0.0066757202148437,0.0,0.0389289855957031,0.0252799987792968
2020-01-19,0.8485450744628906,0.3897895812988281,1.1166877746582031,0.2135887145996093,0.4529953002929687,0.9232444763183594
2020-01-20,0.2328109741210937,0.274993896484375,0.1448745727539062,0.1151809692382812,0.0,0.0980987548828125
2020-01-21,0.0190811157226562,0.0142135620117187,0.002777099609375,0.0027313232421875,0.0,0.0
2020-01-22,0.0,0.0,0.0,0.0,0.0,0.0
2020-01-23,0.0121574401855468,0.0308723449707031,0.00762939453125,0.0106582641601562,0.0,0.00640869140625
2020-01-24,0.0,0.0,0.1026535034179687,0.0027313232421875,0.947650909423828,0.0463638305664062
2020-01-25,0.1365432739257812,0.2903900146484375,0.751007080078125,0.4881935119628906,4.223255157470703,1.796630859375
2020-01-26,4.321403503417969,4.929271697998047,9.184234619140623,5.089111328125,27.358722686767575,14.387832641601562
2020-01-27,3.5832748413085938,7.08135986328125,9.674774169921877,7.53076171875,6.029289245605469,8.634902954101562
2020-01-28,0.024200439453125,0.007293701171875,2.313823699951172,0.4312210083007812,15.467514038085938,7.286945343017578
2020-01-29,6.761943817138672,9.149517059326172,3.97674560546875,3.8348541259765625,20.69039535522461,11.63088607788086
2020-01-30,0.636016845703125,0.7064437866210938,0.2066268920898437,0.3918075561523437,0.00640869140625,0.1260833740234375
2020-01-31,0.0,0.0,0.0,0.0,0.0010299682617187,0.0
2020-02-01,0.0,0.0,0.0018234252929687,0.0,0.0,0.0
2020-02-02,0.01214599609375,0.0405387878417968,0.0438308715820312,0.0408821105957031,0.0148735046386718,0.0
2020-02-03,0.0250396728515625,0.4536514282226562,0.1365203857421875,0.0057601928710937,1.766510009765625,0.2800216674804687
2020-02-04,8.24285888671875,9.063827514648438,7.014179229736328,5.513698577880859,28.741260528564453,12.743892669677734
2020-02-05,17.461585998535156,24.13011932373047,12.824455261230469,15.850311279296877,3.877738952636719,8.372146606445312
2020-02-06,0.0692062377929687,0.21173095703125,0.3233718872070312,0.6208877563476562,0.33551025390625,0.636627197265625
2020-02-07,0.9775924682617188,1.6395797729492188,0.6996383666992188,0.9730072021484376,0.0074386596679687,0.1725006103515625
2020-02-08,0.0936965942382812,0.1397705078125,0.1056900024414062,0.1378936767578125,0.0,0.0803108215332031
2020-02-09,0.0,0.0,0.0,0.0,0.0,0.0
2020-02-10,0.0107307434082031,0.0048828125,1.1254615783691406,0.0720748901367187,8.506660461425781,3.0213851928710938
2020-02-11,3.8790245056152335,5.2044525146484375,2.2011795043945312,2.165355682373047,11.675846099853516,4.781585693359375
2020-02-12,1.1011123657226562,1.9608726501464844,1.431194305419922,1.6653976440429688,4.549945831298828,5.978694915771484
2020-02-13,0.0,0.0,0.0,0.0,0.0055770874023437,0.0143089294433593
2020-02-14,6.4148712158203125,8.796585083007812,6.050796508789063,3.892745971679688,12.203330993652344,8.914993286132812
2020-02-15,0.4788017272949219,0.7572784423828125,0.6780509948730469,0.8075828552246094,0.00640869140625,0.0598602294921875
2020-02-16,0.0,0.0,0.0,0.0,0.0,0.0
2020-02-17,0.0,0.0,0.0,0.0,0.0,0.0
2020-02-18,0.0069122314453125,0.0214920043945312,0.0334243774414062,0.0,0.0,0.0040626525878906
2020-02-19,1.3370742797851562,0.8844451904296875,3.5223541259765625,3.2548179626464844,0.5543556213378906,0.2936668395996094
2020-02-20,3.1325721740722656,7.008857727050781,3.55960464477539,2.6917800903320312,1.3891220092773438,3.74283218383789
2020-02-21,0.4025421142578125,1.6872787475585938,0.4932785034179687,0.5882339477539062,0.2068328857421875,0.5434951782226562
2020-02-22,0.0414924621582031,0.1241264343261718,0.2180137634277343,0.1751327514648437,0.0,0.0512847900390625
2020-02-23,0.0,0.0,0.0,0.0,0.0,0.0
2020-02-24,0.0243148803710937,0.0825271606445312,0.0060539245605468,0.0,0.0,0.0
2020-02-25,0.0001754760742187,0.00225830078125,0.8849105834960938,0.0265960693359375,5.928993225097656,0.7241134643554688
2020-02-26,1.3265342712402344,0.9031524658203124,11.134315490722656,1.6245155334472656,49.375091552734375,20.261398315429688
2020-02-27,6.823474884033203,8.602794647216797,10.699089050292969,6.199352264404297,25.306331634521484,15.287395477294922
2020-02-28,12.48239517211914,13.526649475097656,10.875755310058594,10.828723907470703,20.83592987060547,14.005718231201172
2020-02-29,0.0097618103027343,0.0776748657226562,0.0341644287109375,0.040313720703125,0.0,0.0275382995605468
2020-03-01,1.7105026245117188,0.7889328002929688,8.14691162109375,2.07204818725586,19.963207244873047,6.705863952636719
2020-03-02,1.3306541442871094,0.8352127075195312,11.573848724365234,3.3033218383789062,53.91432189941406,21.419479370117188
2020-03-03,20.58612823486328,15.355384826660156,50.743988037109375,35.425148010253906,87.14469146728516,46.84076690673828
2020-03-04,5.987651824951172,8.597618103027344,6.631008148193359,6.398906707763672,4.259078979492188,4.899776458740234
2020-03-05,0.0390968322753906,0.0347442626953125,0.10009765625,0.0770912170410156,0.0,0.0711021423339843
2020-03-06,0.8964347839355469,0.75701904296875,7.679073333740234,3.971782684326172,53.10295104980469,19.858253479003903
2020-03-07,12.092315673828123,15.46784210205078,12.655128479003906,10.82586669921875,10.930046081542969,13.197425842285156
2020-03-08,6.160858154296875,6.582981109619141,10.64813995361328,8.035636901855469,9.266685485839844,11.510467529296877
2020-03-09,0.1013259887695312,0.5159721374511719,0.1999397277832031,0.2714576721191406,0.6637191772460938,0.2032852172851562
2020-03-10,2.438751220703125,7.5039215087890625,2.2166099548339844,5.819786071777344,0.009490966796875,0.7901649475097656
2020-03-11,0.0048789978027343,0.0485725402832031,0.0113601684570312,0.1293754577636718,0.0,0.00640869140625
2020-03-12,0.0,0.0,0.0,0.0,0.0,0.0
2020-03-13,1.498493194580078,0.9952163696289062,0.5557937622070312,0.352874755859375,0.0,0.0280799865722656
2020-03-14,5.03424072265625,5.625373840332031,1.356658935546875,0.6261882781982422,0.4272060394287109,1.3548660278320312
2020-03-15,0.1635513305664062,0.1536331176757812,0.6256217956542969,0.2903556823730469,0.4724464416503906,1.7489891052246094
2020-03-16,0.0,0.0,0.010406494140625,0.00762939453125,0.0,0.0140380859375
2020-03-17,0.0,0.0,0.0,0.0,0.0,0.0
2020-03-18,0.0,0.0,0.0,0.0,0.0,0.0
2020-03-19,0.0,0.0,0.0,0.0,0.0,0.0
2020-03-20,0.0,0.0,0.0,0.0,0.0,0.0
2020-03-21,0.0217170715332031,0.0,0.0,0.0,0.0,0.0
2020-03-22,2.946765899658203,2.890064239501953,5.426284790039063,3.488731384277344,0.6825294494628906,2.980712890625
2020-03-23,1.9069328308105469,2.7441177368164062,4.3325042724609375,3.551410675048828,1.8820648193359373,7.516593933105469
2020-03-24,5.230079650878906,6.324478149414063,8.394142150878906,5.668312072753906,3.5034713745117188,6.386787414550781
2020-03-25,0.6060638427734375,1.122283935546875,0.5985870361328125,0.763214111328125,0.29302978515625,1.855255126953125
2020-03-26,0.3954315185546875,1.142822265625,1.1617050170898438,2.846626281738281,0.299102783203125,2.9169692993164062
2020-03-27,0.0537261962890625,0.0132026672363281,1.628520965576172,0.7899932861328125,7.578777313232422,4.206279754638672
2020-03-28,0.0125885009765625,0.0118560791015625,0.0902290344238281,0.0527801513671875,0.3901252746582031,0.3393516540527344
2020-03-29,0.0201492309570312,0.2157325744628906,0.0,0.0,0.6782379150390625,0.0271759033203125
2020-03-30,0.1459121704101562,0.2975120544433594,0.3511619567871094,0.2263908386230468,0.6130905151367188,0.7017288208007812
2020-03-31,6.279098510742188,7.69390869140625,14.210174560546877,5.944404602050781,5.946556091308594,8.248992919921875
2020-04-01,8.382953643798828,9.630908966064451,12.200923919677734,12.455589294433594,11.372295379638672,19.86973190307617
2020-04-02,0.0308723449707031,0.0246238708496093,0.0497589111328125,0.0541191101074218,0.0,0.0235671997070312
2020-04-03,0.087249755859375,0.2024917602539062,0.06011962890625,0.1826324462890625,0.0724029541015625,0.28887939453125
2020-04-04,1.400543212890625,2.3938217163085938,3.664024353027344,4.0836181640625,1.7892913818359375,6.499671936035156
2020-04-05,0.1351547241210937,0.5017242431640625,2.9017257690429688,2.4642486572265625,0.6132431030273438,3.66827392578125
2020-04-06,0.0,0.0,0.0,0.0,0.0,0.0
2020-04-07,0.0,0.0,0.0,0.0,0.0,0.0
2020-04-08,0.0,0.0,0.0,0.0,0.0,0.0
2020-04-09,0.0,0.0,0.0,0.0,0.0,0.0
2020-04-10,0.0,0.0,0.0,0.0,0.0,0.0
2020-04-11,0.0003528594970703,0.004159927368164,0.0060558319091796,0.0,0.0,0.0
2020-04-12,0.0,0.0,0.0,0.0,0.0,0.0
2020-04-13,0.0,0.0,0.0,0.0,0.0,0.0
2020-04-14,12.058696746826172,12.62063217163086,22.013900756835938,16.839740753173828,37.91340255737305,23.50253295898437
2020-04-15,0.0045280456542968,0.0187301635742187,0.0881919860839843,0.0375518798828125,0.1223793029785156,0.4334297180175781
2020-04-16,0.0,0.0,0.0,0.0,0.0,0.0
2020-04-17,0.0,0.0,0.0,0.0,0.0,0.0
2020-04-18,0.0,0.0,0.0,0.0,0.0,0.0
2020-04-19,0.2903022766113281,0.4886016845703125,0.0211944580078125,0.2609939575195312,0.0,0.0
2020-04-20,0.4262466430664062,1.007793426513672,2.18252944946289,1.8840103149414065,3.7006149291992183,6.027851104736328
2020-04-21,12.115257263183594,14.52825164794922,15.964637756347656,15.208824157714844,16.559707641601562,21.68700408935547
2020-04-22,0.0465507507324218,0.0583724975585937,1.7437896728515625,1.8300323486328125,2.0185699462890625,5.774456024169922
2020-04-23,0.0,0.0,0.0,0.0,0.0,0.0
2020-04-24,0.0,0.0,0.0,0.0,0.0256385803222656,0.0
2020-04-25,0.3500595092773437,1.6867828369140625,0.0018234252929687,0.0,0.0528793334960937,0.0
2020-04-26,8.376615524291992,4.618209838867188,1.3484840393066406,2.3584518432617188,1.573163986206055,0.6101226806640625
2020-04-27,0.0003528594970703,0.0145854949951171,0.0242214202880859,0.009500503540039,0.8089046478271484,0.0692024230957031
2020-04-28,0.1139373779296875,0.1060867309570312,0.1200332641601562,0.0057601928710937,1.099761962890625,0.0486221313476562
2020-04-29,0.363555908203125,2.4196739196777344,2.0105133056640625,0.4107284545898437,19.549362182617188,3.892192840576172
2020-04-30,0.599456787109375,0.7900009155273438,3.799839019775391,2.068397521972656,4.355037689208984,2.165332794189453
2020-05-01,1.1421470642089844,6.399604797363281,2.7452392578125,1.7489852905273438,6.251617431640625,2.5459556579589844
2020-05-02,10.632953643798828,13.205997467041016,17.10578155517578,16.646732330322266,25.0948486328125,18.992156982421875
2020-05-03,0.4580574035644531,1.1753616333007812,1.43133544921875,0.9964332580566406,1.886192321777344,4.080997467041016
2020-05-04,0.0041732788085937,0.0811119079589843,0.0,0.0251731872558593,0.0,0.0
2020-05-05,0.4831428527832031,1.2463951110839844,0.6468162536621094,0.110076904296875,0.0373802185058593,0.0
2020-05-06,7.784847259521484,8.728164672851562,9.038566589355469,5.676239013671875,13.014080047607422,14.321308135986328
2020-05-07,0.1549568176269531,1.1677589416503906,0.0995635986328125,0.5115242004394531,0.0,0.0
2020-05-08,0.0,0.0,0.0,0.0,0.0,0.0
2020-05-09,0.0,0.0,0.0,0.0,0.0,0.0
2020-05-10,1.202239990234375,0.5034866333007812,0.925048828125,0.5917816162109375,0.0883102416992187,0.6856536865234375
2020-05-11,0.0662765502929687,0.0062332153320312,0.1922531127929687,0.0279006958007812,1.3221282958984375,0.1224746704101562
2020-05-12,0.7565650939941406,1.328083038330078,1.536651611328125,0.5705604553222656,7.012977600097656,0.8692817687988281
2020-05-13,0.0,0.0,0.0128517150878906,0.0,0.0276947021484375,0.0427970886230468
2020-05-14,1.5066146850585938,0.3849525451660156,0.8935050964355469,0.4424934387207031,0.1301689147949218,0.2966423034667969
2020-05-15,0.0,0.0,0.0072975158691406,0.0221443176269531,0.0128211975097656,0.21380615234375
2020-05-16,0.4490680694580078,0.1655788421630859,0.0,0.0,0.0,0.0
2020-05-17,0.2532997131347656,0.4847393035888672,0.3845291137695312,0.0084896087646484,0.0,0.0064105987548828
2020-05-18,0.7156257629394531,1.828407287597656,0.7556991577148438,0.7346267700195312,0.0,0.1282119750976562
2020-05-19,4.719188690185547,9.257373809814451,1.714752197265625,7.124088287353516,5.482158660888672,9.132244110107422
2020-05-20,21.995189666748047,26.072052001953125,11.17487335205078,23.341163635253903,7.911891937255859,9.604053497314451
2020-05-21,0.1328315734863281,0.562408447265625,1.1200675964355469,1.5821456909179688,1.499309539794922,2.177093505859375
2020-05-22,0.0041732788085937,0.0065841674804687,0.0,0.0057601928710937,0.0,0.0
2020-05-23,0.1118240356445312,0.8745307922363281,0.2462692260742187,0.1195259094238281,0.0726127624511718,0.5345916748046875
2020-05-24,3.32562255859375,2.37807846069336,7.456050872802734,6.451953887939453,6.822769165039063,35.8825569152832
2020-05-25,1.0553054809570312,5.206928253173828,0.5647201538085938,0.7612724304199219,0.1268348693847656,1.0458221435546875
2020-05-26,9.452033996582031,16.034530639648438,3.547872543334961,7.059925079345703,0.5239620208740234,2.7995567321777344
2020-05-27,7.07078742980957,20.471052169799805,7.337472915649414,7.457294464111328,0.1457176208496093,4.41877555847168
2020-05-28,5.376251220703125,15.584869384765623,3.972129821777344,9.579181671142578,1.4164352416992188,2.289508819580078
2020-05-29,1.8542251586914065,13.607654571533203,1.3579444885253906,2.840194702148437,1.2140541076660156,5.557262420654297
2020-05-30,11.459274291992188,10.67059326171875,6.040615081787109,4.164676666259766,5.739704132080078,5.453090667724609
2020-05-31,0.8070602416992188,1.861846923828125,4.712070465087891,2.705020904541016,5.823265075683594,7.542030334472656
2020-06-01,2.05816650390625,5.173393249511719,0.6814308166503906,1.5464973449707031,0.3971443176269531,0.2708168029785156
2020-06-02,14.79483413696289,11.609439849853516,5.046497344970703,4.330329895019531,2.98284912109375,5.328384399414063
2020-06-03,1.2820549011230469,2.867900848388672,1.098735809326172,0.5086555480957031,0.2965774536132812,0.733642578125
2020-06-04,0.0750045776367187,0.1323928833007812,0.934234619140625,0.1681594848632812,0.7090301513671875,0.8690261840820312
2020-06-05,1.2849578857421875,0.3313446044921875,6.989723205566406,1.7754440307617188,13.031631469726562,2.7334518432617188
2020-06-06,2.598468780517578,5.929840087890625,13.807781219482422,3.072418212890625,13.083316802978516,7.379096984863281
2020-06-07,0.7308197021484375,1.75372314453125,2.148956298828125,0.6564254760742188,2.105186462402344,0.8212127685546875
2020-06-08,13.869441986083984,3.11258316040039,2.01898193359375,1.4593353271484375,1.857280731201172,2.1019744873046875
2020-06-09,11.705541610717772,5.139822006225586,4.071466445922852,3.4481201171875,3.706727981567383,7.349027633666992
2020-06-10,4.3661041259765625,8.668167114257812,1.3615760803222656,0.8133659362792969,3.616043090820313,3.5865135192871094
2020-06-11,4.147327423095703,4.086879730224609,4.6318359375,2.9423179626464844,2.460277557373047,0.6693496704101562
2020-06-12,0.517852783203125,1.7079238891601562,0.268707275390625,0.073211669921875,0.3929901123046875,0.0868072509765625
2020-06-13,0.0,0.0045318603515625,0.0018234252929687,0.0037422180175781,1.3823623657226562,0.0617523193359375
2020-06-14,5.519401550292969,2.1351852416992188,3.821609497070313,4.3950958251953125,3.721488952636719,1.10174560546875
2020-06-15,4.600460052490234,12.5501708984375,2.511241912841797,0.5083389282226562,3.521278381347656,1.719829559326172
2020-06-16,15.946590423583984,13.519882202148438,8.3687744140625,16.115955352783203,6.350147247314453,10.192581176757812
2020-06-17,3.853595733642578,6.415214538574219,5.767757415771484,3.372547149658203,10.639602661132812,6.083267211914063
2020-06-18,1.4145965576171875,2.929931640625,2.871124267578125,1.9196624755859373,4.549858093261719,2.183067321777344
2020-06-19,0.0299263000488281,0.1711845397949218,0.3543968200683594,0.064483642578125,3.5915260314941406,0.4526176452636719
2020-06-20,6.323539733886719,9.236469268798828,14.6446533203125,7.891422271728516,6.113563537597656,0.5265121459960938
2020-06-21,3.1095008850097656,9.159378051757812,2.8945236206054688,4.792133331298828,0.8325996398925781,2.180488586425781
2020-06-22,29.69446563720703,46.072410583496094,18.74818420410156,29.015899658203125,6.399986267089844,14.274650573730469
2020-06-23,13.012584686279297,33.94743728637695,9.06942367553711,18.71399307250977,5.164379119873047,12.291130065917969
2020-06-24,1.2261848449707031,3.058296203613281,1.4822883605957031,1.6955528259277344,0.3743515014648437,1.0581016540527344
2020-06-25,0.1800079345703125,0.9199256896972656,1.1296653747558594,1.0639266967773438,4.552310943603516,8.903938293457031
2020-06-26,3.354175567626953,5.780723571777344,4.02655029296875,3.756114959716797,3.77968978881836,5.310306549072266
2020-06-27,2.353065490722656,2.6055145263671875,3.355947494506836,3.4449501037597656,3.084880828857422,8.01523208618164
2020-06-28,1.7834968566894531,5.302764892578125,6.607662200927734,2.90432357788086,2.7345428466796875,5.956611633300781
2020-06-29,0.0,0.0034713745117187,0.0212326049804687,0.0093536376953125,0.4365806579589844,0.41387939453125
2020-06-30,0.141754150390625,0.2191619873046875,0.0476837158203125,0.130859375,0.2712249755859375,1.8365631103515625
2020-07-01,0.0441398620605468,0.1402320861816406,0.0,0.0,0.0238800048828125,0.314117431640625
2020-07-02,2.339662551879883,6.469734191894531,4.339338302612305,2.141988754272461,0.1031990051269531,3.2211647033691406
2020-07-03,13.197650909423828,11.628421783447266,10.1722412109375,4.128448486328125,0.6503028869628906,8.257129669189453
2020-07-04,0.624359130859375,0.9502220153808594,2.0228233337402344,0.8295783996582031,2.5453414916992188,6.689098358154297
2020-07-05,2.628944396972656,4.949954986572266,6.408565521240234,4.025238037109375,2.079551696777344,3.2768592834472656
2020-07-06,1.919281005859375,1.963886260986328,4.713569641113281,7.846923828125,3.875564575195313,6.891651153564453
2020-07-07,3.559661865234375,7.959842681884766,3.055488586425781,3.880207061767578,0.0466804504394531,0.1977348327636718
2020-07-08,0.0,0.0,0.0060539245605468,0.0,0.0,0.0
2020-07-09,0.0,0.0,0.0,0.0,0.0,0.0
2020-07-10,0.0,0.0,0.0,0.0,0.0,0.0
2020-07-11,0.4460372924804687,0.2398452758789062,0.9023971557617188,0.5536117553710938,0.9836044311523438,1.44305419921875
2020-07-12,0.4696464538574219,1.195476531982422,1.022663116455078,0.7124557495117188,0.7104110717773438,13.513694763183594
2020-07-13,0.026702880859375,0.0381317138671875,0.074676513671875,0.0149688720703125,0.0,0.012237548828125
2020-07-14,0.0,0.0,0.0,0.0,0.0,0.0
2020-07-15,0.0039901733398437,0.0287895202636718,0.2707939147949219,0.0,0.2663230895996094,0.0188713073730468
2020-07-16,0.9704551696777344,3.3343544006347656,1.043701171875,1.1199493408203125,3.315460205078125,0.9472160339355468
2020-07-17,22.642162322998047,29.392974853515625,8.413509368896484,10.2884521484375,0.8638839721679688,6.818382263183594
2020-07-18,9.435012817382812,6.55743408203125,11.956600189208984,6.282394409179688,12.93610382080078,18.13941192626953
2020-07-19,1.4121017456054688,3.9487152099609375,6.082046508789063,1.870147705078125,0.4560394287109375,1.0333976745605469
2020-07-20,0.3079299926757812,1.195451736450195,0.0744228363037109,0.0048980712890625,0.0320491790771484,0.0
2020-07-21,0.0003547668457031,0.00762939453125,0.002777099609375,0.0116691589355468,0.047271728515625,0.0
2020-07-22,0.0,0.0,0.0090866088867187,0.0074844360351562,0.0020523071289062,0.0515060424804687
2020-07-23,0.4113960266113281,0.6707344055175781,0.2279472351074218,0.0407295227050781,0.0154151916503906,0.1654052734375
2020-07-24,1.41900634765625,3.1811752319335938,7.381771087646484,3.9741439819335938,0.3096733093261719,5.636066436767578
2020-07-25,16.290054321289062,19.29547119140625,6.163433074951172,1.5605850219726562,9.24411392211914,8.901222229003906
2020-07-26,1.8451995849609373,4.075305938720703,1.2920379638671875,1.5577507019042969,0.9232826232910156,4.9073028564453125
2020-07-27,0.1899337768554687,3.288677215576172,0.00555419921875,0.8269577026367188,0.0071945190429687,0.4859390258789062
2020-07-28,0.0,0.0,0.0,0.0,0.0,0.0
2020-07-29,0.0,0.0,0.0,0.0,0.0,0.0
2020-07-30,0.0,0.002471923828125,0.165374755859375,0.0037384033203125,0.0010299682617187,1.0804824829101562
2020-07-31,2.6241989135742188,5.092399597167969,2.1112632751464844,1.418598175048828,0.2566871643066406,2.8505516052246094
2020-08-01,2.8726959228515625,6.834232330322266,0.9215164184570312,3.0399322509765625,0.00616455078125,0.6827507019042969
2020-08-02,0.0,0.0,0.0,0.0,0.0,0.0
2020-08-03,0.0041732788085937,0.0090255737304687,0.0030288696289062,0.0074844360351562,0.0,0.201568603515625
2020-08-04,0.3094635009765625,0.0146865844726562,2.092735290527344,0.2397079467773437,8.088043212890625,2.0833969116210938
2020-08-05,35.31608581542969,48.958404541015625,18.64508819580078,24.172683715820312,16.977039337158203,16.484619140625
2020-08-06,10.290763854980469,10.295326232910156,11.893939971923828,12.106327056884766,2.949127197265625,12.44540786743164
2020-08-07,11.056713104248049,12.283203125,18.551326751708984,23.141990661621094,0.9631309509277344,5.772594451904297
2020-08-08,5.220584869384766,4.8866119384765625,6.636497497558594,10.153606414794922,0.4357490539550781,4.858974456787109
2020-08-09,5.8701934814453125,4.493644714355469,9.514030456542969,7.661491394042969,1.7191848754882812,8.568031311035156
2020-08-10,0.8728752136230469,1.8328628540039065,0.1606254577636718,0.34649658203125,1.5379104614257812,2.535961151123047
2020-08-11,0.037628173828125,0.2864456176757812,0.3787460327148437,0.0210189819335937,0.2106857299804687,0.3783111572265625
2020-08-12,6.062919616699219,6.6114501953125,12.398422241210938,3.64727783203125,4.301910400390625,10.391036987304688
2020-08-13,0.2851371765136719,0.8420448303222656,0.1618461608886718,0.5248069763183594,0.3314056396484375,1.2436866760253906
2020-08-14,1.9515151977539065,2.696598052978516,4.896625518798828,0.2417335510253906,0.0020561218261718,6.799289703369141
2020-08-15,9.182140350341797,8.852279663085938,9.005287170410156,6.134952545166016,1.4157562255859375,11.712459564208984
2020-08-16,0.640655517578125,2.05362319946289,0.4466705322265625,0.4762725830078125,0.4614944458007812,2.998859405517578
2020-08-17,1.9316825866699217,1.5300674438476562,2.044639587402344,0.8957633972167969,0.312652587890625,10.7685546875
2020-08-18,10.437538146972656,12.310420989990234,5.1805267333984375,3.1378135681152344,2.5446739196777344,11.506603240966797
2020-08-19,1.2761154174804688,4.135906219482422,3.841396331787109,2.281940460205078,5.5005950927734375,10.589458465576172
2020-08-20,0.0236053466796875,0.4913063049316406,0.0,0.0336685180664062,0.0,0.0
2020-08-21,0.0,0.0,0.0,0.0,0.0,0.0
2020-08-22,0.0,0.0,0.0,0.0,0.0,0.0
2020-08-23,1.9187736511230469,0.9366188049316406,2.9764404296875,0.901947021484375,0.1624298095703125,1.0138931274414062
2020-08-24,3.1661529541015625,3.518516540527344,3.697437286376953,2.0939292907714844,2.308418273925781,4.59417724609375
2020-08-25,12.877593994140623,16.657386779785156,16.773910522460938,9.704734802246094,24.244651794433597,10.84100341796875
2020-08-26,0.0,0.0,0.00555419921875,0.0057601928710937,0.0,0.0
2020-08-27,0.0,0.0128517150878906,0.0,0.0109214782714843,0.0,0.0256423950195312
2020-08-28,0.0,0.0,0.0,0.0,0.0,0.0
2020-08-29,0.0,0.0,0.0,0.0,0.0,0.0
2020-08-30,0.0,0.0,0.0,0.0,0.0,0.0
2020-08-31,0.0,0.00311279296875,0.0273590087890625,0.018707275390625,0.0,0.0
2020-09-01,1.9522171020507808,3.497753143310547,5.022533416748047,0.3427772521972656,5.143238067626953,0.507537841796875
2020-09-02,0.1579132080078125,0.1567649841308593,0.6319770812988281,0.3859672546386719,0.0,0.06988525390625
2020-09-03,1.2783584594726562,1.1855964660644531,4.749092102050781,0.4667015075683594,0.2393836975097656,5.804237365722656
2020-09-04,0.0211105346679687,0.0579032897949218,0.3061294555664062,0.1637992858886718,0.0238800048828125,0.0606727600097656
2020-09-05,0.0,0.0,0.0,0.0,0.0,0.0
2020-09-06,0.0,0.0,0.0,0.0,0.0,0.0
2020-09-07,0.06121826171875,0.0110931396484375,0.2200698852539062,0.0027313232421875,0.0,0.0362091064453125
2020-09-08,0.8201179504394531,1.2577247619628906,0.7805290222167969,0.3444976806640625,0.0123329162597656,0.4309539794921875
2020-09-09,0.0,0.0003547668457031,0.0192413330078125,0.0122299194335937,0.0,0.0
2020-09-10,0.0,0.0,0.0,0.0,0.0,0.0128211975097656
2020-09-11,0.0,0.0,0.0,0.0,0.0,0.0
2020-09-12,0.0270729064941406,0.0415992736816406,0.0475044250488281,0.0219955444335937,0.00640869140625,0.0128211975097656
2020-09-13,0.0,0.0,0.0,0.0,0.0102767944335937,0.0
2020-09-14,0.0,0.0,0.0,0.0,0.0,0.0
2020-09-15,0.0,0.0155792236328125,0.0,0.0,0.0113067626953125,0.0
2020-09-16,0.0,0.030181884765625,0.0088348388671875,0.005462646484375,0.0,0.0
2020-09-17,0.6021575927734375,0.8353424072265625,0.8029327392578125,0.140716552734375,0.3640899658203125,0.00640869140625
2020-09-18,0.04327392578125,0.0322418212890625,0.107421875,0.0,0.0,0.0
2020-09-19,0.0,0.0,0.0,0.0,0.0,0.0
2020-09-20,0.0,0.0,0.0,0.0,0.0843544006347656,0.1191825866699218
2020-09-21,0.0215644836425781,0.0,0.8789482116699219,0.0,0.1754684448242187,1.5921592712402344
2020-09-22,0.154022216796875,0.152587890625,0.9544219970703124,0.3092880249023437,8.299758911132812,1.7459793090820312
2020-09-23,5.92486572265625,7.269660949707031,6.647193908691406,3.447059631347656,19.05265045166016,9.0179443359375
2020-09-24,0.0781974792480468,0.0415992736816406,0.5861930847167969,0.0,1.233478546142578,2.148723602294922
2020-09-25,4.2602081298828125,3.4447021484375,34.28700256347656,6.897857666015625,114.5585479736328,59.656097412109375
2020-09-26,3.15325927734375,3.9631271362304688,6.424171447753906,2.529869079589844,31.53075408935547,18.698883056640625
2020-09-27,4.402427673339844,1.868560791015625,12.729888916015623,4.332771301269531,27.051734924316406,8.576751708984375
2020-09-28,3.33221435546875,3.5871124267578125,25.16273498535156,10.80803680419922,89.62516784667969,36.220062255859375
2020-09-29,6.913856506347656,8.793354034423828,6.799953460693359,7.075553894042969,9.911163330078123,10.622039794921877
2020-09-30,0.0917015075683593,0.5453033447265625,0.1172637939453125,0.0463714599609375,0.2820320129394531,0.2820167541503906
2020-10-01,0.0,0.0689048767089843,0.0167503356933593,0.009796142578125,1.0677719116210938,0.0532684326171875
2020-10-02,0.008331298828125,0.0,1.155120849609375,0.02618408203125,10.932479858398438,2.672119140625
2020-10-03,0.0181732177734375,0.00225830078125,1.1468658447265625,0.0192794799804687,3.322212219238281,0.4969253540039062
2020-10-04,3.3041534423828125,1.456634521484375,26.537940979003903,7.278030395507812,103.55549621582033,67.15609741210938
2020-10-05,3.649467468261719,1.6052627563476562,10.759040832519531,5.785163879394531,120.98551177978516,61.16554260253906
2020-10-06,1.4600601196289062,7.838951110839844,5.092864990234375,14.30655288696289,27.91263961791992,27.29528045654297
2020-10-07,24.85195541381836,23.38056945800781,34.133419036865234,19.380111694335938,42.9089241027832,23.666439056396484
2020-10-08,3.8698043823242183,10.14752960205078,2.9899673461914062,4.311332702636719,0.3446083068847656,1.9546585083007808
2020-10-09,0.0,0.0034713745117187,0.002777099609375,0.0027313232421875,0.0,0.00640869140625
2020-10-10,0.0,0.0,0.0,0.0,0.0,0.0
2020-10-11,0.0128097534179687,0.0,0.2874069213867187,0.0,0.6125717163085938,0.02374267578125
2020-10-12,35.302764892578125,23.527557373046875,36.67584228515625,27.471649169921875,53.195098876953125,42.46241760253906
2020-10-13,8.50357437133789,4.341461181640625,12.092845916748049,4.827033996582031,27.85147857666016,12.584972381591797
2020-10-14,0.2941818237304687,0.1947708129882812,5.15203857421875,1.4910545349121094,24.054553985595703,6.968753814697266
2020-10-15,10.812088012695312,8.171249389648438,39.65423583984375,14.128631591796877,105.18440246582033,56.493988037109375
2020-10-16,0.3890304565429687,0.1887092590332031,0.9635124206542968,0.3271713256835937,7.8923187255859375,2.268932342529297
2020-10-17,0.8863906860351562,2.801063537597656,0.1963920593261718,0.1384353637695312,1.3300704956054688,0.1552505493164062
2020-10-18,0.0067176818847656,0.012176513671875,0.2423744201660156,0.0759696960449218,0.0130996704101562,2.201332092285156
2020-10-19,0.0,0.0,0.0,0.0,0.0,0.0
2020-10-20,0.0,0.0,0.0,0.0,0.0020523071289062,0.0544891357421875
2020-10-21,0.0,0.0,0.0,0.0,0.0,0.0
2020-10-22,0.0,0.0,0.0,0.0,0.0,0.0
2020-10-23,0.0,0.0,0.0,0.0,0.0,0.0
2020-10-24,6.176296234130859,7.330879211425781,6.400478363037109,3.703777313232422,7.260032653808594,7.910900115966797
2020-10-25,1.1313095092773438,5.476123809814453,1.4901008605957031,0.6324539184570312,5.293743133544922,6.131019592285156
2020-10-26,0.0,0.0,0.007293701171875,0.0,0.0896835327148437,0.000946044921875
2020-10-27,0.0,0.0,0.1977462768554687,0.0,2.661582946777344,0.062164306640625
2020-10-28,0.00762939453125,0.0194168090820312,0.0085830688476562,0.0651321411132812,0.003265380859375,0.0
2020-10-29,0.5833625793457031,1.4757232666015625,0.2869987487792969,0.5897598266601562,0.1715354919433593,0.045867919921875
2020-10-30,1.5801048278808594,1.8086929321289065,0.3565292358398437,0.618377685546875,0.0,0.0386428833007812
2020-10-31,0.0636558532714843,1.2656936645507812,0.0,0.1360893249511718,0.0,0.0
2020-11-01,0.2122001647949218,0.7057113647460938,0.0918388366699218,0.4624977111816406,0.0,0.0192298889160156
2020-11-02,0.0,0.3170928955078125,0.0,0.1245307922363281,0.0,0.0
2020-11-03,0.0,0.0,0.0,0.0,0.0,0.0
2020-11-04,0.430633544921875,0.9442367553710938,0.4238357543945312,0.2036590576171875,0.2667236328125,0.60150146484375
2020-11-05,2.82794189453125,5.675685882568359,1.6220016479492188,1.4498634338378906,0.00762939453125,1.5648422241210938
2020-11-06,1.0031585693359375,1.925079345703125,1.0248794555664062,1.1526107788085938,0.0074386596679687,0.2519454956054687
2020-11-07,0.0,0.0,0.0162124633789062,0.0109214782714843,0.0,0.0002708435058593
2020-11-08,0.0,0.0,0.0,0.0,0.0,0.0
2020-11-09,0.0041732788085937,0.0031166076660156,0.0,0.0,0.0,0.0
2020-11-10,0.1731643676757812,0.0672378540039062,0.002777099609375,0.0216140747070312,0.0,0.0
2020-11-11,0.0238571166992187,0.0031166076660156,0.0,0.0,0.0,0.0
2020-11-12,0.0,0.0,0.0,0.0,0.0,0.0
2020-11-13,0.2958259582519531,1.1942977905273438,0.0867843627929687,0.0984420776367187,0.1450424194335937,0.26422119140625
2020-11-14,0.0,0.0,0.0,0.0,0.0,0.0001354217529296
2020-11-15,0.0,0.0,0.0,0.0,0.0,0.0
2020-11-16,0.0,0.0,0.0036468505859375,0.0,0.1152610778808593,0.0092544555664062
2020-11-17,1.5533676147460938,1.6867218017578125,2.332141876220703,1.4770545959472656,1.3044662475585938,4.578815460205078
2020-11-18,0.0159683227539062,0.0395278930664062,0.04681396484375,0.0597610473632812,0.0,0.0171585083007812
2020-11-19,0.0,0.0,0.0,0.0,0.0,0.0
2020-11-20,2.378662109375,3.520912170410156,1.1310195922851562,0.7763214111328125,0.0,0.1475067138671875
2020-11-21,4.221473693847656,5.773918151855469,6.027381896972656,4.029762268066406,0.89837646484375,3.5870895385742188
2020-11-22,0.0187149047851562,0.0222015380859375,0.0345001220703125,0.030517578125,0.0,0.014312744140625
2020-11-23,0.0,0.0,0.0,0.0,0.0,0.0
2020-11-24,0.0,0.0111007690429687,0.010406494140625,0.0046005249023437,0.0,0.0
2020-11-25,0.0,0.0,0.0,0.0,0.0,0.0
2020-11-26,0.0,0.0,0.0,0.0,0.0,0.0
2020-11-27,0.0,0.0,0.0,0.0,0.0,0.0
2020-11-28,0.0,0.0,0.02197265625,0.0,1.333953857421875,0.3759536743164062
2020-11-29,0.0801124572753906,0.1481056213378906,0.7621116638183594,0.5845451354980469,0.3992195129394531,2.2076492309570312
2020-11-30,0.0659141540527343,0.0929336547851562,0.1000175476074218,0.0561370849609375,0.003082275390625,0.2209320068359375
2020-12-01,0.0,0.0,0.0,0.0,0.0,0.0
2020-12-02,0.0107192993164062,0.0,0.715789794921875,0.0027313232421875,1.9536285400390625,0.7648811340332031
2020-12-03,0.6002349853515625,0.0697784423828125,7.702529907226562,1.01995849609375,17.392303466796875,7.8153076171875
2020-12-04,1.262542724609375,0.1478042602539062,4.993644714355469,1.0284576416015625,8.474876403808594,5.115753173828125
2020-12-05,0.0107345581054687,0.0,0.4638214111328125,0.0,0.5939865112304688,0.0940322875976562
2020-12-06,1.016082763671875,0.1100234985351562,4.334510803222656,1.25665283203125,4.180755615234375,4.508209228515625
2020-12-07,2.9118003845214844,4.540332794189453,10.612197875976562,9.220558166503906,18.615158081054688,18.9189453125
2020-12-08,0.2510452270507812,0.050323486328125,3.5210037231445312,0.5292816162109375,11.343589782714844,4.703704833984375
2020-12-09,5.063011169433594,2.738250732421875,17.167282104492188,8.839744567871094,38.48194122314453,36.6640853881836
2020-12-10,0.70135498046875,0.2680892944335937,1.4658279418945312,0.5397491455078125,6.457908630371094,4.736381530761719
2020-12-11,0.866485595703125,0.093048095703125,0.830047607421875,0.0765609741210937,1.7934646606445312,0.9438323974609376
2020-12-12,0.0276641845703125,0.0,0.0354080200195312,0.018402099609375,0.4272689819335937,0.1710968017578125
2020-12-13,0.5218734741210938,0.6160659790039062,0.9316329956054688,0.303558349609375,0.6392440795898438,0.1287078857421875
2020-12-14,0.2258224487304687,0.2354660034179687,0.1870498657226562,0.1086502075195312,0.0,0.0268630981445312
2020-12-15,0.0031051635742187,0.0034713745117187,0.00762939453125,0.0027313232421875,0.0,0.0
2020-12-16,0.0,0.0,0.0,0.0,0.0010299682617187,0.0
2020-12-17,0.0,0.0,0.0,0.0,0.004302978515625,0.0009498596191406
2020-12-18,0.0,0.0,0.0,0.0,0.0,0.0010833740234375
2020-12-19,0.0,0.0,0.0,0.0,0.0,0.0
2020-12-20,0.0,0.0014152526855468,0.0258674621582031,0.1650199890136718,0.0,0.0085334777832031
2020-12-21,0.4105873107910156,1.0071640014648438,0.229248046875,0.1638412475585937,0.0020561218261718,0.0595893859863281
2020-12-22,0.0,0.0031166076660156,0.0018234252929687,0.0018692016601562,0.0010261535644531,0.3423309326171875
2020-12-23,0.0,0.0031166076660156,0.0103225708007812,0.0,0.0269317626953125,0.0
2020-12-24,0.034942626953125,0.0045127868652343,0.6415176391601562,0.0158233642578125,9.79903793334961,1.688140869140625
2020-12-25,2.721485137939453,5.246307373046875,5.86273193359375,2.577674865722656,33.04935073852539,15.292823791503906
2020-12-26,27.04170227050781,30.04224395751953,41.8599853515625,39.41178131103516,59.83121490478516,57.14636993408203
2020-12-27,4.2071533203125,5.397506713867188,14.55047607421875,9.085472106933594,24.24846649169922,21.525192260742188
2020-12-28,2.783050537109375,0.7808990478515625,19.06607818603516,4.419357299804688,45.79841613769531,21.12468719482422
2020-12-29,10.018203735351562,10.602195739746094,21.684295654296875,25.543800354003903,77.86743927001953,51.16521453857422
2020-12-30,9.449699401855469,12.116950988769531,28.42036437988281,20.724327087402344,93.78533172607422,56.72266387939453
2020-12-31,4.4227142333984375,1.9382209777832031,7.085578918457031,5.011547088623047,18.946762084960938,16.098651885986328
2021-01-01,0.0,0.0,0.0167465209960937,0.0,0.2178497314453125,0.0178298950195312
2021-01-02,0.0156021118164062,0.0,0.9319229125976562,0.0292091369628906,2.687904357910156,0.7104377746582031
2021-01-03,7.163780212402344,3.03424072265625,23.540817260742188,4.933158874511719,41.48387908935547,39.03263092041016
2021-01-04,1.65008544921875,4.230987548828125,5.251457214355469,6.665550231933594,8.805206298828125,7.873291015625
2021-01-05,0.1051025390625,0.1168212890625,1.5296401977539062,0.1801300048828125,7.83984375,3.166610717773437
2021-01-06,14.62896728515625,9.42754364013672,34.468048095703125,18.019119262695312,54.09578704833984,41.721168518066406
2021-01-07,11.376968383789062,12.014411926269531,13.417228698730469,13.108200073242188,20.852516174316406,29.00745391845703
2021-01-08,10.043197631835938,14.16327667236328,16.76280975341797,16.709266662597656,36.06543731689453,59.455223083496094
2021-01-09,9.924976348876951,8.972625732421875,9.925289154052734,8.498382568359375,8.941905975341797,12.878662109375
2021-01-10,16.649063110351562,19.60140991210937,40.17034149169922,29.19760131835937,54.084228515625,64.1456298828125
2021-01-11,2.7183837890625,4.330413818359375,8.253150939941406,4.209503173828125,11.213294982910156,10.425987243652344
2021-01-12,0.297454833984375,0.2902069091796875,0.3390426635742187,0.7545623779296875,0.2615280151367187,0.742034912109375
2021-01-13,1.3697738647460938,2.0744590759277344,2.073505401611328,1.7956008911132812,1.3926048278808594,4.252876281738281
2021-01-14,4.601478576660156,4.696388244628906,5.296531677246094,4.625373840332031,4.244483947753906,7.497390747070312
2021-01-15,0.4457664489746094,0.8917579650878906,0.3117332458496094,0.4042701721191406,0.0037193298339843,0.0798149108886718
2021-01-16,0.902587890625,2.16522216796875,0.7499771118164062,1.1363449096679688,0.0212860107421875,0.4008865356445312
2021-01-17,2.904747009277344,3.375335693359375,2.69879150390625,2.7264862060546875,1.277191162109375,1.2475662231445312
2021-01-18,0.2617950439453125,0.2222633361816406,0.1930580139160156,0.1654129028320312,0.0041122436523437,0.256195068359375
2021-01-19,0.0204925537109375,0.1044044494628906,0.0471000671386718,0.0938682556152343,0.0387916564941406,0.0137672424316406
2021-01-20,0.0041732788085937,0.0045127868652343,0.4320068359375,0.0352325439453125,3.678882598876953,1.8847618103027344
2021-01-21,0.0003547668457031,0.0003547668457031,0.7424049377441406,0.0425643920898437,6.442653656005859,2.7106246948242188
2021-01-22,1.0110397338867188,0.4430007934570312,14.45001220703125,5.5608673095703125,56.03163909912109,24.899978637695312
2021-01-23,6.062347412109375,3.0098190307617188,17.709247589111328,9.954753875732422,57.83145904541016,32.71038055419922
2021-01-24,13.13701629638672,9.757347106933594,41.76836395263672,26.99474334716797,68.84749603271484,59.696739196777344
2021-01-25,11.285240173339844,11.872657775878906,25.389312744140625,19.178993225097656,44.81637573242188,41.29830551147461
2021-01-26,6.338371276855469,9.14604949951172,7.251869201660156,8.863632202148438,5.796142578125,13.663131713867188
2021-01-27,2.708576202392578,4.657951354980469,1.4527473449707031,2.692779541015625,0.0594978332519531,0.7020034790039062
2021-01-28,0.63287353515625,0.8400726318359375,1.145671844482422,0.8502731323242188,2.732002258300781,1.2333412170410156
2021-01-29,4.8137054443359375,6.169624328613281,6.511970520019531,4.993930816650391,21.52908706665039,18.54727935791016
2021-01-30,4.794525146484375,5.385673522949219,5.100914001464844,5.639068603515625,3.828804016113281,6.1917266845703125
2021-01-31,15.787967681884766,13.221317291259766,32.37007522583008,20.203468322753903,49.61628723144531,33.797645568847656
2021-02-01,0.6589508056640625,0.6297492980957031,3.4145660400390625,0.836090087890625,23.196746826171875,15.6656494140625
2021-02-02,0.0003509521484375,0.0,0.0084991455078125,0.0,0.2749176025390625,1.8085403442382808
2021-02-03,0.0,0.0,0.0149250030517578,0.0,0.0344886779785156,0.0
2021-02-04,0.0,0.0,0.1699352264404297,0.0027313232421875,2.15777587890625,0.1722679138183593
2021-02-05,0.0,0.0,0.0036468505859375,0.0,0.00640869140625,0.0
2021-02-06,0.0,0.0205039978027343,0.2022666931152343,0.0,0.946624755859375,0.0427970886230468
2021-02-07,3.0816726684570312,0.45989990234375,5.463348388671875,0.8793106079101562,12.145378112792969,4.597618103027344
2021-02-08,13.685707092285156,6.017486572265625,31.857398986816406,16.302154541015625,41.39281463623047,29.473228454589844
2021-02-09,2.356842041015625,2.4480056762695312,10.407516479492188,5.851226806640625,37.86189270019531,20.21576690673828
2021-02-10,9.98711395263672,6.208412170410156,34.08385467529297,22.165328979492188,71.32862091064453,43.39835357666016
2021-02-11,6.369850158691406,7.391578674316406,9.779701232910156,8.723323822021484,25.780033111572266,21.94604110717773
2021-02-12,0.0457763671875,0.0734996795654296,0.0268688201904296,0.0267772674560546,0.0020561218261718,0.0421638488769531
2021-02-13,4.840003967285156,5.184852600097656,11.492713928222656,10.437660217285156,15.84577178955078,22.96331024169922
2021-02-14,1.3451461791992188,1.7158966064453125,2.1233444213867188,2.236778259277344,1.3905105590820312,3.160919189453125
2021-02-15,0.3409347534179687,0.7302627563476562,0.8712425231933594,0.8941802978515625,0.1952743530273437,0.4052200317382812
2021-02-16,0.0,0.0,0.0,0.0,0.0,0.0
2021-02-17,5.08074951171875,4.239936828613281,3.13507080078125,2.9262847900390625,0.844696044921875,1.6106643676757812
2021-02-18,0.029205322265625,0.60601806640625,0.002777099609375,0.2092704772949218,0.0,0.00640869140625
2021-02-19,0.0,0.0,0.0054702758789062,0.0,0.0010261535644531,0.0
2021-02-20,0.3544540405273437,1.53802490234375,0.2914886474609375,0.8142013549804688,0.0301361083984375,0.7463302612304688
2021-02-21,0.0,0.0,0.0066757202148437,0.0,0.0,0.00885009765625
2021-02-22,0.0,0.0,0.0,0.0,0.0,0.0
2021-02-23,0.0,0.0,0.0,0.0,0.0,0.0
2021-02-24,0.0,0.0,0.0,0.0,0.0,0.0
2021-02-25,0.0,0.0,0.0,0.0,0.0,0.0
2021-02-26,0.0,0.0,0.0,0.0,0.0,0.0
2021-02-27,0.7187347412109375,2.073017120361328,0.7577400207519531,0.3424339294433594,0.0,0.0494766235351562
2021-02-28,0.0853385925292968,0.0450668334960937,0.1383514404296875,0.0046005249023437,0.0,0.00640869140625
2021-03-01,0.030517578125,0.12823486328125,0.0861663818359375,0.0385284423828125,0.0,0.0256423950195312
2021-03-02,0.0,0.0,0.0,0.0,0.0,0.0
2021-03-03,0.0,0.0,0.0,0.0,0.0,0.0
2021-03-04,0.0,0.0,0.0,0.0,0.0,0.0
2021-03-05,1.377105712890625,2.179431915283203,0.829620361328125,0.4288139343261719,4.35528564453125,0.6770210266113281
2021-03-06,3.42486572265625,4.157520294189453,2.6429214477539062,1.4373245239257812,0.5008430480957031,2.498455047607422
2021-03-07,0.0,0.0,0.0,0.0,0.0,0.00640869140625
2021-03-08,0.0,0.0,0.0381011962890625,0.0046005249023437,0.9288330078125,0.9287490844726562
2021-03-09,14.764774322509766,11.444725036621094,24.559738159179688,13.665691375732422,21.380992889404297,20.794189453125
2021-03-10,12.737899780273438,16.766780853271484,21.612483978271484,17.361724853515625,25.665977478027344,38.65230941772461
2021-03-11,0.0472030639648437,0.0738525390625,0.1135711669921875,0.04791259765625,0.0,0.0204505920410156
2021-03-12,0.2794303894042969,0.1884689331054687,1.555133819580078,0.1198348999023437,3.2698898315429688,1.140300750732422
2021-03-13,3.3094940185546875,3.073995590209961,2.751293182373047,2.1031360626220703,15.61433219909668,6.19434928894043
2021-03-14,0.8565788269042969,0.6733322143554688,3.969032287597656,2.0297927856445312,23.50925064086914,8.812713623046875
2021-03-15,13.746826171875,17.222511291503906,10.076828002929688,12.880481719970703,18.270282745361328,17.7554931640625
2021-03-16,2.032085418701172,3.8116607666015625,0.8631706237792969,1.5249671936035156,0.2472686767578125,1.4236335754394531
2021-03-17,1.464984893798828,2.695751190185547,0.7731361389160156,0.957172393798828,0.00897216796875,0.1370124816894531
2021-03-18,2.1731719970703125,3.150230407714844,1.6851921081542969,1.6725406646728516,0.3789691925048828,0.7998256683349609
2021-03-19,0.8023109436035156,0.7925262451171875,4.092853546142578,1.9165077209472656,0.6029586791992188,0.1734428405761718
2021-03-20,3.680965423583984,5.463588714599609,8.503837585449219,7.967502593994141,5.236862182617188,14.232040405273438
2021-03-21,6.569194793701172,11.136451721191406,12.253700256347656,14.457317352294922,10.240276336669922,23.490222930908203
2021-03-22,9.858688354492188,15.718826293945312,9.13105010986328,8.165729522705078,4.882301330566406,7.400337219238281
2021-03-23,0.8461151123046875,1.8930435180664065,1.3555145263671875,1.477935791015625,0.1299819946289062,0.604644775390625
2021-03-24,6.851585388183594,9.811447143554688,7.034889221191406,5.551387786865234,1.038715362548828,3.248912811279297
2021-03-25,0.0119743347167968,0.0159568786621093,0.062631607055664,0.0320911407470703,0.0074367523193359,0.0392074584960937
2021-03-26,0.0,0.0,0.0,0.0,0.0,0.0
2021-03-27,0.0,0.0,0.0,0.0,0.0,0.0
2021-03-28,0.1871223449707031,0.5264129638671875,0.1618537902832031,0.0575637817382812,0.4403305053710937,0.2432174682617187
2021-03-29,0.7532958984375,0.2292747497558593,0.7887649536132812,1.3178596496582031,0.0563011169433593,0.2314109802246093
2021-03-30,0.1566619873046875,0.2954483032226562,0.1269073486328125,0.110870361328125,0.0,0.0662078857421875
2021-03-31,0.0674400329589843,0.0,0.0826377868652343,0.0274581909179687,0.0,0.0002708435058593
2021-04-01,0.0386695861816406,0.0131874084472656,0.0,0.0243415832519531,0.002685546875,0.0
2021-04-02,9.853984832763672,5.645053863525391,2.059673309326172,3.882312774658203,0.5022354125976562,0.0645561218261718
2021-04-03,15.629169464111328,17.975933074951172,17.998313903808594,9.835952758789062,39.55840301513672,26.064754486083984
2021-04-04,0.8103904724121094,2.184490203857422,2.645580291748047,2.819896697998047,3.3329086303710938,12.602195739746094
2021-04-05,0.0197868347167968,0.102264404296875,0.0522842407226562,0.057708740234375,0.0,0.00640869140625
2021-04-06,14.309757232666016,10.499717712402344,15.732112884521484,7.4575653076171875,17.634796142578125,10.123287200927734
2021-04-07,4.989187240600586,7.625703811645508,12.453136444091797,9.35907745361328,14.684555053710938,22.68303680419922
2021-04-08,0.0485153198242187,0.1989250183105468,0.0446548461914062,0.0535240173339843,0.009490966796875,0.1897430419921875
2021-04-09,0.0,0.0156135559082031,0.0,0.0048980712890625,0.0,0.0
2021-04-10,0.0,0.0,0.0,0.0,0.0,0.0
2021-04-11,0.098907470703125,0.03546142578125,0.5263824462890625,0.07421875,0.00640869140625,1.1040115356445312
2021-04-12,0.0049514770507812,0.13861083984375,0.0318450927734375,0.09039306640625,0.0475692749023437,0.0156631469726562
2021-04-13,10.27802276611328,8.584068298339844,8.638458251953125,2.467071533203125,28.807769775390625,8.366889953613281
2021-04-14,1.1841087341308594,1.8335075378417969,3.5585289001464844,2.522602081298828,12.831836700439451,11.316184997558594
2021-04-15,0.282012939453125,0.3909988403320312,0.3362960815429687,0.1325759887695312,0.0023040771484375,0.1197662353515625
2021-04-16,0.0,0.0,0.020111083984375,0.0241661071777343,0.1519088745117187,0.6250686645507812
2021-04-17,6.4492950439453125,6.458320617675781,7.511932373046875,6.1053314208984375,7.03472900390625,11.814056396484377
2021-04-18,1.044210433959961,1.4203987121582031,0.84222412109375,0.5531806945800781,1.59051513671875,0.705291748046875
2021-04-19,1.7028274536132812,1.398393630981445,5.411882400512695,5.206295013427734,9.666231155395508,11.537796020507812
2021-04-20,4.104263305664063,4.186130523681641,3.1468658447265625,0.9975357055664062,4.304889678955078,1.0342025756835938
2021-04-21,0.9912490844726562,2.1413497924804688,0.9095458984375,1.0091629028320312,0.4327354431152344,0.180938720703125
2021-04-22,4.232139587402344,5.004566192626953,11.961677551269531,6.343074798583984,14.397224426269531,10.673320770263672
2021-04-23,1.971662521362305,2.203357696533203,8.710575103759766,5.682950973510742,8.803504943847656,8.21651840209961
2021-04-24,0.0,0.0,0.0,0.0,0.0,0.0064105987548828
2021-04-25,0.0,0.0,0.0,0.0,0.0,0.0
2021-04-26,0.0833511352539062,0.1154365539550781,1.6370887756347656,0.7169380187988281,0.4720382690429687,0.4915809631347656
2021-04-27,1.397991180419922,1.3823089599609375,1.536151885986328,1.95098876953125,0.5300674438476562,0.2961044311523437
2021-04-28,7.464328765869141,9.38283920288086,4.325172424316406,1.6024131774902344,5.191104888916016,1.7394943237304688
2021-04-29,0.5800552368164062,0.9866180419921876,0.0891456604003906,0.1078605651855468,1.5237922668457031,0.07403564453125
2021-04-30,0.0,0.113372802734375,0.0221843719482421,0.0,0.0226078033447265,0.0398139953613281
2021-05-01,0.7577438354492188,0.3974761962890625,4.693149566650391,2.4753494262695312,8.78580093383789,5.725196838378906
2021-05-02,0.2915802001953125,0.121734619140625,0.3067245483398437,0.0955352783203125,2.247352600097656,0.3553237915039062
2021-05-03,1.0163955688476562,1.347412109375,0.0176658630371093,0.0265121459960937,0.30126953125,0.551300048828125
2021-05-04,0.0,0.0,0.08587646484375,0.0,0.0339126586914062,0.0544891357421875
2021-05-05,0.3820152282714844,0.5278663635253906,0.077606201171875,0.4399299621582031,0.1022109985351562,0.0656356811523437
2021-05-06,0.0734405517578125,0.096435546875,0.104736328125,0.009796142578125,0.4283676147460937,0.0300674438476562
2021-05-07,0.8889923095703125,0.6976852416992188,0.0,0.0030288696289062,0.0,0.0
2021-05-08,0.7275352478027344,0.8683280944824219,0.5422821044921875,0.3097305297851562,0.0666923522949218,0.102569580078125
2021-05-09,0.0,0.0,0.0,0.0,0.0,0.0
2021-05-10,0.0,0.0,0.0,0.0,0.0,0.0113754272460937
2021-05-11,0.0,0.0,0.0,0.0,0.0,0.0028457641601562
2021-05-12,4.181392669677734,5.697742462158203,6.445152282714844,3.827354431152344,6.443618774414063,8.015029907226562
2021-05-13,4.0882720947265625,4.713951110839844,6.390846252441406,2.4124488830566406,30.85922241210937,18.605762481689453
2021-05-14,0.2142200469970703,0.3895835876464844,1.983306884765625,0.5126991271972656,9.205846786499023,4.268552780151367
2021-05-15,0.963054656982422,4.531417846679688,4.262397766113281,6.104572296142578,13.246288299560549,6.674327850341797
2021-05-16,0.4332962036132812,0.7335777282714844,0.9798011779785156,0.5148353576660156,2.16238021850586,0.8335762023925781
2021-05-17,4.7096099853515625,4.601829528808594,9.128952026367188,8.506256103515625,7.182197570800781,4.617221832275391
2021-05-18,0.2264442443847656,0.8505821228027344,1.7494773864746094,1.0072021484375,0.7837905883789062,0.6468658447265625
2021-05-19,0.6485519409179688,1.9347381591796875,0.3876266479492187,0.0476913452148437,5.516254425048828,1.9033126831054688
2021-05-20,8.313785552978516,17.643035888671875,10.824081420898438,7.886798858642578,11.5362548828125,11.385765075683594
2021-05-21,0.0094070434570312,0.320892333984375,0.0506668090820312,0.4814796447753906,0.0791244506835937,0.0900192260742187
2021-05-22,0.0,0.0,0.0,0.0,0.0,0.0
2021-05-23,0.0,0.0,0.0,0.0,0.0,0.0
2021-05-24,0.0655021667480468,0.0107460021972656,0.0,0.3404159545898437,0.0,0.102569580078125
2021-05-25,0.3254890441894531,1.3646202087402344,0.0060539245605468,0.0,0.0,0.0
2021-05-26,0.7857704162597656,0.3875694274902344,1.0411720275878906,0.4244155883789062,0.0113029479980468,0.1790428161621093
2021-05-27,3.671424865722656,2.580392837524414,2.931150436401367,5.453851699829102,0.5899143218994141,1.93574333190918
2021-05-28,2.7895431518554688,3.443572998046875,2.785118103027344,5.289318084716797,1.7683181762695312,9.061073303222656
2021-05-29,0.0425739288330078,0.0488758087158203,0.0200271606445312,0.0048980712890625,0.3178062438964844,0.6314811706542969
2021-05-30,3.2184295654296875,2.7591476440429688,5.151092529296875,3.982002258300781,1.8421630859375,6.848346710205078
2021-05-31,2.875476837158203,9.819908142089844,1.423809051513672,1.943695068359375,6.756477355957031,12.77444839477539
2021-06-01,3.207313537597656,9.017913818359377,2.11843490600586,3.2764244079589844,0.0442657470703125,1.6986770629882812
2021-06-02,0.0,0.0,0.0,0.0,0.27191162109375,0.0524139404296875
2021-06-03,0.0003547668457031,0.0,0.1205635070800781,0.0454216003417968,0.0707664489746093,0.4755058288574219
2021-06-04,0.0,0.0,0.0,0.0,0.0544662475585937,0.0
2021-06-05,0.0398178100585937,0.1609725952148437,3.6763763427734375,0.1418533325195312,1.0154991149902344,0.1050033569335937
2021-06-06,7.420459747314453,7.972358703613281,7.5175628662109375,3.888263702392578,0.9779815673828124,9.05999755859375
2021-06-07,9.84079360961914,9.182720184326172,12.109237670898438,10.445022583007812,15.932201385498049,18.64414978027344
2021-06-08,0.28125,0.2414093017578125,0.6813926696777344,0.414215087890625,0.2796211242675781,0.9488372802734376
2021-06-09,0.1808280944824218,0.2125396728515625,0.4488143920898437,0.4966049194335937,0.3375205993652344,1.3578567504882812
2021-06-10,6.093915939331055,8.18057632446289,5.550350189208984,6.349416732788086,1.9531269073486328,5.119575500488281
2021-06-11,3.161243438720703,7.1889495849609375,0.8271751403808594,1.9499282836914065,1.3860626220703125,8.797252655029297
2021-06-12,0.699859619140625,3.525333404541016,1.9293365478515625,1.6155509948730469,0.3073234558105469,5.868724822998047
2021-06-13,5.313716888427734,9.519489288330078,5.033802032470703,4.293670654296875,3.6417465209960938,7.098400115966797
2021-06-14,1.6551666259765625,5.915641784667969,1.4454689025878906,3.5532798767089844,0.0795631408691406,0.9673995971679688
2021-06-15,0.8744430541992188,2.1830825805664062,0.5642471313476562,0.6048202514648438,0.0,0.0147171020507812
2021-06-16,0.0094070434570312,0.0489578247070312,0.0285720825195312,0.0984077453613281,0.1471061706542968,0.7680473327636719
2021-06-17,0.12347412109375,0.4469223022460937,3.130035400390625,0.2264404296875,3.8006668090820312,2.418495178222656
2021-06-18,0.3043670654296875,0.6685943603515625,0.7935142517089844,0.3923492431640625,5.1767120361328125,0.4928817749023437
2021-06-19,1.0744781494140625,3.83902359008789,1.866058349609375,1.53717041015625,1.358612060546875,9.9002685546875
2021-06-20,0.2312545776367187,1.0902824401855469,0.105712890625,0.7324066162109375,0.0793609619140625,0.3488235473632812
2021-06-21,2.2299575805664062,3.769374847412109,3.3500938415527344,2.1314735412597656,6.289760589599609,4.128059387207031
2021-06-22,0.0,0.1442070007324218,0.0112342834472656,0.0056114196777343,0.0,0.0014228820800781
2021-06-23,0.0,0.0,0.004852294921875,0.0,0.0,0.0128211975097656
2021-06-24,0.1189384460449218,0.1725540161132812,0.5244255065917969,0.14215087890625,0.0,0.0617523193359375
2021-06-25,0.9483489990234376,2.966129302978516,0.930622100830078,0.6525955200195312,0.0095977783203125,1.2492294311523438
2021-06-26,2.507709503173828,2.8136444091796875,11.023250579833984,1.0494499206542969,0.0,3.119647979736328
2021-06-27,0.0759506225585937,0.1700057983398437,0.4441986083984375,0.088409423828125,0.0587921142578125,0.8973312377929688
2021-06-28,0.0,0.0,0.0,0.0,0.0,0.1018524169921875
2021-06-29,0.0,0.0,0.0,0.0,0.0,0.0
2021-06-30,0.0,0.0,0.1634979248046875,0.0,0.0,0.0047378540039062
2021-07-01,9.231719970703123,13.972381591796877,3.141693115234375,1.4521102905273438,2.0931625366210938,0.11962890625
2021-07-02,1.4414787292480469,3.121910095214844,2.2433624267578125,0.7101707458496094,1.9024391174316408,7.131614685058594
2021-07-03,0.4269943237304687,1.678619384765625,0.2445144653320312,0.2847976684570312,0.098602294921875,0.4773025512695312
2021-07-04,0.2590408325195312,0.1811981201171875,1.5838775634765625,0.6369476318359375,0.1980743408203125,1.1265411376953125
2021-07-05,5.4500732421875,4.0043792724609375,7.371833801269531,3.678787231445313,1.8029861450195312,5.025718688964844
2021-07-06,0.3174362182617187,0.2677650451660156,0.1719703674316406,0.0703849792480468,0.3029403686523437,0.2732620239257812
2021-07-07,0.0,0.0,0.0,0.0,0.0,0.0
2021-07-08,0.0,0.0,0.0,0.0,0.0,0.00640869140625
2021-07-09,0.4549942016601562,0.3227691650390625,1.1186599731445312,1.617889404296875,0.4253082275390625,4.01416015625
2021-07-10,7.726596832275391,8.541961669921875,7.204853057861328,13.18264389038086,4.505001068115234,3.270088195800781
2021-07-11,0.9279441833496094,10.37600326538086,1.3175048828125,0.5630455017089844,0.2227210998535156,4.586849212646484
2021-07-12,0.2942733764648437,4.889690399169922,0.5759468078613281,1.9078941345214844,0.697540283203125,1.0175437927246094
2021-07-13,0.0062026977539062,0.0,0.0273590087890625,0.0,0.0,1.5602493286132812
2021-07-14,0.0,0.0,0.0,0.0,0.0,0.0
2021-07-15,2.610942840576172,3.2445526123046875,0.1372451782226562,0.0181694030761718,0.8008804321289062,0.2744293212890625
2021-07-16,3.84869384765625,15.24639129638672,0.0058059692382812,4.542827606201172,0.0108375549316406,0.0458221435546875
2021-07-17,10.084274291992188,23.49231719970703,8.757514953613281,7.2111663818359375,1.2541732788085938,7.076770782470703
2021-07-18,19.45410919189453,25.293930053710938,10.004547119140623,14.81436538696289,5.91845703125,12.642440795898438
2021-07-19,14.650352478027344,13.10898208618164,15.844654083251951,13.575977325439451,11.730819702148438,20.928333282470703
2021-07-20,3.239654541015625,8.159133911132812,2.86871337890625,1.698699951171875,0.879119873046875,4.092498779296875
2021-07-21,0.0641250610351562,0.0516510009765625,0.1768035888671875,0.1252670288085937,0.0,0.00640869140625
2021-07-22,0.0792236328125,0.3383331298828125,0.1258621215820312,0.0620803833007812,0.0,0.0
2021-07-23,0.0,0.0531158447265625,0.0,0.0,0.0020561218261718,0.2371902465820312
2021-07-24,0.675994873046875,1.6860847473144531,0.5587120056152344,0.1639328002929687,0.0318565368652343,0.4915771484375
2021-07-25,0.0241851806640625,0.1455955505371093,0.0890846252441406,0.0327682495117187,0.0,1.7312736511230469
2021-07-26,0.0713996887207031,1.0000495910644531,1.6714248657226562,0.5824966430664062,0.0,4.869682312011719
2021-07-27,0.0031051635742187,0.0,0.0018234252929687,0.0,0.0,0.0833358764648437
2021-07-28,0.0,0.0,0.0,0.0,0.0,0.0128173828125
2021-07-29,0.0,0.0007057189941406,0.0,0.0,0.0,0.0
2021-07-30,0.0003547668457031,0.0041580200195312,0.0,0.0,0.0,0.0
2021-07-31,0.0003547668457031,0.0007057189941406,0.0084991455078125,0.0037422180175781,0.0115470886230468,0.0215797424316406
2021-08-01,0.0,0.0,0.0291824340820312,0.0,0.0,0.0
2021-08-02,0.0207595825195312,0.8002853393554688,0.0,0.0,0.0,0.0
2021-08-03,0.0146102905273437,0.2064132690429687,0.6934776306152344,0.5222091674804688,0.2058982849121093,0.2852668762207031
2021-08-04,0.0,0.0114364624023437,0.0018234252929687,0.0,0.0,0.0
2021-08-05,0.2299041748046875,0.1864089965820312,4.325042724609375,0.1141624450683593,3.5782394409179688,3.5443687438964844
2021-08-06,0.35577392578125,1.5277252197265625,0.76947021484375,0.4105644226074219,0.2635459899902344,0.5351142883300781
2021-08-07,0.0,0.0,0.0,0.0,0.0,0.0
2021-08-08,0.0,0.0,0.0,0.0,0.0,0.0
2021-08-09,0.491668701171875,0.3823928833007812,0.0315933227539062,0.0211944580078125,0.0,2.283599853515625
2021-08-10,0.0176773071289062,0.7333145141601562,0.20166015625,0.0168304443359375,0.0,0.2521591186523437
2021-08-11,2.391075134277344,3.375923156738281,6.2589263916015625,2.1484298706054688,0.4822158813476562,4.25360107421875
2021-08-12,0.0,0.0,0.0,0.0,0.0,0.0
2021-08-13,0.0,0.0,0.0,0.0,0.0,0.0
2021-08-14,0.0,0.0,0.0,0.0,0.0,0.0
2021-08-15,0.0,0.0,0.0,0.0,0.0,0.0
2021-08-16,0.0,0.0,0.0091209411621093,0.0,0.0,0.1384963989257812
2021-08-17,4.181400299072266,4.203998565673828,1.7720565795898438,0.5683441162109375,0.0,0.2642326354980469
2021-08-18,1.1290206909179688,1.3567543029785156,5.57550048828125,1.8014297485351562,5.259223937988281,15.130165100097656
2021-08-19,0.0,0.0,0.0,0.0,0.0,0.0147171020507812
2021-08-20,0.0,0.0,0.0,0.0,0.0,0.0576953887939453
2021-08-21,0.0,0.0174293518066406,0.0873775482177734,0.0436134338378906,0.1063194274902343,0.1923179626464843
2021-08-22,0.0,0.0,0.0,0.0,0.0,0.0
2021-08-23,0.0,0.0,0.0,0.0,0.0,0.0
2021-08-24,1.6377487182617188,1.3834915161132812,0.219085693359375,1.3738327026367188,0.0066795349121093,0.3526954650878906
2021-08-25,12.432537078857422,12.209728240966797,13.664844512939451,7.100532531738281,11.888103485107422,21.275619506835938
2021-08-26,0.691009521484375,0.8667144775390625,2.300830841064453,1.4515266418457031,14.65142822265625,22.92834854125977
2021-08-27,0.7518196105957031,0.3825225830078125,0.0563240051269531,0.0,0.1201248168945312,0.0009498596191406
2021-08-28,6.953910827636719,6.236228942871094,3.0709152221679688,1.047576904296875,4.887916564941406,1.880653381347656
2021-08-29,7.465499877929687,7.278369903564453,7.189205169677734,6.7030792236328125,10.85498046875,15.288925170898438
2021-08-30,0.0045166015625,0.0111007690429687,0.3401145935058594,0.1596603393554687,0.0005760192871093,0.0738983154296875
2021-08-31,0.1270751953125,0.3564414978027344,0.2549324035644531,0.1299476623535156,0.1079902648925781,0.0264091491699218
2021-09-01,0.6578521728515625,1.0247726440429688,0.8192291259765625,0.48846435546875,0.4857864379882812,1.263763427734375
2021-09-02,0.0031051635742187,0.00311279296875,0.0614089965820312,0.0559234619140625,0.0,0.0
2021-09-03,0.0,0.0,0.0,0.0,0.0,0.0
2021-09-04,0.0,0.0,0.0,0.0,0.0,0.0201797485351562
2021-09-05,0.0045166015625,0.0088386535644531,0.1702117919921875,0.0268096923828125,0.0628242492675781,0.3662528991699219
2021-09-06,0.0535392761230468,0.2458724975585937,0.0,0.0048980712890625,0.1202011108398437,0.091644287109375
2021-09-07,0.0,0.0,0.0,0.0,0.0,0.0
2021-09-08,0.0,0.0,0.0,0.0,0.3546485900878906,0.0508308410644531
2021-09-09,0.0,0.006011962890625,0.1003150939941406,0.1104011535644531,0.7131881713867188,0.2213363647460937
2021-09-10,0.0271492004394531,0.2218894958496093,3.8695068359375,0.0554542541503906,1.844165802001953,1.5781478881835938
2021-09-11,0.009033203125,0.0003509521484375,0.3822784423828125,0.1677093505859375,3.9751129150390634,0.2236480712890625
2021-09-12,0.0,0.0,0.0,0.0,0.0,0.0
2021-09-13,0.0,0.0,0.1300582885742187,0.0812911987304687,0.0249099731445312,0.296783447265625
2021-09-14,0.0,0.0437202453613281,0.0,0.0,0.0,0.0833358764648437
2021-09-15,0.0,0.0031166076660156,0.0018234252929687,0.0,0.0071945190429687,0.1070365905761718
2021-09-16,0.8089981079101562,1.0694503784179688,0.8877182006835938,0.1677932739257812,0.1260528564453125,1.0297088623046875
2021-09-17,1.9824066162109373,3.696090698242188,3.634483337402344,0.1250991821289062,6.8857421875,5.75738525390625
2021-09-18,1.6664352416992188,2.855194091796875,6.110927581787109,4.106555938720703,8.20846176147461,11.712047576904297
2021-09-19,4.237815856933594,1.77508544921875,4.164649963378906,1.4005279541015625,4.7494964599609375,18.287322998046875
2021-09-20,2.959026336669922,5.385044097900391,4.592487335205078,2.8516998291015625,10.370487213134766,7.235191345214844
2021-09-21,3.477752685546875,6.086639404296875,4.6084747314453125,2.7025604248046875,5.489227294921875,14.0316162109375
2021-09-22,0.3045196533203125,1.47705078125,0.2435150146484375,0.236419677734375,0.0102691650390625,1.639190673828125
2021-09-23,0.759918212890625,0.8696746826171875,0.2430953979492187,0.0830307006835937,0.0,0.1357955932617187
2021-09-24,0.0,0.0,0.0,0.0,0.0,0.0
2021-09-25,0.0,0.0,0.0,0.0,0.0,0.0
2021-09-26,0.0,0.0,0.0,0.0,0.0,0.0
2021-09-27,0.3253707885742187,3.0315170288085938,1.540313720703125,0.273956298828125,0.3151092529296875,3.2696762084960938
2021-09-28,1.4409713745117188,3.0450897216796875,2.175033569335937,1.3706092834472656,4.777698516845703,20.309436798095703
2021-09-29,0.0079841613769531,0.0242538452148437,0.0444412231445312,0.0086402893066406,0.0829429626464843,1.3982200622558594
2021-09-30,12.05588150024414,13.06478500366211,8.014663696289062,8.67092514038086,6.615154266357422,10.965099334716797
2021-10-01,0.0936393737792968,0.0915031433105468,1.0185775756835938,0.2887496948242187,0.0195999145507812,0.5504951477050781
2021-10-02,0.0,0.0,0.0,0.0,0.0,0.0
2021-10-03,0.0,0.0,0.0,0.0,0.0,0.0
2021-10-04,0.0,0.0,0.0,0.0,0.0,0.0
2021-10-05,0.3729743957519531,0.0,0.0285263061523437,0.0,0.0,0.0
2021-10-06,3.2369461059570312,3.4573898315429688,5.33001708984375,2.4120864868164062,22.135841369628903,5.289726257324219
2021-10-07,10.308204650878906,8.975494384765625,19.018539428710938,14.849937438964844,27.286605834960938,28.271217346191406
2021-10-08,5.589134216308594,10.138870239257812,7.993400573730469,7.891822814941406,3.284217834472656,7.8622589111328125
2021-10-09,5.8265533447265625,4.625221252441406,4.087257385253906,2.809921264648437,4.875892639160156,3.971977233886719
2021-10-10,5.320976257324219,5.453529357910156,8.964866638183594,4.714820861816406,15.519752502441406,11.981910705566406
2021-10-11,9.408039093017578,13.397930145263672,9.726642608642578,13.959461212158203,13.468791961669922,14.993297576904297
2021-10-12,1.7017593383789062,3.5102996826171875,1.4080886840820312,3.6879959106445312,0.0039138793945312,0.1793594360351562
2021-10-13,0.8399124145507812,2.2840728759765625,1.20355224609375,0.4308128356933594,0.0215797424316406,1.4773101806640625
2021-10-14,0.468963623046875,1.6906509399414062,1.5533599853515625,0.6627960205078125,0.0010299682617187,0.980010986328125
2021-10-15,6.731964111328125,9.987907409667969,5.1900482177734375,8.499137878417969,3.125648498535156,7.090934753417969
2021-10-16,1.7634735107421875,4.142486572265625,1.7957801818847656,2.294517517089844,0.2156600952148437,0.4369316101074219
2021-10-17,0.0041732788085937,0.0324020385742187,0.004730224609375,0.0133895874023437,0.0667953491210937,0.1297225952148437
2021-10-18,0.0278701782226562,0.105255126953125,0.0483169555664062,0.0934906005859375,0.1122512817382812,1.0009002685546875
2021-10-19,0.0,0.0,0.00555419921875,0.0,0.0,0.0099334716796875
2021-10-20,0.0,0.0,0.0036468505859375,0.0,0.0,0.0
2021-10-21,0.0,0.0,0.6818008422851562,0.0,5.167640686035156,0.4127845764160156
2021-10-22,0.0880508422851562,0.17486572265625,2.1568603515625,0.0836410522460937,9.286590576171877,2.540596008300781
2021-10-23,15.104263305664062,12.49505615234375,6.311775207519531,7.169498443603516,8.091209411621094,16.111331939697266
2021-10-24,0.0,0.0090255737304687,0.0291290283203125,0.0023040771484375,0.0010299682617187,0.24993896484375
2021-10-25,0.0,0.0,0.0,0.0,0.0,0.0
2021-10-26,0.0,0.0,0.0,0.0,0.0,0.0
2021-10-27,0.0031051635742187,0.0,0.0,0.0,0.0,0.0
2021-10-28,0.0,0.0,0.0,0.0,0.0,0.0
2021-10-29,0.0,0.0,0.0,0.0,0.0,0.0
2021-10-30,0.0,0.0,0.0,0.0,0.0,0.0
2021-10-31,0.0,0.0,0.0,0.0,0.0,0.0
2021-11-01,0.0203857421875,0.0,0.5569534301757812,0.005462646484375,1.3886184692382812,0.2975006103515625
2021-11-02,6.001960754394531,7.736564636230469,7.4131317138671875,3.996227264404297,26.42479705810547,20.47139358520508
2021-11-03,3.2843170166015625,1.696990966796875,8.459602355957031,2.2653884887695312,17.166900634765625,5.341835021972656
2021-11-04,2.1234893798828125,0.729278564453125,6.9261016845703125,2.42584228515625,21.331771850585938,5.59051513671875
2021-11-05,26.88929748535156,12.189338684082031,49.5087890625,3.492034912109375,21.399452209472656,5.755035400390625
2021-11-06,17.37468719482422,11.089942932128906,12.405349731445312,5.981880187988281,7.358604431152344,5.8739776611328125
2021-11-07,0.0020904541015625,0.2830429077148437,0.0,0.0168304443359375,0.0,0.0976028442382812
2021-11-08,6.858146667480469,6.522994995117188,4.9566650390625,4.627731323242188,0.958587646484375,2.3476104736328125
2021-11-09,0.7191619873046875,1.1489334106445312,1.0074386596679688,0.4398574829101562,0.1165847778320312,1.4330520629882812
2021-11-10,0.0,0.0,0.0,0.0,0.0014419555664062,0.0
2021-11-11,0.0007095336914062,0.0,0.0222244262695312,0.0030288696289062,0.00640869140625,0.0039291381835937
2021-11-12,0.0,0.0,0.0,0.0,0.0,0.0
2021-11-13,0.0015487670898437,0.0,0.0,0.0,0.0294876098632812,0.0
2021-11-14,5.832054138183594,3.3288345336914062,4.917160034179688,2.110626220703125,3.0624313354492188,1.624908447265625
2021-11-15,0.0146636962890625,0.0,0.032073974609375,0.0,0.0,0.0
2021-11-16,0.0022659301757812,0.000885009765625,0.0013885498046875,0.0071258544921875,0.0,0.0020980834960937
2021-11-17,0.0181884765625,0.0100555419921875,0.0821189880371093,0.0047492980957031,0.0839004516601562,0.0442657470703125
2021-11-18,0.2547798156738281,0.5791206359863281,0.55352783203125,0.2241935729980468,1.0361480712890625,2.797382354736328
2021-11-19,0.2264518737792968,0.7990570068359375,0.2239570617675781,0.1074943542480468,0.0,0.0197944641113281
2021-11-20,0.0039901733398437,0.138641357421875,0.1040077209472656,0.1301422119140625,0.0,0.0645790100097656
2021-11-21,0.0,0.0,0.1223831176757812,0.0030288696289062,1.9539794921875,1.0152359008789062
2021-11-22,8.638484954833984,10.84710693359375,7.780487060546875,9.338523864746094,26.077693939208984,18.32385635375977
2021-11-23,1.053955078125,1.6313400268554688,3.74527359008789,1.6457862854003906,1.2024002075195312,4.8611907958984375
2021-11-24,0.0117950439453125,0.0662078857421875,0.0867233276367187,0.0165481567382812,0.0,0.0261154174804687
2021-11-25,0.0,0.0,0.3705596923828125,0.0,1.56707763671875,0.1704177856445312
2021-11-26,4.265869140625,3.9509506225585938,15.953704833984377,9.63568115234375,39.40082550048828,40.43219757080078
2021-11-27,0.4541702270507812,0.2008514404296875,9.472381591796877,4.220260620117188,43.833457946777344,42.63581848144531
2021-11-28,6.571052551269531,3.06640625,26.468971252441406,13.34026336669922,56.75455474853516,43.52088165283203
2021-11-29,16.494338989257812,18.03285217285156,12.972450256347656,9.778068542480469,20.036361694335938,26.398460388183597
2021-11-30,1.0164947509765625,1.959808349609375,3.287841796875,3.0662994384765625,3.0880889892578125,6.486495971679688
2021-12-01,0.0201492309570312,0.0717811584472656,0.72711181640625,0.0112190246582031,3.15799331665039,0.9628334045410156
2021-12-02,0.37646484375,0.142730712890625,10.27862548828125,1.4878616333007812,27.93936920166016,15.146247863769531
2021-12-03,28.550537109375,23.1961669921875,40.192039489746094,23.57160186767578,67.68670654296875,40.18382263183594
2021-12-04,0.1553955078125,0.063446044921875,0.0782852172851562,0.0235977172851562,0.6513671875,1.2690963745117188
2021-12-05,2.3953781127929688,2.0252761840820312,24.409400939941406,10.023475646972656,53.63140869140625,37.47770690917969
2021-12-06,15.192604064941406,13.656707763671877,18.06461334228516,18.17053985595703,18.93415069580078,35.30711364746094
2021-12-07,3.702980041503906,6.692840576171875,3.3814010620117188,2.645469665527344,1.2392578125,2.1085205078125
2021-12-08,0.0586471557617187,0.0638275146484375,0.0528182983398437,0.0869522094726562,0.0138473510742187,0.013092041015625
2021-12-09,6.563041687011719,5.479995727539063,24.99842834472656,19.65601348876953,33.863563537597656,37.72771453857422
2021-12-10,0.9653167724609376,0.9387893676757812,2.7721405029296875,0.804718017578125,13.684944152832031,8.420463562011719
2021-12-11,15.778434753417969,18.850753784179688,21.22058868408203,20.709701538085938,26.509750366210938,32.672462463378906
2021-12-12,18.258377075195312,29.44007873535156,13.635833740234377,16.45355987548828,6.794586181640625,10.180320739746094
2021-12-13,1.8522415161132808,3.5161361694335938,1.5763015747070312,1.2986717224121094,0.0548744201660156,0.3493309020996094
2021-12-14,0.3287506103515625,0.7025146484375,0.399688720703125,0.2832183837890625,0.0037155151367187,0.0616455078125
2021-12-15,0.4160079956054687,1.2542953491210938,0.8558502197265625,0.5968170166015625,0.013336181640625,0.1191558837890625
2021-12-16,1.1585121154785156,3.1400299072265625,0.9863548278808594,1.0500335693359375,0.0276947021484375,0.2604866027832031
2021-12-17,3.15814208984375,6.86627197265625,1.1280364990234375,3.3917694091796875,0.0264205932617187,1.2080764770507812
2021-12-18,6.639495849609375,5.673820495605469,6.7464141845703125,4.649421691894531,0.9329071044921876,1.5306777954101562
2021-12-19,0.2859954833984375,0.512786865234375,0.3033981323242187,0.4340972900390625,0.0307769775390625,0.4670257568359375
2021-12-20,0.8799667358398438,1.9313812255859373,0.1693496704101562,0.3430862426757812,0.0,0.0384597778320312
2021-12-21,0.4074859619140625,1.1572647094726562,0.1347503662109375,0.2800750732421875,0.0,0.0256423950195312
2021-12-22,0.5755538940429688,0.2744178771972656,0.2623519897460937,0.2444877624511718,0.0234603881835937,0.0248069763183593
2021-12-23,0.0142440795898437,0.0066032409667968,0.1794586181640625,0.0066947937011718,0.8657875061035156,0.1779365539550781
2021-12-24,0.0,0.0005302429199218,1.0706748962402344,0.0325927734375,3.42385482788086,1.1325416564941406
2021-12-25,0.2091827392578125,0.2864913940429687,2.849327087402344,0.2653427124023437,18.77454376220703,5.5248565673828125
2021-12-26,2.4850616455078125,9.061851501464844,12.584701538085938,2.865913391113281,61.936134338378906,32.90782165527344
2021-12-27,5.143081665039063,4.6759033203125,24.41614532470703,14.64092254638672,57.491058349609375,31.27204132080078
2021-12-28,0.0,0.0,0.0,0.0,0.0020561218261718,0.0608100891113281
2021-12-29,3.2647018432617188,5.314697265625,5.8013916015625,3.3621063232421875,4.775993347167969,5.969200134277344
2021-12-30,0.75030517578125,2.15399169921875,0.836456298828125,1.6028594970703125,0.036163330078125,0.9346771240234376
2021-12-31,0.016326904296875,0.0495834350585937,0.0146408081054687,0.01409912109375,0.0,0.0
2022-01-01,0.17901611328125,0.92181396484375,0.1224784851074218,0.30126953125,0.0,0.00640869140625
2022-01-02,0.0,0.0280609130859375,0.0,0.0028800964355468,0.0,0.00640869140625
2022-01-03,0.0,0.0,0.0,0.0,0.7056312561035156,0.0166130065917968
2022-01-04,0.0,0.0,0.2496871948242187,0.0,5.301322937011719,0.2367286682128906
2022-01-05,0.0,0.0003547668457031,2.855854034423828,0.0587425231933593,15.21414566040039,1.3535079956054688
2022-01-06,4.669330596923828,6.248111724853516,8.71133804321289,7.293167114257812,30.7847900390625,16.428707122802734
2022-01-07,1.7173347473144531,2.7850914001464844,4.918819427490234,0.4530143737792969,3.878124237060547,3.0682907104492188
2022-01-08,2.4980125427246094,4.411491394042969,5.241302490234375,2.656463623046875,11.544769287109377,9.777477264404297
2022-01-09,0.9044189453125,1.4388198852539062,1.8898239135742188,2.9889068603515625,2.399398803710937,8.345504760742188
2022-01-10,8.733650207519531,14.767303466796877,12.038124084472656,16.26629638671875,10.819099426269531,9.037391662597656
2022-01-11,3.702842712402344,6.336174011230469,5.572036743164063,3.8496322631835938,1.4619293212890625,5.786293029785156
2022-01-12,0.791168212890625,1.3579559326171875,0.9134445190429688,0.725921630859375,0.0202560424804687,0.1203536987304687
2022-01-13,0.0933990478515625,0.0742111206054687,0.07440185546875,0.103424072265625,0.0,0.0
2022-01-14,0.0,0.0,0.0,0.0027313232421875,0.0,0.0
2022-01-15,0.2491035461425781,0.6577339172363281,0.1869125366210937,0.2867279052734375,0.0,0.00640869140625
2022-01-16,0.0045280456542968,0.0003547668457031,0.0,0.0,0.0,0.0
2022-01-17,1.4980010986328125,2.004913330078125,0.2747650146484375,0.2923583984375,0.009246826171875,0.1326828002929687
2022-01-18,0.4599037170410156,0.7202033996582031,0.2004623413085937,0.435760498046875,0.0311698913574218,0.1406707763671875
2022-01-19,0.0022659301757812,0.0072860717773437,0.00762939453125,0.0066909790039062,0.0,0.0
2022-01-20,5.216865539550781,6.812694549560547,7.8354339599609375,4.206314086914063,13.420013427734377,7.955802917480469
2022-01-21,2.771278381347656,3.6496734619140634,6.713844299316406,6.896186828613281,1.9638442993164065,8.77880859375
2022-01-22,6.624534606933594,7.1439971923828125,3.977874755859375,3.49267578125,1.1601181030273438,3.0622711181640625
2022-01-23,0.831695556640625,1.807819366455078,1.0464248657226562,2.127643585205078,0.1022605895996093,0.8369369506835938
2022-01-24,1.606536865234375,2.011947631835937,1.5404281616210938,0.9749755859375,0.1014328002929687,0.96209716796875
2022-01-25,0.0299835205078125,0.0100631713867187,0.0384750366210937,0.0077781677246093,0.0,0.0
2022-01-26,0.7481193542480469,1.555034637451172,0.5787200927734375,0.8785629272460938,0.003204345703125,0.1311912536621093
2022-01-27,0.00762939453125,0.0216903686523437,0.0216026306152343,0.0356979370117187,0.0005149841308593,0.0331344604492187
2022-01-28,3.1000633239746094,5.436325073242188,3.3097801208496094,1.9330291748046875,0.6181488037109375,0.8180503845214844
2022-01-29,2.42877197265625,3.2790679931640625,1.289398193359375,2.1803436279296875,0.0217971801757812,0.4529571533203125
2022-01-30,0.0233078002929687,0.7374725341796875,0.0385360717773437,0.0519256591796875,0.0,0.1439437866210937
2022-01-31,3.632701873779297,1.8830070495605469,1.6499481201171875,0.169403076171875,6.895679473876953,4.110969543457031
2022-02-01,15.374359130859377,18.75924301147461,22.84796905517578,16.143016815185547,22.90419006347656,21.95858764648437
2022-02-02,1.560028076171875,3.3210983276367188,0.83184814453125,0.9439163208007812,0.0084686279296875,0.37713623046875
2022-02-03,1.13818359375,2.8456039428710938,1.53680419921875,2.3545074462890625,0.2798690795898437,1.1988677978515625
2022-02-04,0.0,0.0,0.0054702758789062,0.0,0.0084648132324218,0.0
2022-02-05,1.0571556091308594,2.215351104736328,0.4037322998046875,0.1225814819335937,1.3939247131347656,0.7902412414550781
2022-02-06,0.0,0.0,0.0269050598144531,0.0018692016601562,0.0670623779296875,0.0836067199707031
2022-02-07,12.313430786132812,18.894969940185547,17.342262268066406,12.603385925292969,32.189109802246094,25.168067932128903
2022-02-08,2.8201828002929688,4.203277587890625,2.779754638671875,3.2211151123046875,0.4013900756835937,2.2813873291015625
2022-02-09,0.11785888671875,0.4839324951171875,0.21258544921875,0.3239364624023437,0.0243682861328125,0.2799453735351562
2022-02-10,0.0,0.0,0.0,0.0,0.0,0.0
2022-02-11,0.054330825805664,0.1564750671386718,0.0015144348144531,0.0,0.0,0.0
2022-02-12,0.2787055969238281,0.79046630859375,0.7656974792480469,0.1675567626953125,0.003204345703125,0.0597267150878906
2022-02-13,0.5748672485351562,0.0793952941894531,0.3403129577636719,1.889118194580078,1.7987213134765625,1.8615951538085935
2022-02-14,0.2326622009277343,0.1401252746582031,1.977569580078125,0.1105537414550781,6.719867706298828,2.489337921142578
2022-02-15,3.6928558349609375,3.5569076538085938,15.985794067382812,3.1314239501953125,40.78032684326172,22.078147888183597
2022-02-16,11.419044494628906,10.72158432006836,37.24903106689453,21.833362579345703,60.19438552856445,49.01120376586914
2022-02-17,0.0,0.0,0.0009117126464843,0.0036659240722656,0.1179161071777343,0.0110359191894531
2022-02-18,0.7102012634277344,2.66058349609375,0.198577880859375,0.2241973876953125,0.0010261535644531,0.0726814270019531
2022-02-19,0.0291042327880859,0.0155963897705078,0.1436481475830078,0.0,0.1307601928710937,0.0
2022-02-20,5.816623687744141,7.619190216064453,3.134197235107422,3.354438781738281,13.97368621826172,8.759872436523438
2022-02-21,2.33511734008789,1.5142440795898438,3.203460693359375,0.1448593139648437,14.872608184814451,4.416519165039063
2022-02-22,13.478996276855469,12.23788833618164,8.646965026855469,6.949066162109375,3.6650657653808594,4.972316741943359
2022-02-23,0.3039588928222656,0.4865951538085937,0.4062881469726562,0.2452239990234375,0.0,0.0650520324707031
2022-02-24,0.0,0.0,0.0,0.0,0.0,0.0
2022-02-25,0.0301628112792968,0.1154022216796875,0.0515937805175781,0.0,0.0,0.0
2022-02-26,5.2541046142578125,5.77056884765625,7.687103271484375,4.2155609130859375,2.273719787597656,6.45123291015625
2022-02-27,9.542652130126951,13.99404525756836,17.45285415649414,17.071693420410156,10.591400146484377,25.615161895751957
2022-02-28,2.275703430175781,6.904609680175781,6.171630859375,5.623756408691406,1.5328369140625,2.91192626953125
2022-03-01,2.31558609008789,2.614990234375,3.056121826171875,0.984210968017578,0.0442771911621093,1.0665435791015625
2022-03-02,0.1103439331054687,0.6639785766601562,0.6953964233398438,0.3219985961914062,0.0,0.0522308349609375
2022-03-03,0.0,0.0,0.0082511901855468,0.0,0.00640869140625,0.00640869140625
2022-03-04,0.0736160278320312,0.0562019348144531,0.0407218933105468,0.009857177734375,0.8248405456542969,0.2844505310058594
2022-03-05,2.4809226989746094,3.189128875732422,7.47802734375,6.792026519775391,8.52883529663086,14.052734375
2022-03-06,6.210884094238281,10.561386108398438,6.528499603271484,8.658309936523438,8.60476303100586,13.591571807861328
2022-03-07,3.767745971679688,5.0257568359375,5.622970581054688,2.915000915527344,5.183853149414063,6.5589141845703125
2022-03-08,1.6272201538085938,3.562633514404297,2.7474517822265625,1.116912841796875,0.0438919067382812,1.7470054626464844
2022-03-09,1.5462760925292969,4.410350799560547,2.748199462890625,2.7850379943847656,0.2577133178710937,1.9290313720703125
2022-03-10,5.719413757324219,8.499961853027344,5.97796630859375,6.46929931640625,1.4653244018554688,5.8524322509765625
2022-03-11,0.0621871948242187,0.2716522216796875,0.3400802612304687,0.2412033081054687,0.0069198608398437,0.1211013793945312
2022-03-12,0.0,0.0,0.00762939453125,0.0,0.0,0.0
2022-03-13,0.0,0.0,0.0,0.0,0.0,0.0
2022-03-14,0.0,0.0,0.0,0.0,0.0,0.0
2022-03-15,0.0,0.0,0.0,0.0,0.0,0.0
2022-03-16,2.294376373291016,4.354263305664063,0.7535171508789062,1.2385177612304688,0.1776351928710937,0.0399513244628906
2022-03-17,1.0282135009765625,1.0692520141601562,1.1103363037109375,1.04364013671875,0.0264434814453125,2.30633544921875
2022-03-18,0.0152587890625,0.0045166015625,0.0673751831054687,0.0176925659179687,0.0,0.0265884399414062
2022-03-19,0.0,0.0,0.0,0.0,0.0,0.0
2022-03-20,0.0,0.0,0.0,0.0,0.0,0.0
2022-03-21,0.0,0.0,0.0,0.0,0.0,0.0
2022-03-22,0.0,0.0,0.0,0.0,0.0,0.0
2022-03-23,0.0,0.0,0.0,0.0,0.0,0.0
2022-03-24,0.0,0.0,0.0,0.0,0.0,0.0
2022-03-25,0.0,0.0,0.0,0.0,0.0,0.0
2022-03-26,0.0,0.0,0.0,0.0,0.0,0.0
2022-03-27,0.0,0.0,0.0,0.0,0.0,0.0
2022-03-28,0.0,0.0,0.0376815795898437,0.0,0.1453189849853515,0.0
2022-03-29,0.0830955505371093,0.1432437896728515,0.0018234252929687,0.1760520935058593,0.2054347991943359,0.0134525299072265
2022-03-30,3.9912033081054688,4.375175476074219,6.23345947265625,3.8634262084960938,17.29111099243164,8.679405212402344
2022-03-31,13.743972778320312,5.331581115722656,47.52231597900391,22.159881591796875,86.2755126953125,71.46578979492188
2022-04-01,2.9488525390625,5.560844421386719,20.689239501953125,4.394218444824219,62.61394500732422,44.92494201660156
2022-04-02,2.1075668334960938,0.6475448608398438,9.872802734375,3.007274627685547,20.182884216308597,16.603736877441406
2022-04-03,2.2841720581054688,2.788848876953125,6.884742736816406,5.743186950683594,4.9310150146484375,2.8656082153320312
2022-04-04,0.5969924926757812,0.8892822265625,0.795562744140625,0.6827850341796875,0.1491851806640625,0.1688385009765625
2022-04-05,0.0,0.0,0.0,0.0,0.0,0.0
2022-04-06,2.131153106689453,1.4207038879394531,0.6339759826660156,0.005462646484375,0.346221923828125,0.1246452331542968
2022-04-07,1.5664100646972656,2.37664794921875,1.2436904907226562,2.43154525756836,8.180099487304688,4.420558929443359
2022-04-08,0.0,0.0003547668457031,0.6391334533691406,0.0136528015136718,2.423656463623047,0.576263427734375
2022-04-09,6.280303955078125,4.664970397949219,3.513824462890625,0.431182861328125,15.909015655517578,6.627529144287109
2022-04-10,7.215301513671875,8.402786254882812,5.7643585205078125,6.103462219238281,15.34320068359375,23.480003356933597
2022-04-11,0.0,0.0415916442871093,0.0024261474609375,0.1115493774414062,0.0,0.046295166015625
2022-04-12,0.0,0.0,0.0,0.0,0.0,0.0
2022-04-13,0.0,0.0,0.0,0.0,0.0,0.0
2022-04-14,0.0,0.0,0.0,0.0,0.0,0.0
2022-04-15,0.0,0.0103912353515625,0.0054702758789062,0.0,0.0,0.0066375732421875
2022-04-16,2.939952850341797,4.702266693115234,6.714534759521484,4.1392822265625,3.687213897705078,3.856639862060547
2022-04-17,4.749774932861328,10.428462982177734,6.908161163330078,5.065910339355469,1.4948654174804688,3.0029525756835938
2022-04-18,0.2816581726074219,1.2219161987304688,1.3558082580566406,1.1795997619628906,0.8306388854980469,4.184192657470703
2022-04-19,0.6215782165527344,0.2286262512207031,3.456024169921875,1.0956954956054688,2.5257606506347656,2.691513061523437
2022-04-20,18.215118408203125,18.081775665283203,15.64251708984375,14.64517593383789,11.179874420166016,22.880733489990234
2022-04-21,1.0767059326171875,1.4080581665039062,3.3345985412597656,2.3894805908203125,3.447059631347656,4.339458465576172
2022-04-22,3.1921463012695312,1.8339195251464844,16.94580841064453,8.828693389892578,52.05870819091797,30.747879028320312
2022-04-23,0.3407745361328125,0.6189804077148438,0.3006744384765625,0.4337844848632812,6.577476501464844,3.1475982666015625
2022-04-24,0.1895751953125,0.0007057189941406,0.1724586486816406,0.0264778137207031,0.3233985900878906,0.2711296081542969
2022-04-25,0.1566963195800781,0.0388526916503906,0.3726158142089844,0.0103607177734375,1.875396728515625,0.0514640808105468
2022-04-26,1.0121231079101562,1.854297637939453,1.0115127563476562,0.4490470886230469,0.0128211975097656,0.1440086364746093
2022-04-27,0.4814891815185547,1.6422157287597656,0.1023139953613281,0.0910778045654296,0.0128192901611328,0.0002708435058593
2022-04-28,0.18927001953125,0.4744338989257812,1.0669708251953125,0.5238265991210938,0.0,0.0976028442382812
2022-04-29,0.4289512634277344,0.9166297912597656,0.9011573791503906,0.3421268463134765,0.0041103363037109,0.0155296325683593
2022-04-30,0.1589260101318359,0.4845237731933594,0.7037086486816406,0.5635719299316406,1.4679927825927734,0.5574836730957031
2022-05-01,2.797161102294922,7.065578460693359,5.377376556396484,9.96871566772461,5.013988494873047,2.8370933532714844
2022-05-02,8.116947174072266,2.3812484741210938,16.48483657836914,12.317535400390623,27.982681274414062,15.70722198486328
2022-05-03,1.371185302734375,0.9320030212402344,2.4409751892089844,1.7121200561523438,1.306365966796875,3.3548622131347656
2022-05-04,0.019439697265625,0.1844863891601562,0.149658203125,0.1353073120117187,0.5225372314453125,0.0028457641601562
2022-05-05,0.2601089477539062,1.1822128295898438,0.21502685546875,0.6727142333984375,0.0187416076660156,0.0685272216796875
2022-05-06,0.0062026977539062,0.0480308532714843,2.09939193725586,0.0648612976074218,6.030445098876953,0.9212913513183594
2022-05-07,1.3190689086914062,0.9240188598632812,7.964927673339844,0.5422744750976562,9.705924987792969,0.7112045288085938
2022-05-08,0.980632781982422,1.0513839721679688,6.962856292724609,1.454364776611328,10.260486602783203,0.3734245300292969
2022-05-09,2.0833816528320312,0.1672439575195312,3.055652618408203,1.6888465881347656,3.3645095825195312,1.296649932861328
2022-05-10,0.5062026977539062,4.376689910888672,0.6668357849121094,1.6722640991210938,1.82501220703125,3.982234954833984
2022-05-11,0.0,0.0007057189941406,0.1903839111328125,0.0139846801757812,0.3847465515136719,0.3882865905761719
2022-05-12,0.0,0.0,0.0,0.0,0.2627105712890625,0.1446990966796875
2022-05-13,1.154621124267578,5.112155914306641,0.1115303039550781,0.5066184997558594,2.769001007080078,0.989166259765625
2022-05-14,9.558757781982422,14.30266571044922,10.45832633972168,8.839338302612305,13.512882232666016,13.08891487121582
2022-05-15,0.0,0.0,0.06927490234375,0.0,1.6609992980957031,2.235565185546875
2022-05-16,0.0,0.0093955993652343,0.4716606140136719,0.0479164123535156,2.0442848205566406,1.0418701171875
2022-05-17,11.761100769042969,8.653911590576172,4.924022674560547,0.7851448059082031,1.0813941955566406,3.730022430419922
2022-05-18,4.755641937255859,5.916187286376953,1.5944938659667969,3.804676055908203,0.111907958984375,3.8373756408691406
2022-05-19,0.0,0.0,0.0,0.0,0.0,0.0
2022-05-20,0.0,0.0,0.0,0.0,0.0,0.0
2022-05-21,0.0124092102050781,0.1050338745117187,0.0730056762695312,0.1006355285644531,0.0071945190429687,0.0533599853515625
2022-05-22,0.4476680755615234,0.5175895690917969,5.317928314208984,2.5358028411865234,5.904289245605469,14.262287139892578
2022-05-23,3.036376953125,3.619239807128906,13.683692932128906,8.815193176269531,1.1400489807128906,12.972705841064451
2022-05-24,0.0598831176757812,0.725372314453125,0.8296127319335938,0.0030288696289062,0.0,0.0705184936523437
2022-05-25,0.2633399963378906,1.6452560424804688,0.2755279541015625,0.5111160278320312,0.0,0.0
2022-05-26,0.51214599609375,0.2798004150390625,1.05615234375,1.1180191040039062,0.0,2.3248214721679688
2022-05-27,0.9190750122070312,1.75390625,4.817893981933594,1.50433349609375,0.5594253540039062,7.163311004638672
2022-05-28,19.934513092041016,11.442218780517578,6.354457855224609,8.355827331542969,0.5238571166992188,8.77457046508789
2022-05-29,5.196815490722656,3.8287429809570312,7.32598876953125,15.4158935546875,9.838546752929688,18.510055541992188
2022-05-30,0.2978515625,1.0128936767578125,0.9929962158203124,0.3685111999511719,1.2145652770996094,1.0157394409179688
2022-05-31,8.098709106445312,2.499088287353516,2.104820251464844,1.285968780517578,0.5102806091308594,2.8141632080078125
2022-06-01,0.0678634643554687,1.7631568908691406,3.2488250732421875,0.1116104125976562,0.1725578308105468,0.3410606384277344
2022-06-02,0.2303180694580078,0.5313758850097656,0.6061534881591797,0.1241283416748046,0.0061664581298828,0.4575405120849609
2022-06-03,0.02447509765625,0.0926856994628906,0.0272674560546875,0.1895408630371093,0.0055465698242187,0.0804710388183593
2022-06-04,0.1376991271972656,3.251361846923828,3.627021789550781,2.2078933715820312,0.5174026489257812,4.3466796875
2022-06-05,0.1386604309082031,2.1739959716796875,1.108551025390625,0.0189285278320312,2.07818603515625,1.4202728271484375
2022-06-06,3.5117759704589844,6.399436950683594,7.248771667480469,3.324359893798828,0.2145156860351562,10.175491333007812
2022-06-07,0.0437736511230468,2.2921142578125,1.4240570068359375,0.5986404418945312,0.4581108093261719,4.376987457275391
2022-06-08,7.5912628173828125,11.376697540283203,3.2278366088867188,6.685024261474609,8.125717163085938,7.870445251464844
2022-06-09,0.8020782470703125,1.0031890869140625,1.5920143127441406,1.15118408203125,11.884517669677734,4.957664489746094
2022-06-10,13.296958923339844,17.112747192382812,7.8232574462890625,9.262336730957031,1.6119918823242188,3.77435302734375
2022-06-11,9.901039123535156,22.51335906982422,9.490470886230469,9.686073303222656,0.5440139770507812,3.8207855224609375
2022-06-12,3.594467163085937,8.203460693359375,5.177696228027344,9.781208038330078,0.7752189636230469,4.2840728759765625
2022-06-13,0.8691940307617188,1.6473541259765625,1.3548622131347656,1.0883445739746094,10.423965454101562,6.4516143798828125
2022-06-14,0.0708084106445312,0.4545516967773437,0.3068466186523437,0.1321792602539062,1.0469207763671875,0.5699691772460938
2022-06-15,0.0,0.0,0.0,0.0,0.0157966613769531,0.0137672424316406
2022-06-16,0.0,0.0,0.0072975158691406,0.0,0.0,0.0156669616699218
2022-06-17,4.203937530517578,6.350299835205078,4.689800262451172,3.4044189453125,5.005962371826172,8.602607727050781
2022-06-18,0.0627517700195312,0.4378166198730469,0.0487442016601562,0.1268043518066406,0.0,0.0288467407226562
2022-06-19,0.0,0.0,0.0,0.0,0.0005111694335937,0.0
2022-06-20,0.0,0.0,0.0,0.0,0.0138740539550781,0.00640869140625
2022-06-21,0.321502685546875,0.4148941040039062,0.3812026977539062,0.1139068603515625,0.1267318725585937,1.1488800048828125
2022-06-22,5.776054382324219,9.733802795410156,7.801956176757812,6.015045166015625,3.960975646972656,3.6503829956054688
2022-06-23,2.036727905273437,5.0841827392578125,2.409210205078125,2.2662429809570312,0.876373291015625,5.543495178222656
2022-06-24,0.3018569946289062,0.0750579833984375,1.090179443359375,0.7437973022460938,7.118820190429688,4.325859069824219
2022-06-25,0.3238983154296875,3.925849914550781,1.6487503051757812,3.358734130859375,2.377021789550781,1.6942062377929688
2022-06-26,0.6385040283203125,2.878997802734375,0.17938232421875,0.3227729797363281,0.0885200500488281,0.2935218811035156
2022-06-27,0.0,0.0,0.0036468505859375,0.0065460205078125,0.31353759765625,0.1588592529296875
2022-06-28,0.6489448547363281,0.1131401062011718,0.64556884765625,0.8083381652832031,1.974815368652344,0.5030860900878906
2022-06-29,0.1852798461914062,0.0095443725585937,0.1996841430664062,0.6259536743164062,0.0,0.8397865295410156
2022-06-30,9.797855377197266,4.657386779785156,2.50600814819336,2.115753173828125,0.3825340270996094,2.833358764648437
2022-07-01,0.0125198364257812,0.5104484558105469,0.0090827941894531,0.346588134765625,0.0,3.548286437988281
2022-07-02,2.0759353637695312,2.302406311035156,5.229736328125,0.6351165771484375,2.9199981689453125,2.7040557861328125
2022-07-03,0.4554786682128906,1.4416122436523438,0.1032485961914062,0.7361717224121094,0.0051383972167968,0.61907958984375
2022-07-04,1.6647453308105469,0.4136161804199219,1.1140785217285156,0.5202293395996094,0.5715179443359375,0.3711814880371094
2022-07-05,6.680831909179688,5.397052764892578,0.3906440734863281,1.4140663146972656,0.3283767700195312,2.180156707763672
2022-07-06,0.0547294616699218,0.0823478698730468,0.1109199523925781,0.0726280212402343,0.0339126586914062,0.2705917358398437
2022-07-07,0.0,0.0,0.0,0.0,0.003082275390625,0.0865135192871093
2022-07-08,5.188621520996094,6.385932922363281,12.307098388671877,9.076156616210938,16.955810546875,20.57260131835937
2022-07-09,4.3905181884765625,4.885101318359375,3.1363677978515625,6.0360260009765625,0.8876495361328125,3.1803436279296875
2022-07-10,0.47821044921875,0.7862396240234375,0.4420967102050781,0.2473831176757812,0.00616455078125,0.2162399291992187
2022-07-11,0.0007095336914062,0.0,0.0030288696289062,0.0030288696289062,0.0,0.0047378540039062
2022-07-12,0.0,0.0019149780273437,0.0,0.0,0.0,0.0673141479492187
2022-07-13,0.0,0.0041580200195312,0.0030288696289062,0.0027313232421875,0.0,0.0
2022-07-14,0.0,0.0450363159179687,0.0,0.0,0.0,0.0
2022-07-15,0.0,0.0,0.0,0.009796142578125,0.0,0.0166168212890625
2022-07-16,0.3217849731445312,0.1012153625488281,0.0873680114746093,0.126708984375,0.0,0.0522308349609375
2022-07-17,0.2811851501464844,0.0,0.343963623046875,0.1519355773925781,0.2738571166992187,7.308914184570312
2022-07-18,0.0,0.0,0.0,0.0,0.0,0.0
2022-07-19,0.0,0.0,0.0,0.0,0.0,0.0
2022-07-20,0.0,0.0,0.0,0.0,0.0,0.0
2022-07-21,0.0,0.0,0.0,0.0,0.0,0.0
2022-07-22,0.0,0.0,0.0,0.0,0.0,0.7532424926757812
2022-07-23,0.0,0.0,0.0,0.0,0.0,0.0129356384277343
2022-07-24,1.225139617919922,3.888164520263672,8.141166687011719,5.629596710205078,0.0133590698242187,4.305389404296875
2022-07-25,0.0,0.0,0.0,0.0,0.0097618103027343,0.1375732421875
2022-07-26,0.0003547668457031,0.0041580200195312,0.1504402160644531,0.0,0.0,0.0
2022-07-27,11.677322387695312,10.755706787109377,8.040977478027344,5.351936340332031,1.7457046508789062,6.838737487792969
2022-07-28,2.543567657470703,1.8604278564453125,7.129173278808594,2.9177322387695312,0.00616455078125,6.8793487548828125
2022-07-29,0.0254631042480468,0.3466949462890625,0.2647018432617187,0.1288414001464843,0.0010261535644531,0.2665786743164062
2022-07-30,5.876914978027344,5.828907012939453,1.7784194946289062,0.5689964294433594,1.51507568359375,3.4506492614746094
2022-07-31,2.0527801513671875,2.7366943359375,2.5977096557617188,1.246257781982422,0.3068351745605469,3.217395782470703
2022-08-01,0.0,0.0,0.0,0.0,0.0,0.0
2022-08-02,0.6954231262207031,0.3993606567382812,0.5058441162109375,0.0314979553222656,0.0082206726074218,0.0256423950195312
2022-08-03,0.2055511474609375,0.6269378662109375,0.5558280944824219,0.2898178100585937,0.4583778381347656,0.8864822387695312
2022-08-04,0.0,0.0,0.0,0.0,0.0,0.0128211975097656
2022-08-05,0.0,0.0,0.0,0.0,0.0,0.0
2022-08-06,0.0,0.0,0.0,0.0,0.0,0.0
2022-08-07,0.4848098754882812,0.9002723693847656,0.978240966796875,1.1430435180664062,2.071441650390625,4.9476318359375
2022-08-08,2.99417495727539,0.4930229187011719,0.043701171875,0.1108818054199218,0.0148735046386718,0.086181640625
2022-08-09,4.407947540283203,3.461738586425781,5.2037353515625,6.0213775634765625,11.12738037109375,4.0987701416015625
2022-08-10,1.7635421752929688,1.787017822265625,3.587120056152344,2.6255035400390625,7.252052307128906,7.65679931640625
2022-08-11,0.009307861328125,0.0,0.0115280151367187,0.0,2.7530059814453125,12.805076599121094
2022-08-12,2.2628746032714844,9.57671356201172,3.5351104736328125,11.701221466064451,1.4426307678222656,4.015277862548828
2022-08-13,12.218250274658203,16.613765716552734,2.6823959350585938,6.6038970947265625,3.355327606201172,17.60778045654297
2022-08-14,3.3118858337402344,3.3860435485839844,0.76470947265625,0.9738540649414062,1.2731666564941406,1.4481048583984375
2022-08-15,0.0533943176269531,0.2571830749511719,0.2886962890625,0.0606536865234375,0.1893157958984375,0.2171630859375
2022-08-16,1.3378067016601562,1.5051612854003906,8.687931060791016,10.543327331542969,1.258441925048828,5.429466247558594
2022-08-17,0.5102996826171875,1.7805099487304688,0.1617202758789062,0.0472030639648437,0.1118545532226562,0.27655029296875
2022-08-18,0.0,0.0,0.0,0.0,0.0,0.0
2022-08-19,0.421966552734375,0.1938629150390625,0.7373237609863281,0.0567207336425781,0.0200386047363281,0.8815383911132812
2022-08-20,15.121330261230469,27.99396514892578,1.6016311645507812,7.331268310546875,1.6515960693359375,1.8898162841796875
2022-08-21,12.80364990234375,14.3648681640625,10.832015991210938,7.880020141601562,10.651237487792969,9.9368896484375
2022-08-22,8.303504943847656,10.67449951171875,4.726078033447266,3.788002014160156,1.215717315673828,6.618144989013672
2022-08-23,4.396266937255859,18.34732437133789,3.5455474853515625,4.967876434326172,4.966880798339844,5.713069915771484
2022-08-24,0.8702049255371094,1.7590866088867188,1.7861366271972656,1.6460456848144531,1.1172714233398438,1.0540390014648438
2022-08-25,0.7440414428710938,0.881439208984375,0.7813949584960938,0.884246826171875,1.5110321044921875,0.4504470825195312
2022-08-26,1.4732933044433594,0.7315101623535156,0.6778526306152344,5.220367431640625,3.661582946777344,0.3931350708007812
2022-08-27,0.1315040588378906,0.321990966796875,3.345684051513672,0.03497314453125,3.125865936279297,8.866466522216797
2022-08-28,0.0322113037109375,0.1572341918945312,2.547401428222656,0.34783935546875,0.3170242309570312,1.619110107421875
2022-08-29,7.24169921875,7.639190673828125,12.02606201171875,12.541290283203123,3.993942260742188,8.198646545410156
2022-08-30,1.3327751159667969,10.536956787109377,6.826023101806641,9.90359878540039,11.88253402709961,5.003086090087891
2022-08-31,0.85894775390625,8.186729431152344,2.5927276611328125,0.6026763916015625,2.036163330078125,10.39361572265625
2022-09-01,18.73870086669922,17.040611267089844,14.613563537597656,20.883750915527344,8.580299377441406,22.331039428710938
2022-09-02,3.356880187988281,4.2348480224609375,3.794113159179688,4.694084167480469,5.959152221679688,17.512863159179688
2022-09-03,0.06219482421875,0.3320465087890625,0.0476837158203125,0.1124267578125,0.079620361328125,0.3260345458984375
2022-09-04,6.6156768798828125,8.023704528808594,8.52752685546875,5.287208557128906,0.11474609375,7.599884033203125
2022-09-05,0.4750709533691406,1.0272483825683594,0.6892776489257812,0.8490524291992188,0.0358314514160156,0.6961784362792969
2022-09-06,0.1826362609863281,1.1378440856933594,0.0220527648925781,0.2606620788574219,0.0479698181152343,1.7834205627441406
2022-09-07,0.267364501953125,0.0961456298828125,0.4397125244140625,0.0214309692382812,0.8892593383789062,0.6229324340820312
2022-09-08,0.2033882141113281,0.2292518615722656,0.3921928405761719,0.1523933410644531,0.0,0.270416259765625
2022-09-09,3.8678970336914062,2.874755859375,3.45648193359375,3.5119400024414062,21.67855834960937,16.543899536132812
2022-09-10,0.2287750244140625,1.7485809326171875,0.6716842651367188,0.3226852416992187,3.961986541748047,1.5671920776367188
2022-09-11,9.430789947509766,7.839454650878906,11.648372650146484,8.982940673828125,0.5745582580566406,12.019107818603516
2022-09-12,0.5172958374023438,1.7517623901367188,0.2753257751464844,0.5188713073730469,0.0,0.00433349609375
2022-09-13,0.0,0.0232391357421875,0.0,0.0048980712890625,0.0,0.0
2022-09-14,0.0,0.0,0.0,0.0,0.0,0.0
2022-09-15,0.023895263671875,0.0045166015625,1.69439697265625,0.0245208740234375,4.877464294433594,0.0781021118164062
2022-09-16,0.6440582275390625,1.6540145874023438,14.404823303222656,1.5179672241210938,50.076393127441406,26.9951171875
2022-09-17,8.074188232421875,11.570472717285156,15.540565490722656,5.288536071777344,28.467918395996094,39.186767578125
2022-09-18,0.13739013671875,0.3480567932128906,0.1261253356933593,0.4215469360351562,0.5495491027832031,1.099651336669922
2022-09-19,4.900882720947266,6.852123260498047,4.708541870117188,2.749252319335937,0.203765869140625,0.2743339538574219
2022-09-20,0.0,0.0450210571289062,0.0,0.0,0.2154541015625,0.7784690856933594
2022-09-21,1.46484375,3.781654357910156,1.709209442138672,1.8689689636230469,0.4514923095703125,2.3753204345703125
2022-09-22,1.1031341552734375,2.14251708984375,0.7356109619140625,0.748382568359375,0.3021392822265625,2.7889556884765625
2022-09-23,0.0779266357421875,0.6571922302246094,0.0436019897460937,0.1114883422851562,0.0421333312988281,0.0001373291015625
2022-09-24,0.0,0.0,0.0,0.0,0.0,0.0
2022-09-25,0.306884765625,1.4109649658203125,2.9646453857421875,0.145294189453125,8.76416015625,1.2612762451171875
2022-09-26,22.240142822265625,37.1400146484375,51.14832305908203,31.711448669433597,106.01042175292967,72.74282836914062
2022-09-27,0.226409912109375,2.1813201904296875,2.956123352050781,1.3712615966796875,15.958023071289062,17.36090850830078
2022-09-28,2.821117401123047,3.9741134643554688,2.7133941650390625,0.2842597961425781,18.850906372070312,8.195323944091797
2022-09-29,0.2039108276367187,0.72979736328125,1.971038818359375,0.295928955078125,8.861198425292969,5.055267333984375
2022-09-30,0.0608634948730468,0.006591796875,0.5890312194824219,0.2704315185546875,8.079704284667969,4.707450866699219
2022-10-01,0.4133224487304687,1.4013214111328125,3.5235366821289062,1.5352783203125,16.221343994140625,9.377182006835938
2022-10-02,0.0,0.1407012939453125,0.0009117126464843,0.0,0.0178375244140625,0.0006103515625
2022-10-03,3.444442749023437,4.606353759765625,2.6652069091796875,1.7869338989257812,0.0074386596679687,1.2363052368164062
2022-10-04,0.5366592407226562,2.2284469604492188,0.2891998291015625,0.5076065063476562,0.0,0.0384597778320312
2022-10-05,0.0086936950683593,0.0802192687988281,0.1009750366210937,0.01690673828125,0.0,0.0
2022-10-06,0.0,0.0,0.0,0.0,0.0,0.0
2022-10-07,0.0,0.0,0.0,0.0,0.0,0.0
2022-10-08,0.0,0.0,0.0,0.0,0.0,0.0
2022-10-09,0.0,0.00311279296875,0.0,0.0,0.0,0.0113754272460937
2022-10-10,0.0062026977539062,0.0345382690429687,0.4544754028320312,1.0445480346679688,0.6718215942382812,6.398773193359375
2022-10-11,3.2387657165527344,7.3088836669921875,5.100124359130859,4.567184448242188,4.973358154296875,6.320381164550781
2022-10-12,0.3968734741210937,0.6242141723632812,0.45355224609375,0.32940673828125,0.8327789306640625,0.6931076049804688
2022-10-13,0.333343505859375,2.106063842773437,2.0476226806640625,1.4218292236328125,1.88323974609375,3.625099182128906
2022-10-14,0.4950714111328125,0.6313323974609375,1.503520965576172,1.2821273803710938,0.5347442626953125,3.0178756713867188
2022-10-15,0.0,0.0,0.0,0.0,0.0,0.0
2022-10-16,0.0,0.0,0.0,0.0,0.0,0.0
2022-10-17,0.0,0.0,0.0,0.0,0.0,0.0
2022-10-18,0.0,0.0,0.0,0.0,0.0,0.0
2022-10-19,0.1621856689453125,0.972553253173828,0.1810684204101562,0.3754806518554687,0.0,0.0002708435058593
2022-10-20,0.0203018188476562,0.0960159301757812,0.122833251953125,0.0546340942382812,0.0,0.003204345703125
2022-10-21,0.0,0.0,0.0,0.0,0.0,0.0
2022-10-22,0.0,0.0,0.0,0.0,0.0,0.0
2022-10-23,0.0,0.0,0.1367568969726562,0.0,0.0,0.0
2022-10-24,0.0,0.0,0.0,0.0,0.0,0.0
2022-10-25,0.0523490905761718,0.0001754760742187,0.0,0.0,0.0,0.003204345703125
2022-10-26,0.02288818359375,0.0003547668457031,0.002777099609375,0.0090827941894531,0.0,0.0
2022-10-27,0.0,0.0,0.0,0.0,0.0,0.0
2022-10-28,0.0,0.0093994140625,0.0,0.00921630859375,0.0,0.0
2022-10-29,0.0,0.0,0.0,0.0,0.0,0.0
2022-10-30,0.0,0.0,0.0,0.0,0.0,0.0
2022-10-31,0.0,0.0,0.0,0.0,0.0,0.0
2022-11-01,0.0,0.009735107421875,0.0054702758789062,0.0090827941894531,0.0,0.8181610107421875
2022-11-02,0.0003547668457031,0.0,0.1501274108886718,0.0,0.0,0.1987266540527343
2022-11-03,0.1015815734863281,0.0007057189941406,0.0157585144042968,0.019561767578125,0.0,0.3269386291503906
2022-11-04,2.9520263671875,1.0882110595703125,10.193222045898438,3.564422607421875,20.85995483398437,9.972923278808594
2022-11-05,22.089385986328125,13.261367797851562,33.75511169433594,17.08934783935547,31.96746063232422,29.47667694091797
2022-11-06,2.352855682373047,3.3183364868164062,3.9955368041992183,5.5225677490234375,4.5404052734375,10.122676849365234
2022-11-07,0.039093017578125,0.1434364318847656,0.2458229064941406,0.4500465393066406,0.0,0.1296348571777343
2022-11-08,0.0185432434082031,0.0058937072753906,0.0009117126464843,0.0015144348144531,0.003082275390625,0.0078315734863281
2022-11-09,0.0,0.0,0.0,0.0,0.0,0.0
2022-11-10,0.02587890625,1.1508941650390625,0.0471649169921875,0.0517120361328125,0.0,0.0
2022-11-11,0.0861587524414062,0.4942626953125,0.70965576171875,0.2646102905273437,0.00640869140625,0.0136337280273437
2022-11-12,0.6207160949707031,2.028060913085937,2.0889205932617188,1.7033195495605469,0.1704177856445312,2.505615234375
2022-11-13,0.0083351135253906,0.0090446472167968,0.2514495849609375,0.2316665649414062,1.0442466735839844,1.3134689331054688
2022-11-14,0.0,0.0,0.0444412231445312,0.008270263671875,0.6326522827148438,0.0921173095703125
2022-11-15,1.3247222900390625,1.0743408203125,0.5571517944335938,0.3903274536132812,2.126747131347656,1.859588623046875
2022-11-16,4.865669250488281,6.188571929931641,9.75992202758789,6.7742767333984375,44.21376037597656,33.410728454589844
2022-11-17,4.1685333251953125,6.067363739013672,2.40496826171875,0.8622245788574219,9.22391128540039,5.180877685546875
2022-11-18,2.4367218017578125,0.72760009765625,12.058738708496094,14.305496215820312,42.508766174316406,27.881088256835938
2022-11-19,17.944625854492188,18.46540069580078,55.964576721191406,44.25476837158203,76.43523406982422,56.16490936279297
2022-11-20,9.92839813232422,20.46649932861328,38.45528411865234,53.296669006347656,95.68179321289062,93.68063354492188
2022-11-21,6.545249938964844,8.203659057617188,6.699714660644531,7.951606750488281,10.8685302734375,17.438194274902344
2022-11-22,8.125190734863281,6.953758239746094,28.074539184570312,23.551788330078125,66.27124786376953,53.176116943359375
2022-11-23,1.529033660888672,1.5264511108398438,10.052249908447266,2.1055679321289062,29.089378356933597,13.32437515258789
2022-11-24,0.8953819274902344,3.1072311401367188,0.5275421142578125,0.5028762817382812,1.9532432556152344,1.6741790771484375
2022-11-25,0.0,0.2752532958984375,0.0,0.0314407348632812,0.0,0.003204345703125
2022-11-26,0.1108322143554687,0.1897354125976562,0.6763076782226562,0.2520599365234375,0.143707275390625,0.61444091796875
2022-11-27,1.6807174682617188,2.146514892578125,3.5529861450195312,2.3186798095703125,0.374359130859375,2.506874084472656
2022-11-28,0.02777099609375,0.0517730712890625,0.1459121704101562,0.245208740234375,0.0,0.2151565551757812
2022-11-29,0.0,0.0,0.0030288696289062,0.0018692016601562,0.0,0.0
2022-11-30,0.169219970703125,0.286834716796875,0.6974411010742188,0.8501968383789062,0.8114242553710938,2.723472595214844
2022-12-01,2.009017944335937,1.968177795410156,2.580535888671875,2.9007797241210938,2.9745635986328125,4.9996490478515625
2022-12-02,0.3966598510742187,0.3748855590820312,1.5163421630859375,0.2324142456054687,0.7613754272460938,0.8812103271484375
2022-12-03,0.0,0.0,0.0212936401367187,0.0027313232421875,0.3793792724609375,0.4388046264648437
2022-12-04,0.4659500122070312,0.4973335266113281,6.896488189697266,0.6161651611328125,13.857322692871094,7.375797271728516
2022-12-05,0.0015487670898437,0.0654373168945312,0.1215591430664062,0.0299301147460937,0.715606689453125,0.148956298828125
2022-12-06,1.9796905517578125,2.888465881347656,0.848541259765625,0.140869140625,2.0875473022460938,1.2596054077148438
2022-12-07,5.121196746826172,4.459842681884766,1.207744598388672,0.3795356750488281,5.323268890380859,5.267429351806641
2022-12-08,1.2977943420410156,1.5360755920410156,2.434925079345703,1.5400161743164062,12.286087036132812,8.237464904785156
2022-12-09,0.4359970092773437,0.10614013671875,12.782310485839844,1.9271316528320312,58.2879638671875,22.39653778076172
2022-12-10,6.385299682617188,3.4714431762695312,26.696067810058597,9.804054260253906,65.11927795410156,40.26166534423828
2022-12-11,9.192344665527344,9.902420043945312,17.465789794921875,9.026268005371094,36.7281494140625,23.82049560546875
2022-12-12,2.352134704589844,4.064933776855469,2.693939208984375,2.737022399902344,6.8993072509765625,4.309196472167969
2022-12-13,0.9611587524414062,0.9413299560546876,3.5809478759765625,2.390785217285156,7.483375549316406,8.425743103027344
2022-12-14,11.018341064453123,10.144691467285156,26.915298461914062,22.822792053222656,70.79344940185547,57.89838409423828
2022-12-15,0.526580810546875,0.4033966064453125,1.835906982421875,0.5120086669921875,2.348983764648437,2.9283218383789062
2022-12-16,6.324996948242188,12.8731689453125,91.76803588867188,17.799026489257812,82.58513641357422,71.09526062011719
2022-12-17,10.20095443725586,11.734870910644531,18.28876495361328,9.600765228271484,30.47945022583008,35.0445442199707
2022-12-18,0.04058837890625,0.0579261779785156,0.0875473022460937,0.0572624206542968,0.0608329772949218,0.4543800354003906
2022-12-19,0.0045242309570312,0.0034713745117187,0.01873779296875,0.0122299194335937,0.0,0.0230255126953125
2022-12-20,0.0,0.0,0.0,0.0,0.0,0.0
2022-12-21,0.0,0.0,0.0,0.0,0.0,0.0
2022-12-22,0.0,0.0031166076660156,0.0,0.0,0.0,0.0
2022-12-23,0.0,0.0346298217773437,0.0164146423339843,0.0,0.0001907348632812,0.0
2022-12-24,2.1162643432617188,4.6699066162109375,0.8483657836914062,0.872161865234375,0.0,0.6944656372070312
2022-12-25,0.0,0.0,0.0,0.0048980712890625,0.0,0.0002708435058593
2022-12-26,0.0,0.0,0.0036468505859375,0.0,0.0,0.0
2022-12-27,2.15505599975586,2.601306915283203,1.93341064453125,1.712848663330078,2.681507110595703,1.1975479125976562
2022-12-28,1.1667213439941406,1.997119903564453,0.8614425659179688,0.6175498962402344,0.578369140625,1.1114044189453125
2022-12-29,0.0,0.0,0.0611038208007812,0.0,0.0688858032226562,0.0370635986328125
2022-12-30,0.0,0.0,0.6698112487792969,0.0030288696289062,3.623565673828125,0.9030075073242188
2022-12-31,0.0,0.0,0.0046005249023437,0.0,0.3024635314941406,0.3517570495605469
2023-01-01,0.0,0.0,0.0,0.0,0.0,0.0
2023-01-02,0.0,0.0,0.0,0.0,0.0,0.0
2023-01-03,0.0,0.0,0.0,0.0,0.0,0.0
2023-01-04,0.0114479064941406,0.0156135559082031,0.0030288696289062,0.0116691589355468,0.0,0.0002708435058593
2023-01-05,0.0,0.0001754760742187,0.0,0.0,0.0086097717285156,0.0025749206542968
2023-01-06,0.0282478332519531,0.0524101257324218,0.0198020935058593,0.0149765014648437,0.0,0.0
2023-01-07,0.0,0.0,0.0,0.0,0.0,0.0
2023-01-08,0.0,0.0,0.1378059387207031,0.0,0.2921829223632812,0.0055770874023437
2023-01-09,9.238380432128906,6.287139892578125,32.266456604003906,18.46884155273437,78.65469360351562,52.13155364990234
2023-01-10,8.183242797851562,11.677104949951172,4.442588806152344,4.15185546875,12.33163070678711,3.5982627868652344
2023-01-11,7.7347412109375,16.90770721435547,3.9231033325195312,5.61077880859375,0.401641845703125,2.3686065673828125
2023-01-12,0.1647872924804687,0.312713623046875,0.3724136352539062,0.557891845703125,0.0,0.0924530029296875
2023-01-13,0.0509109497070312,0.008331298828125,0.11334228515625,0.020660400390625,0.0106430053710937,0.0276718139648437
2023-01-14,1.1781387329101562,2.3800201416015625,1.0243301391601562,1.2005844116210938,0.1009368896484375,1.1975479125976562
2023-01-15,0.0048828125,0.0045166015625,0.071929931640625,0.06951904296875,0.0,0.02410888671875
2023-01-16,2.7821044921875,1.1647720336914062,20.133377075195312,5.323188781738281,48.90171051025391,42.70740509033203
2023-01-17,23.44439697265625,20.183746337890625,67.703125,56.28966522216797,126.16002655029295,108.34899139404295
2023-01-18,18.10489654541016,8.630821228027344,56.968528747558594,23.11219024658203,71.14197540283203,82.49734497070312
2023-01-19,21.66632843017578,32.3739013671875,43.44212341308594,44.673126220703125,64.60149383544922,55.36175537109375
2023-01-20,9.423820495605469,8.837577819824219,11.920501708984377,6.922569274902344,22.69013214111328,12.87714385986328
2023-01-21,5.0628509521484375,4.103141784667969,17.697975158691406,8.9078369140625,21.158668518066406,18.100494384765625
2023-01-22,0.3065032958984375,0.1186141967773437,2.117687225341797,0.5397834777832031,7.329780578613281,3.715740203857422
2023-01-23,10.916423797607422,20.17095184326172,16.510417938232422,22.67269515991211,25.704753875732425,27.369308471679688
2023-01-24,5.473457336425781,8.537528991699219,3.436019897460937,5.268318176269531,3.684906005859375,2.262683868408203
2023-01-25,0.3265151977539062,0.3982086181640625,1.5847396850585938,1.3520965576171875,0.5549240112304688,1.6475906372070312
2023-01-26,1.238628387451172,0.9409904479980468,1.8618850708007808,0.8288383483886719,3.898006439208984,1.2206306457519531
2023-01-27,1.3423614501953125,2.1455307006835938,2.114295959472656,1.5321044921875,3.046333312988281,2.5589523315429688
2023-01-28,0.7378921508789062,1.812950134277344,0.781341552734375,0.6678314208984375,0.0,0.1791343688964843
2023-01-29,0.5786209106445312,1.7225265502929688,0.6889801025390625,0.645233154296875,0.0,0.1113739013671875
2023-01-30,0.0480384826660156,0.1777153015136718,0.056243896484375,0.0686073303222656,0.0,0.0086441040039062
2023-01-31,3.648284912109375,4.272132873535156,2.168975830078125,3.140716552734375,0.6020278930664062,1.346954345703125
2023-02-01,0.0083465576171875,0.993927001953125,0.0353202819824218,0.00762939453125,0.0448150634765625,0.0286216735839843
2023-02-02,5.521385192871094,7.372802734375,1.9604530334472656,3.0462875366210938,1.1861457824707031,1.2684783935546875
2023-02-03,1.9906463623046875,3.548057556152344,1.5051155090332031,1.6512413024902344,0.5985107421875,1.775714874267578
2023-02-04,11.713558197021484,15.242424011230469,7.885116577148437,7.741985321044922,1.9765167236328125,3.622966766357422
2023-02-05,3.275741577148437,4.078437805175781,3.081649780273437,2.484649658203125,0.4554672241210937,0.8851318359375
2023-02-06,1.3883819580078125,2.207916259765625,2.09149169921875,1.0998916625976562,0.2993392944335937,0.53814697265625
2023-02-07,0.3465042114257812,0.771484375,1.3237228393554688,0.5275497436523438,0.0320472717285156,0.0599288940429687
2023-02-08,0.7382278442382812,1.1893157958984375,0.7472152709960938,0.5984573364257812,0.0,0.1608963012695312
2023-02-09,0.00762939453125,0.0079803466796875,0.0488052368164062,0.0048980712890625,0.0,0.0128173828125
2023-02-10,0.0,0.0003509521484375,0.0,0.0,0.0,0.0
2023-02-11,0.0020866394042968,0.003814697265625,0.0,0.0,0.0,0.0
2023-02-12,1.4482955932617188,3.667583465576172,1.7836761474609375,1.6730270385742188,0.0456504821777343,0.5077438354492188
2023-02-13,0.0197830200195312,0.0357208251953125,0.0435791015625,0.0235977172851562,0.0,0.00640869140625
2023-02-14,0.2367172241210937,0.4647064208984375,0.1026992797851562,0.2560997009277344,0.0,0.0033416748046875
2023-02-15,0.0270614624023437,0.00762939453125,0.00555419921875,0.0374336242675781,0.0,0.0
2023-02-16,0.0,0.0,0.0,0.0,0.0,0.0
2023-02-17,0.0,0.0,0.0,0.0,0.1039695739746093,0.0
2023-02-18,0.0,0.0,0.0018234252929687,0.0,0.0085906982421875,0.0
2023-02-19,0.0467567443847656,0.2496147155761718,0.0036468505859375,0.0,0.3069190979003906,0.001220703125
2023-02-20,0.0739059448242187,0.4755630493164062,0.1246337890625,0.2635498046875,0.0,0.0
2023-02-21,0.0,0.0,0.0,0.0,0.0,0.0
2023-02-22,0.0,0.0,0.0,0.0,0.0,0.0
2023-02-23,0.0177993774414062,0.072906494140625,0.4662704467773437,0.4912834167480469,2.418174743652344,0.6292266845703125
2023-02-24,0.1101112365722656,0.1295051574707031,0.2735042572021484,0.0,0.5318336486816406,0.0893840789794921
2023-02-25,4.04010009765625,0.968841552734375,9.660884857177734,2.57509994506836,27.503047943115234,9.956775665283203
2023-02-26,25.715187072753903,19.95305633544922,39.79460906982422,25.14202880859375,55.65553283691406,29.62289428710937
2023-02-27,1.4107666015625,1.4370803833007812,9.92780303955078,3.7191314697265625,15.96185302734375,12.877426147460938
2023-02-28,0.2211685180664062,0.313934326171875,1.3998184204101562,0.20458984375,1.5296401977539062,0.653289794921875
2023-03-01,1.0551109313964844,3.333969116210937,4.450145721435547,3.436115264892578,12.087478637695312,6.019001007080078
2023-03-02,4.083793640136719,3.383758544921875,1.029296875,1.2308998107910156,1.7353630065917969,1.433429718017578
2023-03-03,2.267475128173828,1.9078788757324217,1.1794586181640625,2.7255859375,0.452362060546875,0.8019866943359375
2023-03-04,0.2806167602539062,0.5415306091308594,1.0465011596679688,0.8117790222167969,1.2453765869140625,0.9717369079589844
2023-03-05,0.1947021484375,0.270965576171875,0.7939224243164062,0.3904533386230469,0.0971107482910156,0.4396591186523437
2023-03-06,0.3463935852050781,0.0770187377929687,2.208900451660156,0.043426513671875,9.288822174072266,8.103744506835938
2023-03-07,0.0279159545898437,0.0115013122558593,0.9798049926757812,0.0531082153320312,6.913179397583008,3.992115020751953
2023-03-08,0.0212020874023437,0.0055770874023437,0.7053298950195312,0.0516510009765625,10.102279663085938,3.4404220581054688
2023-03-09,0.0,0.0457572937011718,1.3242034912109375,0.005462646484375,20.018829345703125,4.035663604736328
2023-03-10,5.906913757324219,4.3846435546875,24.075851440429688,8.051528930664062,80.72465515136719,48.14083862304688
2023-03-11,3.5489425659179688,5.228610992431641,3.809005737304688,4.166961669921875,6.0967559814453125,4.413463592529297
2023-03-12,0.0096588134765625,0.0468025207519531,0.0889892578125,0.005462646484375,0.0,0.0107460021972656
2023-03-13,0.0,0.0,0.0,0.0,0.0,0.0
2023-03-14,1.860492706298828,0.5571327209472656,0.7103958129882812,1.929035186767578,2.277362823486328,0.1824264526367187
2023-03-15,24.461219787597656,24.84706115722656,9.031280517578123,13.897346496582031,11.458473205566406,12.476470947265623
2023-03-16,0.5608978271484375,1.9829559326171875,0.7765922546386719,0.7797660827636719,0.055389404296875,0.3721275329589844
2023-03-17,0.0,0.0,0.0013885498046875,0.0112228393554687,0.0,0.0097503662109375
2023-03-18,0.0,0.0,0.0,0.0,0.0,0.0
2023-03-19,0.0,0.0,0.0,0.0,0.0,0.0
2023-03-20,0.12469482421875,0.0402183532714843,0.0181655883789062,0.0264816284179687,0.0551948547363281,0.0
2023-03-21,1.1076927185058594,1.9708824157714844,3.251792907714844,4.232898712158203,2.36587142944336,4.5627288818359375
2023-03-22,0.11346435546875,0.5472564697265625,0.3026618957519531,0.5674057006835938,0.0,0.0229110717773437
2023-03-23,0.0,0.0,0.0,0.0,0.0,0.0
2023-03-24,0.0,0.0,0.0,0.0,0.0,0.0
2023-03-25,3.7593917846679688,3.8542556762695312,0.9835662841796876,0.8965568542480469,0.0128211975097656,0.037017822265625
2023-03-26,0.0,0.0046730041503906,0.0227622985839843,0.0,0.1222991943359375,0.0089149475097656
2023-03-27,12.33773422241211,11.822677612304688,20.63611221313477,12.463024139404297,20.837913513183597,25.3046989440918
2023-03-28,1.669586181640625,3.405258178710937,1.2236404418945312,0.8940277099609375,0.0107994079589843,0.1770744323730468
2023-03-29,0.2404098510742187,0.1601829528808593,0.2292251586914062,0.1690025329589843,0.0074386596679687,0.1512336730957031
2023-03-30,0.0,0.0034713745117187,0.0,0.0,0.0,0.0
2023-03-31,1.7198028564453125,1.2975616455078125,1.207916259765625,1.2115974426269531,0.7394866943359375,0.1618194580078125
2023-04-01,14.685699462890623,11.488914489746094,21.616493225097656,8.525184631347656,49.11592864990234,20.499290466308597
2023-04-02,1.208465576171875,2.3151626586914062,0.1872444152832031,0.2909622192382812,0.3832244873046875,0.6199378967285156
2023-04-03,10.036949157714844,19.46839904785156,12.893836975097656,13.452232360839844,14.536293029785156,16.113487243652344
2023-04-04,12.223163604736328,21.966014862060547,7.322238922119141,9.540691375732422,2.237388610839844,4.277736663818359
2023-04-05,0.3605880737304687,1.2456588745117188,1.3396339416503906,0.8587112426757812,0.2605781555175781,2.86669921875
2023-04-06,0.1742973327636718,0.3206520080566406,0.1471023559570312,0.2111473083496093,0.0087356567382812,0.065460205078125
2023-04-07,0.0430908203125,0.3507537841796875,0.3184165954589844,0.1524734497070312,0.003204345703125,0.1900596618652343
2023-04-08,1.066131591796875,1.5382614135742188,3.4023361206054688,0.5068588256835938,1.187652587890625,0.2355194091796875
2023-04-09,1.3637313842773438,2.3119888305664062,5.312759399414063,3.233795166015625,8.190498352050781,6.9859771728515625
2023-04-10,4.258808135986328,8.313114166259766,5.603786468505859,4.462650299072266,3.006900787353516,6.379283905029297
2023-04-11,0.34765625,1.412006378173828,0.3631858825683594,0.6071205139160156,0.0833282470703125,0.0672187805175781
2023-04-12,0.1120758056640625,0.7342605590820312,0.0084991455078125,0.1513519287109375,0.64306640625,0.12603759765625
2023-04-13,0.2936019897460937,0.144256591796875,0.5016326904296875,0.0507965087890625,0.80609130859375,0.1594009399414062
2023-04-14,13.811805725097656,11.242130279541016,24.79560852050781,11.2301025390625,29.13558959960937,21.12052154541016
2023-04-15,3.304798126220703,1.0360145568847656,1.5447235107421875,0.4077644348144531,5.208686828613281,1.9174575805664065
2023-04-16,12.0760498046875,9.326663970947266,4.964656829833984,5.187736511230469,8.453800201416016,3.511402130126953
2023-04-17,18.489036560058597,17.114822387695312,14.385902404785156,13.14910125732422,15.881980895996094,15.101692199707031
2023-04-18,5.648414611816406,5.901233673095703,2.703031539916992,5.724782943725586,8.366266250610352,3.3557167053222656
2023-04-19,2.715030670166016,4.627315521240234,2.7164764404296875,2.4880027770996094,3.1825714111328125,2.1047134399414062
2023-04-20,0.6491622924804688,1.6997032165527344,1.2431144714355469,1.437236785888672,0.925861358642578,0.2484207153320312
2023-04-21,1.801435470581055,2.5894508361816406,0.6542091369628906,2.2718505859375,0.7432136535644531,0.4974746704101562
2023-04-22,0.5310649871826172,1.3472213745117188,1.705942153930664,0.9211883544921876,0.6122646331787109,1.914358139038086
2023-04-23,1.3167724609375,1.2216453552246094,3.448070526123047,0.926105499267578,1.2091102600097656,1.5776100158691406
2023-04-24,2.0182037353515625,2.8927574157714844,5.790069580078125,2.72247314453125,17.02206039428711,11.51797103881836
2023-04-25,6.209083557128906,5.111213684082031,8.608978271484375,7.171421051025391,7.754364013671875,1.791278839111328
2023-04-26,6.165695190429688,4.952033996582031,12.916561126708984,7.14019775390625,15.752460479736328,16.782928466796875
2023-04-27,0.0922393798828125,0.0727920532226562,0.0058059692382812,0.00762939453125,0.0,0.0
2023-04-28,0.0,0.0,0.0103225708007812,0.0,0.0,0.0
2023-04-29,1.1456680297851562,3.3926315307617188,1.2105484008789062,1.1947860717773438,0.5607528686523438,3.869354248046875
2023-04-30,2.291854858398437,2.476478576660156,2.3638572692871094,2.512073516845703,0.4204444885253906,4.141212463378906
2023-05-01,0.3310394287109375,0.6497917175292969,0.8058853149414062,0.4392814636230469,0.4888992309570312,0.2436027526855468
2023-05-02,0.4480819702148437,0.3018646240234375,0.4473114013671875,0.266082763671875,1.8817138671875,1.4433975219726562
2023-05-03,6.8434600830078125,7.582160949707031,7.355384826660156,3.825477600097656,10.233131408691406,5.437744140625
2023-05-04,4.172206878662109,4.672508239746094,3.909988403320313,2.9494400024414062,0.7070579528808594,3.298076629638672
2023-05-05,0.2157878875732422,0.1408290863037109,0.2252349853515625,0.1968746185302734,0.0034561157226562,0.0
2023-05-06,0.0041732788085937,0.0,0.0,0.0,0.1153793334960937,0.0
2023-05-07,0.0143051147460937,0.2771186828613281,1.7108993530273438,0.1858558654785156,4.493255615234375,1.336090087890625
2023-05-08,5.604454040527344,8.752861022949219,7.936378479003906,2.2756805419921875,7.167381286621094,5.571559906005859
2023-05-09,0.2987861633300781,0.5188446044921875,1.0460586547851562,0.3766326904296875,3.657875061035156,11.05282211303711
2023-05-10,10.370758056640623,7.810920715332031,7.608535766601562,9.88324737548828,11.782363891601562,10.251594543457031
2023-05-11,7.571861267089844,4.684608459472656,10.106056213378906,5.363410949707031,38.161407470703125,24.097923278808597
2023-05-12,5.538646697998047,4.079845428466797,4.949451446533203,1.044292449951172,6.562614440917969,8.51568603515625
2023-05-13,4.89227294921875,8.025825500488281,4.066936492919922,1.5851173400878906,9.104747772216797,6.128162384033203
2023-05-14,2.2358551025390625,3.794723510742188,11.006233215332031,2.9540557861328125,28.61035919189453,23.01744079589844
2023-05-15,12.5831298828125,5.3116607666015625,14.631240844726562,4.404350280761719,16.401954650878906,9.172401428222656
2023-05-16,4.240287780761719,4.457534790039063,10.8831787109375,9.30695343017578,24.67137908935547,14.140167236328123
2023-05-17,0.47662353515625,2.1936264038085938,2.643054962158203,0.7817306518554688,1.5874061584472656,3.1529617309570312
2023-05-18,5.007762908935547,6.736865997314453,3.503875732421875,3.531360626220703,1.21673583984375,3.56692886352539
2023-05-19,0.2208404541015625,0.6976394653320312,0.1283035278320312,0.0771255493164062,0.0081367492675781,0.0212631225585937
2023-05-20,0.5054779052734375,1.583415985107422,0.4341278076171875,0.2154006958007812,0.1858329772949218,0.1415748596191406
2023-05-21,1.4746971130371094,2.5710105895996094,2.271442413330078,2.5846900939941406,2.31119155883789,3.782207489013672
2023-05-22,3.3952865600585938,3.2199859619140625,1.292633056640625,0.8332290649414062,0.2116928100585937,1.7555923461914062
2023-05-23,0.381256103515625,1.8132247924804688,1.4859695434570312,0.472869873046875,7.539207458496094,4.84747314453125
2023-05-24,2.685874938964844,2.491497039794922,2.211925506591797,2.575122833251953,5.928455352783203,7.870418548583984
2023-05-25,5.051273345947266,9.934051513671877,4.959766387939453,4.607326507568359,4.447769165039063,7.049221038818359
2023-05-26,7.111553192138672,6.550693511962891,4.67236328125,6.843326568603516,0.5623817443847656,7.9302215576171875
2023-05-27,3.824359893798828,7.527717590332031,2.692150115966797,1.516632080078125,0.5866622924804688,1.8982353210449217
2023-05-28,4.768791198730469,8.784568786621094,2.49026107788086,3.42850112915039,4.330093383789063,3.9502220153808594
2023-05-29,6.8187103271484375,6.321041107177734,5.0972442626953125,4.429012298583984,9.903430938720703,4.112373352050781
2023-05-30,4.5892181396484375,13.057819366455078,6.0872650146484375,8.575225830078125,11.8411865234375,1.1519088745117188
2023-05-31,4.965827941894531,11.836349487304688,3.2971267700195312,5.331974029541016,10.032493591308594,5.375114440917969
2023-06-01,4.322986602783203,14.709312438964844,6.667167663574219,6.823530197143555,11.878093719482422,6.61151123046875
2023-06-02,6.462562561035156,9.983985900878906,5.858577728271484,5.738895416259766,0.3325920104980469,3.7909088134765625
2023-06-03,5.506523132324219,8.916847229003906,5.902446746826172,4.244178771972656,6.824573516845703,12.095428466796877
2023-06-04,1.0438232421875,8.470691680908203,2.8245620727539062,2.506389617919922,7.769733428955078,8.577224731445312
2023-06-05,0.0759201049804687,0.5031890869140625,0.0045394897460937,0.1480941772460937,0.0139694213867187,0.152069091796875
2023-06-06,2.0923004150390625,1.6045761108398438,3.207218170166016,1.4834022521972656,0.8962326049804688,1.684661865234375
2023-06-07,8.213878631591797,9.489253997802734,1.4623794555664062,6.162151336669922,0.5612297058105469,5.330120086669922
2023-06-08,6.962364196777344,12.719676971435549,1.8340187072753904,6.398162841796875,4.541080474853516,9.193275451660156
2023-06-09,1.7976913452148438,2.6143760681152344,3.609893798828125,0.8662528991699219,2.104888916015625,1.811832427978516
2023-06-10,2.1082305908203125,4.466876983642578,4.506977081298828,0.8146438598632812,5.402698516845703,5.136619567871094
2023-06-11,6.8253173828125,10.366413116455078,7.766445159912109,6.601299285888672,13.30059814453125,10.128826141357422
2023-06-12,17.619674682617188,16.41999053955078,9.270030975341797,16.852367401123047,8.059276580810547,14.11007308959961
2023-06-13,1.732501983642578,5.559028625488281,4.260078430175781,3.96181869506836,1.185283660888672,4.966651916503906
2023-06-14,15.074642181396484,11.280887603759766,5.020919799804688,12.122726440429688,3.4872055053710938,14.735481262207031
2023-06-15,21.85629272460937,31.81720733642578,15.522857666015623,18.31238555908203,9.213127136230469,8.70098876953125
2023-06-16,9.477706909179688,15.984245300292969,9.91080093383789,9.139373779296877,6.666156768798828,2.365928649902344
2023-06-17,4.398979187011719,5.017269134521484,6.694671630859375,2.385669708251953,5.705619812011719,2.3174400329589844
2023-06-18,0.0921287536621093,0.2014617919921875,0.2242698669433593,0.3273658752441406,0.0,0.019500732421875
2023-06-19,0.0,0.0,0.0,0.0,0.0,0.0
2023-06-20,0.0418319702148437,0.2576179504394531,0.6888160705566406,0.1473770141601562,0.2141304016113281,0.6976203918457031
2023-06-21,0.1426124572753906,1.1339073181152344,0.0601463317871093,0.3580894470214844,0.3359947204589844,0.1714324951171875
2023-06-22,0.4800338745117187,0.199188232421875,1.253387451171875,1.034423828125,2.815216064453125,2.7742233276367188
2023-06-23,1.058197021484375,2.489635467529297,2.0825233459472656,0.6234130859375,0.3442344665527344,0.3824958801269531
2023-06-24,11.121288299560549,9.859397888183594,7.211181640625,14.098392486572266,3.482856750488281,7.689868927001953
2023-06-25,7.454017639160156,9.277214050292969,11.925071716308594,7.899269104003906,12.62323760986328,10.268081665039062
2023-06-26,0.6898040771484375,3.6815185546875,1.2929458618164062,1.644073486328125,0.4178199768066406,1.1350135803222656
2023-06-27,0.087860107421875,0.7387847900390625,0.04742431640625,0.1980781555175781,0.1166343688964843,0.9353065490722656
2023-06-28,3.671173095703125,4.157978057861328,11.774639129638672,11.36884307861328,15.58147430419922,12.842716217041016
2023-06-29,0.0419464111328125,0.0043373107910156,0.0713348388671875,0.0761795043945312,0.2979850769042969,0.4669265747070312
2023-06-30,0.0,0.0,0.0,0.0,0.0010261535644531,0.00640869140625
2023-07-01,2.8177261352539062,3.966651916503906,5.13629150390625,3.294567108154297,11.583175659179688,5.353935241699219
2023-07-02,1.9659767150878904,4.741935729980469,3.0040054321289062,4.330295562744141,1.865440368652344,2.67486572265625
2023-07-03,0.5489692687988281,1.2428627014160156,0.1964263916015625,0.8626289367675781,1.498699188232422,2.057464599609375
2023-07-04,8.29190444946289,2.587242126464844,2.4688644409179688,0.4825782775878906,0.9672622680664062,2.348785400390625
2023-07-05,3.356918334960937,4.033123016357422,4.186985015869141,3.487953186035156,1.7787971496582031,2.6126861572265625
2023-07-06,1.579387664794922,2.71438980102539,0.7537689208984375,1.0644264221191406,0.34222412109375,0.7400321960449219
2023-07-07,9.516143798828123,15.634078979492188,11.219131469726562,9.171470642089844,8.625564575195312,5.615669250488281
2023-07-08,0.0116729736328125,0.0838584899902343,0.1761474609375,0.2563438415527344,0.0,0.0116462707519531
2023-07-09,0.0,0.0,0.0,0.0,0.0,0.0156631469726562
2023-07-10,0.0,0.0,0.0,0.0,0.0,0.0
2023-07-11,0.0,0.0,0.0009117126464843,0.0033836364746093,0.0265693664550781,0.2043037414550781
2023-07-12,0.25396728515625,0.1693038940429687,0.0,0.08978271484375,0.0,0.0
2023-07-13,0.0,0.0,0.0,0.0,0.0,0.0
2023-07-14,0.1769599914550781,0.5480842590332031,0.2392463684082031,0.2444877624511718,0.0,0.0448722839355468
2023-07-15,0.0031013488769531,0.0571937561035156,0.0,0.0,0.0,0.0384635925292968
2023-07-16,0.0,0.0041580200195312,0.0,0.0,0.0020523071289062,0.0192337036132812
2023-07-17,0.0,0.0,0.0,0.0,0.0010261535644531,0.0211257934570312
2023-07-18,0.4196891784667969,0.3732833862304687,0.2872734069824219,0.1514091491699218,0.0094261169433593,1.1539421081542969
2023-07-19,0.1483993530273437,0.2256927490234375,0.137237548828125,0.0018692016601562,0.212554931640625,0.0846405029296875
2023-07-20,0.3219261169433594,1.256927490234375,0.2134056091308593,0.3021697998046875,0.0,0.05877685546875
2023-07-21,0.0203704833984375,0.0763015747070312,0.9878082275390624,0.0979690551757812,0.0587158203125,0.15753173828125
2023-07-22,4.756900787353516,3.262367248535156,0.0520248413085937,0.0821189880371093,0.0166854858398437,0.0576934814453125
2023-07-23,1.970996856689453,0.5957565307617188,2.352062225341797,1.8000526428222656,0.1043167114257812,0.5595626831054688
2023-07-24,0.010955810546875,0.2141609191894531,1.183147430419922,0.8520164489746094,0.0,1.5508575439453125
2023-07-25,0.023834228515625,0.0045166015625,0.0,0.0,0.0,0.0
2023-07-26,18.19141387939453,25.648094177246094,5.875282287597656,13.746109008789062,11.821487426757812,1.8681640625
2023-07-27,3.362388610839844,4.117317199707031,2.440582275390625,2.514251708984375,0.6819992065429688,0.884246826171875
2023-07-28,0.0090560913085937,0.0,0.0181655883789062,0.0210189819335937,0.0,0.0
2023-07-29,0.1220512390136718,0.2273216247558593,0.4793319702148437,0.1587181091308593,0.1028518676757812,0.9729576110839844
2023-07-30,1.3072280883789062,5.282096862792969,0.9672203063964844,2.745033264160156,0.0941734313964843,0.0555267333984375
2023-07-31,1.8726959228515625,2.9416275024414062,1.243499755859375,2.0781021118164062,0.0041122436523437,0.3650245666503906
2023-08-01,0.0,0.0,0.0,0.0,0.0,0.0
2023-08-02,1.06939697265625,0.6533851623535156,1.2758941650390625,1.7946739196777344,2.4884262084960938,0.8312530517578125
2023-08-03,0.0,0.0,0.0,0.0,0.0,0.0
2023-08-04,0.0031051635742187,0.0163192749023437,0.0,0.0,0.0,0.0
2023-08-05,15.197029113769531,7.61944580078125,23.53507232666016,14.300376892089844,28.800308227539062,13.87164306640625
2023-08-06,11.676841735839844,7.879966735839844,1.6473350524902344,3.457015991210937,10.685462951660156,5.716281890869141
2023-08-07,10.433425903320312,7.8019866943359375,9.785537719726562,11.499122619628906,10.87517547607422,4.288116455078125
2023-08-08,0.6620101928710938,0.7537765502929688,0.621856689453125,0.4533538818359375,0.0561752319335937,0.3278350830078125
2023-08-09,0.0,0.0136222839355468,0.0625343322753906,0.0969924926757812,0.0,0.0
2023-08-10,4.008174896240234,2.067245483398437,1.6423454284667969,0.7508125305175781,0.4904403686523437,1.4366226196289062
2023-08-11,0.4766387939453125,0.5906448364257812,0.6565017700195312,0.3579864501953125,0.016082763671875,1.4198074340820312
2023-08-12,0.0031013488769531,0.0114364624023437,0.002777099609375,0.0,0.0,0.0384635925292968
2023-08-13,0.0,0.0031166076660156,0.0,0.0270462036132812,0.0064697265625,0.0
2023-08-14,0.0282745361328125,0.0232582092285156,0.0046005249023437,0.041259765625,0.4009933471679687,0.00640869140625
2023-08-15,0.060943603515625,1.1502761840820312,4.209140777587891,2.9948768615722656,6.568855285644531,5.6358642578125
2023-08-16,0.644866943359375,1.925464630126953,1.2428741455078125,0.3951911926269531,0.5815238952636719,1.19488525390625
2023-08-17,1.4803085327148438,2.455631256103516,0.4072952270507812,1.145793914794922,0.981792449951172,0.5535888671875
2023-08-18,8.529315948486328,9.965583801269531,8.193519592285156,13.167343139648438,1.562641143798828,0.7555389404296875
2023-08-19,10.394153594970703,10.786376953125,11.718269348144531,12.01662826538086,6.7855224609375,15.925529479980469
2023-08-20,1.0494499206542969,0.0207977294921875,0.6572341918945312,0.7519264221191406,0.4012870788574219,1.1318283081054688
2023-08-21,0.9505767822265624,3.9548492431640634,1.3204231262207031,1.0386085510253906,0.4662017822265625,3.51675796508789
2023-08-22,0.5796585083007812,1.5114364624023438,0.621551513671875,1.106048583984375,0.4807510375976562,0.2723617553710937
2023-08-23,2.730091094970703,2.5114898681640625,1.3091888427734375,1.1973724365234375,2.046630859375,3.979949951171875
2023-08-24,2.0775718688964844,2.494449615478516,0.8018798828125,1.566547393798828,2.691082000732422,5.24249267578125
2023-08-25,0.0,0.0499191284179687,0.0,0.08062744140625,0.0693588256835937,1.2848167419433594
2023-08-26,0.0,0.0083160400390625,0.0,0.0181655883789062,0.01849365234375,0.2434158325195312
2023-08-27,0.0,0.0,0.0127639770507812,0.0,0.035430908203125,0.2383651733398437
2023-08-28,0.0646209716796875,0.0190505981445312,0.3842315673828125,0.0214385986328125,7.064796447753906,0.0526809692382812
2023-08-29,2.8479537963867188,2.150043487548828,3.331825256347656,4.170322418212891,8.43252182006836,11.70001983642578
2023-08-30,1.360198974609375,0.8725051879882812,2.534706115722656,2.008636474609375,8.072792053222656,3.254425048828125
2023-08-31,4.763454437255859,2.9949684143066406,1.9027519226074217,0.993305206298828,3.270824432373047,2.13641357421875
2023-09-01,0.4182090759277344,1.0146408081054688,0.3777923583984375,0.2332344055175781,0.8417205810546875,2.5268478393554688
2023-09-02,0.0,0.0,0.0,0.0,0.2701873779296875,0.07403564453125
2023-09-03,4.518363952636719,3.329620361328125,1.0428848266601562,1.0670242309570312,0.035430908203125,0.0563430786132812
2023-09-04,6.79351806640625,11.533416748046877,8.2254638671875,5.4765167236328125,0.9019851684570312,5.857795715332031
2023-09-05,1.46173095703125,3.4748687744140625,3.832809448242188,1.34722900390625,0.03924560546875,0.9196014404296876
2023-09-06,0.0265960693359375,0.111968994140625,0.284454345703125,0.0725555419921875,0.0023040771484375,0.122344970703125
2023-09-07,0.6231842041015625,0.4142227172851562,0.1833267211914062,0.1811294555664062,0.3361434936523437,1.54376220703125
2023-09-08,0.0,0.0,0.0,0.0,0.0007705688476562,0.0
2023-09-09,0.0,0.0,0.0,0.0,0.0005722045898437,0.0
2023-09-10,0.0,0.0,0.0,0.0,0.0,0.0
2023-09-11,0.0,0.0,0.0,0.0,0.0,0.0
2023-09-12,0.0,0.0,0.0,0.0,0.0,0.0
2023-09-13,0.0,0.0,0.0,0.0,0.0,0.0
2023-09-14,0.5185775756835938,0.302276611328125,0.4254913330078125,0.0617523193359375,0.2357559204101562,0.8533172607421875
2023-09-15,3.5735855102539062,3.4180831909179688,4.942024230957031,1.1275253295898438,0.0730819702148437,0.9311065673828124
2023-09-16,0.9542465209960938,2.20794677734375,0.4286651611328125,0.55267333984375,0.5190887451171875,1.6746826171875
2023-09-17,0.2271881103515625,1.8944625854492188,0.6158828735351562,0.6666336059570312,0.3792686462402344,0.4728736877441406
2023-09-18,0.13348388671875,0.3710098266601562,0.1319656372070312,0.3974227905273437,0.06268310546875,0.1390457153320312
2023-09-19,7.424140930175781,7.533206939697266,2.8513145446777344,5.862400054931641,0.1903533935546875,1.7308387756347656
2023-09-20,0.098907470703125,0.624298095703125,0.0680465698242187,0.008636474609375,0.0,0.0399551391601562
2023-09-21,0.3963546752929687,0.5178108215332031,0.3690681457519531,0.4216384887695312,4.7316741943359375,2.014930725097656
2023-09-22,0.0702781677246093,0.0448799133300781,0.3323745727539062,0.0030288696289062,0.1509590148925781,0.1044654846191406
2023-09-23,1.3242950439453125,0.5769500732421875,0.9328231811523438,0.0607376098632812,1.0474014282226562,0.06622314453125
2023-09-24,20.01361083984375,24.74946594238281,37.177581787109375,38.1977767944336,25.50288391113281,30.053565979003903
2023-09-25,12.323028564453123,9.934524536132812,13.4791259765625,13.730331420898438,10.758377075195312,20.7591552734375
2023-09-26,0.011077880859375,0.0187301635742187,0.1234893798828125,0.0073318481445312,0.1509780883789062,0.0
2023-09-27,0.0,0.0,0.0,0.0,0.0,0.0
2023-09-28,0.0,0.0,0.0,0.0,0.0728111267089843,0.0
2023-09-29,0.0382614135742187,0.0045166015625,0.0318527221679687,0.0342254638671875,4.072296142578125,1.3312301635742188
2023-09-30,0.0083465576171875,0.0090255737304687,0.0157585144042968,0.0060577392578125,0.0648651123046875,0.6025924682617188
2023-10-01,0.5781784057617188,3.861038208007813,2.0152740478515625,1.3499603271484375,0.0223159790039062,1.4308090209960938
2023-10-02,0.0994415283203125,0.1816558837890625,0.1575927734375,0.0615692138671875,0.0,0.0256423950195312
2023-10-03,0.0,0.0,0.0,0.0,0.0,0.0
2023-10-04,0.0,0.0967063903808593,0.0375633239746093,0.0303726196289062,0.0325889587402343,0.1861763000488281
2023-10-05,0.9250144958496094,1.297954559326172,3.5728836059570312,4.290882110595703,0.3380622863769531,1.1615676879882812
2023-10-06,0.3472557067871094,0.5972938537597656,0.3701210021972656,0.3270339965820312,0.0216712951660156,0.1627006530761718
2023-10-07,0.0,0.0,0.0,0.0,0.0,0.0
2023-10-08,0.1289939880371093,0.2491493225097656,0.0498046875,0.0263633728027343,0.0,0.0128211975097656
2023-10-09,0.1476058959960937,1.1898231506347656,0.1884002685546875,0.0426292419433593,0.0276947021484375,0.1162910461425781
2023-10-10,1.1960716247558594,1.2122726440429688,0.9357147216796876,1.0246620178222656,0.0958328247070312,0.2512702941894531
2023-10-11,0.0026168823242187,0.0041580200195312,0.0190811157226562,0.03802490234375,0.00067138671875,0.0291595458984375
2023-10-12,0.0,0.0,0.0,0.0,0.0,0.0
2023-10-13,0.0,0.0,0.0,0.0,0.0,0.0
2023-10-14,0.0,0.0,0.0,0.0,0.0,0.0
2023-10-15,4.927268981933594,4.236946105957031,5.069557189941406,3.611648559570313,2.580429077148437,2.473495483398437
2023-10-16,0.2345809936523437,0.3810043334960937,0.8604354858398438,1.0344085693359375,2.4291000366210938,3.0326080322265625
2023-10-17,0.0007095336914062,0.0133056640625,4.231666564941406,4.739509582519531,8.342613220214844,8.67401123046875
2023-10-18,0.0,0.0,0.0,0.0,0.0,0.0
2023-10-19,0.2751846313476562,0.3546371459960937,1.6053314208984375,0.0833892822265625,2.9493331909179688,1.2146530151367188
2023-10-20,0.0,0.0062332153320312,1.1018218994140625,0.0,0.6115798950195312,0.104461669921875
2023-10-21,8.295158386230469,6.596702575683594,30.997329711914062,9.96735382080078,40.358734130859375,9.344696044921877
2023-10-22,0.0715484619140625,0.082489013671875,0.6687088012695312,0.0570602416992187,5.068733215332031,2.5704879760742188
2023-10-23,0.0,0.0,0.0,0.0,0.00616455078125,0.0
2023-10-24,0.3418121337890625,0.1380996704101562,1.5411300659179688,1.0465927124023438,2.3803253173828125,0.7022628784179688
2023-10-25,0.2662200927734375,0.2672195434570312,5.051399230957031,4.360069274902344,33.66111755371094,15.218238830566406
2023-10-26,0.4127960205078125,0.1055145263671875,1.2864608764648438,1.249114990234375,10.76934051513672,2.4813003540039062
2023-10-27,0.7049713134765625,1.1731033325195312,4.554855346679688,1.8803253173828125,53.30001068115234,27.61808013916016
2023-10-28,1.425537109375,1.3634262084960938,1.059722900390625,0.1196060180664062,6.3276214599609375,0.2890777587890625
2023-10-29,0.0,0.0,0.0,0.0,0.0614166259765625,0.0113754272460937
2023-10-30,0.0,0.0,0.0,0.0,0.0,0.0
2023-10-31,0.1776962280273437,0.13531494140625,11.140838623046877,12.754501342773438,50.84454345703125,20.484657287597656
2023-11-01,0.6837692260742188,0.32373046875,0.2054672241210937,0.0030288696289062,0.5807571411132812,0.0334548950195312
2023-11-02,2.1589126586914062,2.736244201660156,1.7001800537109375,0.0860748291015625,6.606216430664063,2.90386962890625
2023-11-03,8.158203125,7.425697326660156,33.129981994628906,6.595489501953125,44.51744842529297,51.02814483642578
2023-11-04,0.3221664428710937,0.18853759765625,1.8788528442382808,1.5344161987304688,16.397361755371094,6.979461669921875
2023-11-05,10.290779113769531,11.597793579101562,17.013717651367188,6.262565612792969,48.612335205078125,41.63507080078125
2023-11-06,0.0041732788085937,0.0,0.0993881225585937,0.0105667114257812,4.019611358642578,0.607208251953125
2023-11-07,0.9533576965332032,1.2849807739257812,4.143100738525391,0.9261970520019532,8.35516357421875,2.024398803710937
2023-11-08,14.039798736572266,13.06198501586914,17.733131408691406,17.46485137939453,27.03535461425781,28.17996597290039
2023-11-09,0.0,0.0,0.0,0.0103607177734375,0.0,0.0208549499511718
2023-11-10,1.3017730712890625,1.3268203735351562,11.970710754394531,4.85418701171875,36.27943420410156,31.748878479003903
2023-11-11,5.628913879394531,5.181251525878906,13.892257690429688,7.970291137695312,24.601730346679688,22.226547241210938
2023-11-12,0.7070846557617188,0.8349075317382812,3.155723571777344,2.63360595703125,3.0003662109375,3.6766204833984375
2023-11-13,0.0,0.0,0.0,0.0,0.0,0.00640869140625
2023-11-14,0.0,0.0,0.0122299194335937,0.0,0.7652778625488281,0.0578269958496093
2023-11-15,15.301101684570312,15.175628662109377,15.892448425292969,13.487800598144531,13.462882995605469,19.49694061279297
2023-11-16,0.0,0.0007095336914062,1.5654067993164062,0.0,0.0,0.0
2023-11-17,7.951316833496094,8.987682342529297,5.022010803222656,4.903900146484375,6.1515045166015625,6.181713104248047
2023-11-18,1.6306915283203125,4.184226989746094,1.9969940185546875,1.2574691772460938,0.0346450805664062,0.6089096069335938
2023-11-19,0.0,0.0665435791015625,0.0170822143554687,0.0167160034179687,0.0010299682617187,0.0458221435546875
2023-11-20,0.0170516967773437,0.0,0.0084991455078125,0.0,0.0,0.0
2023-11-21,10.989974975585938,11.192878723144531,23.17150115966797,14.2421875,28.570899963378903,32.90996551513672
2023-11-22,16.867103576660156,28.64739227294922,31.870162963867188,20.77898406982422,33.54420471191406,16.714859008789062
2023-11-23,0.1531829833984375,0.3384170532226562,0.2561264038085937,0.2514190673828125,0.1286392211914062,0.0820693969726562
2023-11-24,15.003841400146484,14.804458618164062,7.506374359130859,8.559066772460938,34.68644714355469,25.366195678710938
2023-11-25,15.775848388671877,24.596778869628903,33.142433166503906,35.97535705566406,37.21485900878906,48.90013122558594
2023-11-26,1.2089996337890625,2.4345474243164062,1.5339202880859375,1.86114501953125,0.1545639038085937,1.7223587036132812
2023-11-27,0.0467376708984375,0.0291519165039062,0.8708038330078125,0.235504150390625,3.9222946166992183,2.776409149169922
2023-11-28,16.183006286621094,8.436370849609375,34.4349365234375,15.166160583496094,54.82099151611328,56.57771301269531
2023-11-29,3.3174362182617188,3.376815795898437,1.487396240234375,2.225868225097656,4.227142333984375,3.0228805541992188
2023-11-30,0.0131912231445312,0.0252838134765625,2.762969970703125,0.7047882080078125,32.47887420654297,12.181716918945312
2023-12-01,0.0187606811523437,0.395263671875,6.689544677734375,1.6247100830078125,49.78775787353516,38.40496826171875
2023-12-02,3.688514709472656,2.7770004272460938,14.413570404052734,7.794170379638672,32.462928771972656,21.7381591796875
2023-12-03,4.076435089111328,3.373964309692383,2.6396045684814453,1.357038497924805,7.438686370849609,2.522802352905273
2023-12-04,0.0152587890625,0.0599746704101562,0.0366592407226562,0.0152587890625,0.0,0.0104751586914062
2023-12-05,0.025634765625,0.040924072265625,0.0512008666992187,0.0439071655273437,0.6260528564453125,0.8680419921875
2023-12-06,6.7077484130859375,4.648593902587891,2.760944366455078,1.8681526184082031,9.373764038085938,5.465377807617188
2023-12-07,1.6838455200195312,3.02783203125,3.59271240234375,6.181785583496094,8.7261962890625,6.759796142578125
2023-12-08,0.0283889770507812,0.0399169921875,0.0613327026367187,0.0700912475585937,0.0,0.014312744140625
2023-12-09,0.0,0.0,0.0,0.0037384033203125,0.0,0.0
2023-12-10,5.440006256103516,6.603717803955078,7.578590393066406,3.659496307373047,5.223854064941406,6.140277862548828
2023-12-11,1.0057220458984375,2.1442642211914062,2.903427124023437,1.6033248901367188,2.56683349609375,1.643390655517578
2023-12-12,1.3429336547851562,1.497699737548828,1.0346336364746094,0.50665283203125,5.321239471435547,1.066162109375
2023-12-13,0.0258865356445312,0.0,6.264976501464844,0.0909271240234375,30.726776123046875,8.90606689453125
2023-12-14,15.945182800292969,19.93061065673828,21.34744644165039,21.61456680297852,43.18772506713867,51.73259735107422
2023-12-15,3.2605438232421875,6.283199310302734,5.198646545410156,4.622623443603516,0.9253997802734376,3.0599365234375
2023-12-16,0.2910842895507812,1.7781906127929688,2.2187728881835938,2.00164794921875,1.011199951171875,3.01727294921875
2023-12-17,0.056976318359375,0.0943145751953125,0.0426254272460937,0.06097412109375,0.0,0.0
2023-12-18,0.0,0.0,0.0,0.0,0.0,0.0
2023-12-19,0.0,0.0,0.0,0.0,0.0,0.0
2023-12-20,0.0,0.0,0.0,0.0,0.0,0.0
2023-12-21,0.5050582885742188,0.300323486328125,0.7087326049804688,0.2318229675292968,0.0677223205566406,0.2513198852539062
2023-12-22,8.777900695800781,9.742462158203123,6.5426025390625,6.64727783203125,5.796562194824219,3.805908203125
2023-12-23,0.0045242309570312,0.5270538330078125,0.0196075439453125,0.0046005249023437,0.0917739868164062,0.0961990356445312
2023-12-24,0.0,0.0308723449707031,0.0092048645019531,0.0,0.3007659912109375,0.0735359191894531
2023-12-25,0.0,0.0,0.0052032470703125,0.0,0.0,0.0
2023-12-26,0.0,0.0038223266601562,0.0,0.0,0.01922607421875,0.0
2023-12-27,0.0305252075195312,0.1334228515625,0.0,0.0030288696289062,0.0,0.0
2023-12-28,0.0,0.0,0.0,0.0,0.0,0.0
2023-12-29,0.0,0.0,0.0,0.0,0.0,0.0
2023-12-30,0.0350341796875,0.0218772888183593,0.027618408203125,0.0420379638671875,0.0009613037109375,0.0
2023-12-31,0.0,0.0,0.0,0.0,0.0084686279296875,0.0
2024-01-01,3.720657348632813,2.803550720214844,3.036567687988281,0.8175048828125,9.8306884765625,5.696449279785156
2024-01-02,3.909629821777344,4.594776153564453,3.33877182006836,3.8802223205566406,5.762462615966797,5.769378662109375
2024-01-03,1.9209671020507808,1.976581573486328,2.71636962890625,1.6734886169433594,14.296371459960938,6.535545349121094
2024-01-04,2.883930206298828,2.49039077758789,1.0430068969726562,0.966583251953125,17.327327728271484,7.199832916259766
2024-01-05,0.0031051635742187,0.1433334350585937,1.17523193359375,0.0,1.8400802612304688,0.3475189208984375
2024-01-06,0.3568191528320312,2.3182296752929688,5.644905090332031,1.30682373046875,8.193397521972656,6.165596008300781
2024-01-07,6.279991149902344,9.56268310546875,9.63555908203125,4.416755676269531,5.04461669921875,4.366874694824219
2024-01-08,2.8972206115722656,1.960723876953125,1.8747596740722656,1.92462158203125,13.769577026367188,15.143768310546877
2024-01-09,0.8305511474609375,1.9306182861328125,0.89117431640625,0.6110305786132812,0.0389480590820312,0.1702423095703125
2024-01-10,0.0787429809570312,0.046966552734375,0.031890869140625,0.016754150390625,0.0,0.0070877075195312
2024-01-11,0.0,0.0,0.0,0.0,0.0,0.0
2024-01-12,0.398162841796875,0.9129867553710938,0.4620513916015625,0.1589508056640625,0.0,0.092864990234375
2024-01-13,0.0274276733398437,0.0450973510742187,0.0498428344726562,0.0398330688476562,0.0,0.0038833618164062
2024-01-14,0.0,0.0,0.0481719970703125,0.0,0.61004638671875,0.1891021728515625
2024-01-15,0.69171142578125,0.8899917602539062,3.17947006225586,0.0844535827636718,19.12656021118164,20.63462829589844
2024-01-16,2.15618896484375,1.931556701660156,1.6043319702148438,2.874984741210937,2.476142883300781,2.6844482421875
2024-01-17,0.6354751586914062,0.3781890869140625,8.959701538085938,2.6129379272460938,39.51805877685547,18.71539306640625
2024-01-18,1.2199592590332031,0.4190597534179687,13.13650131225586,5.841480255126953,58.24180221557617,38.174800872802734
2024-01-19,8.94464111328125,8.852664947509766,15.921459197998049,14.200424194335938,26.62833023071289,22.301403045654297
2024-01-20,5.950454711914063,7.340366363525391,14.708663940429688,11.781944274902344,17.61640167236328,21.0688591003418
2024-01-21,0.025726318359375,0.1802139282226562,0.0653533935546875,0.1092987060546875,0.0,0.0
2024-01-22,0.0,0.0,0.0,0.0,0.0,0.0
2024-01-23,0.7199134826660156,1.6255531311035156,1.5477561950683594,0.5748558044433594,0.2826080322265625,0.3891487121582031
2024-01-24,0.0007057189941406,0.1256980895996093,0.1340866088867187,0.1247901916503906,0.00640869140625,0.0384635925292968
2024-01-25,2.24636459350586,3.4851608276367188,1.5631179809570312,0.9593124389648438,1.5598907470703125,1.6559906005859375
2024-01-26,0.0789337158203125,0.1430740356445312,0.0058059692382812,0.0596160888671875,0.0,0.0
2024-01-27,1.716766357421875,4.088737487792969,2.400249481201172,2.422496795654297,0.2623634338378906,1.4654388427734375
2024-01-28,0.6299324035644531,1.904033660888672,1.4641189575195312,1.2169761657714844,0.0931167602539062,0.7148246765136719
2024-01-29,0.1057243347167968,0.2624320983886719,0.2092437744140625,0.1946792602539062,0.0084648132324218,0.0328636169433593
2024-01-30,0.0,0.0,0.0101547241210937,0.010955810546875,0.0,0.0
2024-01-31,0.0,0.0,0.0,0.0,0.0,0.0
2024-02-01,0.0259895324707031,0.1768722534179687,0.0,0.0030288696289062,0.0,0.0
2024-02-02,0.1718978881835937,0.941741943359375,0.3717880249023437,0.3457412719726562,0.0,0.1227493286132812
2024-02-03,0.0,0.0083198547363281,0.0146369934082031,0.0,0.0,0.0
2024-02-04,0.0,0.0,0.0,0.0,0.0,0.0
2024-02-05,0.0,0.0,0.0,0.0,0.0,0.0
2024-02-06,0.0,0.0,0.0101547241210937,0.0,0.0010299682617187,0.0
2024-02-07,0.0,0.0,0.0507850646972656,0.0,1.1276588439941406,0.0365867614746093
2024-02-08,0.0754661560058593,0.0003547668457031,0.2812080383300781,0.0166816711425781,3.373790740966797,0.5013618469238281
2024-02-09,0.0,0.0,0.13299560546875,0.0,1.8179855346679688,0.07611083984375
2024-02-10,4.956901550292969,2.1263885498046875,23.24755859375,7.13519287109375,18.69517517089844,16.358726501464844
2024-02-11,13.580787658691406,6.678169250488281,40.836761474609375,15.221084594726562,63.4332275390625,39.36688232421875
2024-02-12,8.478370666503906,9.45539093017578,2.7585182189941406,3.37405014038086,11.224899291992188,5.426548004150391
2024-02-13,2.66986083984375,4.518882751464844,3.3764190673828125,3.094757080078125,0.0376968383789062,1.6244888305664062
2024-02-14,0.3027420043945312,0.5073165893554688,0.6483840942382812,1.1674728393554688,0.009490966796875,0.3179092407226562
2024-02-15,0.0,0.0,0.0,0.0,0.0,0.0
2024-02-16,0.0,0.0,0.0,0.0,0.0,0.0
2024-02-17,0.0,0.0,0.0,0.0,0.0,0.0
2024-02-18,0.0680580139160156,0.1603164672851562,0.1558876037597656,0.0571784973144531,0.0,0.0
2024-02-19,0.0,0.0,0.0620155334472656,0.0,0.0,0.0
2024-02-20,0.4859085083007812,0.7864189147949219,0.4798812866210937,0.5327873229980469,0.0415306091308593,0.2198562622070312
2024-02-21,0.1956901550292968,1.3089027404785156,0.1310539245605468,0.436431884765625,0.148406982421875,0.0128211975097656
2024-02-22,0.0,0.0,0.0205650329589843,0.0,0.37701416015625,0.0194587707519531
2024-02-23,0.2760772705078125,0.6320571899414062,6.027565002441406,0.51116943359375,21.98622131347656,9.972335815429688
2024-02-24,8.870018005371094,1.5535736083984375,38.73180389404297,9.337783813476562,60.316314697265625,42.80127716064453
2024-02-25,1.8348808288574217,1.2130165100097656,8.547779083251953,1.491352081298828,11.988826751708984,6.486347198486328
2024-02-26,0.1666526794433593,0.1469802856445312,0.106109619140625,0.218170166015625,0.3013343811035156,0.0158004760742187
2024-02-27,0.0,0.0374374389648437,0.2494659423828125,0.005462646484375,0.351470947265625,0.7079620361328125
2024-02-28,0.0173797607421875,0.027435302734375,0.5301437377929688,0.4074859619140625,1.1075286865234375,0.9401702880859376
2024-02-29,2.3438644409179688,1.5220184326171875,4.2213897705078125,2.1733474731445312,7.4165191650390625,5.578224182128906
2024-03-01,0.4496307373046875,1.0082969665527344,4.491954803466797,3.17972183227539,19.141551971435547,10.741512298583984
2024-03-02,0.244171142578125,0.2021675109863281,1.8630485534667969,1.295124053955078,1.5851325988769531,0.4949150085449219
2024-03-03,0.4426040649414062,0.5084991455078125,0.65301513671875,0.3202285766601562,1.5316696166992188,0.1651077270507812
2024-03-04,0.4409866333007812,0.3193016052246094,0.5056304931640625,0.450439453125,8.098663330078125,2.7840499877929688
2024-03-05,3.73141098022461,1.6568336486816406,3.3168716430664062,2.6543731689453125,4.86761474609375,5.057258605957031
2024-03-06,7.750217437744141,5.748279571533203,4.107433319091797,2.8266830444335938,6.481281280517578,2.8708038330078125
2024-03-07,10.203197479248049,7.927604675292969,3.648834228515625,3.2125167846679688,6.432666778564453,1.9456138610839844
2024-03-08,2.0884933471679688,0.6212615966796875,1.0916900634765625,0.6852874755859375,0.3179168701171875,0.7207717895507812
2024-03-09,0.4869537353515625,0.3237228393554687,2.185287475585937,0.12554931640625,10.68218994140625,7.312721252441406
2024-03-10,0.0473403930664062,0.0,1.2747344970703125,0.0146636962890625,4.634307861328125,1.6157150268554688
2024-03-11,13.670783996582031,10.60552978515625,26.715431213378903,18.708580017089844,29.915855407714844,25.70401763916016
2024-03-12,7.565238952636719,3.871902465820313,1.4939193725585938,2.3485183715820312,5.540252685546875,0.8442840576171875
2024-03-13,2.291576385498047,3.766674041748047,2.6563949584960938,2.84610366821289,0.3267631530761719,0.4138832092285156
2024-03-14,0.6596412658691406,1.2688255310058594,0.8224868774414062,1.23956298828125,0.0132026672363281,0.0590476989746093
2024-03-15,0.0381088256835937,0.5862312316894531,0.1589202880859375,0.0981216430664062,0.0256919860839843,0.0284423828125
2024-03-16,2.565269470214844,1.0896530151367188,1.56884765625,1.023723602294922,2.239974975585937,1.1579246520996094
2024-03-17,1.3664588928222656,2.83551025390625,1.6531944274902344,2.0295982360839844,3.6500244140625,0.5410995483398438
2024-03-18,3.535018920898437,1.4337615966796875,4.010051727294922,2.616168975830078,1.4748878479003906,0.7938613891601562
2024-03-19,5.070335388183594,3.749580383300781,3.6801986694335938,4.365348815917969,1.84246826171875,2.5471649169921875
2024-03-20,0.0,0.0,0.0,0.0,0.0,0.0
2024-03-21,0.0,0.0,0.0,0.0,0.0,0.0
2024-03-22,0.0003547668457031,0.0041580200195312,0.2419586181640625,0.378448486328125,0.1057205200195312,0.5736923217773438
2024-03-23,0.0,0.0,0.0168342590332031,0.0,0.3121414184570312,0.0689315795898437
2024-03-24,20.434741973876957,16.224563598632812,8.627113342285156,11.72890853881836,35.72272109985352,21.918624877929688
2024-03-25,0.3168106079101562,1.2439460754394531,0.086822509765625,0.4774436950683594,0.3915367126464844,0.6147918701171875
2024-03-26,6.039279937744141,4.773078918457031,8.9842529296875,5.046665191650391,17.143081665039062,12.508331298828123
2024-03-27,2.707660675048828,0.6565170288085938,10.333908081054688,2.6803855895996094,27.60870361328125,16.751853942871094
2024-03-28,3.39638900756836,4.242820739746094,3.776679992675781,3.582622528076172,10.171062469482422,8.493141174316406
2024-03-29,0.0,0.0,0.0461006164550781,0.0,0.0276947021484375,0.0137672424316406
2024-03-30,0.0,0.0,0.0,0.0,0.0,0.0
2024-03-31,0.0,0.0,0.0,0.0,0.0,0.0
2024-04-01,0.2460975646972656,0.0166397094726562,1.247272491455078,0.0,3.5547866821289062,0.3600692749023437
2024-04-02,2.8422622680664062,2.250904083251953,3.52810287475586,2.836040496826172,6.807464599609375,2.451255798339844
2024-04-03,0.0,0.0,0.0,0.0,0.0,0.0
2024-04-04,0.4221992492675781,1.4082298278808594,1.22216796875,0.6322975158691406,0.2746124267578125,0.7401885986328125
2024-04-05,0.0,0.0,0.0,0.0,0.0102767944335937,0.4368209838867187
2024-04-06,0.0,0.0,0.0,0.0030288696289062,0.0010261535644531,0.0123252868652343
2024-04-07,0.0,0.0103912353515625,0.0030288696289062,0.0056114196777343,0.002685546875,0.0897483825683593
2024-04-08,0.0,0.0,0.0,0.0,0.0,0.0
2024-04-09,0.0,0.0,0.0,0.0,0.0,0.0
2024-04-10,0.0620460510253906,0.0,0.1435775756835937,0.0030288696289062,0.00640869140625,0.0
2024-04-11,0.00762939453125,0.0079994201660156,0.03155517578125,0.0027313232421875,0.0,0.0
2024-04-12,0.0425834655761718,0.0114364624023437,0.0030288696289062,0.0030288696289062,0.0710830688476562,0.0448722839355468
2024-04-13,0.029205322265625,0.199676513671875,0.0090866088867187,0.0494003295898437,0.041961669921875,0.0787277221679687
2024-04-14,0.0,0.0,0.0,0.0,0.0,0.0
2024-04-15,0.0,0.0,0.0,0.0,0.0,0.0
2024-04-16,5.071224212646484,2.098682403564453,9.301151275634766,3.8995285034179688,29.480762481689453,24.16123962402344
2024-04-17,12.72332000732422,11.066802978515623,26.34319305419922,15.31586456298828,32.71380615234375,29.349411010742188
2024-04-18,0.4046478271484375,0.7832260131835938,0.8893928527832031,1.2971744537353516,5.065839767456055,6.315296173095703
2024-04-19,0.3357772827148437,0.477691650390625,0.4344406127929687,0.2290267944335937,0.3873443603515625,1.5622787475585938
2024-04-20,0.1826248168945312,1.511371612548828,1.8709259033203125,0.8524627685546875,0.8147392272949219,1.6131439208984375
2024-04-21,7.669445037841797,8.941192626953125,16.745075225830078,12.443977355957031,15.99875259399414,25.363094329833984
2024-04-22,0.0083465576171875,0.0031166076660156,0.0319442749023437,0.1096839904785156,0.0480728149414062,0.0
2024-04-23,3.5700340270996094,3.0764923095703125,6.5049591064453125,9.965980529785156,18.771183013916016,18.261802673339844
2024-04-24,0.7626171112060547,0.1338977813720703,0.498880386352539,0.0764923095703125,2.780141830444336,0.2550868988037109
2024-04-25,5.967451095581055,5.561441421508789,2.7611083984375,4.365020751953125,1.9159793853759768,5.198165893554688
2024-04-26,1.1192359924316406,0.6887989044189453,1.2387542724609375,0.5808582305908203,2.03242301940918,1.8022594451904297
2024-04-27,0.2777328491210937,0.7398109436035156,0.5737991333007812,0.4835090637207031,0.577972412109375,1.1863136291503906
2024-04-28,0.0,0.0,0.0,0.0,0.0098075866699218,0.0
2024-04-29,0.0,0.0,0.0,0.0,0.0324325561523437,0.0
2024-04-30,0.0015525817871093,0.0295219421386718,0.0,0.0529518127441406,0.2950439453125,0.003204345703125
2024-05-01,1.1089324951171875,1.3009109497070312,2.283554077148437,0.4857940673828125,3.5372314453125,1.5490036010742188
2024-05-02,9.215606689453123,6.253570556640625,5.443367004394531,6.4575958251953125,13.420616149902344,8.462089538574219
2024-05-03,12.433589935302734,16.219932556152344,8.16104507446289,8.730709075927734,5.2771759033203125,7.931697845458984
2024-05-04,1.8397560119628904,7.979946136474609,5.433353424072266,11.714218139648438,2.5480499267578125,9.56478500366211
2024-05-05,0.2961578369140625,0.89666748046875,1.5789337158203125,0.6609878540039062,0.4960098266601562,3.98126220703125
2024-05-06,0.0366401672363281,0.0007057189941406,0.4579696655273437,0.0559883117675781,1.65496826171875,0.4606094360351562
2024-05-07,1.6313323974609375,1.9998664855957031,0.7257232666015625,0.2176742553710937,0.0513801574707031,2.2147178649902344
2024-05-08,3.0379676818847656,5.067813873291016,2.341102600097656,1.0451278686523438,0.3391914367675781,2.2122764587402344
2024-05-09,3.2839393615722656,10.758808135986328,7.394615173339844,6.525962829589844,1.077850341796875,12.200759887695312
2024-05-10,2.202503204345703,0.426513671875,3.464141845703125,1.8313331604003904,0.7007942199707031,4.288387298583984
2024-05-11,0.0480690002441406,0.0,0.0322227478027343,0.0406112670898437,0.5324325561523438,0.3205299377441406
2024-05-12,3.5611305236816406,4.305438995361328,3.916793823242188,3.9722900390625,1.1817855834960938,2.0531768798828125
2024-05-13,0.0079841613769531,0.0041580200195312,0.2167205810546875,0.1979904174804687,2.2939987182617188,0.6993942260742188
2024-05-14,10.408523559570312,11.0233154296875,5.670326232910156,4.524639129638672,4.171581268310547,2.2837867736816406
2024-05-15,8.345443725585938,3.382797241210937,3.79803466796875,5.493705749511719,2.159652709960937,2.0545196533203125
2024-05-16,4.7618560791015625,3.5236892700195312,3.43719482421875,3.560165405273437,11.972091674804688,8.499649047851562
2024-05-17,0.1381454467773437,0.329681396484375,0.7343597412109375,0.2471389770507812,2.302886962890625,1.9062271118164065
2024-05-18,2.731796264648437,1.4630050659179688,4.744609832763672,2.684043884277344,5.172229766845703,2.325843811035156
2024-05-19,4.483985900878906,5.960330963134766,4.0103912353515625,2.381305694580078,4.999202728271484,8.049774169921875
2024-05-20,2.295761108398437,4.0084381103515625,5.504402160644531,4.638236999511719,2.1195640563964844,4.2176361083984375
2024-05-21,1.2654380798339844,0.922882080078125,2.9129409790039062,1.094757080078125,37.38734436035156,9.99881362915039
2024-05-22,12.256721496582031,12.058967590332031,5.272483825683594,6.120231628417969,3.90252685546875,1.0415725708007812
2024-05-23,1.8868293762207031,2.32961654663086,1.3486213684082031,1.5647506713867188,2.305488586425781,3.1214752197265625
2024-05-24,2.4533843994140625,1.5571975708007812,4.986316680908203,1.7916030883789062,1.772357940673828,1.7781829833984375
2024-05-25,2.5939483642578125,0.3758087158203125,3.923992156982422,1.3290328979492188,12.55911636352539,3.33205795288086
2024-05-26,12.416736602783203,9.156105041503906,10.527542114257812,8.7860107421875,9.22292709350586,5.486896514892578
2024-05-27,0.2609024047851562,0.3575668334960937,0.5149383544921875,0.2870292663574219,8.070480346679688,1.8215446472167969
2024-05-28,2.3175106048583984,0.7488822937011719,1.3291683197021484,2.104503631591797,4.741550445556641,4.533735275268555
2024-05-29,0.6515388488769531,1.1026115417480469,1.6004066467285156,1.0118141174316406,4.161182403564453,2.4601402282714844
2024-05-30,6.1546173095703125,6.780139923095703,3.102519989013672,4.592037200927734,3.371837615966797,1.4639434814453125
2024-05-31,7.1180267333984375,4.952316284179688,11.31451416015625,5.3812103271484375,37.72313690185547,18.040267944335938
2024-06-01,0.5833663940429688,0.7133331298828125,6.289703369140625,0.5350799560546875,12.84393310546875,5.1744384765625
2024-06-02,0.6372203826904297,0.9179706573486328,3.410299301147461,2.566253662109375,5.982362747192383,6.8049163818359375
2024-06-03,3.609706878662109,4.822475433349609,0.2935676574707031,1.8781280517578125,1.4632720947265625,0.7450637817382812
2024-06-04,0.042938232421875,0.0,0.0,0.0123786926269531,0.0010261535644531,0.0
2024-06-05,4.314910888671875,8.113887786865234,1.9538536071777344,1.1912841796875,0.1826095581054687,2.8818435668945312
2024-06-06,0.0083465576171875,0.046112060546875,0.0,0.0115203857421875,0.0627822875976562,0.0
2024-06-07,0.0095443725585937,0.0,0.1651420593261718,0.029214859008789,0.0256900787353515,0.0652790069580078
2024-06-08,0.9633407592773438,2.843517303466797,0.3944931030273437,0.5616188049316406,0.3403091430664062,1.4814720153808594
2024-06-09,0.9041252136230468,0.7014198303222656,0.3889884948730469,0.0185508728027343,0.0505447387695312,0.2174606323242187
2024-06-10,1.7836380004882812,0.6095046997070312,0.1566543579101562,0.0668869018554687,0.001220703125,0.0
2024-06-11,3.5559310913085938,4.371631622314453,1.7660140991210938,0.8303604125976562,3.890087127685547,0.5006446838378906
2024-06-12,2.9604415893554688,3.4683074951171875,1.9171905517578125,0.4838027954101562,0.3328628540039062,0.3776779174804687
2024-06-13,5.725929260253906,6.883338928222656,3.0196075439453125,1.9049186706542969,11.668327331542969,1.6738624572753906
2024-06-14,5.076316833496094,3.703422546386719,2.54177474975586,4.55145263671875,0.74346923828125,2.521411895751953
2024-06-15,0.0,0.0,0.0030288696289062,0.03179931640625,0.0077667236328125,0.0332260131835937
2024-06-16,4.709506988525391,1.0680580139160156,0.6693649291992188,0.7959518432617188,0.1789474487304687,1.3334846496582031
2024-06-17,0.0126457214355468,0.129150390625,0.0359077453613281,0.005462646484375,0.0020561218261718,0.1801719665527343
2024-06-18,0.0,0.020782470703125,0.0271186828613281,0.0187034606933593,0.0359649658203125,0.2820663452148437
2024-06-19,0.0,0.0,0.0,0.0,0.0,0.0009498596191406
2024-06-20,0.2226181030273437,0.0041580200195312,0.0143051147460937,0.0287933349609375,0.0138473510742187,0.0576934814453125
2024-06-21,0.261932373046875,0.2951736450195312,0.002777099609375,0.05145263671875,0.278045654296875,0.301300048828125
2024-06-22,0.7937355041503906,0.5301437377929688,0.8222846984863281,0.2382240295410156,0.4690628051757812,0.2249565124511718
2024-06-23,2.219467163085937,1.3226203918457031,1.0448226928710938,1.956256866455078,0.8467330932617188,0.8734588623046875
2024-06-24,7.504390716552734,5.795131683349609,8.795722961425781,10.36638641357422,3.4401893615722656,2.8427658081054688
2024-06-25,9.480022430419922,5.636440277099609,1.3832969665527344,1.574462890625,2.60833740234375,1.926551818847656
2024-06-26,3.1893234252929688,3.94573974609375,6.031524658203125,6.591896057128906,57.57957458496094,10.772201538085938
2024-06-27,15.206050872802734,17.172897338867188,4.619625091552734,7.249855041503906,16.466842651367188,2.2342529296875
2024-06-28,1.2572708129882812,1.6198577880859375,1.8841323852539065,1.3616714477539062,0.2671432495117187,0.5651206970214844
2024-06-29,0.8072357177734375,0.9699478149414062,0.8573760986328125,1.4765625,0.7546157836914062,2.5604782104492188
2024-06-30,0.0,0.0,0.0242233276367187,0.0,0.0,0.0256423950195312
2024-07-01,0.0035324096679687,0.169097900390625,0.0373153686523437,0.0060577392578125,0.0,0.0403594970703125
2024-07-02,42.42453384399414,32.70306396484375,36.40495300292969,25.01512908935547,17.874431610107422,7.919200897216797
2024-07-03,0.3408660888671875,0.907367706298828,0.9181976318359376,1.0656509399414062,0.4007759094238281,1.0373420715332031
2024-07-04,0.26055908203125,0.5338325500488281,0.2825584411621094,0.0685195922851562,0.2898101806640625,1.6294708251953125
2024-07-05,0.0041732788085937,0.0124778747558593,0.0,0.0,0.0041122436523437,0.0073585510253906
2024-07-06,0.0,0.0,0.0,0.0,0.0,0.0
2024-07-07,0.0,0.0,0.0,0.0018692016601562,0.0,0.1282119750976562
2024-07-08,0.5118980407714844,0.3259048461914062,0.1391792297363281,0.2847442626953125,0.00616455078125,0.2498283386230468
2024-07-09,0.049163818359375,0.1924171447753906,0.115631103515625,0.0210914611816406,2.212474822998047,0.430206298828125
2024-07-10,0.0,0.0041580200195312,0.00885009765625,0.0,0.3237991333007812,0.32122802734375
2024-07-11,0.0015525817871093,0.0166397094726562,0.3953514099121094,0.0,0.113494873046875,0.1953392028808593
2024-07-12,0.0348358154296875,0.0083160400390625,0.5558319091796875,0.0,0.0313568115234375,0.1794967651367187
2024-07-13,0.0934219360351562,0.576141357421875,0.1646194458007812,0.0105133056640625,0.1576614379882812,0.3886032104492187
2024-07-14,0.7288627624511719,0.6934928894042969,0.2455215454101562,0.6882247924804688,0.0154151916503906,2.5843963623046875
2024-07-15,0.0015525817871093,0.04730224609375,0.004852294921875,0.0030288696289062,0.0160255432128906,0.0
2024-07-16,0.2666664123535156,0.0,0.88763427734375,0.0616264343261718,0.0249786376953125,2.3528594970703125
2024-07-17,0.688720703125,0.5130996704101562,0.9221115112304688,0.8364944458007812,0.4298782348632812,0.503814697265625
2024-07-18,0.991069793701172,1.4192771911621094,1.53643798828125,2.443550109863281,1.1223182678222656,4.417007446289063
2024-07-19,1.0172653198242188,2.001323699951172,1.0688133239746094,1.3881301879882812,0.7263641357421875,2.0818862915039062
2024-07-20,0.4046249389648437,1.5761680603027344,1.1716079711914062,0.2382774353027343,0.4275588989257812,0.4126243591308594
2024-07-21,1.7971343994140625,2.540802001953125,0.546539306640625,0.9770965576171876,1.8881912231445312,1.9917716979980469
2024-07-22,0.465087890625,0.8796157836914062,0.46136474609375,0.8847198486328125,1.3943252563476562,0.6891555786132812
2024-07-23,0.7588157653808594,3.239837646484375,0.819183349609375,0.2740745544433594,0.0197525024414062,1.878204345703125
2024-07-24,9.38330078125,6.268062591552734,12.306755065917969,10.764293670654297,7.266986846923828,16.329078674316406
2024-07-25,0.3392257690429687,0.1136360168457031,0.2514839172363281,0.2184906005859375,0.0014114379882812,0.1384506225585937
2024-07-26,0.0,0.0041580200195312,0.0,0.0,0.0,0.0
2024-07-27,0.0,0.0,0.0,0.0,0.0,0.0
2024-07-28,0.0,0.0,0.0,0.0,0.015411376953125,0.0
2024-07-29,0.0,0.0,0.0343780517578125,0.0155258178710937,0.0411911010742187,2.1579666137695312
2024-07-30,0.0,0.0,0.0,0.0,0.0,0.0
2024-07-31,0.0,0.0,0.0,0.0,0.0,0.0
2024-08-01,0.0,0.0,0.0,0.0,0.0,0.0
2024-08-02,3.332103729248047,2.179912567138672,2.9792938232421875,0.6741828918457031,0.1470909118652343,1.2425613403320312
2024-08-03,11.040451049804688,9.561805725097656,8.557785034179688,4.869159698486328,1.6498947143554688,5.482944488525391
2024-08-04,0.0,0.0,0.2081184387207031,0.0,0.1811790466308593,0.3168144226074219
2024-08-05,0.5347213745117188,1.198974609375,0.079345703125,0.1126937866210937,0.1127243041992187,0.0973281860351562
2024-08-06,0.1392974853515625,0.1954879760742187,0.175811767578125,0.1733245849609375,0.0934600830078125,0.0176963806152343
2024-08-07,0.0,0.0,0.0,0.0,0.0,0.0
2024-08-08,3.097402572631836,4.03791618347168,7.191190719604492,6.330060958862305,1.4281501770019531,8.300180435180664
2024-08-09,0.380706787109375,1.3262214660644531,1.4357986450195312,1.4034996032714844,0.3922080993652344,1.0839920043945312
2024-08-10,0.0083465576171875,0.0041580200195312,0.0060577392578125,0.0030288696289062,0.0,0.0
2024-08-11,0.0,0.0,0.0,0.0,0.0,0.0
2024-08-12,0.0,0.0,0.0,0.0,0.0,0.0
2024-08-13,0.0589447021484375,0.0873565673828125,0.0030288696289062,0.0,0.0,0.0
2024-08-14,0.1484603881835937,0.1797561645507812,0.0742645263671875,1.6635513305664062,0.1249160766601562,0.6420059204101562
2024-08-15,0.0,0.0542945861816406,0.0139732360839843,0.0411491394042968,0.0041122436523437,0.1346206665039062
2024-08-16,0.2191009521484375,0.3613662719726562,0.1378631591796875,0.0422210693359375,0.0020523071289062,0.0384597778320312
2024-08-17,1.9395904541015625,0.6641578674316406,3.146595001220703,1.8429107666015625,1.5874252319335938,2.948223114013672
2024-08-18,7.722511291503906,1.1169586181640625,3.2437286376953125,2.1390533447265625,6.732292175292969,1.1912765502929688
2024-08-19,2.7909164428710938,1.8664321899414065,2.6275711059570312,2.252059936523437,22.7220458984375,7.465888977050781
2024-08-20,3.9449996948242183,8.892555236816406,3.483558654785156,0.8722763061523438,7.419273376464844,4.8724365234375
2024-08-21,0.1136016845703125,0.2061080932617187,1.3667106628417969,1.061931610107422,1.188884735107422,2.2293052673339844
2024-08-22,0.0,0.0194015502929687,0.2184791564941406,0.1107864379882812,0.0832595825195312,0.5117568969726562
2024-08-23,0.0,0.012481689453125,0.0,0.0,0.0164413452148437,0.2336273193359375
2024-08-24,0.0,0.0,0.0,0.0,0.2573165893554687,0.0137710571289062
2024-08-25,0.0,0.0,0.0,0.0,0.0,0.0579185485839843
2024-08-26,0.016937255859375,0.7182693481445312,0.3423233032226562,0.0373153686523437,2.165962219238281,0.0265884399414062
2024-08-27,1.5259475708007812,2.525455474853516,0.5646743774414062,0.4436454772949219,0.0673713684082031,0.1346206665039062
2024-08-28,2.737598419189453,0.608734130859375,1.5023193359375,0.9188270568847656,5.789665222167969,3.3660430908203125
2024-08-29,0.9056472778320312,1.8280563354492188,1.8824691772460935,2.498626708984375,1.1212158203125,11.114242553710938
2024-08-30,0.5861587524414062,2.1279449462890625,1.7593536376953125,2.275009155273437,0.65576171875,2.072998046875
2024-08-31,0.2854766845703125,0.6335525512695312,1.6949691772460938,1.935142517089844,0.9372406005859376,7.540435791015625
2024-09-01,0.0243148803710937,0.041595458984375,0.0979385375976562,0.0581817626953125,0.0866012573242187,0.1998062133789062
2024-09-02,0.0,0.0,0.0018234252929687,0.0,0.0,0.0413055419921875
2024-09-03,0.2633132934570312,1.0497894287109375,5.176570892333984,0.2238197326660156,0.6522140502929688,2.9346237182617188
2024-09-04,0.02325439453125,0.4492721557617187,0.0574226379394531,0.0242271423339843,0.941375732421875,1.9461021423339844
2024-09-05,0.5547943115234375,1.50152587890625,0.3581695556640625,0.5670928955078125,1.176544189453125,1.7137451171875
2024-09-06,0.3392562866210937,0.2104721069335937,0.9292373657226562,0.0642166137695312,1.64813232421875,1.3417892456054688
2024-09-07,0.1133766174316406,0.7397727966308594,0.1731796264648437,0.3249168395996094,0.06341552734375,0.6889533996582031
2024-09-08,0.0262298583984375,0.0437240600585937,0.1961746215820312,0.0587844848632812,0.0933609008789062,0.026092529296875
2024-09-09,11.56024932861328,5.943977355957031,20.11084747314453,9.08867645263672,39.27577209472656,12.868415832519531
2024-09-10,17.104019165039062,30.97358703613281,14.930526733398438,20.43917465209961,7.960048675537109,13.89324951171875
2024-09-11,0.5264816284179688,4.098541259765625,1.3858108520507812,3.302085876464844,0.8678512573242188,1.4549026489257812
2024-09-12,0.5113754272460938,0.19952392578125,1.579986572265625,0.7679367065429688,8.174613952636719,3.606895446777344
2024-09-13,19.577362060546875,14.40447998046875,23.86557006835937,17.07050323486328,44.96980285644531,36.93988800048828
2024-09-14,2.2163238525390625,2.220367431640625,5.436027526855469,5.0075531005859375,14.757522583007812,5.63873291015625
2024-09-15,6.285324096679688,6.275367736816406,4.948265075683594,4.9122161865234375,7.437202453613281,10.202796936035156
2024-09-16,0.545501708984375,0.5707778930664062,0.1925430297851562,0.0386276245117187,0.123687744140625,1.062164306640625
2024-09-17,0.1328201293945312,0.0886917114257812,0.7295684814453125,0.2855072021484375,2.6353912353515625,0.8104248046875
2024-09-18,3.2316818237304688,3.565414428710937,7.697463989257812,6.150382995605469,4.2829437255859375,6.5299224853515625
2024-09-19,3.408729553222656,6.220485687255859,2.8698043823242188,2.6378326416015625,9.72417449951172,3.868350982666016
2024-09-20,4.118331909179688,12.197715759277344,5.179733276367188,5.585796356201172,8.128402709960938,1.4304428100585938
2024-09-21,0.0,0.0,0.0,0.005462646484375,0.4689369201660156,0.0
2024-09-22,0.0,0.0,0.0,0.0,0.0,0.0
2024-09-23,0.0124053955078125,0.0,0.0,0.0,0.0,0.0
2024-09-24,0.2701416015625,0.583831787109375,0.8501205444335938,0.6387710571289062,3.3255767822265625,2.5505142211914062
2024-09-25,0.4283981323242187,1.9039993286132808,1.2369308471679688,0.5888900756835938,3.4360885620117188,2.0069808959960938
2024-09-26,0.0,0.0,0.0310897827148437,0.0,0.5138778686523438,0.041259765625
2024-09-27,0.0,0.0,0.004852294921875,0.0,0.0,0.0
2024-09-28,3.143341064453125,2.611400604248047,1.377422332763672,4.609874725341797,2.214927673339844,3.26788330078125
2024-09-29,14.630908966064451,22.55321884155273,19.104713439941406,15.149051666259766,3.5424156188964844,9.4111328125
2024-09-30,0.0507888793945312,0.211700439453125,0.1694412231445312,0.2693710327148437,0.0,0.0774688720703125
2024-10-01,0.0,0.0,0.0,0.0,0.0,0.0
2024-10-02,0.0,0.0,0.007293701171875,0.0,0.431488037109375,0.131011962890625
2024-10-03,6.953277587890625,3.0036849975585938,17.582298278808594,5.600685119628906,40.244476318359375,25.71593475341797
2024-10-04,10.873626708984377,7.95294189453125,42.19775390625,6.110763549804688,45.72174072265625,38.3856201171875
2024-10-05,6.717338562011719,6.728927612304688,2.125335693359375,1.1726455688476562,3.164833068847656,0.8157577514648438
2024-10-06,8.652015686035156,4.992233276367188,6.9378509521484375,5.727386474609375,8.755546569824219,2.1773910522460938
2024-10-07,0.0041732788085937,0.0,0.0175361633300781,0.0,0.01141357421875,0.0005416870117187
2024-10-08,0.0,0.0,0.0,0.0,0.003082275390625,0.0
2024-10-09,4.874748229980469,1.19854736328125,4.48870849609375,3.0467758178710938,24.167518615722656,14.527999877929688
2024-10-10,0.1158218383789062,0.024993896484375,1.8065261840820312,0.2107696533203125,11.611373901367188,4.313865661621094
2024-10-11,5.885948181152344,4.957450866699219,6.513694763183594,7.9783935546875,17.90087890625,9.799896240234377
2024-10-12,1.0604019165039062,0.7017288208007812,1.137603759765625,0.5185775756835938,0.48248291015625,5.104454040527344
2024-10-13,0.0,0.0,0.0,0.0,0.0,0.0
2024-10-14,0.0083465576171875,0.0291175842285156,0.0,0.0030288696289062,0.0,0.0
2024-10-15,0.0,0.0259857177734375,0.0,0.0,0.0,0.0009498596191406
2024-10-16,0.0069160461425781,0.0059013366699218,0.0,0.0,0.0,0.0004730224609375
2024-10-17,0.2342453002929687,0.2662353515625,2.9102706909179688,0.6837005615234375,0.2016067504882812,1.2451553344726562
2024-10-18,1.767120361328125,0.553802490234375,0.3427276611328125,1.07098388671875,0.1349945068359375,0.6797943115234375
2024-10-19,0.0,0.0,0.2597274780273437,0.0009384155273437,0.548431396484375,0.0332717895507812
2024-10-20,0.0,0.0,0.0,0.0027313232421875,0.0723190307617187,0.0
2024-10-21,0.0,0.0,0.0,0.0,0.0,0.0
2024-10-22,0.0,0.0,0.0,0.0,0.0,0.0
2024-10-23,0.0,0.0,0.0,0.0,0.0,0.0
2024-10-24,0.0,0.0,0.06268310546875,0.0037384033203125,0.0,0.0
2024-10-25,0.0186119079589843,0.0041580200195312,0.0765914916992187,0.0018692016601562,0.009246826171875,0.1906890869140625
2024-10-26,0.0,0.0998382568359375,0.0340347290039062,0.0060577392578125,0.0325851440429687,0.268524169921875
2024-10-27,0.0,0.0,0.0036468505859375,0.0,0.0,0.0628852844238281
2024-10-28,0.0,0.0,0.0,0.0635910034179687,0.0493240356445312,0.1365165710449218
2024-10-29,0.0030975341796875,0.0,0.0,0.0,0.0133514404296875,0.4509429931640625
2024-10-30,0.0,0.0034713745117187,0.0,0.0,0.01025390625,0.1607131958007812
2024-10-31,0.0250396728515625,0.0166397094726562,0.0242233276367187,0.038299560546875,0.0,0.0
2024-11-01,0.0,0.0,0.0,0.0,0.0,0.0
2024-11-02,0.0994338989257812,0.50274658203125,0.0401382446289062,0.0617141723632812,0.0,0.0
2024-11-03,0.1778793334960937,0.41192626953125,0.2073898315429687,0.18304443359375,0.0,0.0001373291015625
2024-11-04,0.0,0.0,0.0,0.0,0.0,0.0
2024-11-05,0.0,0.0,0.0,0.0,0.0,0.0
2024-11-06,0.0,0.0,0.0,0.0,0.0,0.0
2024-11-07,0.0,0.0,0.0,0.0,0.0,0.0
2024-11-08,0.0,0.0,0.0,0.0,0.0,0.0
2024-11-09,0.0,0.0,0.0,0.0,0.0,0.0
2024-11-10,0.0,0.0,0.0,0.0,0.0,0.0
2024-11-11,0.2982177734375,1.0554351806640625,0.639312744140625,0.4596176147460937,0.0,0.0663604736328125
2024-11-12,0.1932830810546875,0.2071990966796875,0.1199264526367187,0.0223236083984375,0.0,0.0051498413085937
2024-11-13,0.0478973388671875,0.0571327209472656,0.9722671508789062,0.2424545288085937,1.878822326660156,1.879535675048828
2024-11-14,6.716712951660156,6.826053619384766,9.987018585205078,6.273983001708984,5.378810882568359,4.652233123779297
2024-11-15,0.3696670532226562,0.5291061401367188,0.3154754638671875,0.3290176391601562,0.8541488647460938,1.7172012329101562
2024-11-16,0.0683822631835937,0.1573562622070312,0.0815658569335937,0.0882797241210937,0.0,0.0
2024-11-17,0.0,0.0,0.0,0.0,0.0,0.0
2024-11-18,0.0,0.0,0.0060577392578125,0.0,0.0,0.0
2024-11-19,2.040874481201172,0.0953941345214843,1.0400161743164062,0.12066650390625,7.858707427978516,7.051017761230469
2024-11-20,22.91522979736328,25.446739196777344,29.418243408203125,30.78343963623047,81.49471282958984,59.01502227783203
2024-11-21,1.4030914306640625,1.9386444091796875,2.5783462524414062,2.3731689453125,2.73797607421875,3.9169921875
2024-11-22,27.509246826171875,29.747398376464844,61.59627532958984,44.12519836425781,96.29450988769533,83.54524993896484
2024-11-23,0.073028564453125,0.0426292419433593,0.0204811096191406,0.0282936096191406,0.0097618103027343,0.3900489807128906
2024-11-24,0.0,0.0,0.0,0.0,0.0,0.0
2024-11-25,0.0,0.0,0.0,0.0,0.0,0.0
2024-11-26,0.0,0.0,0.0,0.0,0.0,0.0
2024-11-27,0.0,0.0,0.0036468505859375,0.0,0.0,0.0
2024-11-28,1.207500457763672,1.0067710876464844,0.1168289184570312,0.0300369262695312,1.2860488891601562,0.4582977294921875
2024-11-29,17.04119110107422,18.432449340820312,20.91897201538086,16.659034729003906,18.86602783203125,25.0614013671875
2024-11-30,11.059928894042969,17.500732421875,18.82744598388672,20.016815185546875,13.593605041503906,19.60979461669922
2024-12-01,2.0246124267578125,4.3007354736328125,4.0772247314453125,9.034454345703123,5.005661010742188,16.435897827148438
2024-12-02,0.0249176025390625,0.0983963012695312,0.0231399536132812,0.0641860961914062,0.0,0.0230255126953125
2024-12-03,0.041351318359375,0.0530319213867187,0.048431396484375,0.0056076049804687,0.0020523071289062,0.008575439453125
2024-12-04,0.1411895751953125,0.1767921447753906,0.0942573547363281,0.0452156066894531,0.0435981750488281,0.0712814331054687
2024-12-05,4.38177490234375,3.879798889160156,6.382347106933594,3.5850067138671875,15.74639892578125,15.190834045410156
2024-12-06,9.747512817382812,9.423980712890623,8.56396484375,5.136573791503906,24.026275634765625,23.16136932373047
2024-12-07,0.6680221557617188,2.046104431152344,3.713104248046875,6.5970306396484375,4.446144104003906,5.475746154785156
2024-12-08,3.005233764648437,1.8978042602539065,13.67218017578125,5.538307189941406,22.344802856445312,18.257614135742188
2024-12-09,0.3582305908203125,0.190582275390625,1.4646530151367188,0.160125732421875,6.076637268066406,8.985771179199219
2024-12-10,0.2210502624511718,0.3712196350097656,0.063323974609375,0.3038253784179687,0.3771438598632812,0.9798202514648438
2024-12-11,1.6600189208984375,2.199798583984375,1.02569580078125,0.3320884704589844,0.4452247619628906,0.5562286376953125
2024-12-12,0.3341064453125,0.503875732421875,0.3423080444335937,0.4382896423339844,0.0156059265136718,0.0469474792480468
2024-12-13,0.021209716796875,0.0003509521484375,0.0,0.0,0.0,0.0
2024-12-14,1.2667617797851562,2.2839012145996094,8.167003631591797,2.2814674377441406,22.68954849243164,16.279342651367188
2024-12-15,1.3970718383789062,1.4734420776367188,1.5141677856445312,1.2484474182128906,0.5594520568847656,1.1291847229003906
2024-12-16,0.0156669616699218,0.0261802673339843,0.0156326293945312,0.11834716796875,0.0005149841308593,0.013092041015625
2024-12-17,0.0,0.0,0.0,0.0,0.0,0.0
2024-12-18,0.0,0.0,0.0,0.0,0.0,0.0
2024-12-19,0.0,0.0,0.0157127380371093,0.0,0.3125839233398437,0.0199546813964843
2024-12-20,10.21173858642578,12.07332992553711,16.019222259521484,15.212055206298828,41.45883560180664,28.43121719360352
2024-12-21,7.2968597412109375,11.499977111816406,4.317649841308594,5.579551696777344,3.793731689453125,2.740463256835937
2024-12-22,0.6130142211914062,0.1158370971679687,0.7250747680664062,0.0388908386230468,0.7979621887207031,0.3857078552246094
2024-12-23,14.798469543457031,14.076042175292969,30.526290893554688,13.67180633544922,53.130615234375,44.29962921142578
2024-12-24,12.591758728027344,18.032310485839844,9.3443603515625,9.91545867919922,4.975440979003906,3.9648284912109375
2024-12-25,3.7485504150390634,13.8197021484375,4.533134460449219,4.427009582519531,2.2202682495117188,6.289619445800781
2024-12-26,0.6836776733398438,1.854766845703125,1.1188278198242188,1.1137847900390625,0.5672531127929688,2.025009155273437
2024-12-27,0.0079803466796875,0.0211715698242187,0.0491104125976562,0.0315093994140625,0.0042343139648437,0.009613037109375
2024-12-28,0.0,0.0,0.0,0.0018692016601562,0.0,0.0192337036132812
2024-12-29,0.0,0.0,0.0,0.0,0.0,0.0
2024-12-30,0.0,0.0,0.0,0.0,0.0,0.0
2024-12-31,0.0,0.0,0.0,0.0,0.0,0.0
