0,1,2,3,4,5,6
,,,,,,
2019-01-01,-14.11505126953125,-10.38946533203125,-11.29864501953125,-6.71759033203125,-5.01153564453125,-9.98614501953125
2019-01-02,-5.32525634765625,-6.59869384765625,-7.79010009765625,-5.62213134765625,-4.05474853515625,-8.40435791015625
2019-01-03,-9.788177490234377,-10.995208740234377,-11.337982177734377,-9.252044677734377,-7.973724365234375,-12.094818115234377
2019-01-04,-9.931976318359377,-11.754241943359377,-13.109710693359377,-10.293304443359377,-9.482757568359377,-14.385101318359377
2019-01-05,-5.244415283203125,-5.207305908203125,-6.729766845703125,-5.421173095703125,-3.549102783203125,-8.482696533203125
2019-01-06,-7.516326904296875,-8.835662841796875,-9.676483154296877,-8.258514404296875,-5.575897216796875,-9.443084716796877
2019-01-07,-13.7484130859375,-13.0277099609375,-16.2894287109375,-12.0169677734375,-10.3538818359375,-15.0745849609375
2019-01-08,-5.932281494140625,-5.389312744140625,-6.399078369140625,-4.319976806640625,-4.613922119140625,-7.830718994140625
2019-01-09,-3.6917724609375,-6.1507568359375,-5.4984130859375,-5.9114990234375,-2.0404052734375,-8.4163818359375
2019-01-10,-5.543701171875,-6.677490234375,-7.944091796875,-6.940185546875,-4.947998046875,-8.073974609375
2019-01-11,-7.133392333984375,-8.918548583984375,-10.640228271484377,-8.695892333984375,-9.528900146484377,-10.139251708984377
2019-01-12,-5.337249755859375,-5.447601318359375,-8.996429443359375,-7.210296630859375,-8.441741943359375,-11.176116943359377
2019-01-13,-10.480865478515623,-6.164459228515625,-10.458404541015623,-12.559967041015623,-7.319732666015625,-9.683013916015623
2019-01-14,-8.10467529296875,-6.08123779296875,-9.16815185546875,-7.64569091796875,-5.81756591796875,-8.02947998046875
2019-01-15,-13.415069580078123,-9.338897705078123,-15.315460205078123,-14.930694580078123,-11.911163330078123,-11.647491455078123
2019-01-16,-10.90771484375,-6.56201171875,-8.20458984375,-11.64990234375,-6.71240234375,-8.13720703125
2019-01-17,-7.984893798828125,-1.874542236328125,-2.848175048828125,-7.584503173828125,0.869598388671875,-3.456573486328125
2019-01-18,-2.058868408203125,-2.666290283203125,-1.392852783203125,-3.601837158203125,1.432342529296875,-1.594024658203125
2019-01-19,-2.663604736328125,-1.084503173828125,-0.730010986328125,-2.109893798828125,1.619598388671875,-0.769073486328125
2019-01-20,-5.801177978515625,-3.166412353515625,-5.955474853515625,-8.337310791015625,-2.369537353515625,-4.416412353515625
2019-01-21,-3.036163330078125,-2.068389892578125,-4.462921142578125,-3.479522705078125,-0.011749267578125,-4.489288330078125
2019-01-22,-0.416595458984375,-0.325775146484375,-0.103118896484375,-0.092376708984375,0.817779541015625,-2.218353271484375
2019-01-23,-7.997955322265625,-3.862213134765625,-4.463775634765625,-4.232330322265625,-3.092681884765625,-3.437408447265625
2019-01-24,-4.45123291015625,-5.60455322265625,-6.41900634765625,-4.88287353515625,-1.98052978515625,-4.58306884765625
2019-01-25,-8.453399658203125,-8.973907470703125,-10.121368408203123,-9.168243408203123,-5.670196533203125,-9.256134033203123
2019-01-26,-9.239776611328123,-7.322784423828125,-10.264190673828123,-7.341339111328125,-4.721221923828125,-9.051300048828123
2019-01-27,-4.098541259765625,0.415130615234375,-0.604400634765625,-4.558502197265625,1.335052490234375,-2.271392822265625
2019-01-28,-5.87408447265625,-1.46685791015625,-3.15435791015625,-2.46685791015625,0.64544677734375,-1.65045166015625
2019-01-29,-2.171539306640625,-1.849273681640625,-4.407867431640625,-3.095367431640625,-2.603179931640625,-1.715484619140625
2019-01-30,-7.953399658203125,-2.851837158203125,-4.718048095703125,-4.511993408203125,-0.759063720703125,-4.225860595703125
2019-01-31,-6.742431640625,-2.391845703125,-2.954345703125,-4.330322265625,-0.661376953125,-4.141845703125
2019-03-01,2.263702392578125,0.544952392578125,-2.030242919921875,-0.119110107421875,-2.160125732421875,-1.862274169921875
2019-03-02,0.477630615234375,-0.144439697265625,-1.970611572265625,-0.125885009765625,-2.522369384765625,-3.730377197265625
2019-03-03,-3.333770751953125,-1.865020751953125,-4.780059814453125,-5.096466064453125,-4.655059814453125,-5.178497314453125
2019-03-04,-1.64068603515625,1.36907958984375,-1.37896728515625,-2.50494384765625,-1.17584228515625,-2.12213134765625
2019-03-05,0.146820068359375,0.816741943359375,-0.400054931640625,-0.539703369140625,3.703460693359375,0.429046630859375
2019-03-06,-1.0484619140625,1.7698974609375,-0.8648681640625,-2.4234619140625,1.7386474609375,-1.4039306640625
2019-03-07,2.0699462890625,4.1041259765625,0.7857666015625,0.6656494140625,3.4693603515625,1.6265869140625
2019-03-08,1.244171142578125,1.116241455078125,0.653350830078125,-0.019500732421875,4.438507080078125,0.331085205078125
2019-03-09,0.086822509765625,2.109283447265625,2.820220947265625,2.787994384765625,5.200103759765625,1.135650634765625
2019-03-10,3.276092529296875,3.446990966796875,1.125701904296875,1.460662841796875,5.302459716796875,0.991912841796875
2019-03-11,-1.839324951171875,-3.030731201171875,-3.537567138671875,-2.331512451171875,0.879425048828125,-3.242645263671875
2019-03-12,-4.056243896484375,-4.714447021484375,-8.600189208984375,-6.470306396484375,-3.132415771484375,-7.787689208984375
2019-03-13,-4.476348876953125,-3.706817626953125,-6.553497314453125,-9.349395751953123,0.202362060546875,-5.426544189453125
2019-03-14,-7.20635986328125,-6.16925048828125,-8.73760986328125,-7.91339111328125,-6.66241455078125,-8.33526611328125
2019-03-15,-3.081573486328125,-1.071807861328125,-3.811065673828125,-6.067901611328125,-3.147003173828125,-5.436065673828125
2019-03-16,0.033172607421875,0.902313232421875,-1.112335205078125,-0.704132080078125,0.161102294921875,-0.733428955078125
2019-03-17,0.169219970703125,4.004180908203125,-0.569061279296875,-1.156951904296875,2.556915283203125,-0.357147216796875
2019-03-18,1.564605712890625,1.465972900390625,0.430816650390625,2.172027587890625,4.604644775390625,0.380035400390625
2019-03-19,2.08563232421875,0.87957763671875,-1.27471923828125,0.35125732421875,1.72918701171875,1.08270263671875
2019-03-20,0.875274658203125,0.161407470703125,-0.116912841796875,0.799102783203125,2.994415283203125,-0.605194091796875
2019-03-21,-0.747772216796875,-0.061248779296875,-2.298553466796875,-0.979217529296875,1.394805908203125,-2.977264404296875
2019-03-22,-0.07415771484375,3.06158447265625,-0.89544677734375,0.01568603515625,2.19537353515625,-2.58392333984375
2019-03-23,1.446807861328125,3.569854736328125,-0.997528076171875,0.417510986328125,2.956573486328125,-1.438934326171875
2019-03-24,-1.942718505859375,0.872711181640625,-2.197601318359375,-1.424163818359375,3.918609619140625,-0.069671630859375
2019-03-25,2.51702880859375,0.56292724609375,-3.28668212890625,-0.10211181640625,0.29339599609375,-3.11968994140625
2019-03-26,-0.650787353515625,-1.266021728515625,-2.409576416015625,-1.480865478515625,1.670501708984375,-2.964263916015625
2019-03-27,-0.94158935546875,-1.48260498046875,-3.15545654296875,-2.90643310546875,0.31231689453125,-3.86932373046875
2019-03-28,-0.884674072265625,-1.089752197265625,-3.591705322265625,-3.046783447265625,0.458099365234375,-3.723541259765625
2019-03-29,-0.095306396484375,1.686920166015625,-1.610931396484375,0.907623291015625,1.501373291015625,-2.458587646484375
2019-03-30,0.141021728515625,3.238677978515625,-0.759368896484375,-0.071868896484375,1.202545166015625,-2.015228271484375
2019-03-31,1.265594482421875,4.546844482421875,-0.115264892578125,2.116180419921875,-0.427764892578125,-1.539093017578125
2019-04-01,1.786041259765625,3.198150634765625,0.189361572265625,2.291900634765625,0.609283447265625,3.653228759765625
2019-04-02,1.408843994140625,3.873687744140625,-1.138031005859375,0.104156494140625,4.159820556640625,0.028961181640625
2019-04-03,1.744720458984375,3.227142333984375,-1.938873291015625,0.118743896484375,2.191009521484375,-2.871490478515625
2019-04-04,3.500152587890625,4.637847900390625,2.426910400390625,0.493316650390625,6.311676025390625,1.247222900390625
2019-04-05,4.8416748046875,4.4002685546875,3.6561279296875,5.5848388671875,5.8299560546875,1.8074951171875
2019-04-06,4.811920166015625,5.567779541015625,2.583404541015625,5.311920166015625,6.169342041015625,4.125396728515625
2019-04-07,3.483245849609375,3.743988037109375,1.310394287109375,3.033050537109375,5.391448974609375,-0.275543212890625
2019-04-08,4.588897705078125,5.002960205078125,1.936553955078125,4.954132080078125,5.016632080078125,1.713897705078125
2019-04-09,5.620208740234375,5.092864990234375,2.871185302734375,3.984466552734375,5.654388427734375,2.029388427734375
2019-04-10,5.618560791015625,4.807037353515625,3.225982666015625,4.427154541015625,5.544342041015625,1.798248291015625
2019-04-11,3.80303955078125,3.11553955078125,-1.55145263671875,-0.03485107421875,2.40753173828125,-1.71160888671875
2019-04-12,3.5341796875,2.2744140625,2.43359375,4.0927734375,1.1748046875,1.08203125
2019-04-13,4.015716552734375,2.469818115234375,1.670989990234375,2.938568115234375,3.448333740234375,-0.151275634765625
2019-04-14,2.511505126953125,1.982208251953125,1.532989501953125,1.884552001953125,2.663848876953125,0.320098876953125
2019-04-15,4.429901123046875,3.315643310546875,1.937713623046875,2.813690185546875,1.872283935546875,0.082244873046875
2019-04-16,3.084686279296875,3.704803466796875,-1.587188720703125,0.536834716796875,0.049530029296875,-1.998321533203125
2019-04-17,1.994384765625,1.355712890625,-0.974365234375,0.808837890625,-0.979248046875,-2.349365234375
2019-04-18,3.550689697265625,2.605377197265625,-1.005950927734375,0.328033447265625,0.742095947265625,-1.234466552734375
2019-04-19,3.778656005859375,5.451507568359375,0.471038818359375,2.500335693359375,1.430023193359375,-0.903961181640625
2019-04-20,1.041046142578125,-0.057586669921875,-0.427703857421875,0.401397705078125,1.197296142578125,-1.099578857421875
2019-04-21,1.15283203125,3.13134765625,0.56884765625,0.61376953125,5.46533203125,-0.73583984375
2019-04-22,5.679412841796875,5.048553466796875,3.452850341796875,4.554412841796875,6.382537841796875,2.306365966796875
2019-04-23,8.099212646484375,6.108001708984375,5.213470458984375,6.442962646484375,8.474212646484375,3.361907958984375
2019-04-24,5.8863525390625,9.0347900390625,3.1217041015625,3.4674072265625,6.5201416015625,1.8785400390625
2019-04-25,6.039459228515625,8.241607666015625,3.213287353515625,4.886138916015625,7.006256103515625,2.619537353515625
2019-04-26,8.7322998046875,11.1756591796875,7.6160888671875,7.0906982421875,11.2410888671875,4.5184326171875
2019-04-27,4.78338623046875,4.39666748046875,-0.36505126953125,0.66229248046875,3.84979248046875,0.09295654296875
2019-04-28,3.4755859375,4.4794921875,1.931640625,3.322265625,4.310546875,-0.3359375
2019-04-29,4.838592529296875,3.644256591796875,2.507537841796875,4.344451904296875,5.525115966796875,0.388397216796875
2019-04-30,4.278228759765625,4.230865478515625,1.294830322265625,1.148345947265625,4.445220947265625,0.545318603515625
2019-05-01,2.186187744140625,4.062164306640625,-0.353851318359375,2.894195556640625,2.447906494140625,0.086578369140625
2019-05-02,2.752777099609375,4.543792724609375,2.326995849609375,2.093597412109375,5.200042724609375,0.858245849609375
2019-05-03,3.12896728515625,5.29205322265625,1.92779541015625,0.41119384765625,5.33111572265625,0.29888916015625
2019-05-04,7.45550537109375,6.77288818359375,4.88616943359375,6.73480224609375,7.60980224609375,4.67913818359375
2019-05-05,5.73089599609375,5.71917724609375,3.94769287109375,4.76116943359375,7.04339599609375,2.30023193359375
2019-05-06,1.490875244140625,0.230133056640625,-0.359710693359375,0.834625244140625,3.415679931640625,-0.303070068359375
2019-05-07,1.050384521484375,0.429290771484375,-1.580474853515625,0.808197021484375,1.677337646484375,-1.586334228515625
2019-05-08,3.434173583984375,4.178314208984375,2.153900146484375,1.928314208984375,3.409759521484375,-0.213287353515625
2019-05-09,2.336212158203125,3.898712158203125,2.540313720703125,3.497344970703125,6.744415283203125,2.459259033203125
2019-05-10,3.639129638671875,4.773895263671875,2.583465576171875,4.069793701171875,2.547332763671875,-0.464385986328125
2019-05-11,6.241973876953125,9.043731689453123,4.658966064453125,4.739044189453125,9.058380126953123,2.245880126953125
2019-05-12,6.615966796875,7.473388671875,6.298583984375,7.189208984375,7.526123046875,5.670654296875
2019-05-13,6.8861083984375,6.4564208984375,4.7454833984375,5.6282958984375,8.1898193359375,5.0765380859375
2019-05-14,1.769012451171875,1.513153076171875,0.779754638671875,1.421356201171875,5.418426513671875,2.351043701171875
2019-05-15,2.494110107421875,2.676727294921875,2.687469482421875,3.577117919921875,2.894500732421875,2.634735107421875
2019-05-16,3.809967041015625,3.709381103515625,3.169342041015625,3.340240478515625,2.688873291015625,0.846099853515625
2019-05-17,4.7271728515625,5.2427978515625,3.2027587890625,3.8228759765625,3.6656494140625,0.0836181640625
2019-05-18,5.2109375,8.48828125,3.5068359375,4.4580078125,6.3759765625,1.3408203125
2019-05-19,5.337066650390625,7.714019775390625,5.548004150390625,5.344879150390625,9.360504150390623,3.905426025390625
2019-05-20,3.62225341796875,5.41033935546875,5.13885498046875,5.29119873046875,7.15545654296875,3.25506591796875
2019-05-21,6.966705322265625,8.310455322265625,6.625885009765625,6.156158447265625,8.163970947265625,3.962799072265625
2019-05-22,6.36932373046875,7.78729248046875,4.20233154296875,4.36639404296875,5.42010498046875,1.91815185546875
2019-05-23,7.785858154296875,7.676483154296875,6.039764404296875,7.651092529296875,8.060272216796875,5.079803466796875
2019-05-24,7.180755615234375,7.295989990234375,3.139739990234375,5.593841552734375,5.956146240234375,2.653411865234375
2019-05-25,6.87115478515625,7.02935791015625,6.25592041015625,7.80865478515625,7.95220947265625,3.94927978515625
2019-05-26,9.62646484375,9.68115234375,8.54345703125,9.85009765625,11.59326171875,8.87939453125
2019-05-27,9.767608642578123,10.741241455078123,7.326202392578125,8.417022705078125,8.678741455078125,5.563507080078125
2019-05-28,6.94818115234375,8.67767333984375,7.05755615234375,6.24114990234375,11.16986083984375,6.44818115234375
2019-05-29,5.90118408203125,7.94903564453125,5.49884033203125,4.82501220703125,8.48516845703125,6.14727783203125
2019-05-30,8.945556640625,8.623291015625,4.217041015625,6.381103515625,4.546142578125,5.497314453125
2019-05-31,7.854034423828125,7.513214111328125,6.249542236328125,7.288604736328125,7.457550048828125,5.210479736328125
2019-06-01,6.884918212890625,7.250152587890625,4.693511962890625,5.930816650390625,7.027496337890625,7.081207275390625
2019-06-02,9.91571044921875,9.90008544921875,8.77117919921875,9.77996826171875,9.94207763671875,7.13055419921875
2019-06-03,10.791168212890623,10.752105712890623,8.328277587890625,8.892730712890625,10.652496337890623,8.499176025390625
2019-06-04,9.13031005859375,9.50238037109375,8.05120849609375,8.35101318359375,11.41741943359375,7.18402099609375
2019-06-05,9.34979248046875,10.20721435546875,8.34100341796875,8.50897216796875,11.81170654296875,8.46795654296875
2019-06-06,9.744781494140623,11.323883056640623,8.118804931640625,7.612945556640625,8.542633056640625,6.662750244140625
2019-06-07,10.207672119140623,12.269195556640623,9.818023681640623,10.106109619140623,11.324859619140623,9.467437744140623
2019-06-08,14.024261474609377,15.559417724609377,9.700042724609377,12.352386474609377,13.688323974609377,11.903167724609377
2019-06-09,12.5848388671875,13.2635498046875,10.8533935546875,13.5067138671875,13.9266357421875,9.8778076171875
2019-06-10,11.571868896484377,12.116790771484377,11.445892333984377,11.404876708984377,12.211517333984377,10.369720458984377
2019-06-11,13.111663818359377,13.397796630859377,11.303070068359377,11.007171630859377,11.822601318359377,8.087249755859375
2019-06-12,13.33245849609375,13.84417724609375,10.93011474609375,11.61273193359375,14.51312255859375,11.87933349609375
2019-06-13,15.696258544921877,14.688446044921877,11.873016357421877,14.427703857421877,13.239227294921877,12.286102294921877
2019-06-14,15.30462646484375,14.29290771484375,13.50482177734375,14.06829833984375,13.81341552734375,11.25775146484375
2019-06-15,15.282928466796877,14.518280029296877,13.881561279296877,13.033905029296877,14.356170654296877,13.738983154296877
2019-06-16,14.717620849609377,14.424652099609377,11.922698974609377,12.429534912109377,14.463714599609377,10.929534912109377
2019-06-17,13.00469970703125,13.32989501953125,12.55645751953125,12.98614501953125,13.95880126953125,10.17071533203125
2019-06-18,13.209808349609377,12.377777099609377,11.248870849609377,12.225433349609377,12.249847412109377,8.435394287109375
2019-06-19,14.0009765625,14.25,11.6142578125,11.85546875,12.9453125,9.2998046875
2019-06-20,13.3751220703125,13.2628173828125,10.9405517578125,12.0987548828125,14.1055908203125,11.1260986328125
2019-06-21,13.07464599609375,13.05511474609375,11.84320068359375,13.66741943359375,13.04339599609375,10.29437255859375
2019-06-22,14.9241943359375,16.1947021484375,12.8782958984375,13.3480224609375,15.9134521484375,12.1829833984375
2019-06-23,14.521759033203123,14.619415283203123,11.662384033203123,13.189727783203123,15.742462158203123,11.176055908203123
2019-06-24,15.35614013671875,14.98406982421875,13.62469482421875,14.92547607421875,14.72625732421875,12.32586669921875
2019-06-25,15.41314697265625,15.46002197265625,13.71002197265625,14.17291259765625,15.92681884765625,12.51373291015625
2019-06-26,16.495635986328125,16.680206298828125,12.807159423828123,14.701690673828123,16.376495361328125,11.705596923828123
2019-06-27,17.00933837890625,17.66851806640625,14.42926025390625,15.84918212890625,14.68707275390625,11.98883056640625
2019-06-28,13.715057373046877,12.747283935546877,10.994354248046877,11.919158935546877,14.987518310546877,8.974822998046875
2019-06-29,11.897186279296877,12.093475341796877,10.306365966796877,10.471405029296877,12.990936279296877,8.231170654296875
2019-06-30,12.87164306640625,11.25836181640625,12.24761962890625,12.59527587890625,14.13336181640625,11.38336181640625
2019-07-01,16.176361083984375,15.149017333984377,15.007415771484377,15.532806396484377,16.342376708984375,16.483001708984375
2019-07-02,16.257110595703125,20.454376220703125,14.994415283203123,16.745391845703125,15.443634033203123,14.040313720703123
2019-07-03,15.784881591796877,15.223358154296877,14.284881591796877,14.202850341796877,16.244842529296875,12.022186279296877
2019-07-04,13.540679931640623,12.617828369140623,12.212554931640623,13.152008056640623,16.138336181640625,11.661773681640623
2019-07-05,14.42413330078125,14.30889892578125,10.97882080078125,13.16925048828125,13.55694580078125,10.36846923828125
2019-07-06,14.192108154296877,16.615936279296875,13.013397216796877,14.035858154296877,16.314178466796875,12.571014404296877
2019-07-07,16.38128662109375,16.26019287109375,14.58636474609375,15.24847412109375,17.51312255859375,13.48773193359375
2019-07-08,14.6278076171875,14.3358154296875,13.2772216796875,13.8358154296875,19.1190185546875,12.2069091796875
2019-07-09,14.677459716796877,14.146209716796877,13.026092529296877,14.524139404296877,17.104217529296875,13.599334716796877
2019-07-10,7.127349853515625,6.960357666015625,5.692779541015625,6.939849853515625,10.249420166015623,5.645904541015625
2019-07-11,9.793670654296877,9.354217529296877,9.064178466796877,9.594451904296877,11.757537841796877,9.551483154296877
2019-07-12,9.802520751953123,9.426544189453123,7.267364501953125,8.287872314453125,11.984161376953123,8.565216064453125
2019-07-13,11.288299560546877,10.733612060546877,9.434783935546877,10.921112060546877,12.047088623046877,9.036346435546877
2019-07-14,10.039306640625,10.739501953125,7.939697265625,9.208251953125,10.615478515625,8.029541015625
2019-07-15,12.16217041015625,11.05865478515625,9.96392822265625,10.25299072265625,13.98345947265625,9.92291259765625
2019-07-16,11.853790283203123,12.321563720703123,8.478790283203125,9.553985595703123,11.014923095703123,6.590118408203125
2019-07-17,10.560546875,10.9794921875,8.9345703125,10.3779296875,10.546875,7.53515625
2019-07-18,13.368438720703123,12.749298095703123,10.267852783203123,11.970001220703123,12.918243408203123,9.919219970703123
2019-07-19,11.252838134765623,10.539947509765623,10.863189697265623,12.092681884765623,12.520416259765623,9.951080322265623
2019-07-20,13.274993896484377,12.404876708984377,11.822845458984377,13.644134521484377,14.129486083984377,10.638275146484377
2019-07-21,15.661651611328123,17.999542236328125,14.619659423828123,15.592315673828123,14.797393798828123,12.393096923828123
2019-07-22,15.302337646484377,14.488861083984377,12.569915771484377,13.781829833984377,15.608978271484377,11.437103271484377
2019-07-23,16.250885009765625,15.551666259765623,13.200103759765623,14.437408447265623,15.627838134765623,13.491119384765623
2019-07-24,14.217193603515623,13.556060791015623,12.483795166015623,13.956451416015623,14.430084228515623,10.633209228515623
2019-07-25,14.59033203125,13.39697265625,14.04638671875,13.93017578125,14.12451171875,14.61865234375
2019-07-26,15.2100830078125,15.4444580078125,13.6573486328125,14.7979736328125,16.3038330078125,12.9298095703125
2019-07-27,15.91015625,16.3759765625,13.873046875,14.083984375,17.10546875,12.8330078125
2019-07-28,13.995391845703123,14.566680908203123,12.365509033203123,14.497344970703123,16.255157470703125,12.895782470703123
2019-07-29,14.1689453125,12.634765625,11.64453125,13.1328125,14.1533203125,11.7744140625
2019-07-30,13.95391845703125,14.49395751953125,12.00567626953125,13.58575439453125,13.43536376953125,12.50665283203125
2019-07-31,16.06243896484375,15.56536865234375,14.00970458984375,15.00579833984375,15.84075927734375,12.39349365234375
2019-08-01,15.2913818359375,14.5784912109375,14.6409912109375,14.3890380859375,15.6048583984375,14.5863037109375
2019-08-02,15.88714599609375,16.29241943359375,14.67327880859375,15.31097412109375,16.43695068359375,12.62347412109375
2019-08-03,13.115753173828123,12.597198486328123,10.001495361328123,11.660675048828123,12.984893798828123,10.444854736328123
2019-08-04,12.394256591796877,11.216522216796877,9.422576904296877,11.206756591796877,11.853240966796877,8.679412841796875
2019-08-05,10.595489501953123,9.715606689453123,9.765411376953123,11.232208251953123,10.535919189453123,8.989044189453125
2019-08-06,13.523956298828123,16.274932861328125,12.463409423828123,12.078643798828123,15.248565673828123,14.006378173828123
2019-08-07,13.92578125,16.255859375,12.6201171875,12.6494140625,15.427734375,12.5029296875
2019-08-08,18.3245849609375,18.7493896484375,14.4017333984375,17.4427490234375,14.5589599609375,13.1888427734375
2019-08-09,17.0865478515625,16.8121337890625,15.7174072265625,16.0181884765625,15.4879150390625,15.3160400390625
2019-08-10,17.63104248046875,16.23651123046875,17.54022216796875,16.46405029296875,17.32147216796875,18.84686279296875
2019-08-11,17.99884033203125,16.22833251953125,17.68731689453125,16.55352783203125,17.22149658203125,18.54962158203125
2019-08-12,18.14584350585937,18.67416381835937,17.368499755859375,16.014984130859375,18.73080444335937,20.40267944335937
2019-08-13,18.978668212890625,17.560699462890625,17.923004150390625,17.623199462890625,17.780426025390625,19.276519775390625
2019-08-14,13.24542236328125,12.33624267578125,12.20050048828125,13.37335205078125,16.51300048828125,13.69366455078125
2019-08-15,9.17608642578125,8.44952392578125,8.99053955078125,9.49737548828125,13.07159423828125,10.25323486328125
2019-08-16,10.524383544921877,10.743133544921877,8.588836669921875,9.884735107421877,12.489227294921877,8.263641357421875
2019-08-17,10.4346923828125,9.1016845703125,9.2969970703125,9.9874267578125,10.2344970703125,9.7012939453125
2019-08-18,13.142364501953123,11.683380126953123,13.831817626953123,13.642364501953123,12.909942626953123,13.744903564453123
2019-08-19,14.478363037109377,12.978363037109377,16.375823974609375,13.726409912109377,14.286956787109377,16.595550537109375
2019-08-20,15.202117919921877,14.153289794921877,16.616180419921875,13.998016357421877,15.363250732421877,16.767547607421875
2019-08-21,15.459503173828123,16.647003173828125,14.038604736328123,14.707550048828123,15.723175048828123,15.075714111328123
2019-08-22,15.47900390625,15.02783203125,13.66943359375,15.05224609375,16.83447265625,12.83740234375
2019-08-23,16.4107666015625,16.4547119140625,14.7965087890625,15.0640869140625,17.8345947265625,17.1968994140625
2019-08-24,15.31549072265625,15.10943603515625,13.11724853515625,13.44927978515625,16.26763916015625,13.48541259765625
2019-08-25,13.9730224609375,14.5443115234375,12.1634521484375,13.5511474609375,16.3714599609375,14.1614990234375
2019-08-26,14.474456787109377,14.439300537109377,12.778167724609377,13.721527099609377,15.397308349609377,14.609222412109377
2019-08-27,13.950042724609377,15.368011474609377,13.490081787109377,14.220550537109377,15.299652099609377,14.938323974609377
2019-08-28,15.700469970703123,14.420196533203123,14.522735595703123,13.873321533203123,14.893829345703123,16.694610595703125
2019-08-29,15.2303466796875,15.0242919921875,14.8592529296875,13.9481201171875,14.4549560546875,14.7957763671875
2019-08-30,17.038177490234375,17.802825927734375,13.707122802734377,14.585052490234377,14.678802490234377,11.720794677734377
2019-08-31,13.29510498046875,14.13983154296875,13.45233154296875,12.59393310546875,15.03533935546875,15.06561279296875
2019-09-01,13.279052734375,12.590576171875,13.113037109375,11.600341796875,14.287841796875,14.438232421875
2019-09-02,17.12762451171875,18.44305419921875,13.50164794921875,14.66668701171875,15.58660888671875,13.72430419921875
2019-09-03,12.190826416015623,11.163482666015623,11.230865478515623,12.363677978515623,15.304107666015623,11.508209228515623
2019-09-04,10.1373291015625,8.8619384765625,10.4195556640625,10.1314697265625,13.6900634765625,11.6812744140625
2019-09-05,13.89703369140625,12.94781494140625,13.99371337890625,14.05035400390625,14.58355712890625,14.01422119140625
2019-09-06,12.1341552734375,12.6370849609375,10.7025146484375,11.7073974609375,13.5023193359375,12.8060302734375
2019-09-07,11.273345947265623,12.192291259765623,10.060455322265623,10.414947509765623,13.159088134765623,9.631744384765623
2019-09-08,12.542327880859377,13.887054443359377,10.758148193359377,10.992523193359377,12.862640380859377,9.833343505859377
2019-09-09,10.35791015625,10.87451171875,9.38623046875,10.34521484375,9.91748046875,6.80029296875
2019-09-10,10.854949951171877,10.575653076171877,10.459442138671877,10.375457763671877,14.000457763671877,12.947723388671877
2019-09-11,11.710845947265623,12.789947509765623,10.929595947265623,11.388580322265623,12.432525634765623,11.100494384765623
2019-09-12,11.697479248046877,11.349822998046877,10.139862060546877,11.531463623046877,11.724822998046877,9.164276123046877
2019-09-13,11.142181396484377,10.883392333984377,7.771087646484375,9.552337646484377,11.227142333984377,7.042572021484375
2019-09-14,11.780792236328123,12.607940673828123,9.225128173828123,11.514190673828123,12.233917236328123,8.226104736328125
2019-09-15,10.475311279296877,8.815155029296875,9.434295654296877,9.985076904296877,11.657928466796877,12.389373779296877
2019-09-16,9.1844482421875,9.5506591796875,9.5682373046875,11.5389404296875,12.0086669921875,10.5955810546875
2019-09-17,10.067718505859377,11.710296630859377,9.146820068359377,9.632171630859377,10.485687255859377,7.451507568359375
2019-09-18,8.973480224609375,7.359222412109375,7.996917724609375,8.542816162109375,13.262542724609377,8.258636474609375
2019-09-19,7.771881103515625,6.768951416015625,5.389068603515625,7.228912353515625,8.998443603515625,4.870513916015625
2019-09-20,3.604156494140625,2.651031494140625,1.622711181640625,2.635406494140625,5.546539306640625,2.839508056640625
2019-09-21,4.404022216796875,5.127655029296875,4.664764404296875,3.384490966796875,7.801483154296875,5.338592529296875
2019-09-22,8.867828369140625,10.054351806640623,7.541656494140625,7.820953369140625,10.376617431640623,7.666656494140625
2019-09-23,9.8846435546875,10.2186279296875,10.2205810546875,9.5076904296875,13.8533935546875,9.6619873046875
2019-09-24,10.396087646484377,10.102142333984377,9.432220458984377,11.261322021484377,10.196868896484377,8.614837646484375
2019-09-25,9.62451171875,10.11865234375,9.92822265625,9.79638671875,11.74951171875,8.70361328125
2019-09-26,7.546356201171875,6.334442138671875,8.528778076171875,8.863739013671875,10.102020263671877,8.336395263671875
2019-09-27,6.601043701171875,9.204559326171877,6.374481201171875,5.941864013671875,9.688934326171877,7.503387451171875
2019-09-28,9.768157958984377,11.602142333984377,8.385345458984375,10.187103271484377,11.244720458984377,8.491790771484375
2019-09-29,8.60882568359375,11.60296630859375,8.83343505859375,8.30706787109375,11.90179443359375,8.09710693359375
2019-09-30,11.214019775390623,13.328277587890623,8.491363525390625,10.641754150390623,8.634918212890625,7.582183837890625
2019-10-01,8.520416259765625,11.517486572265623,7.969635009765625,8.156158447265625,11.011627197265623,7.303619384765625
2019-10-02,9.201751708984377,12.180267333984377,9.017181396484377,7.886322021484375,11.630462646484377,9.934173583984377
2019-10-03,5.8905029296875,4.6854248046875,4.2615966796875,5.7518310546875,9.0926513671875,6.0233154296875
2019-10-04,3.850799560546875,3.221893310546875,2.863494873046875,4.318572998046875,7.305877685546875,3.916229248046875
2019-10-05,4.930206298828125,6.997589111328125,2.061065673828125,3.463409423828125,4.367706298828125,0.337432861328125
2019-10-06,1.9742431640625,1.1217041015625,0.2340087890625,0.6724853515625,4.5260009765625,0.7271728515625
2019-10-07,2.61297607421875,0.81512451171875,-0.01397705078125,0.65106201171875,4.22625732421875,-0.50421142578125
2019-10-08,2.242156982421875,5.267547607421875,3.721649169921875,1.886688232421875,11.265594482421877,5.100555419921875
2019-10-09,6.7818603515625,10.5465087890625,9.6666259765625,7.5728759765625,12.3629150390625,9.2447509765625
2019-10-10,9.392547607421877,7.282196044921875,7.437469482421875,9.737274169921877,12.770477294921877,10.025360107421877
2019-10-11,6.109893798828125,7.167510986328125,4.960479736328125,4.538604736328125,8.143096923828125,5.854034423828125
2019-10-12,5.727630615234375,8.188568115234375,4.103607177734375,5.050872802734375,9.489349365234377,6.062591552734375
2019-10-13,5.296600341796875,7.252655029296875,5.750701904296875,6.876678466796875,7.727264404296875,8.062225341796875
2019-10-14,4.340240478515625,8.101959228515625,4.391021728515625,5.322662353515625,8.672271728515625,6.408599853515625
2019-10-15,5.344940185546875,9.582244873046877,5.088104248046875,5.130096435546875,9.324432373046877,5.609588623046875
2019-10-16,8.645477294921875,10.296844482421877,6.734344482421875,8.488250732421875,7.229461669921875,4.959930419921875
2019-10-17,6.462615966796875,7.352264404296875,4.485076904296875,5.837615966796875,8.151092529296875,5.288787841796875
2019-10-18,6.34954833984375,8.61517333984375,4.74114990234375,5.71575927734375,8.15618896484375,4.92083740234375
2019-10-19,5.570037841796875,8.655975341796875,4.273162841796875,4.819061279296875,7.377655029296875,4.410858154296875
2019-10-20,5.3837890625,7.7392578125,4.802734375,5.7958984375,8.0126953125,6.6787109375
2019-10-21,8.438995361328125,10.461456298828123,9.342315673828123,8.827667236328125,6.649932861328125,12.397979736328123
2019-10-22,7.056060791015625,7.891021728515625,8.268951416015625,6.047271728515625,7.665435791015625,12.932037353515623
2019-10-23,6.221282958984375,10.472259521484377,6.706634521484375,5.284759521484375,9.953704833984377,8.833587646484375
2019-10-24,3.18011474609375,9.64105224609375,4.97991943359375,4.61761474609375,7.64691162109375,11.28948974609375
2019-10-25,6.894989013671875,9.007293701171877,8.834442138671875,6.572723388671875,6.395965576171875,11.561004638671877
2019-10-26,4.735626220703125,6.795196533203125,5.746368408203125,5.662384033203125,9.269805908203123,7.572540283203125
2019-10-27,5.266815185546875,7.929901123046875,6.039276123046875,6.984588623046875,6.202362060546875,8.686737060546875
2019-10-28,5.827301025390625,6.867340087890625,5.506988525390625,4.855621337890625,7.149566650390625,10.069488525390623
2019-10-29,7.558380126953125,7.587677001953125,3.773223876953125,4.059356689453125,6.057403564453125,2.591583251953125
2019-10-30,4.732330322265625,2.943267822265625,4.780181884765625,5.734283447265625,6.866119384765625,5.195220947265625
2019-10-31,4.138763427734375,3.008880615234375,2.440521240234375,3.827239990234375,4.722747802734375,1.347747802734375
2019-11-01,1.04608154296875,2.66717529296875,3.40643310546875,1.41717529296875,8.93280029296875,2.47576904296875
2019-11-02,7.962066650390625,9.297027587890623,8.734527587890625,8.134918212890625,10.250152587890623,6.877105712890625
2019-11-03,10.087982177734377,11.168060302734377,9.796966552734377,10.041107177734377,11.054779052734377,7.688568115234375
2019-11-04,4.375762939453125,7.702911376953125,6.747833251953125,5.041778564453125,9.073028564453123,5.276153564453125
2019-11-05,13.742156982421877,12.943328857421877,10.489227294921877,11.899383544921877,11.626922607421877,8.814422607421875
2019-11-06,7.7845458984375,7.8968505859375,6.2259521484375,8.6077880859375,9.7425537109375,7.2230224609375
2019-11-07,5.786590576171875,6.790496826171875,6.161590576171875,7.406707763671875,9.706512451171877,6.885223388671875
2019-11-08,5.218475341796875,6.921600341796875,5.352264404296875,2.631561279296875,8.197967529296875,4.029998779296875
2019-11-09,7.288116455078125,6.878936767578125,5.872100830078125,7.167999267578125,9.401397705078123,5.509796142578125
2019-11-10,1.348358154296875,3.606170654296875,2.434295654296875,0.745819091796875,5.803436279296875,2.883514404296875
2019-11-11,1.94073486328125,4.65557861328125,1.26202392578125,1.07061767578125,2.44561767578125,5.07354736328125
2019-11-12,9.193572998046877,8.783416748046875,6.845916748046875,8.952362060546875,10.425018310546877,6.233612060546875
2019-11-13,6.6573486328125,6.5264892578125,5.2569580078125,4.1993408203125,7.7081298828125,4.7452392578125
2019-11-14,3.282379150390625,4.831207275390625,3.896636962890625,2.721832275390625,7.745269775390625,4.188629150390625
2019-11-15,6.93511962890625,9.16851806640625,6.80230712890625,5.14508056640625,9.29644775390625,4.21832275390625
2019-11-16,6.669219970703125,7.178985595703125,5.192657470703125,4.455352783203125,8.545196533203125,6.414337158203125
2019-11-17,6.895355224609375,7.686370849609375,5.419769287109375,5.361175537109375,8.457855224609375,4.307464599609375
2019-11-18,0.20135498046875,3.59979248046875,-0.95587158203125,-0.86505126953125,2.15252685546875,4.66131591796875
2019-11-19,5.643524169921875,7.001922607421875,4.187469482421875,4.600555419921875,7.545867919921875,5.906219482421875
2019-11-20,2.276702880859375,4.324554443359375,3.810882568359375,2.855804443359375,5.231781005859375,1.991546630859375
2019-11-21,0.726959228515625,3.363677978515625,-0.852142333984375,0.396881103515625,2.088287353515625,0.297271728515625
2019-11-22,-0.9447021484375,1.2427978515625,-1.1771240234375,-0.6771240234375,2.0133056640625,-0.2962646484375
2019-11-23,1.572479248046875,3.483612060546875,1.458221435546875,0.446502685546875,8.604705810546875,3.859588623046875
2019-11-24,3.272308349609375,5.104339599609375,0.811370849609375,3.631683349609375,5.002777099609375,2.804534912109375
2019-11-25,3.519927978515625,3.351959228515625,0.778717041015625,2.521881103515625,4.416412353515625,1.462310791015625
2019-11-26,-0.10736083984375,1.19244384765625,-1.93939208984375,0.13970947265625,2.50982666015625,1.08697509765625
2019-11-27,5.0458984375,7.5166015625,5.6279296875,5.6982421875,6.3935546875,4.61328125
2019-11-28,4.530181884765625,5.718658447265625,2.959869384765625,4.095611572265625,5.811431884765625,1.801666259765625
2019-11-29,1.463592529296875,3.073944091796875,2.597381591796875,1.264373779296875,5.793670654296875,2.321014404296875
2019-11-30,-3.609466552734375,-4.586029052734375,-6.175872802734375,-5.013763427734375,-2.306732177734375,-6.598724365234375
2019-12-01,-1.296722412109375,-0.902191162109375,-1.511566162109375,-4.173675537109375,-0.156097412109375,-1.254730224609375
2019-12-02,-0.231597900390625,-1.339996337890625,1.831878662109375,1.687347412109375,6.145355224609375,3.260589599609375
2019-12-03,-4.04168701171875,-5.00067138671875,-6.13446044921875,-4.49676513671875,-1.12371826171875,-6.64324951171875
2019-12-04,-5.280487060546875,-5.497283935546875,-8.398651123046875,-6.836151123046875,-4.215057373046875,-10.295135498046877
2019-12-05,-3.983642578125,-4.633056640625,-1.857666015625,-3.741455078125,2.761474609375,-4.772705078125
2019-12-06,-0.032806396484375,1.585357666015625,1.593170166015625,0.240631103515625,6.306060791015625,2.618560791015625
2019-12-07,-1.469451904296875,2.261993408203125,1.639923095703125,0.045196533203125,3.484649658203125,-2.895233154296875
2019-12-08,-2.079925537109375,-0.527191162109375,0.142730712890625,-2.664886474609375,1.133941650390625,-4.644378662109375
2019-12-09,2.155181884765625,3.087799072265625,0.722564697265625,0.848541259765625,4.524322509765625,0.578033447265625
2019-12-10,-0.064422607421875,-1.410125732421875,-2.052703857421875,-0.812469482421875,2.121124267578125,-2.342742919921875
2019-12-11,-0.295928955078125,-1.134796142578125,-3.948272705078125,-1.126983642578125,0.280242919921875,-2.841827392578125
2019-12-12,-0.18218994140625,0.61468505859375,-0.97418212890625,-0.42340087890625,2.87445068359375,-0.78570556640625
2019-12-13,1.125213623046875,1.300994873046875,0.545135498046875,0.275604248046875,3.429901123046875,-0.597442626953125
2019-12-14,-4.231781005859375,-2.055023193359375,-5.401702880859375,-2.846038818359375,-2.151702880859375,-3.891937255859375
2019-12-15,-2.090118408203125,2.878631591796875,-1.394805908203125,-2.671173095703125,1.835662841796875,-1.670196533203125
2019-12-16,0.073028564453125,4.393341064453125,3.497833251953125,-0.237518310546875,6.714630126953125,1.500762939453125
2019-12-17,-0.438812255859375,2.759429931640625,2.937164306640625,-0.022796630859375,6.521148681640625,0.795562744140625
2019-12-18,-0.241912841796875,1.536407470703125,-1.299530029296875,-1.365936279296875,2.447540283203125,2.095977783203125
2019-12-19,3.610565185546875,5.428924560546875,2.706268310546875,0.431854248046875,6.912322998046875,2.626190185546875
2019-12-20,6.17620849609375,7.62347412109375,5.56878662109375,5.24163818359375,6.96917724609375,3.19769287109375
2019-12-21,9.426849365234377,9.287200927734377,7.642669677734375,8.753997802734375,8.858489990234375,3.983489990234375
2019-12-22,3.583953857421875,4.265594482421875,1.986297607421875,3.239227294921875,4.487274169921875,1.249969482421875
2019-12-23,0.919830322265625,-0.049896240234375,-0.386810302734375,0.258697509765625,1.432525634765625,-1.246185302734375
2019-12-24,-2.153289794921875,-3.283172607421875,-4.063446044921875,-3.254852294921875,-4.029266357421875,-8.539031982421875
2019-12-25,1.08612060546875,0.12322998046875,-2.39825439453125,0.04412841796875,-0.94512939453125,-2.98516845703125
2019-12-26,-0.969512939453125,-2.532989501953125,-3.711700439453125,-2.324005126953125,-3.606231689453125,-6.091583251953125
2019-12-27,-2.868011474609375,-4.419769287109375,-5.022308349609375,-3.639495849609375,-4.080902099609375,-7.236175537109375
2019-12-28,-4.557952880859375,-6.213226318359375,-6.514984130859375,-5.615570068359375,-2.939788818359375,-7.923187255859375
2019-12-29,-6.613861083984375,-8.472259521484375,-8.701751708984375,-7.570892333984375,-5.048431396484375,-9.816009521484377
2019-12-30,-19.060348510742188,-14.302520751953123,-20.773239135742188,-18.123825073242188,-5.736114501953125,-12.359161376953123
2019-12-31,-4.338623046875,-1.262451171875,-6.502685546875,-7.144287109375,-1.813232421875,-6.076904296875
2020-01-01,-5.630828857421875,-6.410125732421875,-9.967742919921877,-6.967742919921875,-4.867156982421875,-10.936492919921877
2020-01-02,-12.68927001953125,-9.03204345703125,-10.11016845703125,-7.81817626953125,-3.52716064453125,-9.19805908203125
2020-01-03,-11.660888671875,-5.825927734375,-8.169677734375,-2.142333984375,-2.715576171875,-3.033935546875
2020-01-04,-2.194061279296875,-1.659881591796875,-2.848358154296875,-1.569061279296875,0.113555908203125,-3.396209716796875
2020-01-05,-6.329345703125,-8.005126953125,-8.292236328125,-7.195556640625,-4.964111328125,-9.280517578125
2020-01-06,-14.8582763671875,-12.3768310546875,-14.0047607421875,-10.5780029296875,-8.2489013671875,-14.3846435546875
2020-01-07,-12.924072265625,-5.751220703125,-12.204345703125,-9.705322265625,-4.584228515625,-9.362548828125
2020-01-08,-15.231842041015623,-13.011138916015623,-10.792388916015623,-9.022857666015623,-5.118560791015625,-4.895904541015625
2020-01-09,-12.858642578125,-5.360595703125,-8.346923828125,-3.306884765625,-0.802001953125,-4.346923828125
2020-01-10,-9.450103759765623,2.383880615234375,-1.753814697265625,-2.329010009765625,-0.930572509765625,3.975677490234375
2020-01-11,-0.301544189453125,-1.464630126953125,-2.066192626953125,-1.004669189453125,0.745330810546875,-2.498809814453125
2020-01-12,-10.344970703125,-5.683837890625,-8.649658203125,-4.479736328125,-3.204345703125,-6.595947265625
2020-01-13,-9.2615966796875,-5.5262451171875,-4.6815185546875,-3.8739013671875,-1.0633544921875,-5.2987060546875
2020-01-14,-8.150421142578125,-6.326202392578125,-4.525421142578125,-3.123077392578125,-2.554718017578125,-3.563507080078125
2020-01-15,-8.981109619140625,-6.085601806640625,-4.049468994140625,-4.683258056640625,0.270843505859375,2.201507568359375
2020-01-16,-8.808929443359375,-4.614593505859375,-4.493499755859375,-3.933929443359375,-1.344085693359375,-0.326507568359375
2020-01-17,-7.357391357421875,-3.847625732421875,-4.558563232421875,-4.887664794921875,5.327178955078125,-5.080047607421875
2020-01-18,-5.012664794921875,-6.168914794921875,-2.280242919921875,-2.907196044921875,-0.124969482421875,-3.524383544921875
2020-01-19,-3.457183837890625,-5.055816650390625,-5.654449462890625,-3.906402587890625,-2.757965087890625,-6.025543212890625
2020-01-20,-5.99462890625,-9.51416015625,-8.70556640625,-7.20849609375,-4.46435546875,-8.58251953125
2020-01-21,-7.893768310546875,-7.225799560546875,-4.425994873046875,-3.512908935546875,-3.663299560546875,-6.395721435546875
2020-01-22,-5.301971435546875,-3.277557373046875,-4.209197998046875,-2.814666748046875,-0.951385498046875,-4.418182373046875
2020-01-23,-10.662567138671877,-11.327606201171877,-6.992645263671875,-7.459442138671875,-2.649871826171875,-1.043426513671875
2020-01-24,-3.327178955078125,-0.434600830078125,1.019500732421875,-0.985382080078125,3.748016357421875,-0.823272705078125
2020-01-25,-3.280364990234375,0.093658447265625,1.131744384765625,-0.157318115234375,4.299713134765625,1.814361572265625
2020-01-26,0.851715087890625,1.380035400390625,0.310699462890625,0.837066650390625,3.324371337890625,0.279449462890625
2020-01-27,-2.605926513671875,-2.581512451171875,-3.463348388671875,-1.906707763671875,0.466339111328125,-2.798309326171875
2020-01-28,4.3885498046875,3.5311279296875,2.6405029296875,3.2957763671875,3.4608154296875,1.3739013671875
2020-01-29,-1.47039794921875,-2.17840576171875,-2.66082763671875,-1.94696044921875,0.63018798828125,-1.33660888671875
2020-01-30,-4.19061279296875,-5.24139404296875,-5.88299560546875,-5.06463623046875,-2.17596435546875,-5.19549560546875
2020-01-31,-2.460968017578125,-1.520538330078125,-2.344757080078125,-2.387725830078125,1.730438232421875,-2.465850830078125
2020-02-01,-1.864471435546875,0.041778564453125,0.958770751953125,-0.899627685546875,1.350372314453125,-2.254119873046875
2020-02-02,-1.447967529296875,0.764923095703125,2.303985595703125,0.814727783203125,4.206329345703125,0.091094970703125
2020-02-03,-0.364410400390625,2.722503662109375,1.569183349609375,0.585784912109375,4.534027099609375,0.523284912109375
2020-02-04,-1.340728759765625,-2.499908447265625,-3.325103759765625,-2.303619384765625,0.169036865234375,-3.582916259765625
2020-02-05,-6.45208740234375,-7.80072021484375,-8.88861083984375,-7.98236083984375,-5.28314208984375,-9.92572021484375
2020-02-06,-10.00048828125,-8.24072265625,-13.23291015625,-13.39892578125,-8.29052734375,-13.45166015625
2020-02-07,-1.470916748046875,-2.412322998046875,-3.996307373046875,-3.001190185546875,-2.695526123046875,-5.908416748046875
2020-02-08,-13.098968505859377,-9.241546630859377,-12.728851318359377,-11.732757568359377,-4.143890380859375,-8.597991943359375
2020-02-09,-7.835723876953125,-4.240020751953125,-5.516387939453125,-8.784942626953125,-1.529083251953125,-6.019317626953125
2020-02-10,3.097076416015625,4.397857666015625,2.851959228515625,4.692779541015625,4.753326416015625,1.296295166015625
2020-02-11,-2.1962890625,-3.544921875,1.3974609375,-0.25,4.1103515625,0.701171875
2020-02-12,-5.688385009765625,-6.356353759765625,-3.589752197265625,-3.244049072265625,0.038177490234375,-2.015533447265625
2020-02-13,-2.257232666015625,1.108978271484375,1.374603271484375,-0.285552978515625,2.681243896484375,0.546478271484375
2020-02-14,1.22894287109375,0.42425537109375,-0.61968994140625,0.80413818359375,2.81585693359375,-1.37847900390625
2020-02-15,-3.251312255859375,-4.832366943359375,-4.894866943359375,-4.786468505859375,-2.942718505859375,-3.291351318359375
2020-02-16,-3.037322998046875,-0.253143310546875,-3.168182373046875,-3.671112060546875,-0.073455810546875,-4.293182373046875
2020-02-17,-3.262115478515625,1.557220458984375,-1.933013916015625,-1.460357666015625,2.528900146484375,-0.637115478515625
2020-02-18,1.64874267578125,0.93975830078125,1.46514892578125,1.82354736328125,2.15850830078125,-1.04852294921875
2020-02-19,-0.490325927734375,-1.540130615234375,-0.116302490234375,0.308502197265625,2.642486572265625,-1.817474365234375
2020-02-20,-2.637542724609375,-4.808441162109375,-5.737152099609375,-3.651214599609375,-3.100433349609375,-6.530120849609375
2020-02-21,-1.753509521484375,-3.778900146484375,-4.650970458984375,-3.263275146484375,-2.366790771484375,-6.640228271484375
2020-02-22,-3.5780029296875,-4.4598388671875,-4.9862060546875,-3.7342529296875,-3.8885498046875,-7.1170654296875
2020-02-23,-1.06781005859375,1.51422119140625,-0.49359130859375,-0.28167724609375,2.15972900390625,-1.05218505859375
2020-02-24,-2.458221435546875,-0.029510498046875,-3.050994873046875,-3.582244873046875,0.623809814453125,-0.732635498046875
2020-02-25,5.577484130859375,5.728851318359375,5.189788818359375,4.481781005859375,5.952484130859375,2.726898193359375
2020-02-26,1.636932373046875,2.086151123046875,0.749237060546875,2.465057373046875,1.614471435546875,-1.053497314453125
2020-02-27,-2.3951416015625,-2.1617431640625,-4.0338134765625,-2.8111572265625,-3.6051025390625,-5.4986572265625
2020-02-28,-5.658355712890625,-5.127105712890625,-6.738433837890625,-4.879058837890625,-10.480621337890623,-6.972808837890625
2020-02-29,-4.420684814453125,-1.284942626953125,-3.972442626953125,-3.761505126953125,-0.473419189453125,-2.992950439453125
2020-03-01,6.08837890625,4.08642578125,4.24365234375,4.19580078125,4.67041015625,1.91845703125
2020-03-02,8.45721435546875,6.57440185546875,5.38592529296875,6.27947998046875,6.72869873046875,3.54510498046875
2020-03-03,1.89788818359375,1.69476318359375,0.79241943359375,2.40570068359375,3.95648193359375,-0.27886962890625
2020-03-04,0.701019287109375,-0.625152587890625,-1.581207275390625,-0.533355712890625,1.349456787109375,-1.462066650390625
2020-03-05,-2.679290771484375,-0.024993896484375,-3.561126708984375,-3.662689208984375,-0.603118896484375,-3.764251708984375
2020-03-06,1.4918212890625,2.5748291015625,0.2642822265625,1.9410400390625,3.5972900390625,-0.2991943359375
2020-03-07,0.55047607421875,-0.33721923828125,-0.69952392578125,0.49188232421875,2.64520263671875,-0.50811767578125
2020-03-08,-0.60662841796875,-1.95233154296875,-2.39666748046875,-0.87713623046875,0.04864501953125,-2.47772216796875
2020-03-09,0.758941650390625,-0.678558349609375,-2.739105224609375,-0.345550537109375,-1.076995849609375,-2.068206787109375
2020-03-10,0.419281005859375,-0.754547119140625,-3.082672119140625,-0.650054931640625,-1.169586181640625,-4.786773681640625
2020-03-11,0.977569580078125,1.786163330078125,-1.295867919921875,2.751983642578125,0.747100830078125,-0.157196044921875
2020-03-12,1.881378173828125,5.299346923828125,1.706573486328125,1.161651611328125,6.493682861328125,2.130401611328125
2020-03-13,4.03173828125,2.76220703125,3.20654296875,3.98779296875,4.35009765625,4.05029296875
2020-03-14,1.498870849609375,0.514495849609375,-0.264801025390625,0.524261474609375,4.379730224609375,-0.716949462890625
2020-03-15,-1.871734619140625,-2.879547119140625,-3.447906494140625,-3.161773681640625,-0.516265869140625,-3.543609619140625
2020-03-16,-2.958038330078125,-1.125030517578125,-2.813507080078125,-4.294952392578125,0.123016357421875,-4.135772705078125
2020-03-17,2.762542724609375,2.020355224609375,-0.138824462890625,1.702972412109375,-0.701324462890625,-1.695465087890625
2020-03-18,-0.97662353515625,-1.09576416015625,-1.48248291015625,-2.70709228515625,-0.38287353515625,-1.76568603515625
2020-03-19,-0.090911865234375,0.926666259765625,-0.075286865234375,0.884674072265625,-0.923919677734375,-0.913177490234375
2020-03-20,-1.425994873046875,1.062286376953125,-1.970916748046875,-1.511932373046875,2.366973876953125,-0.660369873046875
2020-03-21,3.065155029296875,3.993865966796875,-2.441680908203125,0.396209716796875,0.170623779296875,-1.927032470703125
2020-03-22,-3.300811767578125,-4.632843017578125,-5.249053955078125,-3.949249267578125,0.040008544921875,-4.255889892578125
2020-03-23,-5.766571044921875,-6.920867919921875,-8.881805419921875,-6.906219482421875,-4.647430419921875,-8.882781982421875
2020-03-24,-5.640045166015625,-6.836334228515625,-7.711334228515625,-5.530670166015625,-4.745513916015625,-7.789459228515625
2020-03-25,-2.1495361328125,-3.7755126953125,-3.9854736328125,-2.9005126953125,1.0692138671875,-3.8546142578125
2020-03-26,0.681427001953125,0.170684814453125,-0.762908935546875,0.549591064453125,3.955841064453125,-1.031463623046875
2020-03-27,-0.670501708984375,-2.303314208984375,-1.015228271484375,-0.177337646484375,3.776763916015625,-0.166595458984375
2020-03-28,0.502288818359375,2.762054443359375,-0.372711181640625,0.350921630859375,0.424163818359375,-2.228179931640625
2020-03-29,0.380706787109375,1.203948974609375,-0.631988525390625,1.307464599609375,-0.970855712890625,-1.753082275390625
2020-03-30,0.558624267578125,-1.430633544921875,-1.249969482421875,-0.047821044921875,0.768585205078125,-1.984344482421875
2020-03-31,-5.378875732421875,-5.967742919921875,-7.460906982421875,-6.033172607421875,-2.763641357421875,-6.457977294921875
2020-04-01,-4.48602294921875,-5.46844482421875,-6.93231201171875,-5.40692138671875,-5.23016357421875,-7.36102294921875
2020-04-02,-3.22601318359375,-2.57952880859375,-9.05120849609375,-4.08343505859375,-1.73284912109375,-4.11761474609375
2020-04-03,2.634979248046875,1.425994873046875,-1.002716064453125,0.952362060546875,2.014862060546875,-1.370880126953125
2020-04-04,1.426727294921875,2.601531982421875,1.606414794921875,3.075164794921875,5.295867919921875,0.873992919921875
2020-04-05,0.345123291015625,0.982818603515625,-0.062103271484375,-0.892181396484375,5.570709228515625,0.490631103515625
2020-04-06,-2.18438720703125,-1.47344970703125,-2.50860595703125,-3.15216064453125,0.29608154296875,-3.47442626953125
2020-04-07,-2.053436279296875,-1.561248779296875,-2.690155029296875,-3.113983154296875,-0.181365966796875,-3.472381591796875
2020-04-08,-0.418304443359375,0.157867431640625,-1.568695068359375,-0.797210693359375,0.623687744140625,-3.368499755859375
2020-04-09,1.147430419921875,7.927703857421875,1.514617919921875,1.985321044921875,0.003875732421875,-1.777374267578125
2020-04-10,6.087432861328125,6.614776611328125,2.858917236328125,4.622589111328125,1.955596923828125,-0.406707763671875
2020-04-11,3.273040771484375,3.076751708984375,3.038665771484375,4.225189208984375,2.789642333984375,0.167572021484375
2020-04-12,0.475494384765625,3.058502197265625,0.190338134765625,1.130767822265625,4.818267822265625,0.110260009765625
2020-04-13,4.611175537109375,7.367034912109375,2.809417724609375,3.163909912109375,5.060394287109375,1.016448974609375
2020-04-14,-1.255767822265625,-1.874908447265625,-3.447174072265625,-2.023345947265625,0.633880615234375,-3.115142822265625
2020-04-15,-1.324310302734375,-1.607513427734375,-2.930755615234375,-1.659271240234375,-0.934661865234375,-3.128997802734375
2020-04-16,0.997467041015625,3.391021728515625,-0.174407958984375,0.768951416015625,3.146881103515625,-0.016204833984375
2020-04-17,5.062896728515625,6.011138916015625,2.287506103515625,6.467193603515625,3.900787353515625,2.130279541015625
2020-04-18,4.705352783203125,8.528594970703125,3.918243408203125,5.600860595703125,7.469024658203125,2.693634033203125
2020-04-19,10.028900146484377,9.863861083984377,4.131439208984375,8.330657958984375,7.471282958984375,3.226165771484375
2020-04-20,7.56292724609375,6.28558349609375,5.14593505859375,6.98187255859375,8.49359130859375,3.36077880859375
2020-04-21,3.38153076171875,1.87664794921875,1.03680419921875,1.71453857421875,5.02313232421875,0.84637451171875
2020-04-22,0.652191162109375,0.723480224609375,-1.652496337890625,-1.523590087890625,1.821136474609375,-0.651519775390625
2020-04-23,1.550994873046875,1.738494873046875,1.411346435546875,1.241424560546875,-0.200958251953125,1.953338623046875
2020-04-24,0.71124267578125,3.74542236328125,-0.23016357421875,0.68292236328125,3.53643798828125,-0.88153076171875
2020-04-25,6.386810302734375,7.724700927734375,2.934661865234375,3.552825927734375,4.154388427734375,0.238372802734375
2020-04-26,5.24761962890625,3.81402587890625,3.20562744140625,4.55426025390625,5.04547119140625,2.56011962890625
2020-04-27,4.61932373046875,5.21502685546875,2.01385498046875,3.04315185546875,6.11346435546875,0.71112060546875
2020-04-28,5.652191162109375,8.306488037109375,4.437347412109375,4.506683349609375,9.036956787109377,3.480316162109375
2020-04-29,5.037261962890625,5.547027587890625,4.265777587890625,4.549957275390625,8.091949462890625,2.657379150390625
2020-04-30,5.534027099609375,6.073089599609375,3.719573974609375,4.172698974609375,8.672698974609375,3.043792724609375
2020-05-01,5.8916015625,5.9853515625,5.4814453125,5.482421875,7.5869140625,2.3896484375
2020-05-02,4.540924072265625,5.835845947265625,2.455963134765625,4.529205322265625,4.231353759765625,0.983306884765625
2020-05-03,4.228179931640625,3.481109619140625,0.892242431640625,2.541656494140625,4.188140869140625,-1.045257568359375
2020-05-04,1.74505615234375,2.41790771484375,-0.11041259765625,2.38177490234375,1.23236083984375,-2.79400634765625
2020-05-05,9.370391845703123,8.791290283203125,6.941680908203125,8.312774658203125,9.155548095703123,3.595001220703125
2020-05-06,2.318634033203125,2.153594970703125,-1.290740966796875,-0.693084716796875,2.038360595703125,-2.759490966796875
2020-05-07,3.825439453125,4.793212890625,1.778564453125,1.652587890625,2.653564453125,-1.363037109375
2020-05-08,3.050201416015625,5.084381103515625,2.828521728515625,4.017974853515625,6.047271728515625,1.240631103515625
2020-05-09,4.668304443359375,6.898773193359375,4.274749755859375,5.225921630859375,6.636077880859375,1.935882568359375
2020-05-10,7.73114013671875,8.78680419921875,6.20672607421875,8.38641357421875,12.24481201171875,3.32098388671875
2020-05-11,8.104248046875,10.065185546875,7.911865234375,9.349365234375,11.003662109375,4.799560546875
2020-05-12,7.530487060546875,8.290252685546875,6.349822998046875,6.503143310546875,6.631072998046875,1.982635498046875
2020-05-13,14.02789306640625,15.25640869140625,9.94586181640625,11.11383056640625,15.19586181640625,6.76031494140625
2020-05-14,13.099212646484377,17.615814208984375,13.235931396484377,11.158782958984377,19.70858764648437,6.703704833984375
2020-05-15,13.52886962890625,13.91070556640625,9.10211181640625,10.63433837890625,15.14898681640625,4.84625244140625
2020-05-16,12.078887939453123,12.075958251953123,11.696075439453123,12.375762939453123,20.778106689453125,8.500762939453125
2020-05-17,12.81439208984375,12.21380615234375,13.23040771484375,14.20794677734375,16.20501708984375,9.41204833984375
2020-05-18,12.5931396484375,12.5775146484375,12.8743896484375,12.6693115234375,16.3265380859375,10.5804443359375
2020-05-19,13.8187255859375,12.7337646484375,11.3900146484375,12.1126708984375,13.0618896484375,10.6439208984375
2020-05-20,10.031890869140623,8.188140869140625,9.063140869140623,9.824859619140623,11.615875244140623,8.791656494140625
2020-05-21,7.178436279296875,5.846405029296875,4.550506591796875,4.335662841796875,8.024139404296875,3.270233154296875
2020-05-22,6.583343505859375,5.899749755859375,3.106781005859375,5.262054443359375,5.364593505859375,1.619476318359375
2020-05-23,7.84185791015625,9.99127197265625,7.86041259765625,7.04010009765625,9.73248291015625,5.86724853515625
2020-05-24,6.734161376953125,6.615997314453125,4.854278564453125,6.605255126953125,9.820098876953123,5.849395751953125
2020-05-25,6.165008544921875,5.109344482421875,4.676727294921875,5.652313232421875,7.101531982421875,3.850555419921875
2020-05-26,5.74755859375,4.83544921875,3.91845703125,5.04931640625,6.58935546875,3.00732421875
2020-05-27,6.593414306640625,5.614898681640625,4.299468994140625,5.581695556640625,7.091461181640625,3.864898681640625
2020-05-28,6.318817138671875,5.556121826171875,3.532684326171875,4.311004638671875,6.529754638671875,2.731903076171875
2020-05-29,5.70172119140625,5.05816650390625,3.57965087890625,4.75543212890625,5.10211181640625,1.41168212890625
2020-05-30,7.366943359375,6.750732421875,5.838623046875,6.406005859375,8.044677734375,3.979248046875
2020-05-31,5.236328125,4.369140625,4.9296875,6.1953125,7.67578125,4.6123046875
2020-06-01,6.559112548828125,6.848175048828125,4.332550048828125,6.310089111328125,6.009307861328125,4.780792236328125
2020-06-02,5.39215087890625,5.44879150390625,2.99664306640625,4.26715087890625,4.45855712890625,1.16656494140625
2020-06-03,5.02105712890625,6.83453369140625,4.79254150390625,4.81109619140625,8.00738525390625,4.15386962890625
2020-06-04,11.79718017578125,10.92413330078125,8.69073486328125,10.17022705078125,10.14385986328125,6.56964111328125
2020-06-05,9.148193359375,10.468505859375,7.364990234375,8.738037109375,11.620849609375,9.634521484375
2020-06-06,10.257843017578123,10.127960205078123,7.300811767578125,7.964874267578125,9.848663330078123,6.201202392578125
2020-06-07,9.4752197265625,10.1832275390625,8.7593994140625,8.1402587890625,8.8677978515625,6.5621337890625
2020-06-08,11.564849853515623,10.707427978515623,8.179107666015625,9.294342041015623,10.501373291015623,6.842193603515625
2020-06-09,9.6339111328125,10.1485595703125,9.2042236328125,8.3096923828125,10.6397705078125,6.9141845703125
2020-06-10,7.26947021484375,8.36322021484375,7.75384521484375,7.18743896484375,10.93157958984375,6.67767333984375
2020-06-11,7.8388671875,8.9716796875,5.6201171875,6.3212890625,9.1396484375,5.255859375
2020-06-12,10.74688720703125,11.84552001953125,7.42657470703125,8.90606689453125,11.14923095703125,7.80548095703125
2020-06-13,11.84478759765625,12.99810791015625,9.67291259765625,10.42388916015625,14.07232666015625,10.83502197265625
2020-06-14,9.898284912109377,10.039886474609377,9.201995849609377,9.469573974609377,11.994964599609377,7.826995849609375
2020-06-15,11.234405517578123,9.920928955078123,7.938507080078125,9.742218017578123,10.912139892578123,7.804718017578125
2020-06-16,11.0550537109375,10.9544677734375,9.5169677734375,10.6810302734375,10.6478271484375,7.8099365234375
2020-06-17,11.22271728515625,11.34088134765625,9.49908447265625,9.71783447265625,12.26470947265625,8.70611572265625
2020-06-18,9.832275390625,11.147705078125,9.237548828125,9.610595703125,12.597900390625,9.119384765625
2020-06-19,10.886749267578123,11.685577392578123,7.567413330078125,8.796905517578125,10.089874267578123,6.852569580078125
2020-06-20,11.136810302734377,10.215911865234377,8.540130615234375,10.159271240234377,9.724700927734377,6.524505615234375
2020-06-21,11.995025634765623,10.979400634765623,9.318267822265623,10.600494384765623,11.180572509765623,8.087799072265625
2020-06-22,13.461669921875,12.954833984375,11.406005859375,11.956787109375,13.206787109375,10.298583984375
2020-06-23,13.279327392578123,11.986358642578123,11.295928955078123,12.338897705078123,12.824249267578123,10.911163330078123
2020-06-24,13.095550537109377,11.871917724609377,11.477386474609377,11.244964599609377,12.753753662109377,10.539886474609377
2020-06-25,13.26318359375,12.17724609375,11.60888671875,12.15966796875,12.29638671875,9.84716796875
2020-06-26,13.006805419921877,13.357391357421877,10.623016357421877,11.699188232421877,12.709930419921877,10.143524169921877
2020-06-27,13.271026611328123,12.840362548828123,10.545440673828123,12.565948486328123,12.460479736328123,9.309112548828123
2020-06-28,12.565032958984377,12.688079833984377,10.645111083984377,12.190032958984377,13.385345458984377,10.967376708984377
2020-06-29,15.545928955078123,17.476593017578125,11.859405517578123,13.154327392578123,14.788116455078123,11.593780517578123
2020-06-30,15.0045166015625,14.4302978515625,13.5084228515625,12.8511962890625,14.8463134765625,14.4595947265625
2020-07-01,15.552215576171877,15.936004638671877,13.797332763671877,14.032684326171877,16.063934326171875,16.178192138671875
2020-07-02,13.741607666015623,14.062896728515623,12.558013916015623,13.405670166015623,14.580474853515623,11.607818603515623
2020-07-03,15.421722412109377,14.455902099609377,13.379730224609377,14.972503662109377,15.657073974609377,11.863128662109377
2020-07-04,15.36627197265625,14.53619384765625,12.09674072265625,13.64459228515625,14.81353759765625,11.80963134765625
2020-07-05,15.02593994140625,13.93609619140625,12.43902587890625,13.77789306640625,15.58648681640625,11.64605712890625
2020-07-06,15.600830078125,13.840087890625,11.717041015625,13.029541015625,14.788330078125,11.080322265625
2020-07-07,11.13720703125,8.60791015625,7.93701171875,8.90576171875,11.52587890625,8.08154296875
2020-07-08,9.8095703125,9.5498046875,9.4189453125,8.8154296875,12.0498046875,10.1923828125
2020-07-09,11.3885498046875,10.2313232421875,11.6746826171875,11.3690185546875,12.3504638671875,11.8465576171875
2020-07-10,14.60308837890625,15.32574462890625,13.04058837890625,12.32476806640625,14.56109619140625,12.06500244140625
2020-07-11,17.075927734375,16.992919921875,13.939208984375,16.226318359375,14.534912109375,11.662841796875
2020-07-12,12.18585205078125,10.12432861328125,9.91339111328125,10.75714111328125,13.10675048828125,9.67022705078125
2020-07-13,8.9666748046875,9.0145263671875,6.7821044921875,7.3944091796875,10.6971435546875,8.1951904296875
2020-07-14,10.141204833984377,10.019134521484377,9.493743896484377,11.117767333984377,12.167572021484377,12.223236083984377
2020-07-15,10.9588623046875,10.6414794921875,8.6903076171875,10.0506591796875,12.3563232421875,8.5643310546875
2020-07-16,11.75531005859375,10.89984130859375,11.31781005859375,13.13323974609375,12.50042724609375,8.83929443359375
2020-07-17,11.39501953125,10.97216796875,10.61474609375,12.26123046875,13.98095703125,9.56884765625
2020-07-18,10.4949951171875,9.6063232421875,7.4735107421875,9.6356201171875,11.0018310546875,8.6170654296875
2020-07-19,8.999176025390625,9.084136962890623,7.436676025390625,8.600738525390625,9.400543212890623,6.598785400390625
2020-07-20,11.049774169921877,10.785125732421877,10.225555419921877,11.507781982421877,11.912078857421877,9.765594482421877
2020-07-21,11.971527099609377,12.484222412109377,10.778167724609377,12.162933349609377,13.323089599609377,9.685394287109377
2020-07-22,13.855499267578123,12.292022705078123,13.114288330078123,13.209991455078123,13.479522705078123,12.306671142578123
2020-07-23,15.006561279296877,15.135467529296877,13.034881591796877,14.259490966796877,15.419647216796877,14.621795654296877
2020-07-24,14.408050537109377,14.808441162109377,12.559417724609377,12.560394287109377,15.591644287109377,12.314300537109377
2020-07-25,12.921417236328123,12.334503173828123,11.766143798828123,13.139190673828123,14.090362548828123,11.011260986328123
2020-07-26,13.627899169921877,12.769500732421877,11.724578857421877,13.117156982421877,14.010711669921877,11.048797607421877
2020-07-27,12.66961669921875,12.50848388671875,11.27313232421875,12.60321044921875,13.75946044921875,9.82489013671875
2020-07-28,12.89031982421875,11.99969482421875,12.49383544921875,13.73602294921875,13.53289794921875,12.33758544921875
2020-07-29,16.49151611328125,14.86846923828125,17.07061767578125,15.69561767578125,15.71612548828125,17.66241455078125
2020-07-30,18.02044677734375,17.93841552734375,16.82318115234375,18.31927490234375,17.77532958984375,14.66693115234375
2020-07-31,16.87725830078125,16.95147705078125,15.66632080078125,16.69952392578125,16.89971923828125,13.47589111328125
2020-08-01,15.489044189453123,14.396270751953123,12.466583251953123,13.677520751953123,15.649200439453123,11.787872314453123
2020-08-02,12.169677734375,11.668701171875,11.865966796875,11.156005859375,13.422607421875,13.386474609375
2020-08-03,14.837890625,17.6064453125,13.505859375,13.404296875,16.392578125,12.44140625
2020-08-04,15.960662841796877,16.443084716796875,13.632537841796877,14.805389404296877,16.963592529296875,13.769256591796877
2020-08-05,15.228424072265623,14.292877197265623,13.147369384765623,14.512603759765623,13.966705322265623,12.283111572265623
2020-08-06,13.35546875,14.15234375,11.4169921875,12.7626953125,14.6015625,10.6142578125
2020-08-07,14.77410888671875,13.32489013671875,12.89813232421875,13.80535888671875,15.11883544921875,11.99383544921875
2020-08-08,14.335906982421877,14.079071044921877,12.010711669921877,13.656219482421877,15.572235107421877,11.602508544921877
2020-08-09,15.12969970703125,14.75860595703125,13.37677001953125,13.70098876953125,14.99786376953125,11.86700439453125
2020-08-10,13.75360107421875,13.81121826171875,11.84149169921875,13.50946044921875,14.11004638671875,13.77313232421875
2020-08-11,15.694610595703123,15.389923095703123,14.284454345703123,14.649688720703123,15.180938720703123,11.630157470703123
2020-08-12,15.18865966796875,13.90155029296875,13.27850341796875,13.96600341796875,15.02264404296875,11.21405029296875
2020-08-13,14.2532958984375,15.1107177734375,12.6292724609375,12.7161865234375,15.7542724609375,11.9232177734375
2020-08-14,14.062744140625,14.960205078125,13.049072265625,12.948486328125,17.268798828125,13.707275390625
2020-08-15,15.18121337890625,14.66949462890625,12.58258056640625,13.69488525390625,14.83355712890625,11.55133056640625
2020-08-16,13.99273681640625,13.59625244140625,12.26715087890625,12.46929931640625,14.83355712890625,12.84429931640625
2020-08-17,13.487457275390623,14.628082275390623,12.013824462890623,13.001129150390623,15.274566650390623,11.504058837890623
2020-08-18,13.7108154296875,13.3074951171875,10.4705810546875,12.6375732421875,14.7840576171875,11.0252685546875
2020-08-19,11.76165771484375,12.23724365234375,9.10247802734375,10.22064208984375,11.31341552734375,7.72943115234375
2020-08-20,11.72369384765625,13.10552978515625,10.06646728515625,11.59869384765625,12.78033447265625,8.97760009765625
2020-08-21,11.91375732421875,11.33856201171875,11.20965576171875,12.36785888671875,12.58172607421875,12.05926513671875
2020-08-22,13.589141845703123,13.852813720703123,13.118438720703123,15.063751220703123,14.461212158203123,11.716094970703123
2020-08-23,15.718017578125,15.466064453125,13.317626953125,14.699462890625,16.447509765625,13.142822265625
2020-08-24,14.7625732421875,14.2987060546875,13.0936279296875,13.2811279296875,14.6170654296875,11.5858154296875
2020-08-25,10.317169189453123,10.019317626953123,10.865020751953123,12.339630126953123,13.465606689453123,11.474395751953123
2020-08-26,11.125732421875,12.465576171875,10.580810546875,12.430419921875,13.757568359375,10.373779296875
2020-08-27,13.3878173828125,13.3302001953125,11.8975830078125,11.8165283203125,13.4268798828125,13.6807861328125
2020-08-28,12.54656982421875,15.66668701171875,11.17254638671875,11.29656982421875,14.11297607421875,11.79364013671875
2020-08-29,12.702362060546877,17.037322998046875,11.537322998046877,11.914276123046877,15.349822998046877,12.137908935546877
2020-08-30,14.604400634765623,16.639556884765625,13.031158447265623,12.662017822265623,15.570220947265623,12.786041259765623
2020-08-31,17.49127197265625,18.44927978515625,15.22076416015625,15.05963134765625,17.22662353515625,15.26763916015625
2020-09-01,13.316802978515623,12.183013916015623,9.818756103515623,12.760162353515623,10.016021728515623,8.641998291015625
2020-09-02,10.126617431640623,9.545562744140623,9.581695556640623,10.563140869140623,11.063140869140623,10.669586181640623
2020-09-03,12.014190673828123,11.281768798828123,10.502471923828123,11.185089111328123,12.561065673828123,9.304229736328123
2020-09-04,9.244659423828123,10.773956298828123,7.431182861328125,9.374542236328123,10.768096923828123,5.750518798828125
2020-09-05,10.517578125,10.0205078125,9.984375,10.5126953125,11.251953125,10.6845703125
2020-09-06,11.67608642578125,13.03057861328125,9.35577392578125,10.48272705078125,12.63800048828125,9.80303955078125
2020-09-07,15.6051025390625,15.0269775390625,12.9820556640625,13.5377197265625,14.1510009765625,10.9400634765625
2020-09-08,11.576141357421877,11.500946044921877,10.209930419921877,10.907196044921877,14.473602294921877,12.522430419921877
2020-09-09,12.454559326171877,10.792449951171877,11.543426513671877,12.306121826171877,13.814910888671877,11.607879638671877
2020-09-10,12.403839111328123,11.463409423828123,11.200714111328123,11.742706298828123,14.765167236328123,12.237823486328123
2020-09-11,12.031036376953123,12.824981689453123,11.677520751953123,11.530059814453123,14.349395751953123,12.447052001953123
2020-09-12,12.7396240234375,13.7835693359375,11.8558349609375,12.5823974609375,14.5150146484375,11.0706787109375
2020-09-13,13.515350341796877,14.749725341796877,10.581756591796877,11.955780029296877,14.553436279296877,12.997772216796877
2020-09-14,12.549896240234377,13.608489990234377,11.930755615234377,11.467864990234377,14.669036865234377,14.304779052734377
2020-09-15,11.761627197265623,11.012603759765623,11.198150634765623,10.626861572265623,13.232330322265623,13.470611572265623
2020-09-16,12.919708251953123,11.669708251953123,11.181427001953123,11.716583251953123,13.597442626953123,14.171661376953123
2020-09-17,13.623321533203123,14.834259033203123,11.390899658203123,12.461212158203123,15.696563720703123,11.065704345703123
2020-09-18,10.425384521484377,9.425384521484377,8.947845458984375,10.200775146484377,12.734954833984377,8.628509521484375
2020-09-19,9.9525146484375,8.4896240234375,9.2669677734375,8.8402099609375,11.2493896484375,11.0023193359375
2020-09-20,10.943206787109377,10.661956787109377,10.502777099609377,9.068206787109377,12.829925537109377,11.341644287109377
2020-09-21,10.445526123046877,11.092010498046877,8.593963623046875,9.731658935546877,12.368377685546877,11.720916748046877
2020-09-22,10.875640869140623,12.722320556640623,10.958648681640623,10.654937744140623,14.116851806640623,10.602203369140623
2020-09-23,9.905792236328123,10.798370361328123,11.029815673828123,10.071807861328123,13.417510986328123,9.803253173828123
2020-09-24,10.070587158203123,11.106719970703123,10.720977783203123,9.992462158203123,12.049102783203123,9.138946533203123
2020-09-25,12.883880615234377,12.047943115234377,11.703216552734377,12.681732177734377,14.252044677734377,11.185638427734377
2020-09-26,5.818389892578125,5.709991455078125,4.653350830078125,5.427764892578125,6.792022705078125,3.312530517578125
2020-09-27,10.6085205078125,10.4112548828125,9.0811767578125,9.7100830078125,11.7882080078125,8.0430908203125
2020-09-28,8.90753173828125,8.46905517578125,7.10186767578125,9.29425048828125,9.52569580078125,6.82159423828125
2020-09-29,5.6658935546875,5.8807373046875,3.5389404296875,4.7801513671875,5.7615966796875,3.3944091796875
2020-09-30,5.404388427734375,7.144622802734375,3.721771240234375,3.821380615234375,6.344818115234375,2.449310302734375
2020-10-01,5.459930419921875,6.804656982421875,7.208953857421875,5.513641357421875,8.051727294921875,4.168914794921875
2020-10-02,10.67626953125,13.42041015625,11.96044921875,10.07958984375,14.37939453125,10.95361328125
2020-10-03,17.35626220703125,16.75665283203125,13.93243408203125,12.84259033203125,17.20489501953125,12.10040283203125
2020-10-04,11.4573974609375,13.1146240234375,11.5296630859375,11.0628662109375,14.0130615234375,11.1087646484375
2020-10-05,12.093292236328123,13.643096923828123,11.302276611328123,12.621612548828123,13.549346923828123,11.451690673828123
2020-10-06,7.284881591796875,8.756561279296875,8.048553466796875,7.440155029296875,11.246795654296877,7.810272216796875
2020-10-07,8.273895263671875,7.428192138671875,6.501434326171875,7.840301513671875,10.198699951171877,7.049285888671875
2020-10-08,7.72900390625,6.74072265625,5.05517578125,7.05029296875,6.01708984375,4.50048828125
2020-10-09,4.895751953125,4.972900390625,3.153564453125,5.090087890625,6.611572265625,2.491455078125
2020-10-10,4.274200439453125,5.614044189453125,4.563262939453125,3.906036376953125,6.450958251953125,3.274200439453125
2020-10-11,7.504180908203125,8.875274658203125,6.124298095703125,5.285430908203125,10.729766845703123,5.148712158203125
2020-10-12,3.340850830078125,3.357452392578125,2.252960205078125,5.020538330078125,9.495147705078123,7.429718017578125
2020-10-13,1.109344482421875,1.395477294921875,2.951141357421875,2.319305419921875,5.812469482421875,2.861297607421875
2020-10-14,5.692718505859375,7.701507568359375,5.344085693359375,6.801116943359375,9.574554443359377,6.175140380859375
2020-10-15,6.18621826171875,8.23114013671875,6.42352294921875,7.99188232421875,9.67156982421875,6.83172607421875
2020-10-16,4.3314208984375,5.1673583984375,3.8929443359375,4.0726318359375,7.0296630859375,2.9144287109375
2020-10-17,5.472564697265625,5.240142822265625,1.772369384765625,3.114166259765625,3.641510009765625,-0.635833740234375
2020-10-18,1.385711669921875,0.813446044921875,-0.167999267578125,0.517547607421875,2.229461669921875,0.937469482421875
2020-10-19,0.164947509765625,-0.599700927734375,-1.010833740234375,-1.310638427734375,1.333892822265625,0.340728759765625
2020-10-20,-1.398223876953125,3.034393310546875,-0.463653564453125,-1.955841064453125,2.076385498046875,-1.902130126953125
2020-10-21,0.084136962890625,5.333160400390625,0.644683837890625,0.387847900390625,4.896636962890625,2.881011962890625
2020-10-22,1.170318603515625,5.591217041015625,2.151763916015625,0.868560791015625,6.474029541015625,6.393951416015625
2020-10-23,3.860626220703125,7.594024658203125,4.949493408203125,3.271759033203125,8.095001220703125,5.492462158203125
2020-10-24,6.119293212890625,7.577301025390625,5.388824462890625,7.524566650390625,8.620269775390625,6.026519775390625
2020-10-25,3.215301513671875,4.688934326171875,4.270965576171875,2.973114013671875,7.019989013671875,2.411590576171875
2020-10-26,2.931732177734375,5.311614990234375,4.477630615234375,2.105560302734375,6.045989990234375,2.405364990234375
2020-10-27,2.540191650390625,6.225738525390625,2.857574462890625,4.246246337890625,4.573394775390625,1.896636962890625
2020-10-28,6.360595703125,6.252197265625,4.241455078125,4.797119140625,3.934814453125,1.673095703125
2020-10-29,7.324066162109375,6.476409912109375,5.908050537109375,6.542816162109375,7.354339599609375,3.576019287109375
2020-10-30,5.579315185546875,6.992401123046875,1.475799560546875,3.346893310546875,4.111541748046875,0.826385498046875
2020-10-31,8.755950927734375,7.689544677734375,6.120208740234375,7.882904052734375,5.195404052734375,4.806732177734375
2020-11-01,3.06396484375,5.44677734375,2.41552734375,3.33837890625,5.15380859375,2.62353515625
2020-11-02,5.02069091796875,8.38787841796875,4.05877685546875,5.20037841796875,7.77069091796875,4.51678466796875
2020-11-03,6.676971435546875,8.106658935546875,5.990447998046875,7.397674560546875,7.325408935546875,5.173065185546875
2020-11-04,9.531585693359377,8.919281005859375,6.670257568359375,8.899749755859375,8.526702880859375,7.655609130859375
2020-11-05,7.655059814453125,6.511505126953125,6.181427001953125,7.233184814453125,7.653106689453125,5.672637939453125
2020-11-06,4.629669189453125,3.557403564453125,3.761505126953125,5.085723876953125,5.541778564453125,3.180450439453125
2020-11-07,0.728973388671875,1.585418701171875,0.618621826171875,0.127410888671875,3.013153076171875,4.423309326171875
2020-11-08,1.649444580078125,3.623077392578125,2.886749267578125,2.800811767578125,2.788116455078125,5.863311767578125
2020-11-09,2.433746337890625,3.843902587890625,-1.616058349609375,0.257965087890625,0.885894775390625,-0.080902099609375
2020-11-10,1.985870361328125,1.926300048828125,-1.379364013671875,-0.036590576171875,1.135284423828125,2.209503173828125
2020-11-11,0.392852783203125,0.896759033203125,-0.301483154296875,-1.742889404296875,3.577423095703125,0.592071533203125
2020-11-12,1.056304931640625,3.555328369140625,1.968414306640625,1.560211181640625,4.239898681640625,1.775054931640625
2020-11-13,-1.931915283203125,1.172576904296875,-0.748321533203125,0.408905029296875,2.658905029296875,-0.855743408203125
2020-11-14,-1.381561279296875,1.952423095703125,-0.354217529296875,-0.320037841796875,1.849884033203125,-0.078826904296875
2020-11-15,-1.032562255859375,2.860992431640625,0.196929931640625,-1.730804443359375,3.038726806640625,0.377593994140625
2020-11-16,1.629730224609375,3.812347412109375,1.493988037109375,-0.384918212890625,6.035980224609375,1.438323974609375
2020-11-17,4.019775390625,3.336181640625,2.702392578125,3.978759765625,6.041259765625,3.247314453125
2020-11-18,0.003204345703125,1.371368408203125,-0.346405029296875,1.790313720703125,2.478790283203125,0.042266845703125
2020-11-19,-1.678070068359375,0.392242431640625,-1.045257568359375,-2.869476318359375,1.183258056640625,-1.296234130859375
2020-11-20,0.10296630859375,-1.59820556640625,-0.98297119140625,0.32757568359375,3.39300537109375,-1.35601806640625
2020-11-21,-1.696624755859375,-2.988616943359375,-4.649749755859375,-2.783538818359375,-1.286468505859375,-4.540374755859375
2020-11-22,-2.929779052734375,-1.753997802734375,-2.341888427734375,-1.836029052734375,1.992095947265625,-0.028411865234375
2020-11-23,1.926483154296875,1.774139404296875,-0.314727783203125,0.486053466796875,1.258514404296875,4.009490966796875
2020-11-24,-1.634674072265625,-1.702056884765625,-3.382720947265625,-1.537994384765625,0.133880615234375,-3.787017822265625
2020-11-25,-2.871551513671875,-2.086395263671875,-2.103973388671875,-2.992645263671875,-1.028778076171875,3.563018798828125
2020-11-26,-4.7017822265625,-1.6851806640625,-2.5406494140625,-3.8931884765625,1.6937255859375,1.6439208984375
2020-11-27,-4.78594970703125,0.29217529296875,-3.18927001953125,-3.81915283203125,0.77264404296875,-0.92364501953125
2020-11-28,-4.040771484375,-2.607177734375,-0.509521484375,-0.427490234375,3.752197265625,2.619384765625
2020-11-29,-2.340545654296875,-3.569061279296875,-3.536834716796875,-2.427459716796875,1.899688720703125,-2.474334716796875
2020-11-30,-5.5477294921875,-6.0330810546875,-8.0711669921875,-6.3358154296875,-4.0379638671875,-7.0955810546875
2020-12-01,-4.931488037109375,-4.548675537109375,-3.847503662109375,-5.145355224609375,2.380035400390625,-2.762542724609375
2020-12-02,-0.6358642578125,-0.5841064453125,-0.4063720703125,-2.2247314453125,3.2489013671875,-0.8028564453125
2020-12-03,0.519378662109375,1.549652099609375,1.945159912109375,0.719573974609375,5.326019287109375,0.098480224609375
2020-12-04,1.595794677734375,3.053802490234375,2.937591552734375,1.824310302734375,5.295013427734375,1.563568115234375
2020-12-05,0.608795166015625,2.481842041015625,-0.417572021484375,-0.937103271484375,2.378326416015625,-0.093353271484375
2020-12-06,4.108367919921875,4.901336669921875,2.582977294921875,3.710906982421875,7.261688232421875,1.165985107421875
2020-12-07,-0.712432861328125,0.498504638671875,0.446746826171875,0.091278076171875,2.675262451171875,-1.022979736328125
2020-12-08,3.030487060546875,3.185760498046875,1.160369873046875,1.606658935546875,4.931854248046875,1.088104248046875
2020-12-09,0.080535888671875,1.269012451171875,0.310028076171875,0.702606201171875,3.792449951171875,0.097137451171875
2020-12-10,-2.50244140625,-2.13818359375,-1.76708984375,-1.70849609375,1.75732421875,-2.24560546875
2020-12-11,-1.088592529296875,-0.779022216796875,-1.545623779296875,-0.820037841796875,3.350860595703125,-0.886444091796875
2020-12-12,0.433807373046875,-0.181427001953125,-0.620880126953125,0.348846435546875,2.782440185546875,-0.894317626953125
2020-12-13,0.715911865234375,-0.622955322265625,-1.419830322265625,-0.622955322265625,1.681732177734375,-2.330963134765625
2020-12-14,-0.746917724609375,-1.635589599609375,-4.171722412109375,-1.816253662109375,-0.982269287109375,-5.177581787109375
2020-12-15,-2.558685302734375,-0.593841552734375,-3.160247802734375,-2.526458740234375,2.983306884765625,-2.695404052734375
2020-12-16,-3.1981201171875,-0.7752685546875,-2.7381591796875,-1.8309326171875,2.0919189453125,-1.4676513671875
2020-12-17,-2.464385986328125,-0.117706298828125,-3.043487548828125,-2.172393798828125,-1.620635986328125,-0.492706298828125
2020-12-18,-3.66455078125,-2.70263671875,-4.46728515625,-3.53173828125,-0.67822265625,-3.69775390625
2020-12-19,-3.967681884765625,0.105560302734375,-4.015533447265625,-2.995025634765625,-0.035064697265625,-3.883697509765625
2020-12-20,-3.758148193359375,-2.856781005859375,-4.347991943359375,-3.705413818359375,-0.582366943359375,-1.514984130859375
2020-12-21,-1.057037353515625,0.279876708984375,-1.844146728515625,-0.756256103515625,1.113861083984375,-2.760162353515625
2020-12-22,-1.8538818359375,1.1236572265625,-1.0267333984375,-1.5843505859375,1.5738525390625,-2.4251708984375
2020-12-23,-1.983245849609375,-0.317230224609375,0.545074462890625,-0.791839599609375,3.088043212890625,0.554840087890625
2020-12-24,3.219512939453125,6.149200439453125,4.902130126953125,4.127716064453125,6.019317626953125,2.696075439453125
2020-12-25,2.876373291015625,2.873443603515625,1.530670166015625,2.517974853515625,4.325592041015625,1.065826416015625
2020-12-26,-3.036834716796875,-4.405975341796875,-5.319061279296875,-3.909881591796875,1.509063720703125,-2.944061279296875
2020-12-27,1.081085205078125,0.839874267578125,0.403350830078125,0.431671142578125,1.946319580078125,-2.105438232421875
2020-12-28,5.848602294921875,4.666961669921875,2.603485107421875,3.800750732421875,4.650360107421875,0.098602294921875
2020-12-29,2.185699462890625,2.721832275390625,3.788238525390625,2.641754150390625,5.107574462890625,1.751129150390625
2020-12-30,1.114105224609375,1.797698974609375,0.187347412109375,1.367034912109375,3.877777099609375,-0.167144775390625
2020-12-31,-3.041717529296875,-1.955780029296875,-1.510467529296875,-4.868865966796875,0.765899658203125,-2.732147216796875
2021-01-01,-2.803741455078125,-0.845733642578125,-3.312530517578125,-5.440460205078125,1.728485107421875,-2.611358642578125
2021-01-02,0.112091064453125,1.203887939453125,-1.155487060546875,-1.569549560546875,3.410919189453125,-1.900604248046875
2021-01-03,0.91217041015625,1.89166259765625,0.09381103515625,0.01373291015625,3.09869384765625,-0.57318115234375
2021-01-04,1.525848388671875,0.747528076171875,-0.163604736328125,0.702606201171875,1.578582763671875,-0.938995361328125
2021-01-05,-0.541839599609375,0.806793212890625,-0.152191162109375,-1.447113037109375,2.372222900390625,-1.477386474609375
2021-01-06,0.89129638671875,0.84442138671875,0.02117919921875,0.83563232421875,2.99774169921875,-1.51300048828125
2021-01-07,0.31048583984375,0.19720458984375,-0.50592041015625,0.43548583984375,3.02142333984375,-0.39947509765625
2021-01-08,-2.08599853515625,-3.71978759765625,-3.18756103515625,-2.91021728515625,4.02337646484375,-0.33697509765625
2021-01-09,-3.455413818359375,-4.591156005859375,-3.191741943359375,-3.277679443359375,3.278961181640625,-1.423187255859375
2021-01-10,-2.8262939453125,-3.8682861328125,-3.2462158203125,-1.5792236328125,7.9696044921875,1.0838623046875
2021-01-11,-3.75238037109375,-4.34710693359375,-4.36273193359375,-3.68109130859375,3.00836181640625,-1.19964599609375
2021-01-12,-4.568603515625,-6.209228515625,-4.569580078125,-4.942626953125,0.612060546875,-2.296142578125
2021-01-13,-14.300201416015623,-10.921295166015623,-12.641021728515623,-13.039459228515623,-12.044342041015623,-10.036529541015623
2021-01-14,-7.427642822265625,-7.787994384765625,-9.393463134765623,-8.616119384765625,-8.983306884765625,-10.626861572265623
2021-01-15,-6.946868896484375,-7.916595458984375,-10.624603271484377,-8.740814208984375,-9.646087646484377,-12.367767333984377
2021-01-16,-9.070892333984377,-10.091400146484377,-12.093353271484377,-10.316009521484377,-14.243743896484377,-13.735931396484377
2021-01-17,-8.978668212890625,-9.987457275390623,-11.777496337890623,-10.920074462890623,-12.220855712890623,-12.478668212890623
2021-01-18,-11.061309814453123,-10.481231689453123,-14.002716064453123,-14.203887939453123,-13.005645751953123,-18.028106689453125
2021-01-19,-12.073638916015623,-7.927154541015625,-8.418365478515625,-10.255279541015623,-2.278717041015625,-9.379302978515623
2021-01-20,-2.660064697265625,0.121185302734375,-1.979400634765625,-2.796783447265625,1.101654052734375,-1.642486572265625
2021-01-21,1.440673828125,3.925048828125,2.299072265625,2.483642578125,3.652587890625,0.645751953125
2021-01-22,4.887969970703125,4.911407470703125,2.265899658203125,3.529571533203125,3.570587158203125,0.802032470703125
2021-01-23,0.9620361328125,0.8409423828125,0.0968017578125,-0.7391357421875,1.0723876953125,-1.3592529296875
2021-01-24,2.159332275390625,1.698394775390625,0.571441650390625,0.528472900390625,3.160308837890625,-1.184417724609375
2021-01-25,-2.104400634765625,-1.764556884765625,-0.374908447265625,-0.047760009765625,2.034271240234375,-1.371978759765625
2021-01-26,-8.542205810546875,-7.580291748046875,-8.688690185546875,-7.489471435546875,-6.966033935546875,-8.769744873046875
2021-01-27,-7.834808349609375,-6.951995849609375,-9.546722412109377,-6.391448974609375,-13.112152099609377,-9.803558349609377
2021-01-28,-4.332733154296875,-3.214569091796875,-4.924530029296875,-3.827850341796875,-3.392303466796875,-5.784881591796875
2021-01-29,-0.151153564453125,-0.404083251953125,-1.156036376953125,0.032440185546875,1.421112060546875,-0.854278564453125
2021-01-30,-0.8612060546875,1.4805908203125,-0.0828857421875,-0.8319091796875,1.7159423828125,-1.2821044921875
2021-01-31,1.391265869140625,0.486968994140625,-0.447601318359375,-0.971038818359375,3.295562744140625,0.639312744140625
2021-02-01,-2.04779052734375,-0.82415771484375,0.38189697265625,-1.57025146484375,2.12213134765625,-0.57318115234375
2021-02-02,-2.398712158203125,-1.084259033203125,-2.692657470703125,-3.663360595703125,-0.344024658203125,-0.374298095703125
2021-02-03,-1.032318115234375,1.200103759765625,1.024322509765625,-0.708099365234375,1.669830322265625,-0.613372802734375
2021-02-04,-1.057037353515625,0.246673583984375,0.239837646484375,-0.817779541015625,1.913665771484375,1.341400146484375
2021-02-05,-0.43048095703125,0.93084716796875,0.26287841796875,-0.82110595703125,2.86444091796875,1.56072998046875
2021-02-06,1.195343017578125,3.403350830078125,2.424835205078125,0.143585205078125,3.977569580078125,1.766632080078125
2021-02-07,7.24932861328125,6.77374267578125,4.34307861328125,6.37432861328125,6.41339111328125,2.64190673828125
2021-02-08,-0.084930419921875,0.889678955078125,0.857452392578125,1.055694580078125,3.607452392578125,0.112335205078125
2021-02-09,-0.346099853515625,2.076751708984375,1.431243896484375,1.639251708984375,4.220306396484375,0.973236083984375
2021-02-10,5.8974609375,4.7880859375,3.537109375,3.15234375,6.724609375,1.25
2021-02-11,-9.033966064453123,-10.314239501953123,-11.396270751953123,-9.556427001953123,-5.608184814453125,-7.369903564453125
2021-02-12,-9.987701416015623,-11.674224853515623,-14.336334228515623,-11.256256103515623,-7.596099853515625,-12.322662353515623
2021-02-13,-11.296142578125,-12.897705078125,-14.873291015625,-13.967041015625,-11.273681640625,-15.136962890625
2021-02-14,-6.771636962890625,-8.587066650390625,-10.857574462890623,-8.870269775390625,-8.773590087890625,-13.541168212890623
2021-02-15,-9.395355224609377,-12.900238037109377,-15.926605224609377,-15.035980224609377,-13.858245849609377,-14.901214599609377
2021-02-16,-5.64251708984375,-7.87493896484375,-12.65618896484375,-8.04779052734375,-10.44232177734375,-12.04779052734375
2021-02-17,-1.164764404296875,-0.795623779296875,-4.428436279296875,-0.715545654296875,-5.154998779296875,-6.743865966796875
2021-02-18,-4.5938720703125,-5.0089111328125,-7.0870361328125,-7.0557861328125,-5.2989501953125,-6.3409423828125
2021-02-19,-1.6744384765625,-1.5406494140625,-0.8902587890625,-1.2681884765625,0.4827880859375,-4.3638916015625
2021-02-20,1.538238525390625,0.826324462890625,1.038238525390625,1.326324462890625,1.176910400390625,0.093902587890625
2021-02-21,-3.572845458984375,-2.543548583984375,-5.881439208984375,-3.175384521484375,-4.290618896484375,-3.703704833984375
2021-02-22,-3.618927001953125,2.170135498046875,-3.675567626953125,0.623260498046875,-3.216583251953125,-1.381622314453125
2021-02-23,0.260345458984375,3.511322021484375,-0.250396728515625,1.748626708984375,-1.507232666015625,-1.180084228515625
2021-02-24,-1.208282470703125,1.200897216796875,-0.311798095703125,0.527069091796875,2.873748779296875,3.522186279296875
2021-02-25,-2.409820556640625,0.869476318359375,-2.950836181640625,-0.159820556640625,1.322601318359375,-0.882476806640625
2021-02-26,0.236480712890625,4.446441650390625,-1.492034912109375,1.875152587890625,0.374176025390625,-0.446136474609375
2021-02-27,0.901580810546875,-0.488067626953125,-1.725372314453125,-0.119903564453125,2.243377685546875,-1.789825439453125
2021-02-28,-3.7291259765625,-3.4449462890625,-5.3912353515625,-3.3892822265625,-3.3385009765625,-5.7340087890625
2021-03-01,-0.045684814453125,-1.263458251953125,-4.214630126953125,-1.543731689453125,-1.350372314453125,-5.030059814453125
2021-03-02,-2.562042236328125,-1.831573486328125,-4.612823486328125,-1.995635986328125,-2.625518798828125,-5.720245361328125
2021-03-03,-4.13623046875,-0.01416015625,-4.98095703125,-3.91845703125,0.78271484375,-2.79443359375
2021-03-04,-3.419891357421875,-1.364227294921875,-4.101531982421875,-3.894500732421875,-1.378875732421875,-4.035125732421875
2021-03-05,1.858184814453125,1.549591064453125,0.675567626953125,1.406036376953125,2.982208251953125,-0.232635498046875
2021-03-06,-5.611785888671875,-7.715301513671875,-7.344207763671875,-5.227996826171875,-3.300262451171875,-6.371551513671875
2021-03-07,-5.086639404296875,-3.016326904296875,-5.523162841796875,-4.339569091796875,-1.937225341796875,-6.080780029296875
2021-03-08,-1.630645751953125,-1.805450439453125,-2.509552001953125,-1.663848876953125,0.125213623046875,-1.075958251953125
2021-03-09,-1.921844482421875,-2.480438232421875,-1.585906982421875,-1.787078857421875,3.336944580078125,-1.540008544921875
2021-03-10,-5.7545166015625,-6.1744384765625,-7.5592041015625,-7.9283447265625,-3.9381103515625,-6.8951416015625
2021-03-11,-6.385467529296875,-3.845428466796875,-5.324920654296875,-8.446014404296875,-3.898162841796875,-5.054412841796875
2021-03-12,2.406341552734375,3.337982177734375,2.187591552734375,-0.154205322265625,3.492279052734375,0.190521240234375
2021-03-13,-1.5562744140625,1.3880615234375,1.4183349609375,-1.2984619140625,3.8157958984375,0.0296630859375
2021-03-14,2.5538330078125,2.4932861328125,0.5831298828125,2.5050048828125,2.7725830078125,-0.7615966796875
2021-03-15,-1.92279052734375,-2.23529052734375,-3.83197021484375,-2.74896240234375,-1.39056396484375,-3.97161865234375
2021-03-16,-1.357513427734375,-2.705169677734375,-3.688568115234375,-2.607513427734375,-7.993255615234375,-4.652435302734375
2021-03-17,-2.298858642578125,-3.614288330078125,-6.391632080078125,-3.078155517578125,-5.366241455078125,-7.346710205078125
2021-03-18,-3.1236572265625,-5.7213134765625,-6.3375244140625,-4.2183837890625,-6.3004150390625,-9.1871337890625
2021-03-19,-4.786712646484375,-9.205657958984377,-6.914642333984375,-5.092376708984375,-5.612884521484375,-10.024993896484377
2021-03-20,-3.074462890625,-4.647705078125,-4.795166015625,-3.856689453125,-1.357666015625,-5.259033203125
2021-03-21,-2.242645263671875,-3.538543701171875,-4.393035888671875,-3.411590576171875,-0.744598388671875,-4.591278076171875
2021-03-22,-4.3699951171875,-5.0330810546875,-5.9110107421875,-4.7264404296875,-2.3172607421875,-6.2225341796875
2021-03-23,-1.854156494140625,-3.240875244140625,-4.880523681640625,-4.333648681640625,-6.785797119140625,-6.596343994140625
2021-03-24,-5.44842529296875,-6.04901123046875,-5.53143310546875,-7.82830810546875,-2.39373779296875,-7.51776123046875
2021-03-25,-5.215576171875,-4.798583984375,-7.329833984375,-5.966552734375,-8.891357421875,-8.992919921875
2021-03-26,-5.387115478515625,-4.344146728515625,-5.104888916015625,-2.995513916015625,-5.693756103515625,-6.385162353515625
2021-03-27,-1.814971923828125,-1.303253173828125,-2.222198486328125,-2.188995361328125,-0.891143798828125,-2.942901611328125
2021-03-28,-0.882232666015625,-2.139068603515625,-2.333404541015625,-0.541412353515625,-0.755279541015625,-2.692779541015625
2021-03-29,3.16162109375,2.50537109375,-0.51220703125,1.27685546875,1.48486328125,-0.42138671875
2021-03-30,4.69122314453125,3.45001220703125,1.99395751953125,3.87286376953125,4.05841064453125,0.92266845703125
2021-03-31,2.248260498046875,2.177947998046875,-0.014434814453125,1.655487060546875,1.352752685546875,-1.729278564453125
2021-04-01,1.26104736328125,4.21124267578125,-0.58758544921875,1.43975830078125,4.46417236328125,1.13214111328125
2021-04-02,5.043365478515625,4.771881103515625,2.753326416015625,4.348052978515625,7.156646728515625,1.933013916015625
2021-04-03,1.297088623046875,0.108612060546875,-1.303497314453125,-0.009552001953125,2.586151123046875,-1.731231689453125
2021-04-04,-1.710723876953125,-2.163848876953125,-4.049591064453125,-2.341583251953125,-3.981231689453125,-5.031036376953125
2021-04-05,-3.655059814453125,-0.674591064453125,-5.188262939453125,-4.549591064453125,2.481658935546875,-4.713653564453125
2021-04-06,-3.939483642578125,-5.405303955078125,-5.331085205078125,-4.154327392578125,4.537078857421875,-0.968780517578125
2021-04-07,-6.612701416015625,-8.274810791015625,-8.945709228515625,-6.654693603515625,-4.971099853515625,-6.382232666015625
2021-04-08,-12.489532470703123,-9.504180908203123,-11.717071533203123,-11.232696533203123,-9.408477783203123,-10.442657470703123
2021-04-09,-4.493865966796875,-2.813201904296875,-6.968475341796875,-7.738006591796875,-2.924530029296875,-7.381561279296875
2021-04-10,-2.269439697265625,-1.025299072265625,-5.117095947265625,-2.431549072265625,-0.901275634765625,-5.408111572265625
2021-04-11,1.14569091796875,2.63201904296875,-1.25274658203125,0.56854248046875,1.93865966796875,-1.62384033203125
2021-04-12,5.54437255859375,6.21429443359375,1.90081787109375,4.42523193359375,5.69866943359375,1.47894287109375
2021-04-13,0.274139404296875,-0.354766845703125,0.168670654296875,2.044647216796875,3.091522216796875,-0.347930908203125
2021-04-14,-0.6571044921875,-1.9051513671875,-3.9608154296875,-2.2117919921875,-2.1893310546875,-4.3114013671875
2021-04-15,-3.2265625,-4.28125,-6.6103515625,-3.5341796875,-3.33203125,-4.9208984375
2021-04-16,-2.45556640625,-2.85888671875,-3.25048828125,-1.98583984375,2.11376953125,-2.53759765625
2021-04-17,0.19805908203125,-0.96697998046875,-1.20916748046875,0.12384033203125,2.90509033203125,-1.24822998046875
2021-04-18,0.14483642578125,-0.12860107421875,-3.26922607421875,0.33331298828125,0.55792236328125,-0.34637451171875
2021-04-19,2.711090087890625,0.270660400390625,-1.044769287109375,0.944488525390625,1.716949462890625,-0.599456787109375
2021-04-20,-0.0709228515625,-0.5074462890625,-0.6295166015625,-0.9615478515625,2.1956787109375,-1.6148681640625
2021-04-21,-1.897674560546875,0.404083251953125,-0.753143310546875,-1.009979248046875,1.390411376953125,-2.261932373046875
2021-04-22,4.182464599609375,2.909027099609375,1.228363037109375,2.268402099609375,5.020355224609375,0.932464599609375
2021-04-23,1.429107666015625,0.369537353515625,-1.495697021484375,0.085357666015625,3.163482666015625,-0.656829833984375
2021-04-24,-0.153961181640625,-0.091461181640625,-0.808258056640625,0.748382568359375,0.635101318359375,-1.477203369140625
2021-04-25,1.752532958984375,1.477142333984375,0.005462646484375,0.892181396484375,0.708587646484375,-1.736724853515625
2021-04-26,5.13751220703125,4.88653564453125,1.54180908203125,3.03399658203125,7.20587158203125,0.10430908203125
2021-04-27,4.8017578125,4.2451171875,3.8515625,4.0439453125,6.51171875,1.048828125
2021-04-28,5.182861328125,5.425048828125,4.479736328125,4.672119140625,4.640869140625,1.207275390625
2021-04-29,7.86431884765625,8.91607666015625,4.91900634765625,6.74322509765625,5.05377197265625,2.62017822265625
2021-04-30,7.5179443359375,10.6107177734375,6.3675537109375,6.8656005859375,10.4437255859375,5.2904052734375
2021-05-01,11.572021484375,12.462646484375,9.616943359375,10.022216796875,13.551513671875,8.006591796875
2021-05-02,7.394561767578125,7.835968017578125,3.906280517578125,4.592803955078125,10.266632080078123,1.071319580078125
2021-05-03,8.05938720703125,6.58184814453125,4.26348876953125,7.12774658203125,4.76348876953125,4.25274658203125
2021-05-04,6.075347900390625,6.684722900390625,4.898590087890625,6.581207275390625,7.967926025390625,2.763824462890625
2021-05-05,6.147308349609375,6.214691162109375,3.833831787109375,4.374847412109375,5.521331787109375,1.514495849609375
2021-05-06,5.272796630859375,7.371429443359375,4.505218505859375,3.433929443359375,5.853851318359375,1.018890380859375
2021-05-07,7.810150146484375,5.672454833984375,5.401947021484375,6.049407958984375,6.776947021484375,2.494720458984375
2021-05-08,2.853118896484375,1.043548583984375,2.492767333984375,2.138275146484375,4.576751708984375,2.800384521484375
2021-05-09,5.341827392578125,8.706085205078125,4.502960205078125,4.835968017578125,8.660186767578125,3.447296142578125
2021-05-10,8.12078857421875,8.68328857421875,5.37078857421875,8.58660888671875,8.08953857421875,2.42254638671875
2021-05-11,9.12646484375,11.06103515625,8.94677734375,9.16943359375,11.16259765625,4.34912109375
2021-05-12,5.775054931640625,5.970367431640625,4.679351806640625,4.393218994140625,8.361968994140625,3.375640869140625
2021-05-13,3.78692626953125,5.41290283203125,5.21563720703125,6.24493408203125,8.57501220703125,3.89727783203125
2021-05-14,7.285064697265625,6.708892822265625,5.615142822265625,5.849517822265625,8.473541259765625,4.463775634765625
2021-05-15,6.25469970703125,6.30352783203125,4.71466064453125,5.42559814453125,8.00762939453125,4.00274658203125
2021-05-16,9.668731689453123,9.537872314453123,7.571075439453125,8.027130126953125,9.630645751953123,6.238067626953125
2021-05-17,7.228973388671875,7.243621826171875,5.687957763671875,7.956512451171875,9.235809326171877,6.361785888671875
2021-05-18,5.062835693359375,5.293304443359375,3.493499755859375,4.055999755859375,6.305023193359375,2.905609130859375
2021-05-19,6.268463134765625,5.703033447265625,5.536041259765625,6.045806884765625,7.903228759765625,5.187408447265625
2021-05-20,6.1370849609375,5.1107177734375,4.0277099609375,5.1282958984375,5.1995849609375,2.1614990234375
2021-05-21,4.113189697265625,7.062408447265625,3.739166259765625,3.365142822265625,5.097564697265625,2.336822509765625
2021-05-22,8.226593017578125,8.807647705078125,6.267608642578125,7.017608642578125,7.311553955078125,5.198272705078125
2021-05-23,10.661773681640623,11.426422119140623,8.388336181640625,9.418609619140623,10.597320556640623,7.311187744140625
2021-05-24,14.240966796875,17.587646484375,11.838623046875,12.934326171875,14.658935546875,10.895263671875
2021-05-25,13.15240478515625,11.37213134765625,7.20318603515625,11.36627197265625,9.39263916015625,5.87994384765625
2021-05-26,9.62420654296875,8.85076904296875,8.48651123046875,8.86151123046875,9.75018310546875,8.67010498046875
2021-05-27,10.087005615234377,9.962982177734377,7.156341552734375,9.024505615234377,9.627044677734377,7.607513427734375
2021-05-28,7.502838134765625,6.802642822265625,5.942291259765625,6.808502197265625,8.458892822265625,4.674713134765625
2021-05-29,10.0723876953125,8.0167236328125,6.6192626953125,7.9014892578125,10.7550048828125,7.3438720703125
2021-05-30,5.131561279296875,5.273162841796875,3.407928466796875,5.324920654296875,6.930389404296875,3.960662841796875
2021-05-31,6.208221435546875,5.209197998046875,4.285369873046875,5.993377685546875,4.240447998046875,3.018768310546875
2021-06-01,5.31341552734375,5.10247802734375,3.78509521484375,4.62396240234375,4.51361083984375,1.31536865234375
2021-06-02,7.268646240234375,7.175872802734375,5.660247802734375,6.795989990234375,5.227630615234375,3.593841552734375
2021-06-03,6.644561767578125,6.332061767578125,4.505889892578125,6.292022705078125,7.138702392578125,3.173858642578125
2021-06-04,8.197967529296875,7.090545654296875,7.014373779296875,7.571990966796875,7.436248779296875,4.895233154296875
2021-06-05,10.03594970703125,11.64044189453125,8.55157470703125,9.44024658203125,10.55645751953125,7.42657470703125
2021-06-06,11.98260498046875,10.97869873046875,10.33612060546875,11.84197998046875,12.66033935546875,8.97479248046875
2021-06-07,12.346343994140623,11.588531494140623,9.636383056640623,10.834625244140623,11.313140869140623,8.615875244140625
2021-06-08,12.33697509765625,11.46392822265625,8.98345947265625,10.64068603515625,10.39947509765625,7.55767822265625
2021-06-09,11.819793701171877,11.902801513671877,9.307098388671877,10.669403076171877,10.699676513671877,7.352020263671875
2021-06-10,11.065582275390623,10.835113525390623,9.027496337890623,10.515777587890623,10.360504150390623,7.338043212890625
2021-06-11,8.7972412109375,8.8802490234375,7.2884521484375,8.4349365234375,9.5589599609375,5.6380615234375
2021-06-12,10.56329345703125,10.95294189453125,7.12579345703125,9.33184814453125,8.95880126953125,6.04766845703125
2021-06-13,10.083282470703123,8.528594970703125,6.184844970703125,7.388946533203125,9.917266845703123,5.487579345703125
2021-06-14,6.588226318359375,6.684906005859375,4.605804443359375,5.088226318359375,6.831390380859375,3.472015380859375
2021-06-15,9.792144775390623,10.714996337890623,7.583160400390625,8.869293212890625,8.918121337890625,7.056793212890625
2021-06-16,10.560272216796877,10.346405029296877,8.937225341796875,11.122772216796877,12.454803466796877,8.751678466796875
2021-06-17,12.132354736328123,11.014190673828123,8.793487548828125,11.241729736328123,11.489776611328123,8.203643798828125
2021-06-18,13.40765380859375,13.83148193359375,10.19085693359375,12.11273193359375,12.49847412109375,9.68792724609375
2021-06-19,13.713836669921877,14.137664794921877,11.487274169921877,12.991180419921877,12.920867919921877,9.957000732421877
2021-06-20,13.650177001953123,13.508575439453123,12.271270751953123,14.534942626953123,14.579864501953123,11.002716064453123
2021-06-21,14.57684326171875,14.77410888671875,13.99383544921875,14.40203857421875,16.54949951171875,13.31024169921875
2021-06-22,14.017364501953123,16.488067626953125,13.397247314453123,14.422637939453123,15.568145751953123,13.106231689453123
2021-06-23,15.42022705078125,18.00421142578125,15.06964111328125,15.40362548828125,17.59210205078125,16.12530517578125
2021-06-24,16.0770263671875,18.9002685546875,15.4197998046875,15.8270263671875,18.9637451171875,14.8192138671875
2021-06-25,14.661041259765623,17.172760009765625,14.648345947265623,15.256744384765623,17.753814697265625,14.115142822265623
2021-06-26,16.90594482421875,15.26531982421875,13.02703857421875,15.07586669921875,15.45086669921875,13.76141357421875
2021-06-27,15.574737548828123,14.760284423828123,14.230010986328123,15.106964111328123,14.953643798828123,14.315948486328123
2021-06-28,15.302825927734377,17.091888427734375,13.510833740234377,15.021575927734377,15.027435302734377,12.334075927734377
2021-06-29,16.03363037109375,17.02386474609375,14.32952880859375,15.55706787109375,17.09710693359375,13.95745849609375
2021-06-30,16.356597900390625,17.137847900390625,15.049957275390623,15.671051025390623,17.897613525390625,14.575347900390623
2021-07-01,14.194000244140623,13.011383056640623,11.722320556640623,13.444976806640623,14.212554931640623,10.995758056640623
2021-07-02,12.95220947265625,12.36041259765625,11.21490478515625,13.21099853515625,13.55084228515625,9.69439697265625
2021-07-03,11.6337890625,11.294921875,9.4169921875,12.0732421875,11.654296875,9.328125
2021-07-04,13.397552490234377,13.233489990234377,11.641693115234377,12.850677490234377,14.678802490234377,10.955169677734377
2021-07-05,15.35089111328125,14.03350830078125,12.51690673828125,13.80694580078125,15.04229736328125,11.94561767578125
2021-07-06,14.424713134765623,13.579986572265623,13.637603759765623,14.944244384765623,14.325103759765623,12.353424072265623
2021-07-07,16.39739990234375,14.91107177734375,15.65032958984375,17.26458740234375,15.80364990234375,13.27142333984375
2021-07-08,17.89166259765625,17.85748291015625,15.96978759765625,15.74713134765625,17.39947509765625,17.53619384765625
2021-07-09,15.8697509765625,16.9273681640625,14.8638916015625,15.4888916015625,16.9146728515625,16.3218994140625
2021-07-10,15.074188232421877,14.643524169921877,13.402313232421877,14.415985107421877,16.414031982421875,15.159149169921877
2021-07-11,14.717987060546877,14.347869873046877,12.996307373046877,15.320526123046877,15.197479248046877,11.750213623046877
2021-07-12,15.08978271484375,15.72943115234375,13.61517333984375,14.25677490234375,15.50872802734375,12.43157958984375
2021-07-13,15.948333740234377,18.24716186523437,13.965911865234377,15.984466552734377,16.314544677734375,14.137786865234377
2021-07-14,16.06976318359375,17.74261474609375,13.45355224609375,17.03753662109375,16.64007568359375,13.46917724609375
2021-07-15,17.7501220703125,16.5245361328125,13.2139892578125,16.5938720703125,13.8575439453125,12.3536376953125
2021-07-16,16.134796142578125,15.426788330078123,13.369171142578123,14.762725830078123,12.648468017578123,12.349639892578123
2021-07-17,15.019317626953123,14.791778564453123,13.779083251953123,13.782989501953123,14.928497314453123,11.725372314453123
2021-07-18,15.251007080078123,14.671905517578123,13.734405517578123,14.881866455078123,15.924835205078123,13.436553955078123
2021-07-19,15.044769287109377,14.407073974609377,13.030120849609377,13.298675537109377,14.007659912109377,12.088714599609377
2021-07-20,13.253631591796877,13.786834716796877,11.826873779296877,13.032928466796877,14.303436279296877,12.062225341796877
2021-07-21,12.473388671875,12.004638671875,9.302490234375,10.456787109375,12.119873046875,7.950927734375
2021-07-22,11.94317626953125,11.16290283203125,10.32110595703125,10.73126220703125,12.52813720703125,10.66192626953125
2021-07-23,12.41363525390625,11.66168212890625,11.59820556640625,12.06207275390625,12.16070556640625,11.85406494140625
2021-07-24,12.820343017578123,14.296905517578123,11.636749267578123,11.130889892578123,13.119171142578123,10.183624267578123
2021-07-25,15.188751220703123,18.004180908203125,14.400665283203123,14.418243408203123,16.713165283203125,13.989532470703123
2021-07-26,15.142974853515623,17.912506103515625,13.862701416015623,15.607818603515623,16.228912353515625,14.312896728515623
2021-07-27,16.102203369140625,19.262359619140625,15.231109619140623,15.993804931640623,16.815093994140625,15.803375244140623
2021-07-28,14.992401123046877,19.246307373046875,15.142791748046877,15.614471435546877,18.163299560546875,14.911346435546877
2021-07-29,14.929290771484377,16.761322021484375,14.689056396484377,15.389251708984377,17.972259521484375,14.763275146484377
2021-07-30,17.92669677734375,17.20599365234375,15.01068115234375,17.37591552734375,15.28216552734375,13.24017333984375
2021-07-31,15.8980712890625,18.2261962890625,15.2847900390625,15.9117431640625,17.0406494140625,17.6793212890625
2021-08-01,17.431121826171875,21.638153076171875,16.631317138671875,17.519012451171875,20.147918701171875,15.768035888671877
2021-08-02,14.8046875,14.564453125,12.7509765625,14.3076171875,17.0146484375,12.884765625
2021-08-03,13.279998779296877,15.302459716796877,12.622772216796877,14.337615966796877,16.868865966796875,13.435272216796877
2021-08-04,17.139923095703125,20.045196533203125,16.207305908203125,16.279571533203125,20.526641845703125,14.981719970703123
2021-08-05,14.220916748046877,15.525604248046877,13.002166748046877,14.773651123046877,16.098846435546875,12.667205810546877
2021-08-06,13.349334716796877,13.301483154296877,11.974334716796877,14.110076904296877,13.112030029296877,12.557342529296877
2021-08-07,13.000457763671877,15.322723388671877,12.291473388671877,13.845184326171877,14.524871826171877,11.608856201171877
2021-08-08,15.552001953125,18.020751953125,14.472900390625,15.883056640625,16.784423828125,14.135009765625
2021-08-09,16.190948486328125,17.356964111328125,15.244659423828123,17.765167236328125,18.216339111328125,14.490753173828123
2021-08-10,17.936309814453125,17.699981689453125,16.394317626953125,17.128692626953125,18.522247314453125,16.359161376953125
2021-08-11,15.5169677734375,16.1273193359375,13.3870849609375,14.9105224609375,17.1243896484375,12.7249755859375
2021-08-12,14.7913818359375,14.7679443359375,14.4447021484375,14.7347412109375,17.4915771484375,15.6087646484375
2021-08-13,14.765777587890623,14.561676025390623,14.077301025390623,14.664215087890623,15.852691650390623,14.960113525390623
2021-08-14,15.423553466796877,15.038787841796877,14.383514404296877,15.707733154296877,16.470428466796875,14.820037841796877
2021-08-15,15.83489990234375,16.84564208984375,15.57122802734375,15.62689208984375,16.39935302734375,15.06341552734375
2021-08-16,15.46026611328125,17.63897705078125,15.04913330078125,15.13409423828125,17.10870361328125,14.10382080078125
2021-08-17,14.93695068359375,13.24456787109375,14.85101318359375,15.47503662109375,15.30511474609375,14.67523193359375
2021-08-18,9.883209228515623,9.286529541015623,10.312896728515623,12.405670166015623,13.649810791015623,10.177154541015623
2021-08-19,11.189605712890623,10.200347900390623,9.994293212890623,10.940582275390623,13.198394775390623,11.696441650390623
2021-08-20,14.8360595703125,13.2960205078125,12.4639892578125,14.0382080078125,15.1905517578125,13.9385986328125
2021-08-21,12.55413818359375,12.12933349609375,11.58929443359375,13.43499755859375,14.73675537109375,11.35101318359375
2021-08-22,13.161956787109377,13.764495849609377,12.522308349609377,12.833831787109377,13.726409912109377,14.133636474609377
2021-08-23,15.050628662109377,14.636566162109377,13.044769287109377,15.208831787109377,14.724456787109377,12.083831787109377
2021-08-24,14.973388671875,13.957763671875,13.135498046875,14.413818359375,14.939208984375,12.905029296875
2021-08-25,13.06695556640625,11.52008056640625,12.43902587890625,13.22027587890625,15.27691650390625,12.58062744140625
2021-08-26,10.61761474609375,11.00433349609375,11.67816162109375,11.14495849609375,14.69769287109375,11.23187255859375
2021-08-27,12.6168212890625,11.8238525390625,9.9293212890625,11.4869384765625,12.3775634765625,11.5328369140625
2021-08-28,11.652679443359377,10.735687255859377,11.555023193359377,13.130218505859377,15.196624755859377,11.216156005859377
2021-08-29,10.1993408203125,9.1280517578125,9.5743408203125,10.7344970703125,11.1729736328125,8.1934814453125
2021-08-30,8.261871337890625,8.660308837890625,7.292144775390625,7.855621337890625,8.991363525390625,6.143707275390625
2021-08-31,12.064208984375,11.871826171875,8.307373046875,9.667724609375,10.390380859375,6.965576171875
2021-09-01,9.93621826171875,8.90496826171875,6.75946044921875,8.25067138671875,10.13348388671875,7.73992919921875
2021-09-02,9.279388427734377,7.911224365234375,7.425872802734375,8.213958740234375,9.763763427734377,6.364349365234375
2021-09-03,8.532989501953125,8.633575439453125,9.816192626953123,7.507598876953125,8.769317626953125,9.328887939453123
2021-09-04,10.08892822265625,9.61431884765625,10.37310791015625,9.51861572265625,10.37506103515625,10.77545166015625
2021-09-05,12.021759033203123,11.420196533203123,8.591094970703125,10.497344970703123,12.655548095703123,10.457305908203123
2021-09-06,9.045257568359377,9.291351318359377,7.381195068359375,8.352874755859375,10.970062255859377,9.571624755859377
2021-09-07,7.658294677734375,7.695404052734375,7.817474365234375,6.999114990234375,9.328216552734377,9.281341552734377
2021-09-08,9.82623291015625,9.55181884765625,9.69830322265625,10.43853759765625,12.54595947265625,9.38092041015625
2021-09-09,8.8070068359375,7.4964599609375,7.8695068359375,8.6058349609375,11.5950927734375,10.2425537109375
2021-09-10,9.22430419921875,9.05340576171875,8.37567138671875,8.43035888671875,10.14031982421875,8.48992919921875
2021-09-11,10.9359130859375,12.0833740234375,9.9769287109375,10.5443115234375,11.8411865234375,8.6712646484375
2021-09-12,9.3765869140625,12.1490478515625,8.8804931640625,9.8111572265625,9.1490478515625,7.1431884765625
2021-09-13,10.15386962890625,10.29547119140625,8.69488525390625,10.23394775390625,9.85504150390625,6.63629150390625
2021-09-14,10.130218505859377,10.116546630859377,9.716156005859377,11.281585693359377,10.047210693359377,8.610687255859375
2021-09-15,10.763336181640623,13.064117431640623,10.446929931640623,10.618804931640623,13.012359619140623,9.518218994140623
2021-09-16,13.208526611328123,13.660675048828123,11.759307861328123,12.230010986328123,14.193878173828123,11.035675048828123
2021-09-17,12.422149658203123,12.756134033203123,12.579376220703123,12.631134033203123,15.096954345703123,11.261016845703123
2021-09-18,10.231475830078123,11.112335205078123,11.749053955078123,11.402374267578123,13.525421142578123,10.515655517578123
2021-09-19,11.078521728515623,11.241607666015623,12.081451416015623,11.064849853515623,14.983795166015623,11.772857666015623
2021-09-20,10.218292236328123,7.797393798828125,9.211456298828123,9.930206298828123,11.521026611328123,9.478057861328123
2021-09-21,7.8533935546875,6.4949951171875,6.8533935546875,7.7860107421875,9.9803466796875,7.1522216796875
2021-09-22,7.178619384765625,5.602447509765625,4.698150634765625,5.827056884765625,6.561431884765625,3.217681884765625
2021-09-23,2.006591796875,3.730224609375,1.909912109375,1.760498046875,4.750732421875,2.208740234375
2021-09-24,5.69293212890625,8.80816650390625,4.37261962890625,6.35015869140625,6.86187744140625,4.38726806640625
2021-09-25,8.101776123046875,9.507049560546877,8.349822998046875,8.450408935546875,9.635955810546877,9.762908935546877
2021-09-26,10.5712890625,12.546875,10.06640625,12.1826171875,12.611328125,10.9150390625
2021-09-27,13.27984619140625,13.96734619140625,10.42437744140625,11.17926025390625,14.28570556640625,9.76129150390625
2021-09-28,12.514923095703123,11.782501220703123,9.163360595703123,10.655548095703123,11.862579345703123,9.755157470703123
2021-09-29,9.59503173828125,10.67218017578125,8.77862548828125,9.63116455078125,11.40655517578125,9.39971923828125
2021-09-30,10.564361572265623,9.177642822265623,9.007720947265623,9.932525634765623,10.214752197265623,7.593658447265625
2021-10-01,5.091217041015625,4.630279541015625,3.913482666015625,3.072662353515625,6.116607666015625,4.418365478515625
2021-10-02,6.3646240234375,6.8431396484375,6.5238037109375,4.3450927734375,7.7396240234375,5.4339599609375
2021-10-03,5.405181884765625,8.317291259765625,4.547760009765625,5.335845947265625,6.668853759765625,4.777252197265625
2021-10-04,5.834320068359375,8.318695068359375,5.680999755859375,5.327484130859375,6.909515380859375,5.731781005859375
2021-10-05,9.008697509765623,10.258697509765623,7.743072509765625,6.860260009765625,11.191314697265623,7.723541259765625
2021-10-06,10.731658935546877,9.885955810546877,9.280487060546877,9.508026123046877,12.138885498046877,8.089080810546875
2021-10-07,8.923919677734375,7.225677490234375,5.945404052734375,7.174896240234375,9.717864990234377,5.321380615234375
2021-10-08,3.847137451171875,2.477996826171875,2.856903076171875,3.847137451171875,7.482879638671875,3.648895263671875
2021-10-09,3.465423583984375,2.784759521484375,2.853118896484375,4.303314208984375,7.461517333984375,3.252532958984375
2021-10-10,6.455291748046875,6.084197998046875,6.175018310546875,7.093963623046875,9.694549560546877,5.826385498046875
2021-10-11,4.284149169921875,3.474578857421875,2.644500732421875,3.887664794921875,6.406219482421875,3.420867919921875
2021-10-12,3.703704833984375,2.951751708984375,1.529876708984375,3.657806396484375,5.131439208984375,1.879486083984375
2021-10-13,0.981842041015625,0.642974853515625,0.561920166015625,1.988677978515625,4.785552978515625,0.477935791015625
2021-10-14,1.443084716796875,0.101287841796875,-0.859649658203125,0.602264404296875,3.941131591796875,-0.778594970703125
2021-10-15,3.027008056640625,2.406890869140625,1.107086181640625,2.405914306640625,5.822906494140625,1.803375244140625
2021-10-16,4.72723388671875,1.33465576171875,0.81610107421875,3.16668701171875,5.19403076171875,2.22723388671875
2021-10-17,1.630340576171875,0.492645263671875,1.607879638671875,2.539520263671875,6.769012451171875,3.720184326171875
2021-10-18,2.52716064453125,2.52032470703125,2.45196533203125,3.19903564453125,5.32403564453125,4.07110595703125
2021-10-19,0.905364990234375,1.946380615234375,1.733489990234375,2.591888427734375,4.495208740234375,1.418060302734375
2021-10-20,3.814910888671875,5.420379638671875,5.762176513671875,3.318817138671875,4.357879638671875,1.528778076171875
2021-10-21,7.119140625,8.4091796875,7.537109375,5.6943359375,10.005859375,6.74609375
2021-10-22,7.972137451171875,8.837371826171875,8.462371826171875,8.095184326171875,11.212371826171877,7.685028076171875
2021-10-23,4.944183349609375,3.242034912109375,3.201995849609375,3.969573974609375,7.993988037109375,4.349456787109375
2021-10-24,-1.919158935546875,-1.984588623046875,-2.818572998046875,-2.805877685546875,2.001739501953125,-0.458221435546875
2021-10-25,-0.2906494140625,0.8988037109375,-1.5689697265625,-1.8590087890625,0.7376708984375,2.2513427734375
2021-10-26,0.305145263671875,3.614715576171875,0.493621826171875,0.426239013671875,1.640106201171875,0.557098388671875
2021-10-27,-3.413421630859375,-2.461273193359375,-2.301116943359375,-2.279632568359375,4.067047119140625,3.400054931640625
2021-10-28,-0.49761962890625,0.63031005859375,-1.79351806640625,-1.23590087890625,4.92620849609375,5.54534912109375
2021-10-29,0.623077392578125,3.368194580078125,0.598663330078125,-0.506805419921875,2.813507080078125,5.542022705078125
2021-10-30,0.49603271484375,2.32806396484375,0.85833740234375,-1.73443603515625,3.49700927734375,1.71771240234375
2021-10-31,-1.899810791015625,1.721282958984375,0.057220458984375,-1.760162353515625,2.941009521484375,-0.040435791015625
2021-11-01,3.854278564453125,6.246856689453125,4.579864501953125,3.051544189453125,8.193145751953125,4.698028564453125
2021-11-02,2.556427001953125,3.867950439453125,2.674591064453125,3.138458251953125,7.025177001953125,2.673614501953125
2021-11-03,11.684478759765623,10.683502197265623,9.047760009765623,10.897369384765623,10.844635009765623,8.014556884765625
2021-11-04,13.433197021484377,11.995697021484377,11.121673583984377,10.430267333984377,12.557220458984377,7.564056396484375
2021-11-05,5.5726318359375,4.4886474609375,7.7503662109375,8.4066162109375,11.9173583984375,7.1195068359375
2021-11-06,7.862335205078125,9.078155517578123,6.822296142578125,7.502960205078125,10.040069580078123,8.765655517578125
2021-11-07,7.065155029296875,12.245819091796877,6.265350341796875,6.741912841796875,13.031951904296877,6.344451904296875
2021-11-08,4.829345703125,4.315673828125,6.918212890625,7.268798828125,10.302001953125,6.585205078125
2021-11-09,1.774078369140625,2.321929931640625,3.010406494140625,3.869781494140625,8.131500244140625,3.549468994140625
2021-11-10,3.373992919921875,1.875946044921875,5.748016357421875,1.921844482421875,7.787078857421875,6.094696044921875
2021-11-11,2.875213623046875,1.138885498046875,4.385955810546875,1.632049560546875,6.191619873046875,6.976776123046875
2021-11-12,1.71185302734375,1.52923583984375,1.62493896484375,0.68548583984375,4.34759521484375,2.05267333984375
2021-11-13,0.590240478515625,3.040435791015625,1.365631103515625,0.051177978515625,5.733795166015625,2.223052978515625
2021-11-14,3.427642822265625,2.541900634765625,2.704010009765625,1.675689697265625,4.608306884765625,1.040924072265625
2021-11-15,1.466552734375,0.862060546875,-0.648681640625,0.614013671875,4.715576171875,0.321044921875
2021-11-16,0.488800048828125,1.252471923828125,0.300323486328125,0.545440673828125,3.245635986328125,-0.382293701171875
2021-11-17,3.015045166015625,4.128326416015625,2.840240478515625,2.828521728515625,5.356842041015625,1.096099853515625
2021-11-18,1.646148681640625,0.516265869140625,0.329742431640625,1.185211181640625,4.526031494140625,0.992828369140625
2021-11-19,4.13031005859375,3.41741943359375,2.45843505859375,3.06976318359375,5.30023193359375,1.57855224609375
2021-11-20,-1.742218017578125,-0.174835205078125,-3.389678955078125,-2.209014892578125,1.668914794921875,-2.020538330078125
2021-11-21,0.597808837890625,5.185699462890625,5.162261962890625,3.665191650390625,8.134918212890625,5.732574462890625
2021-11-22,5.011016845703125,3.700469970703125,4.446563720703125,5.583282470703125,7.607696533203125,4.497344970703125
2021-11-23,0.699920654296875,-0.788360595703125,-0.963165283203125,0.481170654296875,3.410858154296875,-0.550079345703125
2021-11-24,-2.296539306640625,-0.753570556640625,-1.511383056640625,-2.311187744140625,1.681976318359375,-1.411773681640625
2021-11-25,2.989776611328125,3.328643798828125,2.290557861328125,1.597198486328125,7.203643798828125,2.649932861328125
2021-11-26,5.666656494140625,4.658843994140625,2.452789306640625,4.944976806640625,5.071929931640625,0.368804931640625
2021-11-27,4.6788330078125,3.8204345703125,3.7647705078125,2.8048095703125,5.6036376953125,2.1632080078125
2021-11-28,4.581024169921875,3.676727294921875,2.511688232421875,3.853485107421875,4.723602294921875,1.099578857421875
2021-11-29,-3.006317138671875,-4.395965576171875,-4.533660888671875,-3.226043701171875,0.794464111328125,-3.367645263671875
2021-11-30,-6.580841064453125,-4.230255126953125,-6.666778564453125,-5.806427001953125,-2.516387939453125,-7.244903564453125
2021-12-01,2.508941650390625,2.431793212890625,0.742340087890625,0.668121337890625,1.977691650390625,-0.614105224609375
2021-12-02,5.952178955078125,4.987335205078125,2.977569580078125,5.226593017578125,4.360382080078125,2.099639892578125
2021-12-03,-1.528076171875,-3.601318359375,-2.643310546875,-1.322021484375,2.123291015625,-1.967529296875
2021-12-04,-2.110443115234375,-0.301849365234375,-0.805755615234375,-1.914154052734375,0.359283447265625,-2.975677490234375
2021-12-05,1.998809814453125,2.251739501953125,1.526153564453125,2.133575439453125,4.036895751953125,0.596466064453125
2021-12-06,-1.662322998046875,-2.970916748046875,-3.620330810546875,-2.501190185546875,0.462677001953125,-2.994354248046875
2021-12-07,-3.826416015625,-5.400634765625,-6.666259765625,-4.860595703125,-4.020751953125,-6.973876953125
2021-12-08,-3.254302978515625,-0.249420166015625,-1.452545166015625,-5.485748291015625,1.503509521484375,-3.141021728515625
2021-12-09,-0.44720458984375,-1.76751708984375,-2.38568115234375,-0.95697021484375,1.26959228515625,-3.04388427734375
2021-12-10,0.246612548828125,-0.998504638671875,-0.738739013671875,-0.661590576171875,1.583526611328125,-1.767059326171875
2021-12-11,-1.044647216796875,-1.874725341796875,-2.614959716796875,-1.626678466796875,0.653594970703125,-2.477264404296875
2021-12-12,-3.817474365234375,-5.081146240234375,-6.108489990234375,-5.154388427734375,-3.104583740234375,-6.348724365234375
2021-12-13,-2.363861083984375,-3.880462646484375,-4.947845458984375,-3.657806396484375,-2.202728271484375,-6.322845458984375
2021-12-14,-4.2872314453125,-5.0889892578125,-8.1212158203125,-7.2579345703125,-4.6397705078125,-8.3907470703125
2021-12-15,-2.133392333984375,-3.511322021484375,-4.199798583984375,-3.400970458984375,-1.749603271484375,-6.180267333984375
2021-12-16,-0.0557861328125,-1.3233642578125,-2.2384033203125,-1.2296142578125,0.3983154296875,-3.0557861328125
2021-12-17,-2.87225341796875,-4.16424560546875,-5.11737060546875,-4.10760498046875,-2.67108154296875,-6.00799560546875
2021-12-18,-3.801483154296875,-4.955780029296875,-6.608123779296875,-5.316131591796875,-5.341522216796875,-8.415740966796875
2021-12-19,-6.32415771484375,-3.66204833984375,-8.72161865234375,-7.12103271484375,-6.13177490234375,-4.16302490234375
2021-12-20,-5.65203857421875,-5.91375732421875,-8.37860107421875,-7.38153076171875,-9.05438232421875,-9.92254638671875
2021-12-21,-17.310470581054688,-15.396392822265623,-16.531158447265625,-16.316314697265625,-12.287994384765623,-8.496978759765625
2021-12-22,-11.284912109375,-14.201904296875,-11.554443359375,-12.243896484375,-9.055419921875,-12.567138671875
2021-12-23,0.625335693359375,-0.491851806640625,-1.609039306640625,-0.579742431640625,-0.044586181640625,-3.540679931640625
2021-12-24,4.064666748046875,3.400604248046875,1.560760498046875,2.869354248046875,3.319549560546875,0.094940185546875
2021-12-25,6.236297607421875,5.347625732421875,3.415008544921875,4.764617919921875,4.317352294921875,2.186492919921875
2021-12-26,2.913970947265625,3.331939697265625,2.789947509765625,3.821197509765625,4.961822509765625,1.599517822265625
2021-12-27,-0.78302001953125,-0.96173095703125,0.79608154296875,-0.18048095703125,4.16815185546875,0.52947998046875
2021-12-28,-2.119537353515625,-1.634185791015625,-3.325592041015625,-1.837310791015625,-0.741607666015625,-2.721099853515625
2021-12-29,2.267974853515625,0.995513916015625,0.301177978515625,1.544342041015625,1.243560791015625,-0.716400146484375
2021-12-30,-0.622589111328125,-2.573760986328125,-2.989776611328125,-1.381378173828125,0.872528076171875,-3.412628173828125
2021-12-31,-0.845428466796875,0.802032470703125,-2.794647216796875,-1.654998779296875,1.452423095703125,0.755157470703125
2022-01-01,4.859954833984375,4.259368896484375,2.713470458984375,3.847259521484375,5.783782958984375,0.712493896484375
2022-01-02,-1.587188720703125,1.353240966796875,-0.730743408203125,-1.648712158203125,4.498748779296875,-0.625274658203125
2022-01-03,-3.103179931640625,-0.388336181640625,0.097991943359375,-0.773101806640625,4.753265380859375,-0.272125244140625
2022-01-04,0.938262939453125,4.282012939453125,3.298614501953125,1.611114501953125,4.751739501953125,1.561309814453125
2022-01-05,8.293304443359375,6.805999755859375,4.987640380859375,5.664398193359375,6.246429443359375,2.916351318359375
2022-01-06,-1.408355712890625,-2.867340087890625,-2.823394775390625,-1.688629150390625,2.443206787109375,-1.527496337890625
2022-01-07,-1.413330078125,-1.822509765625,-2.423095703125,-1.523681640625,3.020263671875,-2.210205078125
2022-01-08,-1.355621337890625,-1.468902587890625,0.352386474609375,1.177581787109375,3.339691162109375,0.168792724609375
2022-01-09,-2.533782958984375,-2.992767333984375,-1.712493896484375,0.150787353515625,0.746490478515625,-1.084564208984375
2022-01-10,-5.94012451171875,-6.53094482421875,-7.85223388671875,-6.74481201171875,-3.15887451171875,-6.33660888671875
2022-01-11,-7.189117431640625,-8.183258056640625,-8.828765869140625,-7.972320556640625,-3.293609619140625,-7.198883056640625
2022-01-12,-11.476043701171877,-10.382293701171877,-12.375457763671877,-11.140106201171877,-8.953582763671875,-13.098114013671877
2022-01-13,-15.439117431640623,-11.891265869140623,-15.022125244140623,-14.012359619140623,-6.579742431640625,-9.989898681640623
2022-01-14,-4.897674560546875,-1.039276123046875,-3.807830810546875,-4.650604248046875,-2.002166748046875,-5.091033935546875
2022-01-15,-12.551849365234377,-7.990325927734375,-12.752044677734377,-13.966888427734377,-4.675872802734375,-10.113372802734377
2022-01-16,-11.175201416015623,-6.599029541015625,-6.402740478515625,-6.120513916015625,1.684173583984375,-3.478912353515625
2022-01-17,-0.667266845703125,-1.970977783203125,-2.869415283203125,-1.836212158203125,-2.245391845703125,-4.142852783203125
2022-01-18,-8.372039794921875,-6.864227294921875,-10.413055419921877,-9.495086669921877,-7.309539794921875,-9.170867919921877
2022-01-19,-13.884063720703123,-8.119415283203125,-9.818634033203123,-14.222930908203123,-5.041290283203125,-8.059844970703125
2022-01-20,-1.593597412109375,-2.741058349609375,-2.760589599609375,-2.772308349609375,0.753082275390625,-2.725433349609375
2022-01-21,-16.304412841796875,-14.766326904296877,-15.550506591796877,-14.411834716796877,-11.870819091796877,-13.701873779296877
2022-01-22,-6.425933837890625,-8.506988525390625,-9.111480712890623,-8.068511962890625,-9.719879150390623,-11.626129150390623
2022-01-23,-8.044586181640625,-9.814117431640623,-10.550445556640623,-9.120758056640623,-13.717437744140623,-12.480133056640623
2022-01-24,-16.171539306640625,-17.019195556640625,-16.970367431640625,-17.359039306640625,-14.152008056640623,-17.332672119140625
2022-01-25,-13.013336181640623,-13.573883056640623,-15.401031494140623,-15.345367431640623,-10.804351806640623,-14.715484619140623
2022-01-26,-4.980133056640625,-3.819000244140625,-6.160797119140625,-4.330718994140625,-7.141265869140625,-9.023101806640623
2022-01-27,-13.132965087890623,-6.063629150390625,-9.240386962890623,-10.400543212890623,-7.058746337890625,-7.572418212890625
2022-01-28,-4.56890869140625,-4.74859619140625,-6.45465087890625,-4.90777587890625,-4.23101806640625,-7.04840087890625
2022-01-29,-16.513214111328125,-11.970245361328123,-15.542510986328123,-15.639190673828123,-7.290557861328125,-11.663604736328123
2022-01-30,-6.097442626953125,-5.029083251953125,-8.586700439453125,-8.408966064453125,-4.211700439453125,-6.775177001953125
2022-01-31,-3.064453125,-3.1533203125,-4.1533203125,-3.82421875,-0.41015625,-4.779296875
2022-02-01,-5.843475341796875,-5.417694091796875,-6.190155029296875,-5.002655029296875,-3.241912841796875,-7.087615966796875
2022-02-02,-2.937896728515625,-4.220123291015625,-5.279693603515625,-4.100006103515625,-5.634185791015625,-5.765045166015625
2022-02-03,-13.3681640625,-9.123046875,-11.3564453125,-12.1845703125,-6.896484375,-10.291015625
2022-02-04,-6.47698974609375,-3.34222412109375,-3.92230224609375,-7.45355224609375,-1.28265380859375,-4.62347412109375
2022-02-05,0.097930908203125,-0.798553466796875,-1.343475341796875,-1.286834716796875,0.571563720703125,-2.826873779296875
2022-02-06,-2.083709716796875,0.726837158203125,0.739532470703125,0.440704345703125,1.055938720703125,-1.055389404296875
2022-02-07,-3.272003173828125,-4.584503173828125,-5.786651611328125,-4.912628173828125,-3.694854736328125,-6.468292236328125
2022-02-08,-2.985107421875,-3.006591796875,-5.292724609375,-4.712646484375,-6.562255859375,-5.905029296875
2022-02-09,-6.028350830078125,-1.766632080078125,-4.169952392578125,-3.961944580078125,-2.110382080078125,-4.261749267578125
2022-02-10,-8.699920654296875,-1.667694091796875,-4.360076904296875,-4.837615966796875,-4.107147216796875,-2.523162841796875
2022-02-11,1.197784423828125,0.745635986328125,-4.451629638671875,-3.912567138671875,-3.414520263671875,-4.434051513671875
2022-02-12,-8.286224365234375,-6.091888427734375,-4.828216552734375,-6.622161865234375,-1.879974365234375,-4.291107177734375
2022-02-13,-5.855712890625,-4.022705078125,-4.090087890625,-4.477783203125,-0.566650390625,-2.453369140625
2022-02-14,-2.458221435546875,-0.366424560546875,-1.318572998046875,-3.716033935546875,2.249786376953125,-1.408416748046875
2022-02-15,0.543243408203125,2.214141845703125,0.538360595703125,0.831329345703125,3.045196533203125,0.423126220703125
2022-02-16,-1.251861572265625,-0.851470947265625,-0.947174072265625,-0.811431884765625,1.920989990234375,0.155364990234375
2022-02-17,-1.90301513671875,0.40850830078125,-1.91864013671875,-0.77313232421875,0.87530517578125,-2.60614013671875
2022-02-18,-2.297698974609375,0.966949462890625,-1.002777099609375,-4.713714599609375,-1.956878662109375,0.173004150390625
2022-02-19,2.291595458984375,-0.099029541015625,1.844329833984375,2.261322021484375,6.002532958984375,0.833587646484375
2022-02-20,0.303375244140625,-0.279632568359375,1.177398681640625,2.547515869140625,6.114898681640625,1.970367431640625
2022-02-21,2.005523681640625,0.531890869140625,0.496734619140625,0.721343994140625,3.581695556640625,0.156890869140625
2022-02-22,-3.642669677734375,-3.304779052734375,-4.515716552734375,-3.554779052734375,-0.292083740234375,-4.438568115234375
2022-02-23,-2.134429931640625,-2.544586181640625,-4.116851806640625,-4.122711181640625,-2.679351806640625,-4.242828369140625
2022-02-24,-5.6021728515625,-6.2125244140625,-8.8424072265625,-7.1051025390625,-4.0260009765625,-7.2281494140625
2022-02-25,1.418243408203125,0.116485595703125,-2.766326904296875,-0.459686279296875,-3.838592529296875,-5.903045654296875
2022-02-26,-1.171539306640625,-2.339508056640625,-3.514312744140625,-1.990875244140625,0.310882568359375,-3.571929931640625
2022-02-27,-2.818939208984375,-4.072845458984375,-5.180267333984375,-4.266204833984375,-1.937103271484375,-5.678314208984375
2022-02-28,-3.120635986328125,-4.864776611328125,-5.934112548828125,-8.124542236328125,-4.115753173828125,-7.935089111328125
2022-03-01,-4.838653564453125,-5.039825439453125,-5.870880126953125,-4.599395751953125,-4.172637939453125,-9.399200439453123
2022-03-02,-4.4798583984375,-4.6546630859375,-7.2962646484375,-4.5823974609375,-8.3031005859375,-7.9564208984375
2022-03-03,-9.145477294921877,-10.798797607421877,-7.318328857421875,-6.340789794921875,-3.666961669921875,-9.285125732421877
2022-03-04,-3.395111083984375,-6.491790771484375,-8.196868896484375,-5.541595458984375,-3.238861083984375,-5.315032958984375
2022-03-05,-3.532928466796875,-5.330780029296875,-5.652069091796875,-3.869842529296875,-1.443084716796875,-5.321990966796875
2022-03-06,-4.3043212890625,-5.8717041015625,-5.1646728515625,-4.7261962890625,-0.4117431640625,-4.4937744140625
2022-03-07,-3.768218994140625,-5.303375244140625,-6.081695556640625,-5.511383056640625,-4.696929931640625,-6.568023681640625
2022-03-08,-6.249420166015625,-8.330474853515625,-7.769927978515625,-8.472076416015625,-6.049224853515625,-12.375396728515623
2022-03-09,-2.067535400390625,-4.166168212890625,-5.047027587890625,-3.937652587890625,-5.077301025390625,-7.060699462890625
2022-03-10,-8.579010009765625,-8.399322509765625,-7.767486572265625,-6.748931884765625,-5.955963134765625,-9.655181884765623
2022-03-11,-7.690216064453125,-11.610137939453123,-11.430450439453123,-11.031036376953123,-13.829864501953123,-13.058380126953123
2022-03-12,-15.017608642578123,-15.818389892578123,-12.197296142578123,-11.625030517578123,-14.750030517578123,-16.115264892578125
2022-03-13,-8.072845458984375,-10.715423583984377,-11.836517333984377,-5.148040771484375,-9.795501708984377,-12.978118896484377
2022-03-14,-6.270233154296875,-7.281951904296875,-8.523162841796875,-4.179412841796875,-6.194061279296875,-9.904022216796877
2022-03-15,-2.33282470703125,-0.81329345703125,-3.06231689453125,-2.71173095703125,-0.87384033203125,-4.96661376953125
2022-03-16,2.954498291015625,1.106842041015625,0.939849853515625,2.141998291015625,2.699615478515625,-0.463470458984375
2022-03-17,-1.092193603515625,-2.816802978515625,-1.603912353515625,-1.324615478515625,-1.182037353515625,-2.975006103515625
2022-03-18,-5.265045166015625,-11.941802978515623,-7.976959228515625,-8.165435791015625,-5.167388916015625,-6.549224853515625
2022-03-19,-5.336212158203125,-9.829376220703123,-10.568634033203123,-8.332305908203125,-6.430938720703125,-11.648712158203123
2022-03-20,-4.912872314453125,-12.126739501953123,-8.824005126953125,-7.674591064453125,-6.470489501953125,-9.397247314453123
2022-03-21,-3.021820068359375,-3.840179443359375,-8.947601318359375,-5.028656005859375,-4.320648193359375,-9.816741943359377
2022-03-22,0.03973388671875,0.49774169921875,-4.04425048828125,-2.16143798828125,-0.71514892578125,-4.48858642578125
2022-03-23,-1.286651611328125,0.067840576171875,-2.793487548828125,-1.884307861328125,-0.832550048828125,-5.572784423828125
2022-03-24,1.447540283203125,1.619415283203125,-2.693084716796875,0.005157470703125,-0.390350341796875,-2.820037841796875
2022-03-25,-1.355560302734375,-3.366302490234375,0.329010009765625,0.426666259765625,-1.555755615234375,-4.102630615234375
2022-03-26,-0.178802490234375,3.421783447265625,-3.663177490234375,0.444244384765625,-0.111419677734375,-2.836029052734375
2022-03-27,-0.041717529296875,-1.085662841796875,1.652618408203125,1.200469970703125,1.104766845703125,2.396759033203125
2022-03-28,-1.638824462890625,0.076995849609375,1.053558349609375,0.522308349609375,4.085784912109375,-1.017730712890625
2022-03-29,-1.506927490234375,1.369049072265625,1.289947509765625,0.587799072265625,2.594635009765625,-1.952239990234375
2022-03-30,5.391998291015625,4.827545166015625,3.675201416015625,3.444732666015625,6.315826416015625,2.125396728515625
2022-03-31,7.774688720703125,6.010040283203125,4.791290283203125,6.303985595703125,6.547149658203125,2.592071533203125
2022-04-01,3.9310302734375,3.4144287109375,1.9310302734375,3.8294677734375,4.0550537109375,0.9837646484375
2022-04-02,-2.046112060546875,-2.231658935546875,-2.365447998046875,-1.173065185546875,-0.359588623046875,-3.193572998046875
2022-04-03,-2.62774658203125,-3.50372314453125,-2.25762939453125,-1.28106689453125,0.33123779296875,-3.04473876953125
2022-04-04,-3.620941162109375,-1.763519287109375,-4.835784912109375,-3.840667724609375,-3.795745849609375,-7.624847412109375
2022-04-05,-1.1627197265625,0.3558349609375,-3.3961181640625,-0.7808837890625,-0.8873291015625,-3.9234619140625
2022-04-06,3.561248779296875,5.002655029296875,2.731170654296875,3.988983154296875,6.015350341796875,3.131561279296875
2022-04-07,-0.249114990234375,1.831939697265625,3.093658447265625,2.889556884765625,5.294830322265625,1.504791259765625
2022-04-08,8.731597900390625,7.320465087890625,4.775543212890625,7.020660400390625,6.668121337890625,2.968902587890625
2022-04-09,0.908477783203125,1.285430908203125,4.741485595703125,7.006134033203125,6.635040283203125,2.648712158203125
2022-04-10,-3.667755126953125,-2.118927001953125,-3.113067626953125,-1.020294189453125,-0.473419189453125,-2.983184814453125
2022-04-11,-3.619903564453125,-6.292755126953125,-3.987091064453125,-3.231231689453125,-2.485137939453125,-4.784942626953125
2022-04-12,0.84063720703125,-0.93280029296875,-0.27264404296875,1.56231689453125,0.63848876953125,-0.37420654296875
2022-04-13,0.266571044921875,0.353485107421875,0.426727294921875,1.277313232421875,1.228485107421875,3.098602294921875
2022-04-14,1.477264404296875,4.042694091796875,1.528045654296875,1.950897216796875,3.375701904296875,0.117889404296875
2022-04-15,9.646759033203123,6.531524658203125,5.220977783203125,7.654571533203125,5.879180908203125,1.547149658203125
2022-04-16,4.536712646484375,2.897064208984375,2.084564208984375,3.339447021484375,5.389251708984375,1.255462646484375
2022-04-17,1.14117431640625,-0.65277099609375,-1.21331787109375,0.45660400390625,3.50250244140625,-1.09320068359375
2022-04-18,-2.8494873046875,-3.9012451171875,-4.6258544921875,-2.9569091796875,-0.4627685546875,-4.9598388671875
2022-04-19,1.629058837890625,0.455230712890625,-0.162933349609375,0.703277587890625,1.389801025390625,-1.903167724609375
2022-04-20,-5.567657470703125,-5.563751220703125,-7.749298095703125,-6.327423095703125,3.787811279296875,1.498748779296875
2022-04-21,5.260528564453125,6.195098876953125,3.372833251953125,3.674591064453125,8.725372314453125,2.634552001953125
2022-04-22,5.704345703125,5.849853515625,4.162353515625,5.900634765625,7.224853515625,2.635986328125
2022-04-23,3.202239990234375,4.723724365234375,4.743255615234375,2.786224365234375,4.411224365234375,-0.272369384765625
2022-04-24,5.783172607421875,6.582000732421875,5.243133544921875,5.743133544921875,7.175750732421875,1.148406982421875
2022-04-25,3.511749267578125,5.136749267578125,1.634796142578125,2.667999267578125,2.542022705078125,-1.965789794921875
2022-04-26,3.838348388671875,3.349090576171875,2.184051513671875,4.236785888671875,2.329559326171875,-1.192901611328125
2022-04-27,7.454437255859375,5.931976318359375,5.572601318359375,6.995452880859375,5.054046630859375,1.533538818359375
2022-04-28,6.93194580078125,5.72686767578125,4.54425048828125,5.55596923828125,7.04132080078125,0.38995361328125
2022-04-29,5.196685791015625,3.550201416015625,1.779693603515625,4.539459228515625,5.294342041015625,2.234771728515625
2022-04-30,5.679962158203125,5.207305908203125,3.114532470703125,3.307891845703125,3.718048095703125,-0.548553466796875
2022-05-01,4.685333251953125,5.191192626953125,2.457794189453125,4.125762939453125,4.528106689453125,1.586700439453125
2022-05-02,6.699188232421875,6.477508544921875,5.051727294921875,6.248992919921875,7.028289794921875,3.510711669921875
2022-05-03,3.727691650390625,3.222808837890625,1.158355712890625,1.296051025390625,1.861480712890625,-2.535003662109375
2022-05-04,4.544342041015625,5.076568603515625,3.449615478515625,3.819732666015625,4.554107666015625,-0.767181396484375
2022-05-05,5.96563720703125,6.99884033203125,4.75762939453125,4.55352783203125,4.90020751953125,5.79180908203125
2022-05-06,8.49896240234375,6.74114990234375,7.81048583984375,8.22454833984375,9.42181396484375,5.80657958984375
2022-05-07,6.308074951171875,6.661590576171875,4.810028076171875,5.553192138671875,7.193817138671875,5.400848388671875
2022-05-08,6.434844970703125,6.643829345703125,4.835235595703125,5.948516845703125,7.067657470703125,2.924102783203125
2022-05-09,6.177276611328125,10.160675048828123,4.602081298828125,5.695831298828125,7.295440673828125,0.850128173828125
2022-05-10,6.060333251953125,6.084747314453125,4.996856689453125,7.128692626953125,6.141387939453125,1.443145751953125
2022-05-11,6.696563720703125,7.307891845703125,5.846954345703125,7.070587158203125,7.383087158203125,4.018829345703125
2022-05-12,9.206024169921877,10.739227294921877,6.645477294921875,9.717742919921877,7.631805419921875,5.076141357421875
2022-05-13,12.3421630859375,12.6820068359375,10.2083740234375,11.2288818359375,11.5960693359375,8.2982177734375
2022-05-14,10.894561767578123,10.168975830078123,8.073272705078125,9.792022705078123,10.815460205078123,6.792022705078125
2022-05-15,8.31591796875,8.66845703125,7.31787109375,8.60693359375,9.00341796875,5.33251953125
2022-05-16,9.96722412109375,9.36273193359375,6.69866943359375,7.85687255859375,8.86663818359375,5.61859130859375
2022-05-17,11.5517578125,10.80078125,9.1240234375,10.154296875,10.2109375,6.7841796875
2022-05-18,5.4288330078125,3.6348876953125,2.2266845703125,2.8409423828125,6.5889892578125,1.1710205078125
2022-05-19,5.524200439453125,4.799591064453125,4.271270751953125,5.388458251953125,5.442169189453125,1.393341064453125
2022-05-20,5.604248046875,9.243896484375,6.224365234375,9.204833984375,8.481201171875,4.840576171875
2022-05-21,11.200469970703123,15.326446533203123,11.619415283203123,11.638946533203123,10.877227783203123,8.838165283203125
2022-05-22,10.4404296875,10.0,6.8466796875,7.755859375,9.541015625,5.509765625
2022-05-23,10.39178466796875,11.08416748046875,10.64569091796875,9.81170654296875,10.98748779296875,8.68475341796875
2022-05-24,11.543731689453123,13.627716064453123,10.343536376953123,9.873809814453123,12.573028564453123,9.454864501953123
2022-05-25,10.20489501953125,12.90118408203125,9.82501220703125,9.72442626953125,13.50567626953125,10.00665283203125
2022-05-26,12.99737548828125,12.49346923828125,11.52178955078125,12.61163330078125,11.44366455078125,13.25030517578125
2022-05-27,12.362457275390623,13.284332275390623,9.949371337890623,10.688629150390623,13.688629150390623,10.073394775390623
2022-05-28,9.733184814453123,8.232208251953125,10.883575439453123,11.960723876953123,12.484161376953123,8.015411376953125
2022-05-29,8.570220947265625,8.427642822265625,8.936431884765625,8.337799072265625,12.506744384765623,8.507720947265625
2022-05-30,9.32672119140625,10.40875244140625,8.69879150390625,7.99859619140625,9.23101806640625,6.33453369140625
2022-05-31,10.229278564453123,11.404083251953123,9.237091064453123,10.453887939453123,12.036895751953123,7.746856689453125
2022-06-01,11.688568115234377,11.716888427734377,10.711029052734377,11.696380615234377,12.192474365234377,12.524505615234377
2022-06-02,13.31109619140625,12.73785400390625,12.37847900390625,13.50152587890625,13.25738525390625,10.33062744140625
2022-06-03,13.888763427734377,14.144622802734377,13.047943115234377,12.916107177734377,14.124114990234377,11.065521240234377
2022-06-04,15.58306884765625,17.33013916015625,12.42779541015625,14.76763916015625,14.31939697265625,10.94927978515625
2022-06-05,17.094818115234375,16.984466552734375,15.408294677734377,15.845794677734377,17.975677490234375,14.693450927734377
2022-06-06,14.07269287109375,13.86859130859375,11.36273193359375,12.55511474609375,14.08441162109375,10.00140380859375
2022-06-07,14.326934814453123,13.686309814453123,11.535919189453123,13.242950439453123,15.300567626953123,9.602325439453123
2022-06-08,10.23614501953125,10.96075439453125,10.84942626953125,10.24493408203125,13.11212158203125,9.86798095703125
2022-06-09,12.67327880859375,11.38812255859375,10.33343505859375,11.28460693359375,12.66253662109375,9.43792724609375
2022-06-10,12.78680419921875,11.62957763671875,11.01141357421875,12.20086669921875,14.92254638671875,10.74676513671875
2022-06-11,13.5723876953125,12.5811767578125,11.8214111328125,12.6417236328125,14.7540283203125,11.0294189453125
2022-06-12,13.196929931640623,12.808258056640623,11.461578369140623,12.172515869140623,15.591461181640623,11.315093994140623
2022-06-13,15.81488037109375,13.61859130859375,11.40374755859375,13.12933349609375,13.17816162109375,8.64984130859375
2022-06-14,11.136566162109377,10.405120849609377,8.518402099609375,9.723480224609377,12.185394287109377,8.213714599609375
2022-06-15,9.922515869140623,8.736968994140625,9.647125244140623,9.339508056640623,10.414703369140623,9.430328369140623
2022-06-16,11.13177490234375,11.88861083984375,10.64544677734375,11.37200927734375,13.25579833984375,9.00091552734375
2022-06-17,12.087554931640623,12.224273681640623,9.286773681640623,10.233062744140623,12.251617431640623,8.046539306640625
2022-06-18,11.237884521484377,12.559173583984377,8.362884521484375,10.523040771484377,11.460540771484377,6.729095458984375
2022-06-19,11.7529296875,12.38671875,9.98046875,10.0634765625,13.22265625,8.6962890625
2022-06-20,12.130035400390623,15.713043212890623,10.375152587890623,11.708160400390623,12.866363525390623,10.298980712890623
2022-06-21,15.320953369140623,14.837554931640623,13.145172119140623,14.993804931640623,14.902984619140623,12.012359619140623
2022-06-22,15.37823486328125,15.64385986328125,13.69659423828125,14.28839111328125,16.41827392578125,12.46221923828125
2022-06-23,14.116729736328123,13.044464111328123,13.387237548828123,14.334503173828123,16.936065673828125,12.186065673828123
2022-06-24,15.54150390625,15.58935546875,12.61376953125,14.09033203125,16.44091796875,12.08837890625
2022-06-25,14.7293701171875,13.4119873046875,11.5858154296875,13.1883544921875,14.7557373046875,11.2264404296875
2022-06-26,14.429290771484377,13.948822021484377,12.094329833984377,14.567962646484377,13.994720458984377,10.394134521484377
2022-06-27,16.175811767578125,14.877960205078123,14.069366455078123,14.865264892578123,15.746124267578123,14.069366455078123
2022-06-28,16.2362060546875,15.4559326171875,17.1268310546875,14.7625732421875,16.0242919921875,15.0399169921875
2022-06-29,16.2059326171875,17.1326904296875,14.2840576171875,14.5672607421875,17.2703857421875,16.5321044921875
2022-06-30,15.28778076171875,15.36785888671875,12.88739013671875,15.68817138671875,16.11102294921875,11.88836669921875
2022-07-01,16.56494140625,17.67919921875,14.39013671875,16.41259765625,16.06396484375,12.99755859375
2022-07-02,15.0595703125,15.7314453125,13.505859375,14.9638671875,17.138671875,13.0302734375
2022-07-03,16.900604248046875,16.584197998046875,15.795135498046877,16.508026123046875,16.284393310546875,13.497283935546877
2022-07-04,15.878570556640623,16.347320556640625,14.693023681640623,16.331695556640625,17.506500244140625,16.546539306640625
2022-07-05,15.681365966796877,14.731170654296877,14.689178466796877,15.779022216796877,16.055389404296875,12.053436279296877
2022-07-06,14.003265380859377,13.333343505859377,12.660491943359377,13.137054443359377,15.079437255859377,10.068695068359377
2022-07-07,13.464996337890623,11.990386962890623,13.230621337890623,12.194488525390623,14.096832275390623,13.491363525390623
2022-07-08,12.799957275390623,11.456207275390623,10.568511962890623,11.379058837890623,14.088043212890623,10.207183837890623
2022-07-09,10.7408447265625,10.9273681640625,8.7633056640625,9.4869384765625,12.1851806640625,8.5523681640625
2022-07-10,11.717376708984377,10.244720458984377,8.498626708984375,9.518157958984377,11.951751708984377,7.803314208984375
2022-07-11,8.60687255859375,7.92913818359375,6.65765380859375,7.97503662109375,11.24554443359375,7.39202880859375
2022-07-12,11.93328857421875,10.85418701171875,8.65789794921875,9.63446044921875,11.52996826171875,8.08856201171875
2022-07-13,10.937530517578123,12.441436767578123,9.214874267578123,10.513702392578123,11.391632080078123,6.387725830078125
2022-07-14,13.173248291015623,11.728912353515623,12.396881103515623,13.460357666015623,13.575592041015623,11.884185791015623
2022-07-15,17.1844482421875,15.4188232421875,15.3201904296875,15.3377685546875,14.4373779296875,12.9149169921875
2022-07-16,16.199615478515625,16.076568603515625,14.109771728515623,15.558013916015623,15.101959228515623,16.354888916015625
2022-07-17,14.137298583984377,13.700775146484377,10.805267333984377,12.276947021484377,15.560150146484377,12.337493896484377
2022-07-18,12.730621337890623,12.608551025390623,10.352691650390623,11.249176025390623,14.132965087890623,12.403472900390623
2022-07-19,13.62847900390625,13.45855712890625,11.83453369140625,12.95953369140625,14.45855712890625,13.63531494140625
2022-07-20,14.484222412109377,14.606292724609377,13.688323974609377,14.825042724609377,14.082855224609377,11.063323974609377
2022-07-21,16.307952880859375,16.599945068359375,13.846038818359377,16.097015380859375,15.611663818359377,12.117523193359377
2022-07-22,17.227264404296875,15.756561279296877,17.838592529296875,18.137420654296875,16.878631591796875,15.536834716796877
2022-07-23,19.0052490234375,19.5970458984375,15.5238037109375,18.4525146484375,18.3626708984375,14.7269287109375
2022-07-24,17.3214111328125,16.7569580078125,13.8438720703125,15.0343017578125,17.2569580078125,12.4024658203125
2022-07-25,16.043548583984375,14.641204833984377,15.038665771484377,16.685150146484375,16.806243896484375,17.111907958984375
2022-07-26,18.043914794921875,17.214813232421875,17.051727294921875,19.283172607421875,18.207000732421875,14.735321044921877
2022-07-27,15.988616943359377,15.101898193359377,14.805999755859377,15.536468505859377,17.434906005859375,15.227874755859377
2022-07-28,15.390960693359377,13.979827880859377,11.673187255859377,13.145843505859377,15.584320068359377,13.588226318359377
2022-07-29,17.026397705078125,15.529327392578123,14.345733642578123,16.675811767578125,17.016632080078125,13.968780517578123
2022-07-30,14.685150146484377,14.002532958984377,12.857025146484377,14.347259521484377,16.634368896484375,12.456634521484377
2022-07-31,12.7535400390625,12.1490478515625,10.5767822265625,12.2730712890625,14.3121337890625,9.3961181640625
2022-08-01,14.76373291015625,14.47564697265625,11.98150634765625,13.89068603515625,15.17584228515625,10.37213134765625
2022-08-02,15.30426025390625,15.40484619140625,12.52105712890625,13.79351806640625,16.09918212890625,11.55816650390625
2022-08-03,15.17340087890625,15.14117431640625,13.07672119140625,14.60797119140625,15.63922119140625,12.52593994140625
2022-08-04,15.39764404296875,14.44744873046875,15.43963623046875,15.18768310546875,15.57342529296875,16.02069091796875
2022-08-05,16.044830322265625,15.379791259765623,16.043853759765625,16.063385009765625,15.885650634765623,14.352447509765623
2022-08-06,17.732086181640625,17.745758056640625,14.785797119140623,15.881500244140623,17.716461181640625,13.060211181640623
2022-08-07,17.34112548828125,16.93292236328125,14.28155517578125,16.03741455078125,17.84503173828125,12.57159423828125
2022-08-08,16.36614990234375,15.16595458984375,12.68743896484375,14.91107177734375,17.29779052734375,15.60150146484375
2022-08-09,15.624267578125,14.590087890625,14.271728515625,15.431884765625,16.063720703125,11.704345703125
2022-08-10,13.91546630859375,14.02288818359375,11.52484130859375,13.08148193359375,15.86175537109375,11.33148193359375
2022-08-11,14.2510986328125,12.0655517578125,10.9454345703125,12.2120361328125,14.6202392578125,11.5635986328125
2022-08-12,14.62310791015625,12.86334228515625,11.09967041015625,12.42291259765625,14.59283447265625,10.82330322265625
2022-08-13,12.5279541015625,12.2349853515625,10.0142822265625,12.1676025390625,14.1920166015625,10.7427978515625
2022-08-14,11.50146484375,11.28662109375,8.90966796875,10.49169921875,11.29931640625,7.67041015625
2022-08-15,12.271148681640623,13.816070556640623,12.339508056640623,13.027984619140623,15.066070556640623,10.911773681640623
2022-08-16,13.65411376953125,12.94903564453125,10.63848876953125,11.99688720703125,12.56427001953125,9.39532470703125
2022-08-17,13.772552490234377,14.249114990234377,13.298919677734377,14.957122802734377,14.008880615234377,12.380950927734377
2022-08-18,15.9603271484375,15.9027099609375,15.8675537109375,17.3626708984375,16.1312255859375,14.5648193359375
2022-08-19,17.8507080078125,18.9229736328125,15.5489501953125,17.4395751953125,19.4522705078125,16.2579345703125
2022-08-20,14.77264404296875,14.82244873046875,11.98162841796875,13.16619873046875,14.64666748046875,11.12030029296875
2022-08-21,14.438262939453123,13.347442626953123,12.316192626953123,13.540802001953123,13.338653564453123,11.223419189453123
2022-08-22,13.946441650390623,12.641754150390623,11.156402587890623,12.409332275390623,13.448394775390623,11.677886962890623
2022-08-23,14.3958740234375,13.0999755859375,12.9993896484375,14.0706787109375,13.8841552734375,11.3109130859375
2022-08-24,13.444549560546877,13.457244873046877,11.248260498046877,12.999237060546877,14.369354248046877,9.919158935546877
2022-08-25,13.77264404296875,13.68280029296875,13.50701904296875,14.92791748046875,15.28240966796875,10.59588623046875
2022-08-26,12.835540771484377,12.783782958984377,12.075775146484377,13.122650146484377,14.454681396484377,9.857025146484377
2022-08-27,13.312530517578123,13.195343017578123,10.920928955078123,12.946319580078123,14.791046142578123,9.880889892578123
2022-08-28,14.368804931640623,14.542633056640623,11.377593994140623,14.023101806640623,14.273101806640623,10.593414306640623
2022-08-29,13.770050048828123,12.851104736328123,12.490753173828123,13.022979736328123,14.446807861328123,10.953643798828123
2022-08-30,14.76483154296875,12.53338623046875,11.72186279296875,12.90643310546875,14.03631591796875,10.56365966796875
2022-08-31,12.262847900390623,11.086090087890623,11.099761962890623,12.528472900390623,13.611480712890623,11.219879150390623
2022-09-01,13.92486572265625,12.49127197265625,12.71295166015625,14.06060791015625,15.90631103515625,11.84088134765625
2022-09-02,12.196624755859377,11.031585693359377,10.673187255859377,12.271820068359377,12.289398193359377,10.496429443359377
2022-09-03,10.426300048828123,10.534698486328123,9.513214111328123,9.386260986328123,11.523956298828123,9.206573486328123
2022-09-04,13.32635498046875,12.01971435546875,11.69354248046875,12.17791748046875,13.65545654296875,10.54315185546875
2022-09-05,10.708770751953123,9.964630126953123,9.818145751953123,10.038848876953123,12.074005126953123,10.028106689453123
2022-09-06,10.111419677734377,10.938568115234377,9.103607177734377,8.776458740234375,11.316497802734377,9.078216552734377
2022-09-07,12.33941650390625,12.41949462890625,11.58746337890625,11.34136962890625,13.76226806640625,9.98590087890625
2022-09-08,12.80010986328125,15.68780517578125,12.28448486328125,11.61749267578125,15.59210205078125,11.13507080078125
2022-09-09,13.4244384765625,13.5767822265625,14.0826416015625,13.1334228515625,16.0562744140625,12.1177978515625
2022-09-10,10.348297119140623,11.651031494140623,9.489898681640623,11.271148681640623,13.293609619140623,8.307281494140625
2022-09-11,8.558868408203125,7.879180908203125,8.137969970703125,9.557891845703123,11.213165283203123,8.215118408203125
2022-09-12,8.368072509765625,8.305572509765625,5.839752197265625,7.143463134765625,8.617095947265625,4.586822509765625
2022-09-13,7.04864501953125,9.56427001953125,6.69903564453125,6.10040283203125,9.19805908203125,5.94903564453125
2022-09-14,11.22625732421875,13.21942138671875,10.93524169921875,10.77703857421875,12.65399169921875,10.75848388671875
2022-09-15,13.30718994140625,15.64605712890625,12.17144775390625,13.28375244140625,15.50054931640625,10.95855712890625
2022-09-16,13.254791259765623,14.226470947265623,12.158111572265623,12.963775634765623,15.471588134765623,12.908111572265623
2022-09-17,6.247833251953125,4.934356689453125,4.233184814453125,4.616973876953125,11.216583251953123,9.408966064453123
2022-09-18,2.962188720703125,3.986602783203125,2.827423095703125,2.272735595703125,5.641876220703125,3.424102783203125
2022-09-19,6.220855712890625,5.112457275390625,4.875152587890625,5.824371337890625,9.163238525390623,5.588043212890625
2022-09-20,5.927001953125,3.866455078125,1.094970703125,2.355712890625,5.160400390625,3.483642578125
2022-09-21,4.361297607421875,3.961883544921875,3.112274169921875,4.173797607421875,5.957977294921875,1.639617919921875
2022-09-22,3.46429443359375,3.32269287109375,1.31292724609375,2.98773193359375,4.12835693359375,1.48089599609375
2022-09-23,0.199432373046875,0.832244873046875,0.853729248046875,1.310760498046875,3.097869873046875,-0.845489501953125
2022-09-24,3.16143798828125,4.54034423828125,2.85284423828125,0.90167236328125,5.41534423828125,1.66729736328125
2022-09-25,11.101043701171877,11.969207763671877,9.359832763671877,9.890106201171877,11.466278076171877,8.187957763671875
2022-09-26,11.11004638671875,10.66571044921875,9.43328857421875,10.94793701171875,13.67449951171875,10.20965576171875
2022-09-27,7.432281494140625,8.781890869140625,9.165679931640623,7.400054931640625,10.897125244140623,7.097320556640625
2022-09-28,11.66094970703125,11.16876220703125,9.20489501953125,9.49493408203125,11.25469970703125,8.72735595703125
2022-09-29,8.28424072265625,10.41021728515625,9.09967041015625,8.32525634765625,12.24029541015625,9.13873291015625
2022-09-30,11.24664306640625,12.90386962890625,9.72808837890625,8.32086181640625,12.44879150390625,6.96539306640625
2022-10-01,9.23541259765625,11.24420166015625,8.73834228515625,9.24615478515625,12.23052978515625,8.99224853515625
2022-10-02,6.4130859375,7.359375,8.0849609375,7.5322265625,9.6328125,6.1689453125
2022-10-03,6.17669677734375,5.02923583984375,3.55560302734375,5.68450927734375,6.38275146484375,3.14154052734375
2022-10-04,5.983062744140625,5.534820556640625,2.620758056640625,5.150054931640625,5.120758056640625,2.780914306640625
2022-10-05,3.603912353515625,5.533599853515625,3.037506103515625,2.277740478515625,4.970123291015625,1.749420166015625
2022-10-06,6.4969482421875,9.3026123046875,5.7811279296875,6.8797607421875,8.1336669921875,5.7147216796875
2022-10-07,5.510101318359375,6.641937255859375,5.083343505859375,3.268890380859375,6.221038818359375,6.968109130859375
2022-10-08,7.985198974609375,12.194183349609377,7.248870849609375,9.260589599609377,7.820159912109375,5.941253662109375
2022-10-09,9.097320556640623,9.422515869140623,7.132476806640625,6.248687744140625,7.944976806640625,7.938140869140625
2022-10-10,10.642913818359377,10.707366943359377,8.373382568359375,9.990570068359377,11.547210693359377,7.701507568359375
2022-10-11,10.3162841796875,9.2987060546875,8.2215576171875,7.1971435546875,8.4617919921875,5.8875732421875
2022-10-12,8.125762939453125,6.910919189453125,8.243927001953125,7.167755126953125,8.461700439453125,7.535919189453125
2022-10-13,6.378631591796875,5.847381591796875,7.626678466796875,8.654998779296875,10.402069091796877,7.613006591796875
2022-10-14,4.76470947265625,4.17388916015625,2.89947509765625,2.93560791015625,5.99517822265625,1.84088134765625
2022-10-15,4.59503173828125,5.84796142578125,3.96807861328125,2.43096923828125,5.97491455078125,2.47784423828125
2022-10-16,5.999237060546875,6.469940185546875,6.674041748046875,5.549041748046875,6.525604248046875,6.358612060546875
2022-10-17,4.739898681640625,4.000640869140625,5.235015869140625,1.794586181640625,5.043609619140625,6.994781494140625
2022-10-18,5.320220947265625,9.784088134765623,3.741119384765625,5.537017822265625,5.245025634765625,3.350494384765625
2022-10-19,9.3321533203125,8.1260986328125,6.6143798828125,7.9923095703125,8.7012939453125,5.5645751953125
2022-10-20,1.093475341796875,2.165740966796875,0.251678466796875,0.081756591796875,3.652069091796875,1.942108154296875
2022-10-21,5.542083740234375,7.976654052734375,4.962982177734375,3.584075927734375,6.778411865234375,4.515716552734375
2022-10-22,6.310577392578125,8.291046142578125,6.194366455078125,6.363311767578125,8.195343017578125,6.976593017578125
2022-10-23,7.539459228515625,10.475982666015623,7.952545166015625,6.879302978515625,10.266998291015623,7.892974853515625
2022-10-24,6.608306884765625,10.125885009765623,6.592681884765625,5.596588134765625,9.892486572265623,6.467681884765625
2022-10-25,9.19189453125,9.71142578125,7.93115234375,8.83935546875,10.69873046875,13.20458984375
2022-10-26,6.02423095703125,7.27520751953125,6.95782470703125,6.69317626953125,7.20880126953125,5.51446533203125
2022-10-27,6.368682861328125,8.657745361328125,6.268096923828125,6.355987548828125,7.627471923828125,3.104034423828125
2022-10-28,4.188201904296875,4.100311279296875,4.920623779296875,4.672576904296875,6.490936279296875,2.821014404296875
2022-10-29,5.490570068359375,6.284515380859375,4.806976318359375,5.011077880859375,7.034515380859375,2.397796630859375
2022-10-30,7.022613525390625,11.404449462890623,5.920074462890625,7.443511962890625,8.622222900390625,5.342926025390625
2022-10-31,6.3291015625,9.5615234375,6.0263671875,7.55078125,8.431640625,4.904296875
2022-11-01,3.93035888671875,10.58172607421875,5.55145263671875,6.60516357421875,9.76141357421875,5.93426513671875
2022-11-02,6.96453857421875,7.28387451171875,6.08367919921875,7.34832763671875,9.27410888671875,9.72430419921875
2022-11-03,4.298004150390625,8.102691650390625,4.430816650390625,3.665191650390625,7.521636962890625,3.236480712890625
2022-11-04,9.05743408203125,10.63458251953125,8.81231689453125,8.78594970703125,9.84161376953125,7.08184814453125
2022-11-05,5.546417236328125,5.038604736328125,4.336456298828125,7.846221923828125,9.766143798828123,6.381378173828125
2022-11-06,6.940948486328125,6.320831298828125,5.429229736328125,7.021026611328125,7.177276611328125,4.770050048828125
2022-11-07,5.059234619140625,6.439117431640625,4.068023681640625,5.106109619140625,4.789703369140625,1.725250244140625
2022-11-08,2.060455322265625,3.582916259765625,1.096588134765625,0.482330322265625,3.787994384765625,1.253814697265625
2022-11-09,1.072357177734375,2.951263427734375,0.725677490234375,-0.000885009765625,3.508880615234375,1.628021240234375
2022-11-10,6.648101806640625,7.307281494140625,4.658843994140625,5.314117431640625,4.187164306640625,1.794586181640625
2022-11-11,3.607757568359375,3.570648193359375,2.106781005859375,2.902679443359375,4.447601318359375,-1.171539306640625
2022-11-12,-0.615325927734375,0.179595947265625,-0.288177490234375,0.478424072265625,4.253814697265625,0.723541259765625
2022-11-13,3.551361083984375,4.809173583984375,3.424407958984375,2.103118896484375,7.617767333984375,5.056243896484375
2022-11-14,3.809722900390625,5.663238525390625,4.014801025390625,1.850738525390625,7.785308837890625,1.500152587890625
2022-11-15,2.689605712890625,4.152496337890625,4.775543212890625,2.809722900390625,7.251129150390625,2.997222900390625
2022-11-16,5.73822021484375,7.75189208984375,7.12982177734375,8.09857177734375,9.36614990234375,5.75091552734375
2022-11-17,3.09698486328125,3.88995361328125,5.43585205078125,3.96514892578125,7.29522705078125,2.79034423828125
2022-11-18,6.37921142578125,5.22296142578125,4.93194580078125,5.58331298828125,8.26495361328125,4.53936767578125
2022-11-19,5.47198486328125,6.05694580078125,8.82647705078125,7.70733642578125,10.20635986328125,7.14190673828125
2022-11-20,1.180389404296875,0.636444091796875,1.071990966796875,1.617889404296875,5.098358154296875,3.923553466796875
2022-11-21,-2.01129150390625,-2.70953369140625,-0.05328369140625,-1.06011962890625,2.34027099609375,-1.35894775390625
2022-11-22,5.954132080078125,4.492218017578125,3.503936767578125,3.441436767578125,4.543975830078125,1.274444580078125
2022-11-23,3.66693115234375,2.83294677734375,2.10638427734375,2.16986083984375,5.00189208984375,1.22161865234375
2022-11-24,1.306304931640625,0.850250244140625,-2.335296630859375,1.049468994140625,-0.723968505859375,-2.670257568359375
2022-11-25,-3.037139892578125,-0.768585205078125,-4.061553955078125,-2.633819580078125,-3.267608642578125,-7.506866455078125
2022-11-26,0.642059326171875,-0.654815673828125,-1.216339111328125,-0.379425048828125,2.338348388671875,-2.800323486328125
2022-11-27,0.070831298828125,-1.381317138671875,-2.374481201171875,-1.234832763671875,-1.768035888671875,-3.717254638671875
2022-11-28,-3.195953369140625,-3.290679931640625,-4.551422119140625,-3.533843994140625,-2.751617431640625,-5.806304931640625
2022-11-29,-0.8536376953125,-1.6309814453125,-2.9112548828125,-1.9112548828125,-1.2462158203125,-3.4747314453125
2022-11-30,0.668914794921875,0.172821044921875,0.302703857421875,0.989227294921875,3.869110107421875,-0.132843017578125
2022-12-01,-0.086181640625,-0.563720703125,0.138427734375,0.760498046875,2.834716796875,-0.546142578125
2022-12-02,0.611846923828125,-0.202606201171875,-0.086395263671875,-0.213348388671875,2.504425048828125,-0.191864013671875
2022-12-03,2.589813232421875,2.813446044921875,0.489227294921875,1.081024169921875,5.344696044921875,1.530242919921875
2022-12-04,1.298004150390625,3.398590087890625,2.474761962890625,2.006988525390625,6.055816650390625,2.224761962890625
2022-12-05,0.352264404296875,2.545623779296875,2.700897216796875,-1.202423095703125,4.216522216796875,-0.080352783203125
2022-12-06,3.720062255859375,4.016937255859375,4.117523193359375,3.312835693359375,5.804046630859375,2.352874755859375
2022-12-07,2.882232666015625,2.014068603515625,3.640045166015625,2.804107666015625,5.681060791015625,2.238677978515625
2022-12-08,3.59521484375,5.14208984375,4.74462890625,4.51708984375,6.45654296875,2.85400390625
2022-12-09,9.562286376953123,9.601348876953123,7.676544189453125,7.612091064453125,8.392364501953125,4.612091064453125
2022-12-10,6.944854736328125,7.056182861328125,6.369659423828125,7.620635986328125,8.565948486328125,3.570831298828125
2022-12-11,-1.040802001953125,-1.884552001953125,1.016815185546875,1.306854248046875,3.072479248046875,-0.267364501953125
2022-12-12,-3.37103271484375,-5.18841552734375,-3.96380615234375,-3.62103271484375,-2.19622802734375,-5.09857177734375
2022-12-13,-0.321929931640625,-1.180328369140625,-1.190093994140625,-1.727203369140625,2.891937255859375,-2.227203369140625
2022-12-14,3.721221923828125,1.839385986328125,2.688018798828125,0.874542236328125,6.949737548828125,1.239776611328125
2022-12-15,7.8643798828125,9.1534423828125,8.4766845703125,7.9112548828125,9.4366455078125,5.2120361328125
2022-12-16,9.714874267578123,8.583038330078125,7.050811767578125,9.012725830078123,9.334991455078123,4.296905517578125
2022-12-17,0.645477294921875,-1.167999267578125,1.601531982421875,2.149383544921875,4.823211669921875,2.303680419921875
2022-12-18,-2.455108642578125,-3.889678955078125,-1.656280517578125,-0.502960205078125,1.093719482421875,-2.257843017578125
2022-12-19,-3.279296875,-3.2421875,-2.4677734375,-4.5009765625,-1.0029296875,-1.873046875
2022-12-20,-3.940582275390625,-1.880035400390625,-2.058746337890625,-2.371246337890625,0.525238037109375,1.576995849609375
2022-12-21,-3.621673583984375,0.018951416015625,-3.102142333984375,-2.140228271484375,-0.417572021484375,-2.980072021484375
2022-12-22,-2.01702880859375,2.16656494140625,-2.07464599609375,-3.03753662109375,-0.90960693359375,-6.22796630859375
2022-12-23,-2.17559814453125,0.45526123046875,-0.83282470703125,-3.11993408203125,1.07537841796875,-3.41485595703125
2022-12-24,-0.425018310546875,4.893341064453125,-0.717987060546875,-0.284393310546875,1.440216064453125,-1.670135498046875
2022-12-25,-1.567230224609375,1.349761962890625,0.073394775390625,-2.000823974609375,3.260894775390625,-1.464691162109375
2022-12-26,0.520843505859375,2.864593505859375,2.589202880859375,0.608734130859375,1.632171630859375,0.553070068359375
2022-12-27,1.930084228515625,0.933013916015625,2.375396728515625,2.519927978515625,5.911529541015625,2.159576416015625
2022-12-28,-2.193023681640625,0.006195068359375,1.385101318359375,0.503265380859375,3.488616943359375,1.642913818359375
2022-12-29,-1.7720947265625,0.9173583984375,2.3099365234375,-0.0533447265625,5.1419677734375,1.5394287109375
2022-12-30,-1.691741943359375,3.081695556640625,3.307281494140625,2.442047119140625,5.993804931640625,2.831695556640625
2022-12-31,-1.509246826171875,2.775909423828125,0.616729736328125,1.785675048828125,1.605987548828125,-1.023895263671875
2023-01-01,-1.808319091796875,2.843048095703125,0.259063720703125,-0.118865966796875,4.002227783203125,-0.984100341796875
2023-01-02,-2.357421875,3.1357421875,-0.0625,-0.8603515625,2.3125,-1.544921875
2023-01-03,0.918182373046875,2.862518310546875,0.347869873046875,-0.832794189453125,1.203338623046875,-0.902130126953125
2023-01-04,-2.384674072265625,-0.335845947265625,-2.719635009765625,-2.690338134765625,-0.608306884765625,-3.973541259765625
2023-01-05,-0.742156982421875,3.438507080078125,-1.617156982421875,-1.177703857421875,2.168975830078125,-2.692352294921875
2023-01-06,-3.447418212890625,-0.300933837890625,-2.574371337890625,-1.450347900390625,-0.141754150390625,-5.280426025390625
2023-01-07,-4.02947998046875,0.15509033203125,-2.08026123046875,-4.15057373046875,0.42462158203125,-4.26776123046875
2023-01-08,0.536651611328125,2.842315673828125,1.648956298828125,-0.477020263671875,4.170440673828125,0.263214111328125
2023-01-09,3.515289306640625,2.684234619140625,3.965484619140625,2.319000244140625,4.986968994140625,0.967437744140625
2023-01-10,0.102081298828125,-1.065887451171875,-1.923309326171875,-1.011199951171875,0.330596923828125,-2.446746826171875
2023-01-11,-0.573760986328125,-2.140167236328125,-2.790557861328125,-1.580596923828125,-0.328643798828125,-3.939971923828125
2023-01-12,-0.25518798828125,-1.23175048828125,-1.46807861328125,-0.03839111328125,-1.67999267578125,-2.83331298828125
2023-01-13,-0.112518310546875,-1.231658935546875,-1.362518310546875,-1.381072998046875,0.683380126953125,-2.848846435546875
2023-01-14,-0.745086669921875,-0.590789794921875,-1.926727294921875,-0.099578857421875,0.210968017578125,-2.382781982421875
2023-01-15,-3.131805419921875,-1.603485107421875,-3.292938232421875,-3.737274169921875,-1.313446044921875,-4.778289794921875
2023-01-16,4.342864990234375,3.180755615234375,2.594818115234375,3.209075927734375,3.837005615234375,0.124114990234375
2023-01-17,7.908294677734375,4.262786865234375,5.253021240234375,3.388763427734375,6.723724365234375,2.201263427734375
2023-01-18,3.202362060546875,5.849822998046875,3.117401123046875,5.318572998046875,4.822479248046875,-0.026153564453125
2023-01-19,-0.110321044921875,0.152374267578125,-1.422821044921875,0.419952392578125,1.522491455078125,-0.918914794921875
2023-01-20,-3.505218505859375,-4.482757568359375,-2.840179443359375,-1.623382568359375,-0.025726318359375,-2.789398193359375
2023-01-21,-1.65826416015625,-0.44927978515625,-2.51763916015625,-2.61236572265625,0.07708740234375,-3.14459228515625
2023-01-22,0.532684326171875,0.697723388671875,-2.541534423828125,0.636199951171875,1.834442138671875,-1.685089111328125
2023-01-23,0.369720458984375,0.085540771484375,-1.493560791015625,-0.013092041015625,0.332611083984375,-1.382232666015625
2023-01-24,-1.144073486328125,-2.124542236328125,-1.270050048828125,-0.313018798828125,-0.842315673828125,-2.184112548828125
2023-01-25,-1.868682861328125,-3.022003173828125,-2.278839111328125,-1.635284423828125,1.386199951171875,-2.882354736328125
2023-01-26,-3.658294677734375,-4.795013427734375,-4.212982177734375,-3.251068115234375,0.178619384765625,-4.321380615234375
2023-01-27,-3.642333984375,-4.998779296875,-6.044677734375,-4.467529296875,-3.447021484375,-6.388427734375
2023-01-28,-3.1661376953125,-4.7305908203125,-5.3145751953125,-3.8692626953125,-4.8673095703125,-6.5489501953125
2023-01-29,-3.454864501953125,-5.037872314453125,-6.812286376953125,-5.404083251953125,-5.733184814453125,-6.365020751953125
2023-01-30,-2.916900634765625,-2.222564697265625,-5.628814697265625,-4.487213134765625,-6.329986572265625,-8.333892822265625
2023-01-31,-4.897796630859375,-5.125335693359375,-6.841156005859375,-4.063812255859375,-8.095062255859375,-7.543304443359375
2023-02-01,-5.571044921875,-4.000732421875,-3.513427734375,-4.491943359375,-2.011474609375,-5.879638671875
2023-02-02,-1.389434814453125,-2.243927001953125,-3.868927001953125,-2.941192626953125,-0.880645751953125,-5.535919189453125
2023-02-03,-1.657928466796875,-0.872772216796875,-3.784881591796875,-2.139373779296875,-2.254608154296875,-4.785858154296875
2023-02-04,-7.969146728515625,-9.150787353515623,-10.034576416015623,-8.829498291015625,-6.885162353515625,-10.680084228515623
2023-02-05,-9.76568603515625,-11.70611572265625,-12.36724853515625,-11.41217041015625,-9.65338134765625,-14.79791259765625
2023-02-06,-9.915985107421877,-9.843719482421877,-11.046844482421877,-9.303680419921877,-9.054656982421877,-14.266571044921877
2023-02-07,-9.958709716796877,-11.481170654296877,-12.991912841796877,-11.272186279296877,-11.703826904296877,-16.334686279296875
2023-02-08,-16.488739013671875,-14.525848388671877,-13.264129638671877,-10.471160888671877,-11.200653076171877,-14.754364013671877
2023-02-09,-17.87725830078125,-16.96319580078125,-12.39093017578125,-10.16729736328125,-10.01397705078125,-9.96612548828125
2023-02-10,-16.617584228515625,-14.170318603515623,-11.477935791015623,-8.878326416015625,-6.482818603515625,-7.807037353515625
2023-02-11,-5.773834228515625,-3.534576416015625,-9.080474853515623,-6.341217041015625,-6.634185791015625,-9.621490478515623
2023-02-12,-2.111114501953125,-3.587677001953125,-4.791778564453125,-3.268341064453125,-2.687286376953125,-7.865997314453125
2023-02-13,-7.934478759765625,-5.283111572265625,-7.745025634765625,-6.251861572265625,-5.407135009765625,-9.237213134765623
2023-02-14,-0.415191650390625,-2.083160400390625,-3.784332275390625,-1.952301025390625,-1.564605712890625,-6.610504150390625
2023-02-15,-8.718170166015625,-6.397857666015625,-6.377349853515625,-3.381256103515625,-3.774810791015625,-5.634185791015625
2023-02-16,-7.32708740234375,-4.59271240234375,-4.64251708984375,-4.63470458984375,-4.40130615234375,-4.57025146484375
2023-02-17,-4.733245849609375,-3.127777099609375,-0.996917724609375,-3.951019287109375,1.482574462890625,-1.935394287109375
2023-02-18,-3.03021240234375,-0.99993896484375,0.42291259765625,-1.58685302734375,1.13580322265625,-0.79095458984375
2023-02-19,-2.075408935546875,1.089630126953125,-2.270721435546875,-1.335174560546875,1.748809814453125,-1.210174560546875
2023-02-20,-3.176300048828125,0.688934326171875,-2.412628173828125,-2.385284423828125,-1.022979736328125,-0.803253173828125
2023-02-21,-2.3231201171875,1.4591064453125,-1.9666748046875,0.3380126953125,-1.6971435546875,2.7735595703125
2023-02-22,-1.901458740234375,0.617095947265625,-1.746185302734375,-1.262786865234375,0.131744384765625,1.659088134765625
2023-02-23,-2.040130615234375,0.926666259765625,-0.308685302734375,-0.183685302734375,0.527252197265625,0.355377197265625
2023-02-24,2.98040771484375,3.94525146484375,2.42767333984375,2.26263427734375,3.23236083984375,1.25970458984375
2023-02-25,5.1138916015625,5.3394775390625,3.9449462890625,5.1881103515625,5.6568603515625,2.6529541015625
2023-02-26,-2.314300537109375,-2.222503662109375,-0.884613037109375,0.002105712890625,3.988433837890625,1.034332275390625
2023-02-27,-2.16998291015625,-2.73248291015625,-0.46881103515625,0.54974365234375,3.06634521484375,-0.59478759765625
2023-02-28,-0.0980224609375,0.0894775390625,-1.3226318359375,0.5181884765625,1.8326416015625,0.5191650390625
2023-03-01,-0.849578857421875,1.007843017578125,-1.619110107421875,1.800811767578125,1.885772705078125,0.457061767578125
2023-03-02,-2.133880615234375,0.243072509765625,-3.476654052734375,0.346588134765625,-1.773529052734375,-2.738372802734375
2023-03-03,0.831878662109375,0.450042724609375,-0.809722900390625,1.178558349609375,-0.074371337890625,-0.711090087890625
2023-03-04,-0.204803466796875,-0.190155029296875,-0.585662841796875,1.380157470703125,-0.318084716796875,-1.439178466796875
2023-03-05,-8.015228271484375,-7.479095458984375,-5.335540771484375,-4.602142333984375,2.491607666015625,-3.573822021484375
2023-03-06,-1.490386962890625,0.157073974609375,0.534027099609375,0.135589599609375,2.393402099609375,-0.393707275390625
2023-03-07,-3.17987060546875,-0.01190185546875,0.51446533203125,-0.33319091796875,3.38946533203125,-0.42498779296875
2023-03-08,4.433837890625,5.521728515625,3.328369140625,5.115478515625,5.234619140625,1.915283203125
2023-03-09,3.29901123046875,5.04998779296875,3.22674560546875,5.73651123046875,7.20916748046875,2.70819091796875
2023-03-10,3.936309814453125,4.533966064453125,2.518341064453125,5.117950439453125,4.836700439453125,0.594512939453125
2023-03-11,0.081878662109375,-1.516754150390625,-4.527496337890625,-1.810699462890625,0.752777099609375,-2.356597900390625
2023-03-12,-3.448699951171875,-5.107879638671875,-7.365692138671875,-4.492645263671875,-2.844207763671875,-5.287567138671875
2023-03-13,-1.317779541015625,2.392181396484375,-2.273834228515625,-2.602935791015625,0.886322021484375,-2.110748291015625
2023-03-14,2.215362548828125,3.444854736328125,1.296417236328125,-0.066864013671875,4.678253173828125,0.715362548828125
2023-03-15,-1.482086181640625,-2.799468994140625,-3.525054931640625,-2.424468994140625,0.553070068359375,-3.569976806640625
2023-03-16,-3.67926025390625,-5.88531494140625,-5.85015869140625,-4.37261962890625,-2.94097900390625,-7.27301025390625
2023-03-17,-3.469146728515625,-3.744537353515625,-5.841217041015625,-3.725982666015625,-3.179107666015625,-7.017974853515625
2023-03-18,-1.378570556640625,-0.943023681640625,-3.610015869140625,-3.096343994140625,-0.794586181640625,-2.855133056640625
2023-03-19,-0.073089599609375,1.708160400390625,-0.701019287109375,-0.434417724609375,2.206207275390625,-1.178558349609375
2023-03-20,3.843292236328125,5.546417236328125,0.272979736328125,4.355010986328125,3.664581298828125,0.438018798828125
2023-03-21,3.658050537109375,3.991058349609375,2.661956787109375,3.965667724609375,3.360198974609375,0.728363037109375
2023-03-22,0.842376708984375,0.340423583984375,-1.046295166015625,1.157806396484375,1.085540771484375,-2.473052978515625
2023-03-23,1.489105224609375,3.717620849609375,0.285980224609375,1.409027099609375,2.583831787109375,-0.158355712890625
2023-03-24,2.170867919921875,4.847625732421875,1.758758544921875,2.315399169921875,4.444305419921875,0.904266357421875
2023-03-25,3.525634765625,4.364501953125,2.297119140625,2.892822265625,5.802001953125,0.591064453125
2023-03-26,6.948089599609375,6.001800537109375,3.319183349609375,4.894378662109375,6.002777099609375,1.009613037109375
2023-03-27,-1.019287109375,-2.606201171875,-3.747802734375,-2.448974609375,0.102783203125,-3.681396484375
2023-03-28,-3.477630615234375,-4.641693115234375,-6.397552490234375,-4.657318115234375,-4.575286865234375,-8.071380615234375
2023-03-29,-2.615203857421875,-1.582000732421875,-4.737274169921875,-3.512664794921875,-4.653289794921875,-7.344696044921875
2023-03-30,0.66534423828125,2.03350830078125,0.97198486328125,1.59600830078125,2.77569580078125,-0.10223388671875
2023-03-31,5.667816162109375,5.635589599609375,4.145355224609375,5.877777099609375,6.580902099609375,2.035003662109375
2023-04-01,-1.480133056640625,0.974945068359375,0.180999755859375,1.097015380859375,5.712249755859375,1.578460693359375
2023-04-02,3.255767822265625,3.246002197265625,-0.277435302734375,0.343658447265625,1.202056884765625,0.534088134765625
2023-04-03,-1.248321533203125,-2.873321533203125,-2.769805908203125,-1.788360595703125,1.494842529296875,-2.281524658203125
2023-04-04,-3.60845947265625,-5.08502197265625,-6.23443603515625,-5.16021728515625,-2.14459228515625,-5.45709228515625
2023-04-05,-5.877777099609375,-9.945159912109377,-6.228363037109375,-5.082855224609375,-0.604339599609375,-5.306488037109375
2023-04-06,-7.160491943359375,-5.868499755859375,-7.489593505859375,-8.961273193359375,-4.329437255859375,-8.145843505859375
2023-04-07,-2.762054443359375,-2.463226318359375,-2.740570068359375,-1.606781005859375,-2.994476318359375,-5.720062255859375
2023-04-08,-2.085052490234375,-3.863372802734375,-3.298919677734375,-1.916107177734375,-0.215911865234375,-0.849700927734375
2023-04-09,2.167022705078125,0.812530517578125,0.026397705078125,1.050811767578125,2.875030517578125,-0.422821044921875
2023-04-10,0.958404541015625,-0.047454833984375,0.234771728515625,1.284576416015625,3.347076416015625,-0.615814208984375
2023-04-11,4.496002197265625,3.757720947265625,-1.479583740234375,2.768463134765625,3.152252197265625,0.863189697265625
2023-04-12,-1.17486572265625,0.95111083984375,-1.03912353515625,-1.15631103515625,3.20404052734375,-1.28033447265625
2023-04-13,8.702972412109375,8.337738037109375,6.048675537109375,5.494964599609375,7.536956787109375,3.785003662109375
2023-04-14,0.08551025390625,0.92828369140625,0.64215087890625,0.40093994140625,2.77496337890625,-0.19183349609375
2023-04-15,0.783111572265625,2.248931884765625,-1.050872802734375,-1.059661865234375,2.615142822265625,-3.333099365234375
2023-04-16,5.847259521484375,4.947845458984375,3.506439208984375,4.673431396484375,5.641204833984375,2.031829833984375
2023-04-17,5.645904541015625,4.799224853515625,3.536529541015625,4.933013916015625,3.908599853515625,1.231842041015625
2023-04-18,5.398406982421875,4.204071044921875,3.777313232421875,4.894500732421875,2.864227294921875,0.544891357421875
2023-04-19,1.75140380859375,2.14202880859375,0.14691162109375,2.14398193359375,2.03851318359375,-1.75152587890625
2023-04-20,2.917633056640625,3.625640869140625,2.031890869140625,3.785797119140625,2.228179931640625,-2.404632568359375
2023-04-21,3.266876220703125,4.276641845703125,2.582305908203125,2.782501220703125,3.726837158203125,-1.486053466796875
2023-04-22,2.335723876953125,2.075958251953125,1.600372314453125,2.795684814453125,2.268341064453125,-2.619354248046875
2023-04-23,4.068511962890625,5.832183837890625,3.318511962890625,3.926910400390625,5.181793212890625,0.909332275390625
2023-04-24,4.792510986328125,5.655792236328125,4.428253173828125,5.835479736328125,6.861846923828125,2.704620361328125
2023-04-25,5.174774169921875,4.682586669921875,2.826141357421875,3.945281982421875,5.101531982421875,0.443328857421875
2023-04-26,1.528778076171875,0.631317138671875,-1.372589111328125,-0.371612548828125,1.002410888671875,-1.945831298828125
2023-04-27,0.4620361328125,0.9385986328125,-1.8367919921875,0.2530517578125,0.6553955078125,-4.4500732421875
2023-04-28,4.857574462890625,4.663238525390625,2.474761962890625,3.242340087890625,4.981597900390625,2.490386962890625
2023-04-29,4.277557373046875,4.720916748046875,2.198455810546875,4.408416748046875,5.759002685546875,0.503143310546875
2023-04-30,6.334075927734375,6.723724365234375,5.409271240234375,6.890716552734375,6.444427490234375,3.974700927734375
2023-05-01,7.3173828125,7.216796875,6.169921875,6.072265625,7.9580078125,5.953125
2023-05-02,6.85223388671875,7.48504638671875,6.27508544921875,6.76629638671875,9.32586669921875,4.33758544921875
2023-05-03,8.343231201171875,7.208465576171875,5.983856201171875,6.757293701171875,6.975067138671875,4.316864013671875
2023-05-04,7.7669677734375,5.8431396484375,5.7347412109375,6.2972412109375,7.1800537109375,2.3743896484375
2023-05-05,5.480255126953125,5.485137939453125,4.599395751953125,5.372833251953125,4.916778564453125,-0.336151123046875
2023-05-06,6.426605224609375,7.415863037109375,5.596527099609375,4.391448974609375,6.234222412109375,3.530120849609375
2023-05-07,8.487579345703125,8.104766845703125,5.062774658203125,6.670196533203125,6.461212158203125,1.916290283203125
2023-05-08,8.70379638671875,6.59735107421875,7.24481201171875,8.04266357421875,10.52899169921875,5.44110107421875
2023-05-09,5.511444091796875,5.979217529296875,5.750701904296875,6.573944091796875,9.389373779296877,4.920623779296875
2023-05-10,9.024932861328123,8.262237548828125,8.082550048828125,8.969268798828125,9.510284423828123,5.204620361328125
2023-05-11,6.06048583984375,7.21478271484375,5.77142333984375,8.06146240234375,8.68450927734375,4.43255615234375
2023-05-12,4.75665283203125,4.89434814453125,4.23028564453125,4.03692626953125,5.71466064453125,1.96173095703125
2023-05-13,9.08740234375,8.28564453125,7.61572265625,9.03369140625,10.52880859375,5.23193359375
2023-05-14,12.5679931640625,11.4058837890625,9.8453369140625,11.2291259765625,11.3150634765625,8.1226806640625
2023-05-15,10.336273193359377,11.213226318359377,8.857757568359375,10.974945068359377,13.601898193359377,7.236663818359375
2023-05-16,7.985198974609375,7.199066162109375,5.491058349609375,5.786956787109375,7.996917724609375,3.424652099609375
2023-05-17,9.770751953125,9.022705078125,6.217041015625,7.685791015625,6.160400390625,4.449462890625
2023-05-18,8.660064697265625,7.294830322265625,6.332916259765625,7.699127197265625,7.254791259765625,4.287017822265625
2023-05-19,6.858734130859375,7.826507568359375,7.035491943359375,6.467132568359375,8.139007568359375,8.327484130859375
2023-05-20,7.597259521484375,7.700775146484375,7.820892333984375,8.073822021484375,9.999603271484377,6.334564208984375
2023-05-21,8.92584228515625,8.97467041015625,6.27447509765625,7.27056884765625,9.71685791015625,6.29693603515625
2023-05-22,7.470306396484375,7.693939208984375,6.347259521484375,7.396087646484375,8.337493896484375,4.675384521484375
2023-05-23,7.339599609375,7.718505859375,6.766357421875,8.672607421875,8.525146484375,4.319091796875
2023-05-24,10.084503173828123,9.371612548828123,7.920440673828125,9.449737548828123,8.393096923828125,4.783721923828125
2023-05-25,11.948333740234377,11.051849365234377,10.128021240234377,11.034271240234377,10.176849365234377,7.959075927734375
2023-05-26,11.753204345703123,10.772735595703123,9.289337158203123,10.221954345703123,10.034454345703123,6.315704345703125
2023-05-27,11.829620361328123,10.897979736328123,9.915557861328123,10.874542236328123,11.529815673828123,7.206573486328125
2023-05-28,10.142669677734377,9.352630615234377,7.208099365234375,8.017669677734375,10.487396240234377,8.461029052734375
2023-05-29,10.407806396484377,10.044525146484377,8.070892333984375,9.050384521484377,10.186126708984377,7.178314208984375
2023-05-30,10.1466064453125,9.6719970703125,8.0362548828125,8.8126220703125,9.7169189453125,7.9512939453125
2023-05-31,9.88421630859375,9.20745849609375,8.18695068359375,10.29437255859375,10.57073974609375,8.43792724609375
2023-06-01,9.58740234375,9.49755859375,7.47314453125,8.73583984375,9.89111328125,6.79638671875
2023-06-02,11.176513671875,11.298583984375,7.928466796875,9.172607421875,10.937255859375,6.574951171875
2023-06-03,10.757354736328123,10.569854736328123,8.671417236328125,10.225128173828123,10.490753173828123,7.329620361328125
2023-06-04,10.1827392578125,9.9962158203125,7.7149658203125,9.2393798828125,10.5811767578125,7.4083251953125
2023-06-05,11.722381591796877,12.215545654296877,9.274139404296877,11.040740966796877,11.674530029296877,8.267303466796875
2023-06-06,11.173583984375,10.957763671875,8.262451171875,10.533935546875,10.599365234375,7.883544921875
2023-06-07,11.15106201171875,10.74969482421875,8.74481201171875,10.30731201171875,10.59051513671875,7.12860107421875
2023-06-08,10.371826171875,10.278076171875,8.335693359375,8.495849609375,10.898193359375,6.295654296875
2023-06-09,10.211639404296877,10.793670654296877,8.454803466796875,9.964569091796877,10.965545654296877,7.785858154296875
2023-06-10,12.09063720703125,11.05841064453125,10.08282470703125,12.14630126953125,11.29864501953125,8.00177001953125
2023-06-11,12.960113525390623,11.813629150390623,10.930816650390623,11.926910400390623,12.492340087890623,9.661285400390623
2023-06-12,12.644561767578123,11.513702392578123,10.820343017578123,11.725616455078123,12.556671142578123,9.685577392578123
2023-06-13,11.59527587890625,10.18511962890625,10.09722900390625,11.88043212890625,11.80328369140625,10.29254150390625
2023-06-14,12.280853271484377,12.039642333984377,9.819915771484377,11.008392333984377,12.583587646484377,9.133392333984377
2023-06-15,11.817413330078123,11.082061767578123,10.391632080078123,11.553741455078123,12.849639892578123,10.184600830078123
2023-06-16,11.300079345703123,10.098907470703123,9.004180908203125,9.973907470703123,12.522735595703123,8.879180908203125
2023-06-17,9.70526123046875,10.10760498046875,7.49334716796875,8.81365966796875,9.31072998046875,7.70819091796875
2023-06-18,9.93853759765625,9.41412353515625,7.62603759765625,9.79107666015625,9.33404541015625,5.39556884765625
2023-06-19,10.9215087890625,11.2789306640625,9.3824462890625,12.1021728515625,11.4957275390625,8.3414306640625
2023-06-20,13.901824951171877,14.613739013671877,11.859832763671877,14.372528076171877,13.735809326171877,10.411590576171877
2023-06-21,15.58819580078125,15.88311767578125,14.02276611328125,14.03155517578125,14.80303955078125,11.63604736328125
2023-06-22,15.837066650390623,15.808746337890623,14.253082275390623,14.548980712890623,15.752105712890623,12.803863525390623
2023-06-23,16.616668701171875,16.075653076171875,14.305145263671877,13.982879638671877,17.706512451171875,13.656707763671877
2023-06-24,15.733612060546877,14.819549560546877,14.237518310546877,15.317596435546877,15.949432373046877,12.709197998046877
2023-06-25,14.97979736328125,13.61846923828125,12.87042236328125,13.66339111328125,15.12530517578125,12.37530517578125
2023-06-26,12.600860595703123,12.191680908203123,10.440704345703123,12.303985595703123,12.875274658203123,8.281524658203125
2023-06-27,14.3033447265625,13.5924072265625,12.6226806640625,13.1695556640625,13.5347900390625,12.4586181640625
2023-06-28,9.038818359375,8.734130859375,8.133544921875,10.276123046875,13.101318359375,9.398193359375
2023-06-29,9.079864501953123,8.826934814453125,8.692169189453125,8.620880126953125,10.624786376953123,5.948028564453125
2023-06-30,11.740631103515623,12.884185791015623,9.784576416015623,10.914459228515623,14.477935791015623,9.967193603515623
2023-07-01,12.13555908203125,12.51446533203125,11.49981689453125,12.03985595703125,13.65704345703125,10.53594970703125
2023-07-02,13.05194091796875,12.98065185546875,11.42401123046875,12.72479248046875,12.65057373046875,8.34588623046875
2023-07-03,14.737945556640623,14.189117431640623,13.152984619140623,13.319976806640623,16.079742431640625,12.122711181640623
2023-07-04,14.98822021484375,14.83978271484375,12.32415771484375,14.36614990234375,13.23138427734375,11.23138427734375
2023-07-05,13.526123046875,13.617919921875,12.562255859375,13.772216796875,12.153076171875,8.534912109375
2023-07-06,14.388885498046877,12.994354248046877,13.283416748046877,13.581268310546877,13.911346435546877,9.302947998046877
2023-07-07,12.577117919921877,12.457000732421877,8.809539794921875,11.509735107421877,13.165008544921877,8.820281982421875
2023-07-08,11.500335693359377,12.165374755859377,10.945648193359377,10.847991943359377,12.511077880859377,6.560882568359375
2023-07-09,11.417755126953123,13.940216064453123,11.664825439453123,10.866973876953123,13.230255126953123,7.408966064453125
2023-07-10,13.125091552734377,14.360443115234377,13.908294677734377,14.242279052734377,13.241302490234377,9.100677490234377
2023-07-11,15.4837646484375,17.2406005859375,14.0648193359375,15.6224365234375,18.1029052734375,17.6497802734375
2023-07-12,15.99920654296875,17.74627685546875,15.34686279296875,15.93865966796875,20.11737060546875,17.55682373046875
2023-07-13,17.188507080078125,16.751007080078125,15.098663330078123,17.067413330078125,20.922882080078125,17.335968017578125
2023-07-14,16.30413818359375,15.61566162109375,15.46624755859375,15.73089599609375,17.17816162109375,14.74554443359375
2023-07-15,17.43609619140625,17.41754150390625,16.78765869140625,17.26422119140625,18.29937744140625,14.69097900390625
2023-07-16,17.08270263671875,20.89129638671875,18.03094482421875,18.86590576171875,18.60614013671875,15.01531982421875
2023-07-17,18.71649169921875,20.95672607421875,17.55242919921875,18.68914794921875,19.51629638671875,18.14129638671875
2023-07-18,16.471954345703125,17.345001220703125,16.420196533203125,16.365509033203125,17.738555908203125,14.876251220703123
2023-07-19,16.239501953125,19.040283203125,17.105712890625,18.191650390625,22.401611328125,18.179931640625
2023-07-20,16.77423095703125,16.83477783203125,15.54864501953125,16.24298095703125,22.23028564453125,16.13458251953125
2023-07-21,17.623199462890625,19.461090087890625,17.117340087890625,18.261871337890625,20.511871337890625,16.500152587890625
2023-07-22,15.356842041015623,16.923248291015625,16.250396728515625,16.316802978515625,20.017974853515625,17.475006103515625
2023-07-23,14.916046142578123,16.067413330078125,13.719757080078123,15.808624267578123,21.554718017578125,15.857452392578123
2023-07-24,17.205718994140625,19.519195556640625,17.935211181640625,18.578765869140625,20.140289306640625,18.280914306640625
2023-07-25,19.81219482421875,21.14910888671875,16.83758544921875,19.84149169921875,20.88446044921875,16.53875732421875
2023-07-26,12.337738037109377,10.891448974609377,10.459808349609377,11.744964599609377,14.157073974609377,10.159027099609377
2023-07-27,9.174957275390623,9.141754150390623,8.770660400390625,10.308746337890623,12.284332275390623,9.071441650390623
2023-07-28,13.45843505859375,15.30609130859375,11.47210693359375,14.56488037109375,15.38812255859375,12.63421630859375
2023-07-29,14.878753662109377,15.237152099609377,14.055511474609377,15.123870849609377,15.535980224609377,13.483245849609377
2023-07-30,15.809478759765623,14.671783447265623,13.571197509765623,14.559478759765623,15.558502197265623,13.702056884765623
2023-07-31,12.59814453125,12.28271484375,12.60888671875,11.63427734375,14.83837890625,9.12255859375
2023-08-01,14.8509521484375,16.8734130859375,13.8470458984375,15.1820068359375,17.0765380859375,13.5111083984375
2023-08-02,14.9381103515625,15.4967041015625,13.1646728515625,14.1490478515625,15.7076416015625,13.4693603515625
2023-08-03,16.15771484375,17.65087890625,14.46142578125,16.71337890625,15.59326171875,14.43505859375
2023-08-04,16.54974365234375,18.49017333984375,14.22357177734375,17.21575927734375,17.76654052734375,15.03411865234375
2023-08-05,13.583160400390623,12.421051025390623,10.943511962890623,12.645660400390623,12.631988525390623,9.571441650390623
2023-08-06,11.0556640625,10.3896484375,9.86328125,10.619140625,12.26953125,8.609375
2023-08-07,10.687255859375,9.777099609375,8.553466796875,10.226318359375,11.432373046875,7.412841796875
2023-08-08,7.9327392578125,7.5343017578125,7.9962158203125,7.3028564453125,10.2012939453125,4.0059814453125
2023-08-09,10.89508056640625,11.11187744140625,10.33258056640625,10.88824462890625,12.32183837890625,8.03472900390625
2023-08-10,10.521148681640623,10.822906494140623,8.860015869140625,9.629547119140623,11.404937744140623,4.447906494140625
2023-08-11,10.301483154296877,10.434295654296877,9.136444091796877,9.708709716796877,12.012420654296877,5.263397216796875
2023-08-12,10.56365966796875,10.52947998046875,10.28045654296875,10.01873779296875,12.21697998046875,5.97088623046875
2023-08-13,12.089752197265623,12.480377197265623,11.787017822265623,11.775299072265623,13.321197509765623,8.288970947265625
2023-08-14,13.15374755859375,13.20745849609375,12.99261474609375,13.31488037109375,14.04632568359375,9.09613037109375
2023-08-15,12.87554931640625,12.92828369140625,11.26812744140625,12.57965087890625,13.68707275390625,8.87164306640625
2023-08-16,13.521148681640623,13.402984619140623,12.871734619140623,13.982086181640623,13.424468994140623,9.346343994140623
2023-08-17,14.82098388671875,15.01824951171875,14.09930419921875,14.57586669921875,15.51239013671875,10.75653076171875
2023-08-18,15.155242919921877,14.762664794921877,12.074188232421877,15.261688232421877,14.512664794921877,11.945281982421877
2023-08-19,15.0069580078125,14.8214111328125,12.0206298828125,14.0889892578125,15.3302001953125,12.4981689453125
2023-08-20,15.33935546875,16.10693359375,13.56982421875,14.86669921875,17.56396484375,11.96044921875
2023-08-21,16.074493408203125,16.528594970703125,14.813751220703123,15.234649658203123,17.553985595703125,11.370391845703123
2023-08-22,17.000518798828125,17.123565673828125,16.324737548828125,16.394073486328125,17.662628173828125,12.483917236328123
2023-08-23,14.966583251953123,18.182403564453125,15.293731689453123,16.593536376953125,16.845489501953125,12.395294189453123
2023-08-24,16.19732666015625,17.20416259765625,15.34967041015625,16.10748291015625,16.54595947265625,10.82720947265625
2023-08-25,15.592681884765623,17.718658447265625,16.381744384765625,17.702056884765625,17.579010009765625,14.317291259765623
2023-08-26,16.30908203125,18.00537109375,14.92041015625,18.17333984375,17.73779296875,15.95556640625
2023-08-27,15.929901123046877,18.113494873046875,15.293182373046877,17.163299560546875,18.887908935546875,16.763885498046875
2023-08-28,17.585296630859375,18.30502319335937,14.799163818359377,17.297210693359375,16.200531005859375,13.775726318359377
2023-08-29,13.69708251953125,14.09063720703125,11.29962158203125,12.60919189453125,12.31329345703125,9.75860595703125
2023-08-30,10.9678955078125,11.3135986328125,10.6934814453125,11.5665283203125,12.1817626953125,8.8966064453125
2023-08-31,11.642486572265623,12.420806884765623,8.039947509765625,11.227447509765623,10.770416259765623,7.171783447265625
2023-09-01,11.752349853515623,11.422271728515623,12.331451416015623,11.695709228515623,11.491607666015623,6.989654541015625
2023-09-02,12.199005126953123,12.436309814453123,13.130645751953123,11.936309814453123,12.261505126953123,7.406036376953125
2023-09-03,13.347198486328123,12.084503173828123,11.121612548828123,12.686065673828123,15.553253173828123,9.840362548828123
2023-09-04,12.216094970703123,10.751251220703123,9.766876220703123,11.339141845703123,13.203399658203123,9.068634033203123
2023-09-05,12.1627197265625,11.2691650390625,9.4859619140625,10.2506103515625,13.6617431640625,7.4908447265625
2023-09-06,11.9923095703125,11.6739501953125,10.6319580078125,11.5460205078125,14.0616455078125,9.6544189453125
2023-09-07,11.779876708984377,11.290618896484377,10.518157958984377,11.816986083984377,14.062103271484377,8.299407958984375
2023-09-08,10.996917724609377,11.056488037109377,10.310394287109377,10.669769287109377,12.796722412109377,6.653167724609375
2023-09-09,10.658905029296877,11.983123779296877,10.609100341796877,9.986053466796877,12.238983154296877,6.129608154296875
2023-09-10,11.203521728515623,11.594146728515623,12.112701416015623,11.269927978515623,12.624420166015623,6.482818603515625
2023-09-11,10.905029296875,11.432373046875,11.581787109375,11.845458984375,14.055419921875,10.814208984375
2023-09-12,11.747802734375,15.032958984375,11.090576171875,13.140380859375,16.341552734375,14.735107421875
2023-09-13,12.9998779296875,14.7625732421875,11.4217529296875,13.1033935546875,18.4432373046875,14.4686279296875
2023-09-14,13.82928466796875,13.48260498046875,12.39764404296875,13.02264404296875,12.33807373046875,10.25018310546875
2023-09-15,13.32830810546875,12.90936279296875,10.53533935546875,11.46893310546875,13.55291748046875,10.36151123046875
2023-09-16,11.496856689453123,11.572052001953123,10.489044189453123,12.164825439453123,12.628692626953123,9.263458251953123
2023-09-17,12.18267822265625,12.56451416015625,11.61138916015625,12.50592041015625,12.62408447265625,8.66021728515625
2023-09-18,16.40985107421875,15.72528076171875,14.01336669921875,14.65203857421875,16.00067138671875,13.82391357421875
2023-09-19,12.230133056640623,14.524078369140623,10.886383056640623,13.113922119140623,13.995758056640623,12.006500244140623
2023-09-20,15.51177978515625,15.43951416015625,13.99615478515625,14.35845947265625,16.03131103515625,14.03033447265625
2023-09-21,14.529815673828123,15.649932861328123,12.676300048828123,14.253448486328123,14.329620361328123,10.165557861328123
2023-09-22,16.94775390625,17.37353515625,13.59033203125,14.66943359375,16.16162109375,12.56787109375
2023-09-23,13.525787353515623,14.816802978515623,12.176177978515623,14.200592041015623,14.715240478515623,11.825592041015623
2023-09-24,11.864898681640623,10.958648681640623,10.199859619140623,11.820953369140623,12.038726806640623,9.188140869140623
2023-09-25,11.121185302734377,11.466888427734377,11.427825927734377,12.170013427734377,14.054779052734377,9.276458740234377
2023-09-26,9.636322021484377,10.251556396484377,8.320892333984375,10.128509521484377,11.756439208984377,7.593353271484375
2023-09-27,9.30419921875,9.42724609375,7.93408203125,8.53271484375,10.74951171875,5.60400390625
2023-09-28,8.487213134765625,8.236236572265625,8.705963134765625,8.404205322265625,10.084869384765623,4.992095947265625
2023-09-29,8.53118896484375,9.71282958984375,9.10150146484375,8.72259521484375,8.81243896484375,4.46087646484375
2023-09-30,9.03570556640625,9.87945556640625,7.99664306640625,8.38922119140625,10.75836181640625,3.92437744140625
2023-10-01,7.88995361328125,7.53155517578125,5.67803955078125,6.84112548828125,9.85675048828125,4.66339111328125
2023-10-02,7.892425537109375,8.455902099609375,7.296722412109375,7.231292724609375,9.149261474609377,3.225433349609375
2023-10-03,8.099365234375,10.731201171875,7.640380859375,8.927490234375,10.844482421875,10.226318359375
2023-10-04,9.978179931640623,8.593414306640625,10.546539306640623,11.327789306640623,11.794586181640623,7.180328369140625
2023-10-05,9.91656494140625,9.51129150390625,8.95562744140625,10.12750244140625,9.57574462890625,7.94390869140625
2023-10-06,6.553314208984375,6.867767333984375,6.907806396484375,6.131439208984375,8.023040771484375,2.359954833984375
2023-10-07,6.020355224609375,8.631683349609375,8.212738037109375,8.047698974609375,7.750823974609375,5.766448974609375
2023-10-08,11.923797607421877,10.148406982421877,9.592742919921877,9.286102294921877,11.951141357421877,7.695281982421875
2023-10-09,10.998992919921877,11.406219482421877,8.467742919921875,9.493133544921877,15.465789794921877,11.517547607421877
2023-10-10,9.263824462890623,9.670074462890623,9.048980712890623,8.367340087890625,10.098785400390623,4.497222900390625
2023-10-11,7.201995849609375,7.994964599609375,6.695159912109375,7.449066162109375,9.446136474609377,6.984222412109375
2023-10-12,8.354461669921875,11.250946044921877,7.790985107421875,10.344696044921877,11.733367919921877,9.226531982421877
2023-10-13,8.447113037109375,10.076995849609377,8.139495849609375,8.858245849609375,14.400238037109377,10.832855224609377
2023-10-14,7.4061279296875,10.7049560546875,7.2674560546875,8.8768310546875,9.8045654296875,10.6258544921875
2023-10-15,5.977996826171875,4.311004638671875,3.446746826171875,4.983856201171875,8.830535888671875,5.226043701171875
2023-10-16,3.7462158203125,2.7501220703125,3.9239501953125,3.6417236328125,7.8878173828125,4.0557861328125
2023-10-17,1.223785400390625,0.794097900390625,1.756988525390625,3.197418212890625,5.683746337890625,1.397613525390625
2023-10-18,6.858795166015625,7.687896728515625,5.225982666015625,5.436920166015625,9.597076416015623,5.149810791015625
2023-10-19,15.530914306640623,14.559234619140623,11.908843994140623,13.533843994140623,12.930328369140623,9.768218994140623
2023-10-20,16.978057861328125,15.659698486328123,12.718292236328123,13.335479736328123,14.895050048828123,10.079620361328123
2023-10-21,13.029510498046877,12.913299560546877,11.536346435546877,12.182830810546877,11.829315185546877,8.967987060546875
2023-10-22,9.068267822265623,10.118072509765623,7.153228759765625,9.168853759765623,8.545806884765625,7.242095947265625
2023-10-23,7.545379638671875,8.821746826171875,6.697723388671875,7.365692138671875,8.955535888671875,8.782684326171875
2023-10-24,14.747222900390623,13.940582275390623,10.875152587890623,11.394683837890623,11.752105712890623,8.020660400390625
2023-10-25,10.20257568359375,10.44573974609375,9.10980224609375,10.22210693359375,10.47406005859375,8.49554443359375
2023-10-26,10.56903076171875,11.30633544921875,9.46356201171875,10.59735107421875,10.80340576171875,8.13641357421875
2023-10-27,11.538330078125,11.628173828125,9.668212890625,10.911376953125,11.839111328125,7.080322265625
2023-10-28,6.653228759765625,7.065338134765625,6.145416259765625,6.634674072265625,8.620025634765625,4.548736572265625
2023-10-29,5.672393798828125,6.905792236328125,5.511260986328125,5.152862548828125,7.199737548828125,5.854034423828125
2023-10-30,6.848907470703125,8.811798095703125,5.546173095703125,5.837188720703125,8.049102783203125,4.056915283203125
2023-10-31,6.19268798828125,7.79327392578125,6.32061767578125,8.59698486328125,9.63702392578125,6.67315673828125
2023-11-01,8.803741455078125,9.025421142578123,6.942413330078125,8.682647705078125,8.523468017578125,5.054718017578125
2023-11-02,12.034576416015623,11.392974853515623,8.733795166015625,10.563873291015623,9.538482666015623,5.953521728515625
2023-11-03,8.436248779296875,7.896209716796875,5.504608154296875,6.685272216796875,7.267303466796875,4.612030029296875
2023-11-04,7.402618408203125,6.732696533203125,5.325469970703125,6.335235595703125,6.778594970703125,3.967071533203125
2023-11-05,7.925933837890625,9.556793212890623,7.204254150390625,8.628082275390625,9.138824462890623,6.257965087890625
2023-11-06,5.421661376953125,5.278106689453125,4.411895751953125,5.643341064453125,7.096466064453125,2.824981689453125
2023-11-07,9.85369873046875,11.10565185546875,8.97283935546875,9.99627685546875,10.20721435546875,7.15057373046875
2023-11-08,2.784454345703125,0.838165283203125,1.128204345703125,3.492462158203125,3.726837158203125,0.847930908203125
2023-11-09,2.42578125,4.201171875,2.373046875,3.1953125,4.3388671875,2.9033203125
2023-11-10,6.1024169921875,6.6903076171875,4.1541748046875,5.5672607421875,6.4031982421875,3.3172607421875
2023-11-11,-0.264068603515625,0.091400146484375,0.357025146484375,1.248626708984375,2.303314208984375,-3.070709228515625
2023-11-12,-0.082916259765625,0.874114990234375,-0.644439697265625,2.043060302734375,4.470794677734375,0.488372802734375
2023-11-13,2.104827880859375,3.997406005859375,2.534515380859375,2.943695068359375,4.922210693359375,4.067718505859375
2023-11-14,6.090667724609375,7.970550537109375,6.926605224609375,7.099456787109375,8.325042724609375,4.753753662109375
2023-11-15,1.207183837890625,1.089019775390625,-0.013519287109375,1.644683837890625,3.466949462890625,-2.524261474609375
2023-11-16,3.9949951171875,6.4071044921875,1.9832763671875,4.0076904296875,5.4735107421875,0.5867919921875
2023-11-17,0.0126953125,-1.0185546875,-2.708984375,-0.6025390625,1.84765625,-3.3662109375
2023-11-18,-1.682220458984375,-2.934173583984375,-4.634368896484375,-2.670501708984375,-2.298431396484375,-6.698822021484375
2023-11-19,-0.368499755859375,0.582672119140625,-0.970062255859375,0.136383056640625,3.445953369140625,1.496734619140625
2023-11-20,-0.13592529296875,0.69805908203125,0.04278564453125,0.31817626953125,2.40606689453125,0.60528564453125
2023-11-21,4.574310302734375,3.456146240234375,3.874114990234375,5.220794677734375,7.592864990234375,3.556732177734375
2023-11-22,3.336273193359375,1.951507568359375,0.172210693359375,1.917327880859375,3.456390380859375,1.358734130859375
2023-11-23,-0.107879638671875,2.469268798828125,2.844268798828125,3.167510986328125,9.136260986328123,3.036651611328125
2023-11-24,2.546600341796875,0.536834716796875,2.763397216796875,3.855194091796875,5.826873779296875,2.585662841796875
2023-11-25,-4.735321044921875,-6.234344482421875,-8.080047607421875,-6.465789794921875,-5.182586669921875,-9.963836669921877
2023-11-26,-8.05877685546875,-8.96112060546875,-13.76580810546875,-11.37030029296875,-8.60760498046875,-17.22283935546875
2023-11-27,0.285797119140625,1.444000244140625,-0.989593505859375,1.210601806640625,0.703765869140625,-2.168304443359375
2023-11-28,-0.630035400390625,-2.087066650390625,-0.251129150390625,0.408050537109375,1.937347412109375,-0.566558837890625
2023-11-29,-3.805267333984375,-5.715423583984375,-5.097259521484375,-1.945892333984375,-0.215423583984375,-6.681243896484375
2023-11-30,10.90460205078125,8.72491455078125,6.03155517578125,7.26300048828125,7.73760986328125,3.93487548828125
2023-12-01,12.965606689453123,11.329864501953123,8.421661376953125,10.460723876953123,9.806427001953123,4.993927001953125
2023-12-02,4.262542724609375,5.664886474609375,3.578948974609375,5.038909912109375,5.003753662109375,0.802581787109375
2023-12-03,-3.759002685546875,-5.402557373046875,-5.381072998046875,-3.353729248046875,-0.235565185546875,-3.889862060546875
2023-12-04,-1.067840576171875,-0.125457763671875,-1.358856201171875,-0.491668701171875,0.012237548828125,-3.405731201171875
2023-12-05,-1.617828369140625,-0.269195556640625,-0.592437744140625,-0.292633056640625,2.700531005859375,-0.495758056640625
2023-12-06,0.26641845703125,-0.70526123046875,-0.98944091796875,1.08282470703125,2.01739501953125,-1.76287841796875
2023-12-07,-0.782867431640625,-2.326812744140625,-4.271148681640625,-3.324859619140625,-3.649078369140625,-7.911773681640625
2023-12-08,-4.656036376953125,-5.461700439453125,-5.481231689453125,-5.254669189453125,-5.347442626953125,-14.798614501953123
2023-12-09,-4.203521728515625,-2.254302978515625,-3.863677978515625,-2.991607666015625,-2.045318603515625,-6.729888916015625
2023-12-10,0.2392578125,-0.5888671875,-1.3046875,-0.6162109375,0.2255859375,-5.0732421875
2023-12-11,0.643707275390625,0.985504150390625,-0.016448974609375,0.534332275390625,1.779449462890625,-1.828948974609375
2023-12-12,3.75323486328125,4.40948486328125,4.03155517578125,5.63995361328125,5.47003173828125,2.12237548828125
2023-12-13,11.477752685546877,10.075408935546877,7.229705810546875,9.630096435546877,8.100799560546875,4.502166748046875
2023-12-14,2.96429443359375,1.11663818359375,0.07659912109375,1.55609130859375,3.12152099609375,-1.15875244140625
2023-12-15,-0.954925537109375,-2.837738037109375,-3.750823974609375,-2.513519287109375,0.197418212890625,-4.330902099609375
2023-12-16,-3.308197021484375,-4.153900146484375,-5.942962646484375,-4.517181396484375,-3.400970458984375,-11.154876708984377
2023-12-17,-3.22052001953125,-1.39434814453125,-1.49395751953125,-1.73614501953125,-1.51055908203125,-7.08673095703125
2023-12-18,-2.436553955078125,2.056610107421875,1.473602294921875,0.964813232421875,0.587860107421875,-1.004913330078125
2023-12-19,-3.523284912109375,1.570465087890625,-1.252777099609375,0.281402587890625,6.699371337890625,1.921051025390625
2023-12-20,-1.369659423828125,-0.814971923828125,-1.829620361328125,-1.387237548828125,-2.113800048828125,-2.668487548828125
2023-12-21,0.37261962890625,1.12261962890625,0.07379150390625,-0.18304443359375,1.01422119140625,-3.61468505859375
2023-12-22,-1.28472900390625,1.18597412109375,0.75921630859375,0.21820068359375,0.49847412109375,-3.64312744140625
2023-12-23,-1.009979248046875,-0.206268310546875,0.304473876953125,0.689239501953125,3.609161376953125,-1.236541748046875
2023-12-24,-0.118896484375,2.540283203125,0.094970703125,0.516845703125,4.762939453125,1.292236328125
2023-12-25,-0.880279541015625,2.966400146484375,-0.128326416015625,1.604095458984375,7.816986083984375,5.641204833984375
2023-12-26,-0.417938232421875,2.673858642578125,-1.543914794921875,0.908233642578125,1.819366455078125,-2.135711669921875
2023-12-27,-0.992523193359375,0.521148681640625,-0.225921630859375,0.087554931640625,6.859039306640625,1.605133056640625
2023-12-28,-1.840667724609375,0.830230712890625,-1.385589599609375,0.369293212890625,5.628082275390625,3.019683837890625
2023-12-29,-2.096435546875,0.220947265625,-0.997802734375,0.390869140625,4.874267578125,3.370361328125
2023-12-30,0.000213623046875,1.664276123046875,-0.700958251953125,0.810760498046875,1.091033935546875,0.121307373046875
2023-12-31,-1.209930419921875,0.848663330078125,-0.573211669921875,-0.372039794921875,3.109405517578125,-1.591766357421875
2024-01-01,3.146942138671875,2.349090576171875,2.054168701171875,3.614715576171875,4.274871826171875,0.871551513671875
2024-01-02,0.969879150390625,2.987457275390625,0.555816650390625,1.812652587890625,3.088043212890625,-2.134613037109375
2024-01-03,3.890960693359375,3.531585693359375,3.670257568359375,4.608734130859375,5.130218505859375,1.656585693359375
2024-01-04,-1.7557373046875,-0.6805419921875,-1.0350341796875,0.1485595703125,2.7364501953125,-2.3309326171875
2024-01-05,7.896148681640625,7.658843994140625,4.319976806640625,6.567047119140625,6.658843994140625,2.381500244140625
2024-01-06,2.71466064453125,4.80255126953125,1.79864501953125,2.68536376953125,3.89630126953125,0.81719970703125
2024-01-07,0.98358154296875,-0.14727783203125,-0.09747314453125,1.89764404296875,2.56463623046875,-0.55059814453125
2024-01-08,-5.551116943359375,-6.787445068359375,-7.220062255859375,-5.323577880859375,-3.063812255859375,-6.823577880859375
2024-01-09,-7.984344482421875,-9.310516357421877,-8.463836669921875,-6.704071044921875,-5.838836669921875,-10.113250732421877
2024-01-10,-7.96368408203125,-8.09259033203125,-6.13946533203125,-6.24200439453125,-5.29083251953125,-9.49395751953125
2024-01-11,-7.89013671875,-8.38134765625,-7.64013671875,-6.00048828125,-6.22119140625,-15.27490234375
2024-01-12,-5.628173828125,-7.094970703125,-8.796142578125,-6.678955078125,-6.896728515625,-13.971923828125
2024-01-13,-6.990142822265625,-6.381744384765625,-7.369049072265625,-5.108306884765625,-2.992095947265625,-5.561431884765625
2024-01-14,-2.539459228515625,-2.873443603515625,-2.172271728515625,-1.433013916015625,-0.175201416015625,-2.962310791015625
2024-01-15,-0.417724609375,-2.573974609375,1.022705078125,0.837158203125,3.222900390625,0.191650390625
2024-01-16,-2.117950439453125,-0.990020751953125,0.703338623046875,0.363494873046875,2.809783935546875,0.535369873046875
2024-01-17,6.957489013671875,7.479949951171875,3.861785888671875,5.425262451171875,6.369598388671875,1.893035888671875
2024-01-18,2.278045654296875,4.338592529296875,3.229217529296875,4.462615966796875,5.782928466796875,2.052459716796875
2024-01-19,-3.778533935546875,-5.401580810546875,-6.578338623046875,-4.964080810546875,-1.070526123046875,-4.470916748046875
2024-01-20,-6.261474609375,-7.269287109375,-9.864013671875,-8.458740234375,-6.178466796875,-11.345458984375
2024-01-21,-6.271514892578125,-5.338897705078125,-7.185577392578125,-5.778350830078125,-5.504913330078125,-16.481475830078125
2024-01-22,-9.709381103515623,-4.464263916015625,-5.134185791015625,-5.791412353515625,2.124603271484375,-2.169342041015625
2024-01-23,-6.138275146484375,-2.619720458984375,-4.067962646484375,-2.648040771484375,-1.172454833984375,-5.869720458984375
2024-01-24,-3.880645751953125,-0.328887939453125,-3.190216064453125,-2.717559814453125,3.118377685546875,0.725799560546875
2024-01-25,-1.495452880859375,-0.169281005859375,-4.225921630859375,-4.067718505859375,-3.019866943359375,-10.202484130859377
2024-01-26,-1.994903564453125,-1.302520751953125,-3.254669189453125,-4.097442626953125,-1.808380126953125,-5.781036376953125
2024-01-27,-1.654693603515625,-3.142974853515625,-5.238677978515625,-5.092193603515625,-3.161529541015625,-7.938873291015625
2024-01-28,-2.254791259765625,-3.095611572265625,-5.089752197265625,-3.195220947265625,-2.821197509765625,-7.757720947265625
2024-01-29,-5.600921630859375,-5.845062255859375,-10.978851318359377,-6.309906005859375,-5.472991943359375,-12.853851318359377
2024-01-30,-5.185089111328125,-4.438018798828125,-5.457550048828125,-3.347198486328125,-3.910675048828125,-13.126495361328123
2024-01-31,-3.451507568359375,-1.287445068359375,-2.136077880859375,-1.456390380859375,-3.734710693359375,-5.376312255859375
2024-02-01,0.242462158203125,0.284454345703125,-3.128631591796875,-0.463592529296875,-2.247772216796875,-5.299530029296875
2024-02-02,-4.5924072265625,-4.2135009765625,-7.8111572265625,-4.4400634765625,-3.9058837890625,-11.3677978515625
2024-02-03,-0.4888916015625,-0.2886962890625,-0.1177978515625,-0.7623291015625,-0.2418212890625,-6.5367431640625
2024-02-04,-1.300079345703125,0.989959716796875,-1.458282470703125,-0.377227783203125,3.754608154296875,1.339569091796875
2024-02-05,-1.567962646484375,1.395904541015625,-1.025970458984375,-0.536712646484375,1.352935791015625,2.357818603515625
2024-02-06,-1.286590576171875,-0.592254638671875,-0.899871826171875,0.430206298828125,2.219268798828125,-1.045379638671875
2024-02-07,-0.149749755859375,1.123687744140625,1.060211181640625,0.970367431640625,4.214508056640625,-0.522796630859375
2024-02-08,-0.16748046875,1.31689453125,0.20166015625,1.20263671875,3.58056640625,-2.10107421875
2024-02-09,6.713653564453125,5.378692626953125,2.957794189453125,3.897247314453125,3.174591064453125,-0.838104248046875
2024-02-10,6.896759033203125,6.124298095703125,3.722930908203125,5.381134033203125,5.450469970703125,2.032501220703125
2024-02-11,2.730621337890625,3.174957275390625,1.264801025390625,2.797027587890625,3.036285400390625,-0.189300537109375
2024-02-12,3.604156494140625,1.674468994140625,-0.740570068359375,1.927398681640625,-0.220062255859375,-7.146820068359375
2024-02-13,1.252899169921875,-0.066436767578125,-1.787139892578125,0.058563232421875,1.420867919921875,-2.844757080078125
2024-02-14,-2.627166748046875,-3.168182373046875,-4.545135498046875,-3.880096435546875,-2.271697998046875,-13.610565185546877
2024-02-15,-1.56427001953125,-0.31524658203125,-1.91778564453125,-1.87677001953125,-0.93634033203125,-11.39141845703125
2024-02-16,-1.64874267578125,-0.62042236328125,0.74774169921875,-0.62237548828125,-0.26104736328125,-3.46417236328125
2024-02-17,0.286346435546875,-0.024200439453125,-0.272247314453125,0.755096435546875,-0.948028564453125,-2.938262939453125
2024-02-18,-1.772064208984375,-0.703704833984375,-2.333587646484375,-1.610931396484375,-2.204681396484375,-9.793548583984377
2024-02-19,-0.760498046875,-1.360107421875,-0.764404296875,-0.925537109375,-0.821044921875,-6.383544921875
2024-02-20,-0.226287841796875,-0.188201904296875,-1.452850341796875,-0.473358154296875,0.264923095703125,-6.848358154296875
2024-02-21,-2.941864013671875,-1.992645263671875,-3.007293701171875,-2.472137451171875,3.375518798828125,-3.793426513671875
2024-02-22,3.489105224609375,2.785003662109375,0.951995849609375,2.242034912109375,2.215667724609375,-1.517730712890625
2024-02-23,7.863922119140625,7.187164306640625,4.118804931640625,6.235992431640625,4.470367431640625,1.844390869140625
2024-02-24,4.632354736328125,5.499542236328125,2.778839111328125,4.329620361328125,5.036651611328125,0.713409423828125
2024-02-25,2.177642822265625,2.768463134765625,0.568267822265625,1.593658447265625,4.538970947265625,-0.153411865234375
2024-02-26,1.875274658203125,3.891876220703125,1.049102783203125,2.053985595703125,3.650665283203125,0.470001220703125
2024-02-27,3.645599365234375,4.284271240234375,3.173919677734375,4.020599365234375,5.311614990234375,1.986419677734375
2024-02-28,3.817413330078125,4.044952392578125,3.740264892578125,3.816436767578125,5.389678955078125,0.282257080078125
2024-02-29,6.217193603515625,5.690826416015625,4.324615478515625,5.179107666015625,6.237701416015625,1.842193603515625
2024-03-01,2.620513916015625,3.830474853515625,0.935943603515625,3.320709228515625,3.677154541015625,-0.222259521484375
2024-03-02,0.4345703125,1.310546875,1.3505859375,0.5986328125,3.4384765625,-1.80859375
2024-03-03,0.772613525390625,1.174957275390625,1.985504150390625,0.241363525390625,4.555816650390625,-1.910980224609375
2024-03-04,4.215179443359375,4.535491943359375,0.991546630859375,3.111663818359375,2.250335693359375,-0.288726806640625
2024-03-05,2.944366455078125,2.586944580078125,0.177764892578125,2.847686767578125,0.984405517578125,-2.572235107421875
2024-03-06,2.722869873046875,2.152557373046875,1.110565185546875,1.668182373046875,2.441619873046875,-0.814239501953125
2024-03-07,2.033538818359375,0.654632568359375,-0.382476806640625,0.725921630859375,-1.260406494140625,-4.171539306640625
2024-03-08,-0.960540771484375,-1.243743896484375,-2.578704833984375,-1.634368896484375,0.740631103515625,-3.478118896484375
2024-03-09,3.21380615234375,4.03118896484375,2.31341552734375,3.45697021484375,4.46966552734375,0.65716552734375
2024-03-10,7.631134033203125,8.615509033203125,3.752227783203125,5.791290283203125,6.763946533203125,3.125274658203125
2024-03-11,1.169952392578125,2.064483642578125,1.110382080078125,0.821319580078125,2.467803955078125,-0.140594482421875
2024-03-12,2.882659912109375,2.114105224609375,0.464691162109375,1.758636474609375,1.513519287109375,-5.795074462890625
2024-03-13,3.985260009765625,2.762603759765625,0.618072509765625,1.716705322265625,1.580963134765625,-2.072357177734375
2024-03-14,1.515655517578125,1.726593017578125,-3.452117919921875,0.033233642578125,-0.474578857421875,-6.363250732421875
2024-03-15,1.612579345703125,2.636993408203125,-1.001678466796875,0.575469970703125,1.470001220703125,-0.698944091796875
2024-03-16,4.044525146484375,2.149993896484375,1.914642333984375,3.766204833984375,3.623626708984375,-1.882232666015625
2024-03-17,0.578033447265625,1.432525634765625,-1.949310302734375,0.828033447265625,0.792877197265625,-7.684661865234375
2024-03-18,5.161590576171875,3.376434326171875,2.144012451171875,3.979949951171875,3.922332763671875,0.371551513671875
2024-03-19,-2.059417724609375,-3.625823974609375,-4.772308349609375,-3.940277099609375,-2.054534912109375,-8.633636474609375
2024-03-20,-2.31707763671875,-0.56219482421875,-2.75262451171875,-0.85028076171875,-0.75262451171875,-4.82489013671875
2024-03-21,1.315155029296875,1.516326904296875,1.354217529296875,1.260467529296875,0.289764404296875,-3.045196533203125
2024-03-22,-0.171295166015625,1.442962646484375,-0.135162353515625,0.016204833984375,0.893157958984375,-3.010162353515625
2024-03-23,2.685699462890625,4.663238525390625,2.196441650390625,3.111480712890625,5.034332275390625,-0.603363037109375
2024-03-24,0.669647216796875,-0.349884033203125,-0.175079345703125,0.604217529296875,2.613983154296875,-0.621368408203125
2024-03-25,-2.757354736328125,-3.195831298828125,-3.098175048828125,-4.348175048828125,1.272918701171875,-3.027862548828125
2024-03-26,3.820587158203125,3.472930908203125,4.170196533203125,3.470001220703125,6.852813720703125,1.652618408203125
2024-03-27,8.668731689453125,9.118927001953123,6.689239501953125,8.314239501953125,7.406036376953125,3.980255126953125
2024-03-28,9.541839599609377,7.545745849609375,5.214691162109375,5.996917724609375,6.412933349609375,1.775238037109375
2024-03-29,6.417388916015625,8.045318603515625,5.449615478515625,6.267974853515625,7.108795166015625,3.692779541015625
2024-03-30,9.001983642578125,10.066436767578123,4.876007080078125,6.906280517578125,7.893585205078125,4.529327392578125
2024-03-31,10.121429443359377,10.493499755859377,6.517913818359375,7.637054443359375,8.892913818359375,4.645843505859375
2024-04-01,12.8055419921875,10.7010498046875,8.0770263671875,10.5076904296875,8.3426513671875,5.6688232421875
2024-04-02,2.022979736328125,3.141143798828125,-0.425262451171875,1.398956298828125,1.882354736328125,-2.984832763671875
2024-04-03,5.867584228515625,6.435943603515625,3.939849853515625,5.276763916015625,6.058990478515625,2.976959228515625
2024-04-04,4.438262939453125,5.144317626953125,2.865997314453125,3.748809814453125,3.472442626953125,2.349395751953125
2024-04-05,4.671173095703125,6.055938720703125,4.239532470703125,6.728790283203125,4.090118408203125,3.984649658203125
2024-04-06,8.807708740234375,9.299896240234377,8.629974365234375,9.433685302734377,8.073333740234375,5.015716552734375
2024-04-07,7.570709228515625,7.304107666015625,8.403717041015625,6.995513916015625,7.444732666015625,2.207427978515625
2024-04-08,7.259735107421875,8.645477294921875,6.168914794921875,6.864227294921875,12.155242919921877,7.493133544921875
2024-04-09,7.5992431640625,8.7515869140625,5.6568603515625,8.4273681640625,11.7467041015625,8.7926025390625
2024-04-10,8.766265869140625,7.893218994140625,7.760406494140625,8.483062744140625,10.236968994140623,4.770172119140625
2024-04-11,6.99407958984375,6.90130615234375,5.43841552734375,6.42376708984375,9.05950927734375,2.30462646484375
2024-04-12,8.23284912109375,8.56683349609375,8.46527099609375,8.02679443359375,9.81390380859375,3.33929443359375
2024-04-13,7.452850341796875,9.054412841796877,7.901092529296875,7.347381591796875,8.294647216796875,3.095428466796875
2024-04-14,8.142913818359375,10.877288818359377,8.061859130859375,9.457366943359377,13.879241943359377,9.937835693359377
2024-04-15,12.274169921875,12.243896484375,8.218505859375,9.892333984375,9.538818359375,6.295654296875
2024-04-16,8.4775390625,7.34375,6.99609375,8.8955078125,8.1005859375,5.7509765625
2024-04-17,1.221893310546875,-0.382598876953125,-0.620880126953125,0.926971435546875,3.512908935546875,-0.027130126953125
2024-04-18,1.094940185546875,-0.252716064453125,-1.907012939453125,-0.992950439453125,0.340057373046875,-5.698028564453125
2024-04-19,-1.06170654296875,-0.86444091796875,-1.57537841796875,-1.86444091796875,-0.01483154296875,-4.86346435546875
2024-04-20,3.867767333984375,1.649017333984375,0.210540771484375,1.921478271484375,2.182220458984375,-1.171295166015625
2024-04-21,1.6806640625,1.2265625,-2.0771484375,0.7021484375,0.3193359375,-8.92578125
2024-04-22,0.670318603515625,3.557037353515625,1.135162353515625,1.873443603515625,4.475006103515625,-0.065032958984375
2024-04-23,3.808349609375,4.901123046875,4.335693359375,5.442138671875,5.688232421875,2.567138671875
2024-04-24,1.868011474609375,3.681488037109375,-0.250152587890625,2.765472412109375,4.261566162109375,-0.075347900390625
2024-04-25,0.652099609375,0.161865234375,-1.279541015625,0.786865234375,1.646240234375,-2.234619140625
2024-04-26,1.975067138671875,2.489715576171875,2.175262451171875,2.190887451171875,2.977996826171875,0.604949951171875
2024-04-27,4.20269775390625,5.50738525390625,4.16851806640625,4.34332275390625,5.25640869140625,2.97125244140625
2024-04-28,6.32904052734375,7.31048583984375,7.18646240234375,6.16497802734375,7.33197021484375,2.37005615234375
2024-04-29,5.987884521484375,6.524017333984375,6.715423583984375,6.028900146484375,6.516204833984375,1.321868896484375
2024-04-30,7.16912841796875,7.45330810546875,6.88787841796875,6.81658935546875,8.63006591796875,3.45721435546875
2024-05-01,9.34051513671875,9.11004638671875,7.50360107421875,8.10125732421875,9.13446044921875,5.62567138671875
2024-05-02,7.90252685546875,6.87420654296875,6.41326904296875,7.21405029296875,7.29608154296875,4.64471435546875
2024-05-03,7.5701904296875,6.1932373046875,4.6190185546875,5.7479248046875,5.5809326171875,1.9403076171875
2024-05-04,6.178314208984375,7.449798583984375,5.797454833984375,5.842376708984375,5.210540771484375,0.904876708984375
2024-05-05,5.894500732421875,7.687469482421875,4.307586669921875,5.676727294921875,6.754852294921875,4.467742919921875
2024-05-06,7.106048583984375,8.316009521484375,5.434173583984375,6.900970458984375,7.900970458984375,2.629486083984375
2024-05-07,7.989227294921875,8.258758544921875,7.295867919921875,8.199188232421875,10.844696044921877,7.803680419921875
2024-05-08,11.472869873046877,10.648651123046877,8.728729248046875,9.974822998046877,10.160369873046877,4.264862060546875
2024-05-09,6.893341064453125,7.200958251953125,6.826934814453125,7.791778564453125,10.048614501953123,5.304473876953125
2024-05-10,5.693450927734375,5.301849365234375,3.651458740234375,4.641693115234375,7.278411865234375,2.711029052734375
2024-05-11,6.3489990234375,7.1693115234375,5.2991943359375,5.5394287109375,5.9818115234375,2.7659912109375
2024-05-12,6.409820556640625,5.404937744140625,5.143218994140625,6.680328369140625,5.753570556640625,1.316070556640625
2024-05-13,6.24737548828125,6.49737548828125,5.11553955078125,6.15948486328125,10.27178955078125,5.64874267578125
2024-05-14,9.22412109375,8.46044921875,6.77294921875,8.31103515625,7.39892578125,2.84912109375
2024-05-15,7.189300537109375,8.091644287109375,5.401214599609375,6.894378662109375,8.527191162109375,6.123870849609375
2024-05-16,11.01806640625,10.21337890625,9.46337890625,10.59814453125,12.22314453125,9.03173828125
2024-05-17,8.41583251953125,9.07305908203125,7.03399658203125,7.92950439453125,11.57403564453125,7.73614501953125
2024-05-18,13.468017578125,13.886962890625,11.449462890625,12.436767578125,13.318603515625,10.136962890625
2024-05-19,13.601409912109377,12.887542724609377,11.613128662109377,12.976409912109377,13.589691162109377,10.084808349609377
2024-05-20,11.69195556640625,12.56011962890625,10.23199462890625,11.57086181640625,13.36968994140625,9.79058837890625
2024-05-21,11.33294677734375,12.24212646484375,10.62200927734375,10.64935302734375,11.99700927734375,8.24407958984375
2024-05-22,8.829498291015625,9.269927978515623,5.988677978515625,7.916412353515625,8.088287353515625,5.298248291015625
2024-05-23,8.3431396484375,9.1263427734375,6.1107177734375,8.1927490234375,7.9554443359375,4.5540771484375
2024-05-24,8.332183837890625,9.133941650390623,7.584136962890625,8.883941650390625,7.945465087890625,5.173004150390625
2024-05-25,10.212982177734377,10.158294677734377,9.170013427734377,9.861419677734377,11.243255615234377,7.048919677734375
2024-05-26,8.838226318359375,8.824554443359375,7.338226318359375,9.343109130859377,9.623382568359377,6.001312255859375
2024-05-27,8.474945068359375,9.218109130859377,7.240570068359375,8.070648193359375,9.136077880859377,6.349945068359375
2024-05-28,8.78204345703125,8.39825439453125,7.69415283203125,9.00079345703125,7.78790283203125,3.75177001953125
2024-05-29,9.23736572265625,9.83111572265625,7.06451416015625,8.69342041015625,10.51568603515625,5.85552978515625
2024-05-30,9.365692138671877,9.604949951171877,8.603973388671875,8.662567138671875,9.466278076171877,5.662567138671875
2024-05-31,13.700347900390623,13.779449462890623,10.705230712890623,13.008941650390623,12.243316650390623,8.995269775390625
2024-06-01,12.595123291015623,12.564849853515623,11.103912353515623,11.347076416015623,11.766021728515623,8.873443603515625
2024-06-02,12.315673828125,13.758056640625,10.652587890625,13.130126953125,13.863525390625,10.451416015625
2024-06-03,10.917510986328123,11.815948486328123,8.359893798828125,10.282745361328123,12.563995361328123,8.213409423828125
2024-06-04,11.126495361328123,11.203643798828123,8.616729736328125,11.103057861328123,12.557159423828123,8.820831298828125
2024-06-05,10.4002685546875,11.2410888671875,9.5975341796875,11.2703857421875,9.7196044921875,6.3924560546875
2024-06-06,11.714324951171877,11.005340576171877,11.535614013671877,11.280731201171877,12.274871826171877,7.822723388671875
2024-06-07,13.331146240234377,15.107513427734377,14.227630615234377,13.650482177734377,14.010833740234377,10.659271240234377
2024-06-08,14.040771484375,14.400146484375,12.298583984375,13.770263671875,16.714599609375,13.405029296875
2024-06-09,15.534698486328123,16.615753173828125,14.768096923828123,15.995635986328123,19.279815673828125,14.398956298828123
2024-06-10,13.852630615234377,14.513763427734377,11.028411865234377,12.919036865234377,13.205169677734377,9.771575927734377
2024-06-11,13.11688232421875,12.90203857421875,11.84051513671875,13.92547607421875,14.87274169921875,12.93133544921875
2024-06-12,13.49462890625,13.83935546875,10.33642578125,12.22705078125,17.41455078125,12.11474609375
2024-06-13,11.670196533203123,11.548126220703123,9.405548095703123,11.994415283203123,12.182891845703123,8.679962158203125
2024-06-14,10.248931884765623,9.417877197265623,9.621978759765623,9.427642822265623,10.613189697265623,7.083892822265625
2024-06-15,12.8773193359375,13.4730224609375,9.8773193359375,13.1732177734375,12.0296630859375,10.7445068359375
2024-06-16,12.82196044921875,14.68328857421875,10.48211669921875,13.64813232421875,13.37469482421875,13.05242919921875
2024-06-17,14.47705078125,13.85302734375,14.42626953125,13.72998046875,14.46923828125,11.15771484375
2024-06-18,15.4893798828125,15.9610595703125,14.0831298828125,15.6690673828125,16.7003173828125,14.3907470703125
2024-06-19,16.168121337890625,19.202301025390625,16.196441650390625,19.130035400390625,17.383941650390625,15.127105712890623
2024-06-20,17.7364501953125,17.2208251953125,18.8331298828125,17.1007080078125,18.9874267578125,13.8731689453125
2024-06-21,18.454742431640625,18.707672119140625,18.374664306640625,18.900054931640625,18.536773681640625,15.645172119140623
2024-06-22,16.0533447265625,17.5865478515625,15.4400634765625,17.0054931640625,18.6451416015625,16.0269775390625
2024-06-23,16.638702392578125,15.713897705078123,14.923858642578123,16.484405517578125,16.691436767578125,13.110382080078123
2024-06-24,15.4326171875,14.5810546875,13.3359375,14.896484375,15.49609375,12.072265625
2024-06-25,14.840362548828123,16.103057861328125,14.147003173828123,15.097198486328123,15.639190673828123,12.726104736328123
2024-06-26,14.43292236328125,14.95635986328125,12.01300048828125,14.46514892578125,14.20733642578125,11.68878173828125
2024-06-27,13.08551025390625,12.94683837890625,10.90875244140625,12.48394775390625,12.32379150390625,8.65679931640625
2024-06-28,13.780364990234377,14.340911865234377,12.011810302734377,13.630950927734377,15.068450927734377,9.417083740234377
2024-06-29,15.532012939453123,14.886505126953123,14.521270751953123,14.799591064453123,15.024200439453123,10.834747314453123
2024-06-30,16.6663818359375,17.4661865234375,14.9388427734375,15.7474365234375,21.1224365234375,16.8089599609375
2024-07-01,16.83807373046875,17.97967529296875,15.35174560546875,16.81170654296875,17.50311279296875,15.54022216796875
2024-07-02,11.85302734375,11.43505859375,9.84228515625,11.68115234375,13.48486328125,9.15869140625
2024-07-03,9.608184814453123,10.221466064453123,10.154083251953123,10.367950439453123,12.580841064453123,8.961700439453125
2024-07-04,11.141448974609377,10.686370849609377,9.839691162109377,10.324066162109377,11.684417724609377,6.186370849609375
2024-07-05,11.6243896484375,11.6038818359375,11.5247802734375,11.4202880859375,12.5726318359375,8.5784912109375
2024-07-06,12.948638916015623,15.244537353515623,11.830474853515623,13.732818603515623,14.915435791015623,13.566802978515623
2024-07-07,15.79803466796875,17.36053466796875,13.55877685546875,17.58123779296875,18.17791748046875,16.36248779296875
2024-07-08,17.020904541015625,17.235748291015625,16.602935791015625,16.375396728515625,16.580474853515625,13.010162353515623
2024-07-09,16.520599365234375,16.649505615234375,17.998138427734375,16.713958740234375,16.237396240234375,12.350677490234377
2024-07-10,16.8497314453125,17.0460205078125,17.6290283203125,17.2882080078125,18.1954345703125,14.3253173828125
2024-07-11,18.44247436523437,18.55184936523437,18.16220092773437,18.27548217773437,19.38778686523437,14.461029052734377
2024-07-12,18.237945556640625,19.826812744140625,16.763336181640625,20.397125244140625,19.192047119140625,17.416656494140625
2024-07-13,18.243377685546875,19.511932373046875,17.336151123046875,19.484588623046875,19.649627685546875,16.112518310546875
2024-07-14,18.9718017578125,19.4678955078125,18.3829345703125,20.5089111328125,18.2657470703125,16.3555908203125
2024-07-15,19.138153076171875,19.253387451171875,18.899871826171875,19.462371826171875,19.173309326171875,15.040496826171877
2024-07-16,19.770538330078125,20.763702392578125,19.355499267578125,20.151397705078125,18.975616455078125,16.063507080078125
2024-07-17,19.0760498046875,19.0633544921875,18.2977294921875,17.8211669921875,18.3377685546875,14.6063232421875
2024-07-18,17.936492919921875,17.995086669921875,17.123016357421875,17.057586669921875,18.221649169921875,13.535125732421877
2024-07-19,17.704010009765625,17.126861572265625,16.856353759765625,17.578033447265625,17.702056884765625,14.062408447265623
2024-07-20,16.87481689453125,17.08868408203125,15.56427001953125,16.97833251953125,20.47637939453125,15.37481689453125
2024-07-21,17.150848388671875,16.675262451171875,15.409637451171877,17.007293701171875,16.037567138671875,12.594207763671877
2024-07-22,17.145111083984375,15.760345458984377,14.748626708984377,16.480072021484375,17.376556396484375,12.024017333984377
2024-07-23,17.606231689453125,16.257598876953125,15.167755126953123,16.025177001953125,17.245880126953125,12.037872314453123
2024-07-24,14.3975830078125,14.7393798828125,12.7012939453125,13.9649658203125,16.2774658203125,11.3956298828125
2024-07-25,13.077056884765623,13.022369384765623,10.475494384765623,11.653228759765623,13.702056884765623,7.407135009765625
2024-07-26,12.61468505859375,13.59320068359375,12.68597412109375,11.76312255859375,13.80511474609375,7.85687255859375
2024-07-27,14.763916015625,14.179931640625,14.897705078125,15.245361328125,17.278564453125,14.313720703125
2024-07-28,18.892791748046875,18.609588623046875,17.055877685546875,17.888885498046875,18.138885498046875,13.466033935546877
2024-07-29,14.05889892578125,13.65069580078125,12.13604736328125,13.25616455078125,16.17218017578125,9.67706298828125
2024-07-30,11.974853515625,12.224853515625,10.188720703125,11.352783203125,13.870361328125,8.050048828125
2024-07-31,13.41400146484375,13.77142333984375,14.19525146484375,14.22845458984375,14.40521240234375,10.04583740234375
2024-08-01,14.946014404296877,17.258514404296875,14.642303466796877,16.882537841796875,17.255584716796875,16.075897216796875
2024-08-02,16.715301513671875,19.019012451171875,14.600067138671877,16.311981201171875,20.120574951171875,16.510223388671875
2024-08-03,14.373260498046877,14.075408935546877,12.881072998046877,14.567596435546877,15.712127685546877,10.684783935546877
2024-08-04,13.602447509765623,13.082916259765623,12.592681884765623,13.080963134765623,15.585845947265623,9.216705322265623
2024-08-05,14.41986083984375,15.28509521484375,14.13958740234375,14.53607177734375,15.62493896484375,10.50286865234375
2024-08-06,13.4915771484375,13.1761474609375,13.7015380859375,13.2943115234375,15.8489990234375,9.4271240234375
2024-08-07,15.603240966796877,14.849334716796877,16.617889404296875,15.863006591796877,17.248748779296875,13.671600341796877
2024-08-08,15.6385498046875,15.5848388671875,13.8690185546875,15.4520263671875,16.3338623046875,12.4168701171875
2024-08-09,15.28076171875,15.31103515625,13.96044921875,14.62060546875,16.84716796875,10.57666015625
2024-08-10,15.431732177734377,15.702239990234377,15.135833740234377,14.467864990234377,16.877044677734375,10.766693115234377
2024-08-11,16.207061767578125,17.279327392578125,16.639678955078125,15.958038330078123,17.659210205078125,12.168975830078123
2024-08-12,17.96368408203125,17.21954345703125,16.68536376953125,18.04864501953125,19.43243408203125,15.78497314453125
2024-08-13,18.31951904296875,19.87030029296875,17.52557373046875,19.93768310546875,19.21014404296875,17.85955810546875
2024-08-14,16.98516845703125,19.00567626953125,17.13848876953125,18.75469970703125,20.07891845703125,18.19317626953125
2024-08-15,19.0155029296875,20.3992919921875,19.9744873046875,19.6102294921875,19.7069091796875,17.1239013671875
2024-08-16,18.77886962890625,20.13922119140625,18.59625244140625,19.69683837890625,18.41949462890625,14.45074462890625
2024-08-17,17.325775146484375,17.924407958984375,15.769134521484377,18.48983764648437,18.89120483398437,15.438079833984377
2024-08-18,16.16473388671875,16.97821044921875,14.73211669921875,16.14031982421875,16.75750732421875,13.89617919921875
2024-08-19,15.45159912109375,16.12347412109375,13.69085693359375,15.85687255859375,15.72210693359375,12.33538818359375
2024-08-20,14.29937744140625,13.85308837890625,12.96734619140625,14.75054931640625,13.88531494140625,9.44586181640625
2024-08-21,16.074859619140625,16.017242431640625,13.547515869140623,15.382476806640623,16.232086181640625,10.824859619140623
2024-08-22,15.3656005859375,15.0989990234375,14.4447021484375,14.8236083984375,15.6370849609375,10.9818115234375
2024-08-23,16.4993896484375,16.8402099609375,15.9720458984375,16.9603271484375,17.6185302734375,15.3519287109375
2024-08-24,16.3804931640625,16.7008056640625,18.3404541015625,16.6558837890625,16.6099853515625,12.5181884765625
2024-08-25,17.611541748046875,17.350799560546875,16.267791748046875,17.225799560546875,17.737518310546875,12.308807373046877
2024-08-26,16.178955078125,16.607666015625,14.841064453125,16.462158203125,15.656494140625,10.766845703125
2024-08-27,15.6259765625,15.205078125,14.2412109375,15.1640625,16.9501953125,10.802734375
2024-08-28,16.134613037109375,15.625823974609377,13.663909912109377,15.025238037109377,15.616058349609377,10.515472412109377
2024-08-29,15.796295166015623,15.725982666015623,13.990631103515623,14.771881103515623,14.657623291015623,9.373443603515623
2024-08-30,14.797119140625,14.960205078125,12.851806640625,13.572509765625,14.814697265625,9.337158203125
2024-08-31,15.377166748046877,16.219940185546875,13.171112060546877,14.717987060546877,14.844940185546877,10.267791748046877
2024-09-01,14.874664306640623,16.146148681640625,15.194976806640623,14.763336181640623,13.862945556640623,10.343414306640623
2024-09-02,14.91680908203125,15.07208251953125,15.50567626953125,14.80548095703125,16.71173095703125,14.01446533203125
2024-09-03,14.519989013671877,17.630340576171875,13.352020263671877,16.235809326171875,15.554168701171877,13.427215576171877
2024-09-04,15.13763427734375,17.66302490234375,13.80657958984375,16.37689208984375,16.11614990234375,13.06829833984375
2024-09-05,14.952301025390623,15.157379150390623,12.937652587890623,14.430816650390623,15.993316650390623,12.335113525390623
2024-09-06,15.64117431640625,17.56988525390625,13.25933837890625,16.41949462890625,13.97515869140625,12.30230712890625
2024-09-07,14.60406494140625,13.69195556640625,13.34625244140625,14.21246337890625,14.82672119140625,12.43609619140625
2024-09-08,15.545989990234377,16.753021240234375,14.238372802734377,15.740325927734377,16.660247802734375,14.717864990234377
2024-09-09,15.182647705078123,15.630889892578123,14.163116455078123,15.247100830078123,15.376007080078123,12.093780517578123
2024-09-10,12.03485107421875,11.51824951171875,9.92449951171875,11.34344482421875,12.83074951171875,8.35223388671875
2024-09-11,8.86199951171875,9.10321044921875,7.66082763671875,8.95672607421875,11.48895263671875,7.72821044921875
2024-09-12,14.383148193359377,15.015960693359377,12.321624755859377,13.801116943359377,13.291351318359377,10.674163818359377
2024-09-13,6.609405517578125,6.003936767578125,7.932647705078125,9.971710205078123,9.292022705078123,6.223663330078125
2024-09-14,7.09765625,6.5,3.8388671875,5.8193359375,7.3740234375,3.724609375
2024-09-15,6.231689453125,4.897705078125,1.810791015625,4.374267578125,6.213134765625,3.250244140625
2024-09-16,5.3572998046875,4.6453857421875,3.3699951171875,4.2156982421875,4.6209716796875,2.5037841796875
2024-09-17,8.885162353515625,8.066802978515625,7.197662353515625,8.593170166015625,10.112701416015623,6.701568603515625
2024-09-18,10.520263671875,9.406982421875,8.511474609375,9.582763671875,9.923583984375,6.924560546875
2024-09-19,9.531219482421877,9.881805419921877,8.212860107421875,9.051727294921877,9.317352294921877,6.957977294921875
2024-09-20,7.57977294921875,6.81610107421875,7.66082763671875,8.45379638671875,9.92156982421875,4.56414794921875
2024-09-21,6.208740234375,5.771240234375,6.898193359375,5.698974609375,7.245849609375,4.134521484375
2024-09-22,6.599609375,7.166015625,6.310546875,7.5048828125,12.666015625,7.4169921875
2024-09-23,8.255126953125,9.968994140625,7.114501953125,8.085205078125,10.253173828125,6.810791015625
2024-09-24,10.082122802734377,10.097747802734377,10.878997802734377,10.783294677734377,12.192474365234377,8.561614990234375
2024-09-25,8.337921142578125,10.331085205078123,8.054718017578125,8.806671142578125,11.853546142578123,7.590850830078125
2024-09-26,10.361236572265623,12.145416259765623,9.539947509765623,9.518463134765623,10.568267822265623,8.341705322265625
2024-09-27,10.813018798828123,11.784698486328123,9.756378173828123,10.319854736328123,13.766143798828123,11.838409423828123
2024-09-28,11.773529052734377,11.150482177734377,12.259857177734377,13.195404052734377,13.286224365234377,10.263763427734377
2024-09-29,6.288299560546875,4.309783935546875,3.464080810546875,4.575408935546875,6.591033935546875,1.907440185546875
2024-09-30,2.478240966796875,1.951873779296875,1.362030029296875,1.701873779296875,3.817108154296875,-1.762969970703125
2024-10-01,4.14306640625,5.64697265625,4.71923828125,4.95361328125,6.79833984375,6.09228515625
2024-10-02,8.494293212890625,10.278472900390623,7.569488525390625,8.230621337890625,11.313629150390623,7.736480712890625
2024-10-03,14.357208251953123,14.735137939453123,12.350372314453123,14.153106689453123,14.165802001953123,10.805450439453123
2024-10-04,7.742889404296875,10.278045654296877,6.562225341796875,7.935272216796875,9.567108154296877,7.519256591796875
2024-10-05,9.242523193359377,8.540374755859375,4.863616943359375,6.053070068359375,6.720062255859375,4.373382568359375
2024-10-06,5.311981201171875,4.302215576171875,2.405731201171875,4.436004638671875,6.144012451171875,1.189910888671875
2024-10-07,5.797882080078125,6.996124267578125,5.491241455078125,5.646514892578125,7.092803955078125,7.013702392578125
2024-10-08,10.5390625,12.234375,8.546875,9.6708984375,9.841796875,6.1298828125
2024-10-09,9.028167724609377,10.530120849609377,8.391448974609375,8.259613037109375,10.146331787109377,6.825042724609375
2024-10-10,14.091339111328123,14.629425048828123,12.112823486328123,14.502471923828123,14.167510986328123,10.407745361328123
2024-10-11,10.3583984375,8.7626953125,8.02734375,9.2158203125,10.4013671875,7.6982421875
2024-10-12,4.430328369140625,4.319000244140625,4.214508056640625,4.140289306640625,6.810211181640625,3.810211181640625
2024-10-13,6.501434326171875,8.826629638671875,4.891082763671875,8.063934326171875,7.028778076171875,5.714324951171875
2024-10-14,6.43572998046875,8.15155029296875,6.15252685546875,7.08026123046875,13.47869873046875,8.49334716796875
2024-10-15,9.560394287109377,9.551605224609377,8.020355224609375,7.235198974609375,7.626800537109375,4.237152099609375
2024-10-16,6.627471923828125,6.188018798828125,8.260284423828125,6.283721923828125,8.814971923828125,6.009307861328125
2024-10-17,8.520233154296875,9.286834716796877,7.469451904296875,7.878631591796875,13.489959716796877,7.485076904296875
2024-10-18,8.389678955078125,7.568389892578125,8.135772705078125,7.959014892578125,7.709991455078125,6.003936767578125
2024-10-19,5.650054931640625,5.182281494140625,5.482086181640625,5.110015869140625,7.773101806640625,3.264312744140625
2024-10-20,4.719818115234375,3.912200927734375,6.181732177734375,4.981536865234375,8.461029052734375,5.490325927734375
2024-10-21,4.171905517578125,6.056671142578125,5.442413330078125,5.287139892578125,6.437530517578125,5.445343017578125
2024-10-22,5.638092041015625,9.203521728515623,8.632232666015625,7.997467041015625,8.119537353515625,7.938873291015625
2024-10-23,6.005706787109375,6.410980224609375,8.633636474609375,5.868988037109375,6.952972412109375,3.644378662109375
2024-10-24,7.192230224609375,7.818206787109375,7.592620849609375,8.113128662109375,9.434417724609377,7.284027099609375
2024-10-25,6.624603271484375,7.328704833984375,6.529876708984375,7.801361083984375,7.927337646484375,6.710540771484375
2024-10-26,6.799896240234375,8.139739990234375,6.862396240234375,7.905364990234375,8.287200927734375,7.454193115234375
2024-10-27,7.36077880859375,10.14984130859375,8.53851318359375,9.41351318359375,8.40374755859375,7.64202880859375
2024-10-28,7.319610595703125,8.731719970703125,8.859649658203125,8.415313720703125,7.997344970703125,6.320587158203125
2024-10-29,5.326324462890625,6.091949462890625,5.311676025390625,7.022613525390625,6.848785400390625,2.814605712890625
2024-10-30,4.760040283203125,5.792266845703125,4.423126220703125,3.833282470703125,6.451446533203125,0.223907470703125
2024-10-31,3.950408935546875,5.231658935546875,4.160369873046875,3.950408935546875,5.508026123046875,-0.404083251953125
2024-11-01,2.63763427734375,5.03704833984375,5.48431396484375,5.06439208984375,5.79290771484375,4.80950927734375
2024-11-02,6.671966552734375,5.319427490234375,3.646575927734375,4.700286865234375,6.024505615234375,0.032318115234375
2024-11-03,0.870697021484375,0.916595458984375,0.650970458984375,0.733978271484375,2.970306396484375,-1.832427978515625
2024-11-04,0.667144775390625,1.120269775390625,1.907379150390625,2.059722900390625,3.673980712890625,-1.297698974609375
2024-11-05,-0.24261474609375,-0.10589599609375,2.03570556640625,1.07769775390625,4.20660400390625,1.78179931640625
2024-11-06,-0.539764404296875,1.224884033203125,2.739532470703125,0.734649658203125,4.422149658203125,0.657501220703125
2024-11-07,-1.753753662109375,0.402496337890625,1.826324462890625,0.235504150390625,3.800933837890625,2.914215087890625
2024-11-08,-1.175323486328125,0.906707763671875,3.608856201171875,0.446746826171875,2.047332763671875,0.045379638671875
2024-11-09,-1.908355712890625,-1.111480712890625,1.362152099609375,1.518402099609375,0.559417724609375,-0.835113525390625
2024-11-10,-3.233245849609375,-2.517425537109375,-4.021331787109375,-3.994964599609375,-0.923675537109375,-5.198089599609375
2024-11-11,0.1181640625,-0.853515625,-3.0908203125,-1.0419921875,-1.0849609375,-4.8173828125
2024-11-12,-0.969085693359375,-1.827484130859375,-4.043304443359375,-3.340179443359375,-1.378265380859375,-4.846038818359375
2024-11-13,-0.930816650390625,-1.366363525390625,-0.801910400390625,-0.683746337890625,3.500823974609375,0.378753662109375
2024-11-14,-1.395416259765625,-2.970611572265625,-3.637603759765625,-1.732330322265625,1.439544677734375,-1.315338134765625
2024-11-15,0.038787841796875,-1.357696533203125,-3.279571533203125,-1.752227783203125,-1.370391845703125,-6.140899658203125
2024-11-16,-4.225433349609375,-3.159027099609375,-3.754730224609375,-3.038909912109375,0.660308837890625,-2.604339599609375
2024-11-17,-3.49237060546875,-1.34979248046875,-3.06170654296875,-1.80096435546875,1.12579345703125,-2.79510498046875
2024-11-18,-1.539398193359375,0.729156494140625,-0.910491943359375,0.452789306640625,2.080718994140625,-0.231781005859375
2024-11-19,3.922515869140625,5.230133056640625,2.935211181640625,4.041656494140625,5.152984619140625,1.596343994140625
2024-11-20,-0.87939453125,-2.78857421875,-3.24365234375,-2.50634765625,6.28466796875,3.25732421875
2024-11-21,3.609832763671875,2.848114013671875,1.368621826171875,2.198699951171875,1.765106201171875,-1.369659423828125
2024-11-22,-6.198028564453125,-5.450958251953125,-8.546661376953125,-5.760528564453125,-1.221466064453125,-5.002716064453125
2024-11-23,-9.450714111328123,-9.104034423828123,-8.548370361328125,-6.892120361328125,-4.276885986328125,-10.157745361328123
2024-11-24,-6.51519775390625,-2.96929931640625,-3.35308837890625,-1.46148681640625,0.72210693359375,-0.37359619140625
2024-11-25,-5.023681640625,-0.406494140625,-0.535400390625,0.555419921875,3.103271484375,1.446044921875
2024-11-26,-0.14532470703125,2.86346435546875,1.73846435546875,1.53338623046875,2.05194091796875,2.60662841796875
2024-11-27,0.050750732421875,2.530242919921875,1.051727294921875,2.050750732421875,4.601531982421875,1.799774169921875
2024-11-28,2.94207763671875,3.66473388671875,4.74188232421875,4.90203857421875,6.40399169921875,3.39617919921875
2024-11-29,-0.662872314453125,-1.195098876953125,-2.960723876953125,-1.475372314453125,-0.427520751953125,-4.531036376953125
2024-11-30,0.210906982421875,-0.542999267578125,-2.576202392578125,-1.094757080078125,0.954071044921875,-0.157257080078125
2024-12-01,-0.627532958984375,-1.810150146484375,-3.267181396484375,-1.667572021484375,-0.895111083984375,-3.021087646484375
2024-12-02,-1.17852783203125,-2.48419189453125,-7.74395751953125,-5.24395751953125,-3.66094970703125,-6.80450439453125
2024-12-03,-0.8001708984375,-1.7816162109375,-0.9144287109375,-1.0091552734375,2.6246337890625,-2.0413818359375
2024-12-04,0.117218017578125,-1.332977294921875,-1.953094482421875,-1.110321044921875,0.266632080078125,-2.764617919921875
2024-12-05,-1.047576904296875,-1.922576904296875,-2.207733154296875,-1.604217529296875,2.041290283203125,-0.750701904296875
2024-12-06,0.230072021484375,-0.462310791015625,-0.662506103515625,0.217376708984375,3.384368896484375,1.007415771484375
2024-12-07,-8.285186767578125,-8.010772705078125,-10.227569580078123,-9.524444580078123,-4.517608642578125,-8.133819580078125
2024-12-08,-0.044036865234375,-0.739349365234375,0.512603759765625,-0.732513427734375,2.577056884765625,-0.585052490234375
2024-12-09,-0.656097412109375,-2.944183349609375,1.049957275390625,-2.331878662109375,2.648590087890625,-1.021331787109375
2024-12-10,1.080902099609375,0.000823974609375,-1.215972900390625,-0.023590087890625,0.952972412109375,-2.613433837890625
2024-12-11,0.91473388671875,-0.71514892578125,-1.39483642578125,0.44891357421875,1.34246826171875,-3.74932861328125
2024-12-12,-0.614959716796875,-4.264373779296875,-4.556365966796875,-3.034881591796875,-2.809295654296875,-7.562225341796875
2024-12-13,-2.911285400390625,-4.932769775390625,-3.868316650390625,-3.038238525390625,2.785980224609375,-4.550933837890625
2024-12-14,-1.150848388671875,-0.849090576171875,-0.769989013671875,0.758331298828125,2.578643798828125,-0.334442138671875
2024-12-15,-1.950103759765625,-3.333892822265625,-3.869049072265625,-2.233306884765625,-1.485260009765625,-6.710845947265625
2024-12-16,-2.252899169921875,-2.203094482421875,-2.329071044921875,-0.894500732421875,-0.434539794921875,-4.430633544921875
2024-12-17,-1.460174560546875,-1.332244873046875,-0.219940185546875,1.416778564453125,0.521270751953125,-2.281463623046875
2024-12-18,-2.581695556640625,1.180999755859375,-1.560211181640625,1.070648193359375,3.096038818359375,-0.355133056640625
2024-12-19,-1.472991943359375,-0.866546630859375,-1.497406005859375,-0.044281005859375,2.242828369140625,-3.401702880859375
2024-12-20,-0.729339599609375,-2.052581787109375,-3.219573974609375,-1.696136474609375,0.265777587890625,-2.874847412109375
2024-12-21,-5.296295166015625,-4.803131103515625,-6.789459228515625,-5.700592041015625,-5.149810791015625,-10.069732666015623
2024-12-22,-0.343414306640625,-0.091461181640625,-2.085601806640625,-0.720367431640625,-0.081695556640625,-3.420562744140625
2024-12-23,-3.186126708984375,-4.419525146484375,-5.975189208984375,-4.332611083984375,-2.173431396484375,-5.912689208984375
2024-12-24,-3.070220947265625,-4.084869384765625,-6.107330322265625,-4.540924072265625,-3.300689697265625,-7.975494384765625
2024-12-25,-1.875946044921875,-3.265594482421875,-4.189422607421875,-2.825164794921875,-0.653289794921875,-3.162078857421875
2024-12-26,-2.318023681640625,-3.337554931640625,-4.405914306640625,-3.041656494140625,-0.628570556640625,-3.341461181640625
2024-12-27,-9.39471435546875,-8.16326904296875,-7.79022216796875,-7.83905029296875,-2.76385498046875,-9.87713623046875
2024-12-28,-9.368621826171877,-6.516082763671875,-7.033660888671875,-5.721160888671875,-1.535614013671875,-7.498504638671875
2024-12-29,-8.218658447265625,-4.987213134765625,-4.520416259765625,-4.976470947265625,-4.634674072265625,-7.633697509765625
2024-12-30,-6.950592041015625,-2.341217041015625,-3.074615478515625,-2.182037353515625,0.441009521484375,-2.328521728515625
2024-12-31,-9.2635498046875,-2.8739013671875,-4.1151123046875,-2.4569091796875,0.3966064453125,-2.9188232421875
