0,1,2,3,4,5,6
,,,,,,
2019-01-01,-10.303680419921877,-11.397430419921877,-12.327117919921877,-10.751922607421877,-9.248992919921877,-13.661102294921877
2019-01-02,-9.945098876953123,-11.506622314453123,-13.285919189453123,-11.076934814453123,-10.548614501953123,-15.516387939453123
2019-01-03,-4.577911376953125,-5.263458251953125,-8.286895751953125,-6.010528564453125,-5.613067626953125,-11.508575439453123
2019-01-04,-7.367034912109375,-9.610198974609377,-9.501800537109377,-8.352386474609375,-6.011566162109375,-10.079925537109377
2019-01-05,-13.842864990234377,-13.992279052734377,-16.384857177734375,-14.939544677734377,-11.671966552734377,-16.831146240234375
2019-01-06,-6.399444580078125,-5.826202392578125,-7.001007080078125,-6.291046142578125,-4.418975830078125,-7.792022705078125
2019-01-07,-3.187774658203125,-4.362579345703125,-5.063751220703125,-4.328399658203125,-2.574493408203125,-7.293243408203125
2019-01-08,-5.621612548828125,-6.677276611328125,-7.991729736328125,-6.993682861328125,-7.149932861328125,-8.513214111328125
2019-01-09,-8.997711181640625,-9.712554931640623,-11.163726806640623,-12.159820556640623,-11.610992431640623,-13.301422119140623
2019-01-10,-6.187774658203125,-5.680938720703125,-11.060821533203123,-9.210235595703123,-8.629180908203125,-12.529571533203123
2019-01-11,-10.95416259765625,-6.61431884765625,-12.41314697265625,-13.27642822265625,-8.49517822265625,-11.01373291015625
2019-01-12,-9.99468994140625,-7.43609619140625,-9.87554931640625,-9.52496337890625,-5.89996337890625,-9.46246337890625
2019-01-13,-7.211883544921875,-6.076141357421875,-9.098602294921877,-6.965789794921875,-11.121063232421877,-7.725555419921875
2019-01-14,-10.71673583984375,-7.63079833984375,-8.47161865234375,-11.14935302734375,-6.94036865234375,-8.80560302734375
2019-01-15,-8.336517333984375,-0.672454833984375,-1.643157958984375,-8.632415771484375,0.934967041015625,-3.034759521484375
2019-01-16,-2.567169189453125,-3.819122314453125,-2.081817626953125,-2.654083251953125,1.325408935546875,-1.425567626953125
2019-01-17,-2.020050048828125,-1.712432861328125,-0.746612548828125,-3.829620361328125,1.298309326171875,-1.243682861328125
2019-01-18,-6.1298828125,-3.38671875,-5.6904296875,-6.119140625,-0.0966796875,-2.3359375
2019-01-19,-3.302215576171875,-2.127410888671875,-1.833465576171875,-2.580535888671875,0.719268798828125,-3.278778076171875
2019-01-20,-0.983734130859375,-0.940765380859375,-0.854827880859375,-1.014007568359375,1.398101806640625,-2.455413818359375
2019-01-21,-6.785491943359375,-3.443695068359375,-3.461273193359375,-3.229827880859375,-1.465179443359375,-2.115570068359375
2019-01-22,-3.202484130859375,-3.809906005859375,-4.733734130859375,-3.089202880859375,-1.331390380859375,-4.045257568359375
2019-01-23,-8.565704345703125,-9.725860595703123,-10.362579345703123,-9.515899658203123,-5.494415283203125,-9.221954345703123
2019-01-24,-8.588409423828125,-7.607940673828125,-10.277862548828123,-9.492706298828123,-3.474151611328125,-6.117706298828125
2019-01-25,-0.246246337890625,0.344573974609375,0.305511474609375,-1.311676025390625,0.775238037109375,-1.449371337890625
2019-01-26,-4.309295654296875,-1.540740966796875,-1.182342529296875,-1.899139404296875,0.590118408203125,-2.010467529296875
2019-01-27,-3.576446533203125,-2.174102783203125,-6.470977783203125,-5.847930908203125,-4.606719970703125,-2.802032470703125
2019-01-28,-9.89508056640625,-5.05523681640625,-7.68707275390625,-8.56597900390625,-3.80523681640625,-2.09234619140625
2019-01-29,-8.040008544921875,-4.002899169921875,-4.808563232421875,-6.940399169921875,-2.804656982421875,-6.348602294921875
2019-01-30,3.14898681640625,5.10211181640625,2.92828369140625,2.45172119140625,4.15875244140625,1.61773681640625
2019-01-31,6.507965087890625,2.061676025390625,5.102691650390625,0.413238525390625,5.543121337890625,4.130035400390625
2019-03-01,-4.578094482421875,-3.256805419921875,-5.943328857421875,-5.216766357421875,-3.732391357421875,-5.869110107421875
2019-03-02,-2.737213134765625,-1.011627197265625,-2.379791259765625,-2.685455322265625,-0.555572509765625,-2.280181884765625
2019-03-03,-1.602294921875,-2.428466796875,-0.307373046875,-0.176513671875,3.898681640625,0.357666015625
2019-03-04,-2.202484130859375,0.110992431640625,-2.008148193359375,-3.324554443359375,0.531890869140625,-1.310882568359375
2019-03-05,4.034515380859375,5.621429443359375,2.058929443359375,1.944671630859375,6.716156005859375,1.945648193359375
2019-03-06,1.348724365234375,3.949310302734375,0.197357177734375,0.185638427734375,4.051849365234375,0.127044677734375
2019-03-07,-0.608856201171875,1.012237548828125,1.163604736328125,0.461456298828125,4.058135986328125,1.708526611328125
2019-03-08,-0.772430419921875,3.015655517578125,2.249053955078125,1.611358642578125,5.186553955078125,0.802764892578125
2019-03-09,-2.456451416015625,-3.504302978515625,-3.865631103515625,-3.754302978515625,0.149993896484375,-2.702545166015625
2019-03-10,-8.490631103515625,-4.658599853515625,-9.204498291015623,-7.613677978515625,-4.199615478515625,-8.590240478515625
2019-03-11,-6.72808837890625,-2.84136962890625,-6.14019775390625,-7.83551025390625,0.53851318359375,-5.31011962890625
2019-03-12,-9.421356201171877,-7.012176513671875,-6.791473388671875,-5.337371826171875,-3.506317138671875,-4.705535888671875
2019-03-13,-6.744537353515625,-1.841217041015625,-4.202545166015625,-7.196685791015625,-4.312896728515625,-5.247467041015625
2019-03-14,-0.499603271484375,0.484771728515625,-1.318939208984375,-1.694915771484375,-0.792572021484375,-1.653900146484375
2019-03-15,-0.577178955078125,2.736297607421875,-1.189483642578125,-1.908233642578125,4.618133544921875,-0.757843017578125
2019-03-16,0.552154541015625,1.290435791015625,1.714263916015625,0.753326416015625,4.905670166015625,0.066802978515625
2019-03-17,1.648956298828125,0.560089111328125,0.055206298828125,1.393096923828125,2.417510986328125,0.639190673828125
2019-03-18,1.618072509765625,0.512603759765625,-0.557708740234375,0.126861572265625,2.180572509765625,-2.128021240234375
2019-03-19,-1.22064208984375,-1.36517333984375,-2.93157958984375,-1.79486083984375,1.15533447265625,-2.37200927734375
2019-03-20,-0.212158203125,1.330810546875,-2.269775390625,-0.247314453125,2.108154296875,-2.691650390625
2019-03-21,2.490631103515625,1.834381103515625,-0.467376708984375,0.646881103515625,3.007232666015625,-1.093353271484375
2019-03-22,-1.602142333984375,0.263092041015625,-2.324798583984375,-0.490814208984375,3.857818603515625,-0.430267333984375
2019-03-23,3.248321533203125,1.380157470703125,-2.149139404296875,-0.083709716796875,1.111602783203125,-2.722381591796875
2019-03-24,-4.651214599609375,-2.803558349609375,-4.605316162109375,-1.750823974609375,2.219879150390625,-3.008636474609375
2019-03-25,-3.038482666015625,-3.733795166015625,-4.961334228515625,-4.283599853515625,-1.037506103515625,-6.925201416015625
2019-03-26,-0.859832763671875,-1.151824951171875,-3.242645263671875,-3.209442138671875,0.417510986328125,-4.633270263671875
2019-03-27,1.311126708984375,0.060150146484375,-1.901763916015625,0.127532958984375,0.656829833984375,-3.251373291015625
2019-03-28,0.0047607421875,2.6014404296875,-0.7452392578125,-0.9288330078125,1.5809326171875,-2.3370361328125
2019-03-29,1.243408203125,3.935791015625,-0.234130859375,1.467041015625,1.166259765625,-1.553466796875
2019-03-30,1.795196533203125,3.178985595703125,0.127227783203125,3.401641845703125,2.568634033203125,-0.551483154296875
2019-03-31,1.6868896484375,4.1361083984375,0.1878662109375,0.5745849609375,4.8958740234375,-0.2476806640625
2019-04-01,2.573577880859375,3.795257568359375,0.188812255859375,2.168304443359375,2.376312255859375,0.139984130859375
2019-04-02,3.85406494140625,5.22711181640625,3.78863525390625,1.96441650390625,5.80328369140625,0.90582275390625
2019-04-03,4.923309326171875,4.923309326171875,2.129364013671875,3.287567138671875,5.599090576171875,2.542449951171875
2019-04-04,4.936370849609375,5.355316162109375,0.891448974609375,3.742034912109375,3.061370849609375,1.451995849609375
2019-04-05,4.346954345703125,4.604766845703125,1.595977783203125,4.900665283203125,3.456329345703125,2.743438720703125
2019-04-06,6.443115234375,6.289794921875,4.347412109375,6.273193359375,3.329833984375,1.322998046875
2019-04-07,6.749176025390625,6.145660400390625,3.895660400390625,5.765777587890625,3.463043212890625,1.920074462890625
2019-04-08,3.765106201171875,4.267059326171875,0.679168701171875,1.717254638671875,2.599090576171875,-0.194854736328125
2019-04-09,0.25592041015625,1.19635009765625,-1.35736083984375,-1.30072021484375,3.96099853515625,-0.68353271484375
2019-04-10,3.5286865234375,2.4222412109375,0.8001708984375,3.3812255859375,0.5941162109375,1.0570068359375
2019-04-11,3.4912109375,2.0927734375,1.9375,3.150390625,2.9931640625,0.755859375
2019-04-12,4.529754638671875,2.513153076171875,1.604949951171875,3.609832763671875,3.411590576171875,0.880340576171875
2019-04-13,4.314453125,3.494140625,1.7607421875,3.603515625,2.0361328125,0.587890625
2019-04-14,-0.54486083984375,0.38287353515625,-3.31439208984375,-0.28802490234375,-0.54388427734375,-3.36712646484375
2019-04-15,4.0963134765625,1.7720947265625,-1.1370849609375,1.7642822265625,0.9996337890625,-2.8353271484375
2019-04-16,2.613800048828125,2.074737548828125,-0.612762451171875,0.377471923828125,1.465362548828125,-1.720184326171875
2019-04-17,3.273162841796875,4.895233154296875,1.822967529296875,2.234100341796875,2.161834716796875,-0.871368408203125
2019-04-18,1.262237548828125,0.783721923828125,-1.089324951171875,0.552276611328125,1.055206298828125,-3.168426513671875
2019-04-19,0.366729736328125,2.012237548828125,-0.162567138671875,-0.481903076171875,2.820831298828125,-0.211395263671875
2019-04-20,3.213470458984375,4.216400146484375,1.817962646484375,1.329681396484375,5.495697021484375,4.357025146484375
2019-04-21,7.77862548828125,7.01690673828125,5.62628173828125,6.85284423828125,8.82159423828125,4.45050048828125
2019-04-22,6.134796142578125,7.884796142578125,3.097686767578125,3.827178955078125,5.571319580078125,8.336944580078125
2019-04-23,6.938812255859375,9.026702880859377,4.724945068359375,5.445648193359375,8.233734130859375,3.541351318359375
2019-04-24,8.25091552734375,11.69720458984375,7.41693115234375,6.90325927734375,14.41693115234375,4.32708740234375
2019-04-25,1.656646728515625,3.683990478515625,-0.470306396484375,0.854888916015625,3.763092041015625,0.475006103515625
2019-04-26,6.384552001953125,5.531036376953125,3.817169189453125,5.031036376953125,4.957794189453125,-0.457244873046875
2019-04-27,3.14337158203125,2.34844970703125,1.17364501953125,3.98614501953125,4.89532470703125,1.51348876953125
2019-04-28,0.687896728515625,2.286041259765625,-0.354095458984375,0.510162353515625,4.078033447265625,-0.028900146484375
2019-04-29,3.26312255859375,3.60394287109375,0.28167724609375,1.77679443359375,3.45355224609375,-0.88140869140625
2019-04-30,2.324127197265625,4.090728759765625,1.678619384765625,1.794830322265625,6.002838134765625,1.683502197265625
2019-05-01,2.87774658203125,5.81817626953125,3.57891845703125,2.11895751953125,6.78985595703125,1.31231689453125
2019-05-02,2.885528564453125,4.591583251953125,2.264434814453125,1.777130126953125,6.682403564453125,1.568145751953125
2019-05-03,3.823944091796875,4.718475341796875,4.017303466796875,5.554412841796875,5.887420654296875,3.583709716796875
2019-05-04,1.44549560546875,0.22283935546875,-0.38165283203125,0.74432373046875,3.46209716796875,-0.38653564453125
2019-05-05,-0.041900634765625,-0.678619384765625,-3.161041259765625,-1.262603759765625,0.881927490234375,-2.668853759765625
2019-05-06,1.2396240234375,3.7884521484375,0.5150146484375,1.1439208984375,2.6595458984375,-1.1256103515625
2019-05-07,3.10009765625,4.11376953125,3.57958984375,3.49072265625,7.23974609375,3.32666015625
2019-05-08,3.49127197265625,4.42193603515625,3.97760009765625,4.43560791015625,3.37310791015625,-0.33001708984375
2019-05-09,6.2474365234375,8.7933349609375,4.2904052734375,4.2991943359375,7.6614990234375,1.4036865234375
2019-05-10,7.518218994140625,7.895172119140625,5.760406494140625,7.057281494140625,8.316070556640625,4.887359619140625
2019-05-11,6.794891357421875,5.891571044921875,3.727508544921875,5.429656982421875,4.215789794921875,1.692352294921875
2019-05-12,4.77301025390625,4.44195556640625,3.38531494140625,5.49859619140625,4.05816650390625,3.40484619140625
2019-05-13,5.775390625,5.544921875,2.044921875,4.109375,1.7822265625,0.94921875
2019-05-14,4.3255615234375,4.1351318359375,1.5179443359375,2.9173583984375,2.6263427734375,3.2855224609375
2019-05-15,3.1431884765625,3.3170166015625,1.8394775390625,3.1636962890625,3.8668212890625,0.9713134765625
2019-05-16,5.69964599609375,8.18109130859375,4.31878662109375,4.93011474609375,5.92620849609375,2.16839599609375
2019-05-17,5.596221923828125,8.881378173828125,4.390167236328125,5.446807861328125,7.957550048828125,3.640167236328125
2019-05-18,3.35003662109375,5.93597412109375,3.31488037109375,3.11468505859375,6.55413818359375,-1.47808837890625
2019-05-19,5.43994140625,6.63232421875,4.29150390625,3.47900390625,7.20556640625,2.10107421875
2019-05-20,7.62042236328125,8.53057861328125,3.50714111328125,5.05206298828125,4.71710205078125,2.17413330078125
2019-05-21,8.782440185546875,8.198455810546875,6.864471435546875,7.590057373046875,8.562713623046875,5.378143310546875
2019-05-22,6.730255126953125,6.686309814453125,3.988067626953125,6.222442626953125,6.900177001953125,3.961700439453125
2019-05-23,6.705810546875,6.258544921875,6.778076171875,9.059326171875,6.508544921875,4.706787109375
2019-05-24,9.54034423828125,9.76397705078125,8.30303955078125,10.85284423828125,10.17608642578125,8.29522705078125
2019-05-25,10.5238037109375,11.7298583984375,8.6566162109375,9.5316162109375,10.6165771484375,10.4417724609375
2019-05-26,6.974578857421875,9.771453857421877,6.877899169921875,6.753875732421875,11.631805419921877,6.521453857421875
2019-05-27,6.483642578125,8.409423828125,5.680908203125,5.770751953125,9.847900390625,5.557861328125
2019-05-28,8.886474609375,7.811279296875,4.512451171875,7.372802734375,4.066162109375,2.480224609375
2019-05-29,7.778411865234375,7.709075927734375,6.419036865234375,6.964935302734375,7.658294677734375,4.253997802734375
2019-05-30,9.817413330078123,9.574249267578123,6.575225830078125,7.672882080078125,8.958038330078125,5.815460205078125
2019-05-31,10.11456298828125,9.71124267578125,8.15753173828125,9.31085205078125,9.35479736328125,6.16925048828125
2019-06-01,8.80078125,8.05859375,6.462890625,6.5458984375,9.4375,4.9775390625
2019-06-02,10.60302734375,9.30712890625,7.82958984375,7.83447265625,11.45556640625,7.44677734375
2019-06-03,10.188385009765623,10.319244384765623,9.156158447265623,8.385650634765625,12.486236572265623,8.684478759765625
2019-06-04,9.625732421875,9.814208984375,7.981201171875,8.471435546875,8.755615234375,7.140380859375
2019-06-05,10.8167724609375,13.1566162109375,7.7210693359375,9.9310302734375,10.1341552734375,8.4154052734375
2019-06-06,16.116241455078125,14.734405517578123,11.751007080078123,13.244171142578123,12.962921142578123,11.951202392578123
2019-06-07,12.574676513671877,13.156707763671877,10.691864013671877,12.074676513671877,13.705535888671877,9.562957763671877
2019-06-08,11.2308349609375,11.5823974609375,11.4525146484375,11.8538818359375,13.2864990234375,10.5267333984375
2019-06-09,12.109893798828123,11.907745361328123,10.510284423828123,11.180206298828123,12.687042236328123,9.886260986328123
2019-06-10,12.4676513671875,13.4803466796875,12.0389404296875,14.0145263671875,12.8729248046875,10.3807373046875
2019-06-11,13.3173828125,14.048828125,11.130859375,14.0048828125,14.7783203125,12.6640625
2019-06-12,15.96685791015625,16.50006103515625,15.51373291015625,15.01080322265625,13.71490478515625,12.04107666015625
2019-06-13,16.283172607421875,13.853485107421877,15.430633544921877,15.147430419921877,14.653289794921877,16.619110107421875
2019-06-14,17.494384765625,17.139892578125,13.620361328125,16.042236328125,14.670166015625,11.672119140625
2019-06-15,13.9619140625,14.3671875,12.26171875,12.833984375,13.4951171875,10.4755859375
2019-06-16,14.17559814453125,13.41192626953125,11.61505126953125,11.83868408203125,12.84259033203125,11.89727783203125
2019-06-17,14.163116455078123,13.354522705078123,11.033233642578123,12.016632080078123,13.549835205078123,10.131866455078123
2019-06-18,13.470611572265623,13.103424072265623,11.147369384765623,11.940338134765623,13.529205322265623,10.828033447265623
2019-06-19,14.09515380859375,14.45452880859375,10.59906005859375,12.21136474609375,13.51507568359375,11.70257568359375
2019-06-20,13.950103759765623,15.213775634765623,12.883697509765623,12.571197509765623,16.230377197265625,12.103424072265623
2019-06-21,13.813873291015623,13.558013916015623,11.607818603515623,12.850006103515623,14.197662353515623,10.659576416015623
2019-06-22,16.090972900390625,15.331207275390623,13.319488525390623,14.995269775390623,14.886871337890623,12.195465087890623
2019-06-23,17.536590576171875,16.132293701171875,14.865692138671877,16.013153076171875,16.467254638671875,13.471160888671877
2019-06-24,16.835693359375,16.422607421875,13.356201171875,14.547607421875,16.682373046875,11.675537109375
2019-06-25,17.874267578125,17.241455078125,14.610595703125,16.136962890625,15.255126953125,12.707275390625
2019-06-26,14.751983642578123,13.562530517578123,11.876007080078123,12.039093017578123,15.066436767578123,8.786163330078125
2019-06-27,13.379486083984377,13.380462646484377,9.442962646484377,11.169525146484377,13.003509521484377,7.905853271484375
2019-06-28,13.38397216796875,11.97283935546875,12.78631591796875,13.11444091796875,14.25994873046875,10.38201904296875
2019-06-29,15.011962890625,16.684814453125,14.076416015625,14.765869140625,16.306884765625,18.698486328125
2019-06-30,17.5589599609375,18.9290771484375,15.5628662109375,18.7855224609375,15.9046630859375,14.1546630859375
2019-07-01,16.228302001953125,16.080841064453125,13.364044189453123,14.278106689453123,15.831817626953123,16.401153564453125
2019-07-02,13.840576171875,14.260498046875,12.673583984375,13.638427734375,15.478271484375,16.187255859375
2019-07-03,14.19805908203125,14.41876220703125,12.39239501953125,14.51544189453125,14.53399658203125,11.21954345703125
2019-07-04,14.174285888671877,15.497528076171877,13.380340576171877,13.563934326171877,15.745574951171877,12.885223388671877
2019-07-05,16.24163818359375,15.05706787109375,13.93890380859375,14.78948974609375,16.64593505859375,12.84808349609375
2019-07-06,14.79730224609375,14.20355224609375,13.02288818359375,13.62738037109375,18.68695068359375,13.24163818359375
2019-07-07,14.940460205078123,14.036163330078123,12.828155517578123,14.295928955078123,15.997100830078123,12.968780517578123
2019-07-08,8.04931640625,7.64404296875,5.70166015625,7.12646484375,10.34423828125,6.47509765625
2019-07-09,9.08929443359375,8.85784912109375,7.51312255859375,8.80706787109375,11.10589599609375,7.21917724609375
2019-07-10,9.426544189453123,8.691192626953125,8.119903564453125,10.576934814453123,10.978302001953123,7.809356689453125
2019-07-11,11.34478759765625,10.89361572265625,9.99517822265625,9.97955322265625,12.23248291015625,9.34283447265625
2019-07-12,11.10601806640625,10.60894775390625,8.56304931640625,9.62261962890625,11.40093994140625,8.00152587890625
2019-07-13,11.933868408203123,10.935821533203123,10.356719970703123,11.140899658203123,14.189727783203123,10.023712158203123
2019-07-14,12.65087890625,11.71044921875,7.60107421875,10.05908203125,10.93505859375,7.78369140625
2019-07-15,10.835205078125,10.734619140625,9.559814453125,10.223876953125,10.327392578125,10.021728515625
2019-07-16,13.082122802734377,11.835052490234377,10.593841552734377,13.217864990234377,12.767669677734377,9.742279052734377
2019-07-17,12.656707763671877,12.354949951171877,11.298309326171877,12.117645263671877,13.087371826171877,11.266082763671877
2019-07-18,13.77490234375,12.80126953125,12.35009765625,14.01416015625,14.05908203125,10.62353515625
2019-07-19,15.759490966796877,15.534881591796877,14.931365966796877,15.367889404296877,14.740936279296877,13.345428466796877
2019-07-20,15.07012939453125,14.99884033203125,14.38653564453125,14.89337158203125,16.93927001953125,13.63165283203125
2019-07-21,16.080078125,16.1689453125,13.767578125,15.115234375,16.326171875,11.8056640625
2019-07-22,14.090057373046877,13.240447998046877,12.467987060546877,13.129119873046877,14.620330810546877,10.990447998046877
2019-07-23,14.15264892578125,12.58038330078125,12.93585205078125,13.88702392578125,14.60577392578125,13.77471923828125
2019-07-24,17.65234375,16.5029296875,13.7265625,15.1669921875,16.583984375,13.33203125
2019-07-25,15.54241943359375,16.04241943359375,13.59613037109375,13.87347412109375,16.61566162109375,14.09124755859375
2019-07-26,15.15972900390625,15.14801025390625,12.90875244140625,15.01812744140625,15.96051025390625,13.03375244140625
2019-07-27,15.06298828125,14.86962890625,12.61767578125,13.77587890625,14.15380859375,11.56884765625
2019-07-28,17.0174560546875,15.6502685546875,13.9832763671875,15.0223388671875,15.5574951171875,12.5389404296875
2019-07-29,15.293487548828123,15.104034423828123,13.496612548828123,15.077667236328123,16.567901611328125,12.616729736328123
2019-07-30,16.22479248046875,15.47381591796875,14.59393310546875,15.66033935546875,15.77655029296875,14.33905029296875
2019-07-31,15.949676513671877,15.336395263671877,14.598114013671877,14.954559326171877,17.235809326171875,13.418426513671877
2019-08-01,12.3955078125,12.607421875,10.5322265625,12.8271484375,14.1845703125,10.982421875
2019-08-02,11.99456787109375,11.10003662109375,9.52777099609375,11.58636474609375,12.01995849609375,9.29534912109375
2019-08-03,11.221710205078123,10.765655517578123,9.829132080078123,11.851593017578123,11.406280517578123,9.142608642578123
2019-08-04,14.222747802734377,15.249114990234377,12.862396240234377,13.329193115234377,14.754974365234377,15.311614990234377
2019-08-05,13.954437255859377,15.235687255859377,13.086273193359377,13.909515380859377,15.387054443359377,13.061859130859377
2019-08-06,16.63421630859375,17.95159912109375,14.72796630859375,16.58245849609375,17.27288818359375,14.56781005859375
2019-08-07,17.420440673828125,16.588409423828125,16.130401611328125,16.047393798828125,16.917510986328125,14.230987548828123
2019-08-08,17.146240234375,15.594482421875,17.806396484375,16.488037109375,17.156982421875,17.805419921875
2019-08-09,17.738189697265625,16.023345947265625,17.100494384765625,16.175689697265625,17.249908447265625,18.391510009765625
2019-08-10,17.918121337890625,17.739410400390625,17.214996337890625,15.514801025390623,18.307769775390625,19.630035400390625
2019-08-11,19.50372314453125,18.38458251953125,18.29571533203125,18.07891845703125,18.99102783203125,15.06915283203125
2019-08-12,12.81695556640625,11.38140869140625,11.48199462890625,12.62066650390625,16.09820556640625,13.21734619140625
2019-08-13,12.598907470703123,10.318634033203123,10.042266845703123,11.240509033203123,14.122344970703123,11.365509033203123
2019-08-14,10.813323974609377,10.619964599609377,8.993988037109375,10.770355224609377,12.014495849609377,9.058441162109377
2019-08-15,11.089019775390623,9.344879150390623,9.940582275390623,11.008941650390623,10.511871337890623,11.350738525390623
2019-08-16,13.4005126953125,11.9464111328125,14.1046142578125,14.0186767578125,13.0469970703125,14.6827392578125
2019-08-17,14.903228759765623,13.377838134765623,15.924713134765623,14.412994384765623,14.470611572265623,16.866119384765625
2019-08-18,15.117889404296877,14.391326904296877,17.034881591796875,13.965545654296877,14.493865966796877,16.139373779296875
2019-08-19,17.443145751953125,17.098419189453125,13.899200439453123,16.155059814453125,16.037872314453125,14.609161376953123
2019-08-20,16.295501708984375,17.788665771484375,13.574798583984377,14.433197021484377,16.291595458984375,12.811126708984377
2019-08-21,15.17144775390625,15.43804931640625,14.52984619140625,13.92437744140625,17.60211181640625,16.81793212890625
2019-08-22,15.679718017578123,15.499053955078123,15.092803955078123,14.420928955078123,15.181671142578123,16.919952392578125
2019-08-23,14.525665283203123,14.603790283203123,13.693634033203123,14.653594970703123,16.226837158203125,15.398712158203123
2019-08-24,14.018524169921877,13.591766357421877,12.565399169921877,13.079071044921877,15.092742919921877,13.633758544921877
2019-08-25,14.25445556640625,15.04156494140625,13.12945556640625,13.80816650390625,13.98199462890625,13.19683837890625
2019-08-26,15.107452392578123,13.625030517578123,14.537139892578123,13.379913330078123,14.755889892578123,16.293975830078125
2019-08-27,14.6468505859375,15.3392333984375,15.1624755859375,13.2376708984375,13.9749755859375,15.9066162109375
2019-08-28,15.988189697265623,17.843658447265625,14.004791259765623,14.854400634765623,15.027252197265623,12.894439697265623
2019-08-29,13.78155517578125,14.26300048828125,15.89385986328125,12.52081298828125,13.07940673828125,15.49053955078125
2019-08-30,12.568756103515623,13.178131103515623,12.971099853515623,11.057037353515623,14.221099853515623,15.432037353515623
2019-08-31,15.537689208984377,18.28768920898437,12.340423583984377,14.464447021484377,14.108978271484377,11.471282958984377
2019-09-01,14.8311767578125,13.5147705078125,12.9425048828125,14.2833251953125,15.1798095703125,11.0928955078125
2019-09-02,9.524139404296877,8.793670654296875,8.750701904296875,8.727264404296875,13.117889404296877,9.973358154296877
2019-09-03,13.78668212890625,12.94879150390625,13.47711181640625,12.88531494140625,13.32476806640625,13.21734619140625
2019-09-04,12.117919921875,12.261474609375,11.267333984375,11.988037109375,12.932373046875,10.049560546875
2019-09-05,12.25225830078125,12.00323486328125,10.80792236328125,11.44952392578125,13.68585205078125,10.23760986328125
2019-09-06,10.8560791015625,12.5103759765625,9.9342041015625,9.9429931640625,12.4537353515625,8.7847900390625
2019-09-07,10.0357666015625,10.3804931640625,7.8912353515625,8.7525634765625,9.9595947265625,7.1705322265625
2019-09-08,11.620574951171877,11.902801513671877,11.629364013671877,10.847137451171877,13.104949951171877,13.659637451171877
2019-09-09,12.184417724609377,11.961761474609377,11.565277099609377,11.451019287109377,12.770355224609377,12.119964599609377
2019-09-10,12.01226806640625,11.31500244140625,10.42926025390625,11.56109619140625,12.03961181640625,9.92535400390625
2019-09-11,11.448089599609377,10.666839599609377,7.638519287109375,9.603363037109377,11.147308349609377,7.209808349609375
2019-09-12,12.9444580078125,12.4757080078125,9.7608642578125,10.8760986328125,12.2677001953125,8.2589111328125
2019-09-13,10.329742431640623,8.959625244140625,9.120758056640623,9.735992431640623,11.126617431640623,12.367828369140623
2019-09-14,10.261566162109377,10.854339599609377,9.840667724609377,11.330902099609377,12.745941162109377,10.294769287109377
2019-09-15,11.681793212890623,12.818511962890623,10.185699462890623,10.527496337890623,12.438629150390623,9.153472900390623
2019-09-16,7.649200439453125,6.329864501953125,6.971466064453125,8.738067626953125,11.994903564453123,7.656036376953125
2019-09-17,5.051483154296875,3.957733154296875,2.156951904296875,3.926483154296875,8.490936279296875,4.868865966796875
2019-09-18,4.447265625,2.9443359375,1.966796875,2.9365234375,6.3642578125,3.578125
2019-09-19,4.676544189453125,3.769317626953125,4.918731689453125,3.863067626953125,7.677520751953125,5.909942626953125
2019-09-20,6.99224853515625,8.47564697265625,5.99420166015625,5.63287353515625,8.62115478515625,5.56744384765625
2019-09-21,11.083892822265623,11.348541259765623,10.893463134765623,10.380767822265623,14.028228759765623,10.089752197265623
2019-09-22,10.381988525390623,9.620269775390623,9.839996337890623,10.308746337890623,10.615386962890623,9.352691650390623
2019-09-23,9.786529541015623,9.786529541015623,10.001373291015623,9.649810791015623,11.619537353515623,8.346099853515625
2019-09-24,8.670501708984375,7.901947021484375,8.750579833984375,9.585540771484377,11.240814208984377,9.969329833984377
2019-09-25,7.3800048828125,7.4776611328125,6.8409423828125,7.2911376953125,8.1602783203125,6.5850830078125
2019-09-26,9.9537353515625,11.7506103515625,7.9215087890625,10.8013916015625,11.0133056640625,7.9947509765625
2019-09-27,8.305908203125,10.934814453125,8.616455078125,8.414306640625,11.748291015625,8.141845703125
2019-09-28,10.684783935546877,14.094940185546877,7.627166748046875,10.234588623046877,8.490447998046875,6.428924560546875
2019-09-29,7.9903564453125,11.5577392578125,7.6788330078125,7.0255126953125,10.5753173828125,7.0567626953125
2019-09-30,9.637786865234377,12.294036865234377,10.350677490234377,8.109466552734375,12.613372802734377,8.866302490234375
2019-10-01,4.599151611328125,3.473175048828125,2.330596923828125,4.179229736328125,7.118682861328125,3.872589111328125
2019-10-02,0.953948974609375,1.017425537109375,0.991058349609375,0.334808349609375,5.419769287109375,1.355316162109375
2019-10-03,5.426605224609375,6.001800537109375,3.266448974609375,4.231292724609375,6.432464599609375,2.540863037109375
2019-10-04,4.7178955078125,3.2686767578125,2.6173095703125,4.2139892578125,6.3350830078125,2.9903564453125
2019-10-05,2.457916259765625,0.826080322265625,-0.210052490234375,0.385650634765625,3.804595947265625,-1.319427490234375
2019-10-06,2.12939453125,4.45849609375,3.64599609375,2.26806640625,10.14501953125,5.37255859375
2019-10-07,5.065032958984375,9.226165771484377,8.460540771484375,6.011322021484375,10.337493896484377,6.566009521484375
2019-10-08,8.517242431640625,7.529937744140625,7.570953369140625,7.709625244140625,10.480133056640623,6.595367431640625
2019-10-09,5.743011474609375,6.703948974609375,5.239105224609375,4.527191162109375,8.186370849609375,6.319183349609375
2019-10-10,5.60357666015625,7.79205322265625,4.66314697265625,5.93560791015625,9.86822509765625,6.17584228515625
2019-10-11,6.401397705078125,7.768585205078125,5.857452392578125,8.150421142578125,8.428741455078125,9.720733642578123
2019-10-12,4.93365478515625,7.83404541015625,4.24322509765625,6.03717041015625,8.82037353515625,6.72760009765625
2019-10-13,5.178863525390625,8.381011962890625,4.772613525390625,5.932769775390625,9.261871337890623,5.742340087890625
2019-10-14,8.155181884765625,9.587799072265623,6.393463134765625,8.101470947265625,7.109283447265625,6.743072509765625
2019-10-15,7.623199462890625,9.888824462890623,4.820465087890625,6.673980712890625,8.191558837890625,5.367340087890625
2019-10-16,5.719635009765625,8.392486572265625,4.410064697265625,5.871002197265625,8.543853759765625,4.488189697265625
2019-10-17,6.0408935546875,8.5965576171875,4.1776123046875,4.7108154296875,8.4080810546875,5.2655029296875
2019-10-18,4.604766845703125,7.702423095703125,4.179962158203125,6.122344970703125,8.373321533203125,5.758087158203125
2019-10-19,8.034820556640625,9.917633056640623,9.819976806640623,8.952789306640625,6.975250244140625,11.202789306640623
2019-10-20,7.616546630859375,8.392913818359375,8.578460693359375,7.354827880859375,7.466156005859375,12.349945068359377
2019-10-21,6.833587646484375,10.088470458984377,6.553314208984375,6.154876708984375,9.414642333984377,10.403900146484377
2019-10-22,3.903045654296875,9.419647216796877,5.450897216796875,5.958709716796875,7.706756591796875,10.439178466796877
2019-10-23,7.014556884765625,10.390533447265623,8.870025634765625,7.122955322265625,6.495025634765625,12.976470947265623
2019-10-24,6.083648681640625,6.146148681640625,6.101226806640625,5.558258056640625,7.178375244140625,9.599273681640623
2019-10-25,4.889129638671875,9.269012451171877,5.461395263671875,6.558074951171875,5.582489013671875,5.364715576171875
2019-10-26,5.284515380859375,7.097015380859375,5.324554443359375,5.184906005859375,6.670257568359375,10.612640380859377
2019-10-27,7.391021728515625,4.277740478515625,4.886138916015625,7.018951416015625,7.659576416015625,7.119537353515625
2019-10-28,4.51287841796875,3.55780029296875,4.38690185546875,4.88104248046875,6.68084716796875,2.73944091796875
2019-10-29,4.092926025390625,2.627105712890625,2.509918212890625,3.802886962890625,5.417144775390625,1.303863525390625
2019-10-30,0.865509033203125,1.627227783203125,1.564727783203125,1.028594970703125,6.061798095703125,1.591094970703125
2019-10-31,8.245941162109375,11.127777099609377,6.981292724609375,7.326995849609375,8.958831787109375,5.855316162109375
2019-11-01,10.155426025390623,10.202301025390623,9.694488525390623,10.515777587890623,10.837066650390623,8.076324462890625
2019-11-02,3.880340576171875,7.123504638671875,5.802215576171875,3.294403076171875,9.063934326171877,5.535614013671875
2019-11-03,13.329437255859377,12.469085693359377,10.371429443359377,11.500335693359377,11.560882568359377,8.459320068359375
2019-11-04,8.8421630859375,9.2669677734375,7.1868896484375,8.8616943359375,9.6439208984375,7.3284912109375
2019-11-05,6.11126708984375,7.10345458984375,6.20599365234375,7.59661865234375,9.33392333984375,6.82513427734375
2019-11-06,5.992828369140625,7.962554931640625,5.197906494140625,6.723297119140625,8.660797119140625,5.509429931640625
2019-11-07,7.051300048828125,6.446807861328125,5.880401611328125,6.338409423828125,8.856964111328125,5.609893798828125
2019-11-08,1.6824951171875,3.0242919921875,2.6551513671875,1.3572998046875,7.3084716796875,3.0018310546875
2019-11-09,3.51007080078125,5.08917236328125,2.17120361328125,1.52276611328125,2.85479736328125,4.61163330078125
2019-11-10,8.003936767578125,7.883819580078125,6.464874267578125,7.460968017578125,10.088897705078123,5.571319580078125
2019-11-11,5.755035400390625,6.989410400390625,5.345855712890625,3.550933837890625,6.549957275390625,2.991363525390625
2019-11-12,2.01739501953125,4.63848876953125,3.24298095703125,1.34552001953125,7.33673095703125,2.45294189453125
2019-11-13,9.043182373046877,8.320526123046875,7.359588623046875,7.177947998046875,8.983612060546875,6.114471435546875
2019-11-14,6.382537841796875,7.108123779296875,4.790740966796875,4.934295654296875,8.388397216796875,6.247772216796875
2019-11-15,6.172119140625,6.480712890625,5.764892578125,4.756103515625,9.462158203125,4.020751953125
2019-11-16,1.024383544921875,3.582977294921875,0.271453857421875,0.519500732421875,2.292938232421875,4.950164794921875
2019-11-17,5.706634521484375,7.424407958984375,4.612884521484375,5.828704833984375,7.329681396484375,5.635345458984375
2019-11-18,1.508544921875,5.074951171875,3.419677734375,1.596435546875,6.858154296875,3.545654296875
2019-11-19,0.47979736328125,2.52374267578125,0.26983642578125,1.02960205078125,3.53936767578125,0.30987548828125
2019-11-20,0.646148681640625,3.163726806640625,-0.436859130859375,1.642242431640625,2.342437744140625,-0.514007568359375
2019-11-21,2.316986083984375,3.769134521484375,0.821868896484375,0.804290771484375,4.950775146484375,4.074798583984375
2019-11-22,5.163970947265625,5.584869384765625,3.122955322265625,4.871978759765625,7.649322509765625,3.517486572265625
2019-11-23,5.195526123046875,4.301971435546875,3.352752685546875,4.844940185546875,5.852752685546875,3.298065185546875
2019-11-24,-0.41265869140625,1.45550537109375,-1.02105712890625,-0.02691650390625,2.43499755859375,0.35784912109375
2019-11-25,4.484283447265625,7.314361572265625,5.858306884765625,4.984283447265625,7.132720947265625,4.821197509765625
2019-11-26,2.551361083984375,5.047454833984375,2.672454833984375,3.140228271484375,6.471282958984375,2.891204833984375
2019-11-27,0.195892333984375,1.336517333984375,2.008392333984375,1.311126708984375,5.128509521484375,1.705657958984375
2019-11-28,0.024871826171875,-1.828643798828125,-0.940948486328125,-0.341339111328125,0.755340576171875,-1.201690673828125
2019-11-29,-2.894683837890625,-2.023590087890625,-1.788238525390625,-4.145660400390625,-0.230621337890625,-1.415191650390625
2019-11-30,-0.251953125,-1.857421875,-0.2138671875,-0.4619140625,5.9873046875,2.2294921875
2019-12-01,-4.480926513671875,-5.170379638671875,-8.628387451171875,-4.936004638671875,-3.677215576171875,-7.851043701171875
2019-12-02,-9.017333984375,-6.374755859375,-9.448974609375,-6.916748046875,-3.241943359375,-7.542724609375
2019-12-03,-8.0545654296875,-5.2322998046875,-5.2176513671875,-3.9500732421875,2.3038330078125,-3.8416748046875
2019-12-04,-1.098968505859375,1.812164306640625,0.610992431640625,-0.223968505859375,5.960601806640625,1.537750244140625
2019-12-05,0.332916259765625,2.803619384765625,1.819244384765625,0.850494384765625,5.249908447265625,0.770416259765625
2019-12-06,-2.244598388671875,0.394073486328125,1.090362548828125,-2.286590576171875,1.653839111328125,-4.132293701171875
2019-12-07,2.298431396484375,2.869720458984375,1.839447021484375,1.614837646484375,5.401947021484375,0.852142333984375
2019-12-08,-1.364593505859375,-2.502288818359375,-2.932952880859375,-1.650726318359375,1.538726806640625,-2.780609130859375
2019-12-09,-3.386505126953125,-1.981231689453125,-6.200958251953125,-3.199005126953125,-0.740997314453125,-4.170684814453125
2019-12-10,-5.359405517578125,-1.563507080078125,-1.966827392578125,-1.365264892578125,1.731414794921875,-2.425811767578125
2019-12-11,1.658447265625,0.788330078125,1.208251953125,1.152587890625,2.502197265625,-1.239013671875
2019-12-12,-3.7822265625,-2.876953125,-8.955078125,-2.318359375,-2.515625,-4.3369140625
2019-12-13,-2.609375,1.1484375,-3.00390625,-2.931640625,1.712890625,-2.3515625
2019-12-14,0.065673828125,4.993408203125,3.711181640625,0.375244140625,6.278564453125,1.803955078125
2019-12-15,-0.517852783203125,2.248748779296875,2.469451904296875,-0.643829345703125,5.872772216796875,1.035858154296875
2019-12-16,-0.223480224609375,1.596832275390625,1.445465087890625,0.338043212890625,5.026519775390625,1.021636962890625
2019-12-17,2.1846923828125,2.5587158203125,2.3975830078125,0.2813720703125,5.9805908203125,1.3536376953125
2019-12-18,5.894439697265625,6.887603759765625,5.010650634765625,5.172760009765625,5.665924072265625,3.330963134765625
2019-12-19,4.165924072265625,6.967681884765625,6.393463134765625,5.449127197265625,7.656158447265625,3.282135009765625
2019-12-20,4.062896728515625,4.253326416015625,2.211334228515625,3.130279541015625,4.187896728515625,1.099029541015625
2019-12-21,1.341278076171875,-0.037628173828125,-0.516143798828125,0.251434326171875,1.073699951171875,-1.516143798828125
2019-12-22,-6.386505126953125,-5.357208251953125,-7.035919189453125,-5.506622314453125,-4.143341064453125,-9.584747314453123
2019-12-23,-0.268157958984375,-1.368743896484375,-3.363861083984375,-1.220306396484375,-2.027923583984375,-4.752532958984375
2019-12-24,-1.660064697265625,-3.169830322265625,-4.580963134765625,-3.583892822265625,-3.957916259765625,-5.843658447265625
2019-12-25,-3.0152587890625,-4.5845947265625,-5.8863525390625,-4.4283447265625,-4.2388916015625,-6.6920166015625
2019-12-26,-4.920501708984375,-7.293548583984375,-6.800384521484375,-6.329681396484375,-3.824798583984375,-8.608978271484375
2019-12-27,-6.862823486328125,-8.896026611328125,-9.427276611328123,-8.308135986328125,-6.384307861328125,-10.919464111328123
2019-12-28,-13.418365478515623,-12.657623291015623,-13.717193603515623,-12.934967041015623,-6.751373291015625,-17.305068969726562
2019-12-29,-4.454986572265625,-1.454010009765625,-5.860260009765625,-2.838775634765625,-3.016510009765625,-5.163970947265625
2019-12-30,-7.782928466796875,-6.074920654296875,-10.320037841796877,-9.542694091796877,-5.611053466796875,-11.119842529296877
2019-12-31,-12.792205810546877,-7.266815185546875,-13.746307373046877,-11.563690185546877,-3.511932373046875,-8.071502685546875
2020-01-01,-11.675872802734377,-5.539154052734375,-11.244232177734377,-8.001068115234375,-4.202239990234375,-7.085052490234375
2020-01-02,-1.464202880859375,-2.446624755859375,-3.178070068359375,-1.983734130859375,0.184234619140625,-2.804046630859375
2020-01-03,-6.29241943359375,-7.71624755859375,-8.32073974609375,-7.28460693359375,-4.88909912109375,-9.12835693359375
2020-01-04,-15.187591552734377,-13.751068115234377,-17.286239624023438,-14.030364990234377,-8.549896240234375,-15.050872802734377
2020-01-05,-15.970550537109377,-7.462738037109375,-11.926605224609377,-10.683441162109377,-5.182464599609375,-10.488128662109377
2020-01-06,-16.956512451171875,-13.467254638671877,-11.556121826171877,-9.856903076171877,-5.428192138671875,-7.079559326171875
2020-01-07,-9.355621337890623,-5.917144775390625,-7.606597900390625,-6.516754150390625,-1.278472900390625,1.368011474609375
2020-01-08,-5.041534423828125,3.189910888671875,-1.256378173828125,-2.732940673828125,-1.606964111328125,3.566864013671875
2020-01-09,-1.351715087890625,-2.407379150390625,-4.844879150390625,-2.597808837890625,-1.140777587890625,-4.534332275390625
2020-01-10,-12.080322265625,-8.301025390625,-12.318603515625,-7.308837890625,-4.697509765625,-10.123291015625
2020-01-11,-9.49395751953125,-5.49005126953125,-5.01934814453125,-3.72149658203125,-0.62384033203125,-4.25958251953125
2020-01-12,-8.252655029296875,-5.432342529296875,-4.001678466796875,-3.349334716796875,-2.987030029296875,-0.598358154296875
2020-01-13,-7.660552978515625,-4.728912353515625,-1.853912353515625,-4.705474853515625,-2.912506103515625,1.785736083984375
2020-01-14,-8.91815185546875,-4.55682373046875,-5.13494873046875,-3.75408935546875,-0.84588623046875,-0.11932373046875
2020-01-15,-7.827545166015625,-3.904693603515625,-5.012115478515625,-4.690826416015625,5.100189208984375,-3.001373291015625
2020-01-16,-4.358245849609375,-4.936370849609375,-2.210784912109375,-2.419769287109375,0.968902587890625,-3.075042724609375
2020-01-17,-3.370086669921875,-4.512664794921875,-5.147430419921875,-3.525360107421875,-1.637664794921875,-4.941375732421875
2020-01-18,-7.823333740234375,-10.370208740234377,-8.741302490234375,-7.503997802734375,-3.576263427734375,-6.766693115234375
2020-01-19,-10.510162353515623,-8.190826416015625,-4.463287353515625,-2.832427978515625,-2.850982666015625,-4.128326416015625
2020-01-20,-5.270904541015625,-2.006256103515625,-4.106842041015625,-2.853912353515625,-0.871490478515625,-4.417388916015625
2020-01-21,-8.844451904296875,-10.435272216796877,-6.544647216796875,-6.805389404296875,-3.448944091796875,-2.996795654296875
2020-01-22,-4.064788818359375,-2.679046630859375,0.185211181640625,-1.144866943359375,2.506500244140625,-1.423187255859375
2020-01-23,-3.119049072265625,0.842864990234375,0.907318115234375,-0.710845947265625,3.888763427734375,1.212005615234375
2020-01-24,0.363677978515625,1.058013916015625,0.526763916015625,0.595123291015625,3.768951416015625,0.045318603515625
2020-01-25,-3.72711181640625,-2.12847900390625,-2.98199462890625,-2.47711181640625,1.68695068359375,-2.45855712890625
2020-01-26,3.921783447265625,3.732330322265625,2.307525634765625,3.322174072265625,3.514556884765625,0.440338134765625
2020-01-27,-2.0181884765625,-5.4195556640625,-4.2066650390625,-2.9967041015625,0.2269287109375,-1.5836181640625
2020-01-28,-4.202362060546875,-4.885955810546875,-4.926971435546875,-4.162322998046875,-2.043182373046875,-5.256072998046875
2020-01-29,-2.568145751953125,-1.715606689453125,-1.407012939453125,-1.900177001953125,1.441619873046875,-2.444122314453125
2020-01-30,-1.788299560546875,0.308380126953125,1.140411376953125,-0.490447998046875,3.713653564453125,-1.086151123046875
2020-01-31,0.045501708984375,2.000579833984375,2.775970458984375,2.140228271484375,4.913665771484375,1.166595458984375
2020-02-01,-0.059234619140625,1.057952880859375,2.214202880859375,1.197601318359375,5.256195068359375,1.228851318359375
2020-02-02,-1.948883056640625,-3.247711181640625,-3.797515869140625,-2.707672119140625,-0.077789306640625,-3.877593994140625
2020-02-03,-9.678619384765623,-10.553619384765623,-11.471588134765623,-11.373931884765623,-7.233306884765625,-12.213775634765623
2020-02-04,-7.42279052734375,-6.16595458984375,-8.83001708984375,-9.19134521484375,-7.11322021484375,-11.50091552734375
2020-02-05,-1.715850830078125,-3.675811767578125,-3.965850830078125,-3.146514892578125,-2.941436767578125,-5.706085205078125
2020-02-06,-13.116119384765623,-10.329986572265623,-11.980377197265623,-12.301666259765623,-3.776275634765625,-8.046783447265625
2020-02-07,-8.804412841796875,-4.872772216796875,-3.336639404296875,-7.390350341796875,-0.482147216796875,-5.385467529296875
2020-02-08,2.380615234375,4.832763671875,2.084716796875,3.814208984375,4.807373046875,1.141357421875
2020-02-09,-2.852142333984375,-3.941986083984375,0.758209228515625,0.198638916015625,5.184967041015625,1.341217041015625
2020-02-10,-3.494049072265625,-7.162994384765625,-3.626861572265625,-2.960845947265625,2.033294677734375,-2.972564697265625
2020-02-11,-2.8863525390625,0.4124755859375,0.3402099609375,-2.3082275390625,0.9202880859375,-1.7828369140625
2020-02-12,0.440399169921875,-0.466827392578125,-1.045928955078125,-0.140655517578125,1.067352294921875,-3.259796142578125
2020-02-13,-2.159088134765625,-5.179595947265625,-4.762603759765625,-3.668853759765625,-2.988189697265625,-5.809478759765625
2020-02-14,-3.54205322265625,-1.43853759765625,-4.06939697265625,-4.26275634765625,-0.62017822265625,-3.76275634765625
2020-02-15,-3.47259521484375,-0.04974365234375,-2.43939208984375,-1.48919677734375,1.40435791015625,-0.82708740234375
2020-02-16,-0.284576416015625,-1.269927978515625,-1.408599853515625,-0.714263916015625,1.179290771484375,-0.517974853515625
2020-02-17,0.056365966796875,-0.540313720703125,0.106170654296875,0.426483154296875,3.159881591796875,-0.720977783203125
2020-02-18,-7.475555419921875,-8.255828857421875,-7.498992919921875,-5.481414794921875,-5.170867919921875,-9.210906982421877
2020-02-19,-6.222381591796875,-5.221405029296875,-9.298553466796877,-8.658905029296875,-2.570037841796875,-7.815155029296875
2020-02-20,-4.628814697265625,-5.760650634765625,-5.779205322265625,-4.194244384765625,-4.178619384765625,-6.527252197265625
2020-02-21,-1.499053955078125,0.720672607421875,-0.621124267578125,-0.093780517578125,0.475555419921875,-0.954132080078125
2020-02-22,-2.254669189453125,-0.342559814453125,-3.270294189453125,-3.440216064453125,-0.141387939453125,-1.949981689453125
2020-02-23,5.054351806640625,6.134429931640625,5.166656494140625,4.634429931640625,5.996734619140625,2.854156494140625
2020-02-24,0.411651611328125,0.123565673828125,-1.319793701171875,0.433135986328125,0.302276611328125,-1.922332763671875
2020-02-25,-0.567596435546875,-1.229705810546875,-3.204315185546875,-1.245330810546875,-4.432830810546875,-5.950408935546875
2020-02-26,-9.920806884765623,-7.379791259765625,-10.604400634765623,-8.002838134765625,-8.787994384765625,-8.614166259765625
2020-02-27,-4.155242919921875,-0.774383544921875,-4.143524169921875,-5.885711669921875,-0.540008544921875,-3.416961669921875
2020-02-28,3.271270751953125,2.282989501953125,4.105255126953125,3.358184814453125,4.544708251953125,2.294708251953125
2020-02-29,7.121673583984375,5.790618896484375,4.964447021484375,4.881439208984375,5.570892333984375,1.724212646484375
2020-03-01,4.02679443359375,4.82562255859375,1.96820068359375,3.72406005859375,3.38714599609375,0.88909912109375
2020-03-02,0.493865966796875,-0.587188720703125,-2.002227783203125,-0.881134033203125,0.188201904296875,-1.374298095703125
2020-03-03,-2.795989990234375,0.508697509765625,-3.109466552734375,-4.084075927734375,-0.999114990234375,-3.805755615234375
2020-03-04,1.120269775390625,2.425933837890625,-0.115081787109375,1.193511962890625,2.600738525390625,-0.869964599609375
2020-03-05,0.6612548828125,-0.0467529296875,-0.7127685546875,0.2706298828125,1.7481689453125,-0.4246826171875
2020-03-06,-1.163787841796875,-1.997772216796875,-2.796600341796875,-1.994842529296875,0.777618408203125,-2.572967529296875
2020-03-07,0.496978759765625,-0.408294677734375,-1.652435302734375,-0.030364990234375,0.880767822265625,-1.279388427734375
2020-03-08,-0.510650634765625,-1.669830322265625,-8.878814697265625,-4.166900634765625,-2.456939697265625,-5.333892822265625
2020-03-09,-2.681671142578125,-0.459014892578125,-4.230499267578125,-0.015655517578125,-1.174835205078125,-0.803741455078125
2020-03-10,0.738433837890625,4.814605712890625,0.873199462890625,0.471832275390625,4.623199462890625,1.658355712890625
2020-03-11,2.477142333984375,1.424407958984375,0.818939208984375,1.664642333984375,4.799407958984375,2.076751708984375
2020-03-12,0.558502197265625,-0.113372802734375,-1.292083740234375,-1.056732177734375,3.673736572265625,-1.343841552734375
2020-03-13,-0.478363037109375,-1.336761474609375,-1.863128662109375,-0.935394287109375,0.774566650390625,-1.966644287109375
2020-03-14,-2.659881591796875,-0.625701904296875,-2.953826904296875,-4.307342529296875,-0.297576904296875,-3.951873779296875
2020-03-15,1.675262451171875,1.308074951171875,-1.374542236328125,0.496551513671875,0.304168701171875,-1.760284423828125
2020-03-16,-0.700347900390625,-0.382965087890625,-1.797027587890625,-2.599761962890625,-0.282379150390625,-2.888824462890625
2020-03-17,-0.294830322265625,-0.235260009765625,1.002044677734375,1.045989990234375,-0.198150634765625,0.312591552734375
2020-03-18,-0.61431884765625,0.62493896484375,-1.39459228515625,-1.17779541015625,1.76263427734375,-0.96295166015625
2020-03-19,0.073028564453125,2.172637939453125,-2.927947998046875,-1.060760498046875,0.398223876953125,-1.904510498046875
2020-03-20,-2.637603759765625,-4.265533447265625,-4.173736572265625,-3.194244384765625,0.464935302734375,-3.585845947265625
2020-03-21,-4.873321533203125,-6.395782470703125,-7.512969970703125,-5.495391845703125,-2.479766845703125,-7.428009033203125
2020-03-22,-6.242919921875,-7.245849609375,-8.536865234375,-8.183349609375,-6.549560546875,-8.270263671875
2020-03-23,-4.510467529296875,-5.164764404296875,-5.058319091796875,-3.657928466796875,0.489532470703125,-4.081756591796875
2020-03-24,0.949462890625,0.323486328125,-1.288818359375,0.297119140625,3.956298828125,-0.967529296875
2020-03-25,1.590118408203125,0.700469970703125,0.457305908203125,1.242462158203125,3.685821533203125,-0.566131591796875
2020-03-26,2.201263427734375,1.101654052734375,-1.319244384765625,0.731536865234375,0.701263427734375,-2.452056884765625
2020-03-27,0.323455810546875,0.022674560546875,-2.025177001953125,1.665252685546875,-0.714630126953125,-2.917755126953125
2020-03-28,0.748260498046875,-1.589630126953125,-1.285919189453125,-0.137481689453125,1.735565185546875,-1.535919189453125
2020-03-29,-5.238525390625,-6.075439453125,-7.195556640625,-5.424072265625,0.650146484375,-3.468994140625
2020-03-30,-13.775054931640623,-12.340484619140623,-9.604156494140623,-9.181304931640623,-6.961578369140625,-9.365875244140623
2020-03-31,-9.267791748046877,-4.077362060546875,-8.981658935546875,-9.304901123046877,-6.025604248046875,-6.176971435546875
2020-04-01,2.4036865234375,1.4837646484375,-3.1519775390625,-0.2281494140625,-1.7017822265625,-1.2164306640625
2020-04-02,2.880035400390625,0.880035400390625,0.107574462890625,1.405426025390625,4.872222900390625,0.316558837890625
2020-04-03,-0.450042724609375,0.312652587890625,-1.631683349609375,-1.660980224609375,1.210113525390625,-0.397308349609375
2020-04-04,-1.558441162109375,-2.110198974609375,-3.103363037109375,-2.938323974609375,-0.619964599609375,-1.569183349609375
2020-04-05,-2.333343505859375,-1.081390380859375,-1.854827880859375,-3.501312255859375,0.180328369140625,-3.596038818359375
2020-04-06,-1.037261962890625,-0.833160400390625,-1.835113525390625,-1.493316650390625,0.311370849609375,-3.859527587890625
2020-04-07,1.800262451171875,6.998504638671875,1.647918701171875,2.206512451171875,0.254364013671875,-1.682159423828125
2020-04-08,6.681854248046875,7.828338623046875,2.987518310546875,4.828338623046875,1.442596435546875,-0.497833251953125
2020-04-09,3.90924072265625,5.34381103515625,1.06353759765625,3.04986572265625,1.52545166015625,2.60260009765625
2020-04-10,1.128997802734375,4.819427490234375,0.869232177734375,1.378997802734375,4.327239990234375,-0.063385009765625
2020-04-11,2.55072021484375,5.55169677734375,0.88275146484375,0.37493896484375,4.40814208984375,-0.63775634765625
2020-04-12,-6.228485107421875,-5.225555419921875,-5.059539794921875,-3.964813232421875,-0.394500732421875,-4.024383544921875
2020-04-13,-6.726043701171875,-4.044403076171875,-6.355926513671875,-2.801239013671875,-2.233856201171875,-5.055145263671875
2020-04-14,-0.596893310546875,2.574005126953125,-2.226776123046875,0.064239501953125,2.839630126953125,-0.127166748046875
2020-04-15,5.273040771484375,5.779876708984375,1.996673583984375,5.242767333984375,2.192962646484375,0.873626708984375
2020-04-16,4.514434814453125,6.527130126953125,2.383575439453125,4.749786376953125,6.696075439453125,1.939239501953125
2020-04-17,10.651397705078123,9.067413330078123,6.814483642578125,9.218780517578123,7.807647705078125,3.349639892578125
2020-04-18,5.94012451171875,4.84735107421875,4.00067138671875,5.77801513671875,7.89715576171875,2.84539794921875
2020-04-19,3.940185546875,2.435302734375,1.210693359375,1.742919921875,5.458740234375,1.054443359375
2020-04-20,0.485015869140625,0.470367431640625,-0.825531005859375,-0.622406005859375,4.334625244140625,-0.532562255859375
2020-04-21,1.1639404296875,0.9237060546875,0.8260498046875,0.7537841796875,2.1414794921875,-1.2911376953125
2020-04-22,0.56109619140625,3.43511962890625,-0.82757568359375,-0.03363037109375,3.06695556640625,-1.12640380859375
2020-04-23,8.616455078125,7.838134765625,2.977783203125,4.216064453125,5.063720703125,1.218994140625
2020-04-24,6.35650634765625,6.58404541015625,3.23248291015625,4.36138916015625,5.14263916015625,0.57818603515625
2020-04-25,5.834197998046875,6.170135498046875,2.827362060546875,3.600799560546875,5.816619873046875,0.344940185546875
2020-04-26,5.39117431640625,7.98590087890625,4.39312744140625,3.99468994140625,7.17828369140625,1.95172119140625
2020-04-27,4.825531005859375,5.573577880859375,4.621429443359375,3.952484130859375,8.378265380859375,2.655609130859375
2020-04-28,4.99249267578125,6.09893798828125,4.88409423828125,4.39483642578125,7.18878173828125,2.02178955078125
2020-04-29,4.306640625,5.2958984375,5.3642578125,4.37890625,7.0703125,2.3291015625
2020-04-30,7.549957275390625,5.909332275390625,3.926910400390625,6.019683837890625,4.673980712890625,1.760894775390625
2020-05-01,4.272186279296875,3.668670654296875,0.533905029296875,2.139373779296875,3.956756591796875,-1.723907470703125
2020-05-02,2.649627685546875,2.637908935546875,0.835174560546875,2.129119873046875,2.266815185546875,-2.324981689453125
2020-05-03,7.569488525390625,5.995269775390625,6.028472900390625,6.868316650390625,5.289215087890625,2.113433837890625
2020-05-04,4.189422607421875,3.331024169921875,0.866180419921875,1.764617919921875,1.785125732421875,-1.515655517578125
2020-05-05,4.63531494140625,5.70074462890625,1.52593994140625,2.73297119140625,1.94781494140625,-1.24066162109375
2020-05-06,3.593902587890625,4.564605712890625,3.319488525390625,4.516754150390625,6.444488525390625,1.555816650390625
2020-05-07,5.28973388671875,6.98211669921875,4.38055419921875,4.65594482421875,6.63739013671875,1.75262451171875
2020-05-08,7.861358642578125,9.777374267578123,5.287139892578125,6.210968017578125,10.419952392578123,3.080108642578125
2020-05-09,9.681640625,10.6171875,8.2978515625,9.5693359375,11.1572265625,4.4873046875
2020-05-10,8.4671630859375,9.2874755859375,5.8372802734375,5.5697021484375,7.1497802734375,1.8031005859375
2020-05-11,13.344207763671877,14.919403076171877,9.719207763671877,10.041473388671877,14.236785888671877,6.215301513671875
2020-05-12,14.28521728515625,17.80767822265625,14.45025634765625,11.48736572265625,19.17779541015625,8.02935791015625
2020-05-13,12.088104248046877,14.239471435546877,10.680877685546877,11.893768310546877,17.725799560546875,4.793182373046875
2020-05-14,13.79656982421875,13.59832763671875,12.26922607421875,12.56219482421875,14.67059326171875,17.39617919921875
2020-05-15,12.773284912109377,11.346527099609377,11.356292724609377,12.699066162109377,15.718597412109377,16.518402099609375
2020-05-16,13.048919677734377,12.761810302734377,12.488372802734377,13.135833740234377,16.124114990234375,12.154388427734377
2020-05-17,13.531707763671877,13.304168701171877,10.787567138671877,13.598114013671877,15.161590576171877,12.570770263671877
2020-05-18,10.93914794921875,9.46551513671875,9.54364013671875,10.49676513671875,11.72821044921875,8.89910888671875
2020-05-19,6.4488525390625,5.4468994140625,3.9439697265625,3.7886962890625,7.5709228515625,1.2506103515625
2020-05-20,5.19940185546875,3.95721435546875,3.78533935546875,4.31463623046875,5.21307373046875,1.66229248046875
2020-05-21,7.89654541015625,7.76568603515625,6.88482666015625,7.30084228515625,9.28033447265625,5.94146728515625
2020-05-22,4.667572021484375,4.548431396484375,5.176361083984375,6.572845458984375,8.884368896484375,4.894134521484375
2020-05-23,6.05572509765625,5.84381103515625,3.80279541015625,6.07037353515625,6.54595947265625,3.67388916015625
2020-05-24,6.627044677734375,5.807708740234375,4.587982177734375,5.311614990234375,6.506927490234375,3.157318115234375
2020-05-25,7.0726318359375,6.1634521484375,4.5277099609375,5.7767333984375,7.1185302734375,4.9124755859375
2020-05-26,6.485992431640625,6.035797119140625,5.095367431640625,5.438140869140625,8.197906494140625,3.588531494140625
2020-05-27,6.287322998046875,4.633026123046875,3.958221435546875,4.851776123046875,4.749237060546875,2.099822998046875
2020-05-28,8.3994140625,7.0732421875,5.8896484375,6.9033203125,7.3701171875,4.0673828125
2020-05-29,5.264892578125,4.311767578125,3.233642578125,4.759033203125,6.662353515625,3.816650390625
2020-05-30,7.564697265625,6.564697265625,5.708251953125,6.773681640625,6.995361328125,4.985595703125
2020-05-31,4.1785888671875,4.6170654296875,3.2459716796875,3.9696044921875,4.1971435546875,1.2244873046875
2020-06-01,5.938018798828125,6.871612548828125,4.671417236328125,4.522979736328125,6.991729736328125,3.790557861328125
2020-06-02,12.41259765625,11.28369140625,9.02001953125,9.90869140625,10.79443359375,6.93701171875
2020-06-03,8.795806884765625,9.523345947265623,7.452056884765625,9.104400634765623,10.153228759765623,7.605377197265625
2020-06-04,11.15472412109375,11.28851318359375,9.90374755859375,10.20257568359375,14.26214599609375,8.19378662109375
2020-06-05,9.212860107421877,10.143524169921877,9.551727294921877,8.696258544921875,10.939422607421877,7.267547607421875
2020-06-06,10.06549072265625,10.12506103515625,8.51470947265625,8.13775634765625,10.73931884765625,7.11431884765625
2020-06-07,9.57525634765625,9.70513916015625,8.56549072265625,8.46002197265625,11.58990478515625,7.08599853515625
2020-06-08,7.755706787109375,8.038909912109375,6.627777099609375,6.326019287109375,8.738128662109375,5.560394287109375
2020-06-09,7.2279052734375,8.1312255859375,5.6077880859375,6.3460693359375,8.5765380859375,4.6292724609375
2020-06-10,10.168426513671877,10.839324951171877,6.877410888671875,8.083465576171875,9.019989013671877,6.913543701171875
2020-06-11,11.427734375,12.8603515625,10.5390625,10.708984375,13.0869140625,10.126953125
2020-06-12,9.802825927734377,10.869232177734377,9.380950927734377,9.320404052734377,13.045013427734377,9.773529052734377
2020-06-13,11.3494873046875,10.3114013671875,7.8045654296875,9.3289794921875,11.4930419921875,6.6483154296875
2020-06-14,11.396942138671877,10.973114013671877,9.604949951171877,11.428192138671877,12.531707763671877,10.007293701171877
2020-06-15,11.87054443359375,11.65570068359375,9.97601318359375,10.59124755859375,12.81488037109375,10.17327880859375
2020-06-16,9.929107666015623,10.944732666015623,9.239654541015623,9.329498291015623,12.980865478515623,9.512115478515623
2020-06-17,12.272186279296877,11.114959716796877,7.709686279296875,10.376678466796877,9.298553466796877,6.951873779296875
2020-06-18,10.944793701171877,10.282684326171877,7.951629638671875,9.140106201171877,10.234832763671877,7.057098388671875
2020-06-19,11.21826171875,9.94970703125,8.79443359375,10.34521484375,9.57958984375,7.96337890625
2020-06-20,13.29608154296875,12.80389404296875,11.04803466796875,12.28631591796875,12.95233154296875,10.49237060546875
2020-06-21,11.2916259765625,10.8511962890625,9.4703369140625,11.8824462890625,13.3658447265625,10.9234619140625
2020-06-22,10.1466064453125,8.6544189453125,9.6427001953125,11.0450439453125,13.8829345703125,10.8594970703125
2020-06-23,12.3333740234375,12.1810302734375,10.6448974609375,11.4837646484375,12.6126708984375,12.0814208984375
2020-06-24,13.599456787109377,13.453948974609377,12.017425537109377,11.388519287109377,12.763519287109377,9.395355224609377
2020-06-25,13.197479248046877,12.595916748046877,12.048065185546877,13.558807373046877,13.998260498046877,10.843963623046877
2020-06-26,13.480987548828123,13.933135986328123,12.857940673828123,14.563018798828123,13.528839111328123,10.856964111328123
2020-06-27,14.09295654296875,16.15447998046875,11.86639404296875,13.48944091796875,14.89862060546875,11.44354248046875
2020-06-28,15.37921142578125,15.11456298828125,13.77764892578125,14.07745361328125,15.56475830078125,15.42120361328125
2020-06-29,16.26214599609375,15.74847412109375,14.24359130859375,14.94281005859375,15.83148193359375,13.22796630859375
2020-06-30,15.212890625,14.791015625,12.583984375,14.33203125,15.2802734375,12.3603515625
2020-07-01,16.124969482421875,15.895477294921877,12.933563232421877,13.723602294921877,15.073211669921877,13.579071044921877
2020-07-02,14.808380126953123,14.239044189453123,12.646270751953123,13.712677001953123,14.456817626953123,10.851348876953123
2020-07-03,15.494781494140623,14.641265869140623,11.812164306640623,14.194976806640623,15.384429931640623,11.325836181640623
2020-07-04,13.5228271484375,13.2835693359375,11.7904052734375,13.5931396484375,14.9866943359375,11.2337646484375
2020-07-05,10.402374267578123,8.052764892578125,6.707061767578125,8.333038330078125,10.948272705078123,6.440460205078125
2020-07-06,10.406707763671877,8.360809326171875,10.317840576171877,9.540496826171877,11.609832763671877,10.870574951171877
2020-07-07,12.94580078125,11.66748046875,11.91259765625,10.75244140625,13.11083984375,13.43798828125
2020-07-08,14.548431396484377,15.316009521484377,14.100189208984377,12.759368896484377,15.873626708984377,13.160736083984377
2020-07-09,14.8516845703125,14.1934814453125,12.9532470703125,15.4366455078125,15.0030517578125,11.8302001953125
2020-07-10,12.16986083984375,10.20208740234375,10.19818115234375,11.31829833984375,13.95599365234375,10.26165771484375
2020-07-11,8.8878173828125,8.3770751953125,7.0255126953125,7.3038330078125,10.5157470703125,7.9376220703125
2020-07-12,10.312835693359377,9.261077880859377,9.228851318359377,9.934906005859377,10.902679443359377,11.244476318359377
2020-07-13,11.118621826171877,10.670379638671877,9.182098388671877,10.743621826171877,12.881317138671877,8.879364013671875
2020-07-14,12.936798095703123,11.821563720703123,10.013946533203123,11.652618408203123,12.423126220703123,11.820587158203123
2020-07-15,13.669891357421877,11.967742919921877,11.488250732421877,12.976531982421877,11.668914794921877,9.441375732421877
2020-07-16,11.0245361328125,9.3448486328125,8.3370361328125,10.1837158203125,11.7803955078125,8.4981689453125
2020-07-17,9.288665771484377,9.124603271484377,8.124603271484375,9.662689208984377,9.495697021484377,6.626556396484375
2020-07-18,12.02801513671875,12.80633544921875,10.38543701171875,12.01824951171875,11.64910888671875,8.68328857421875
2020-07-19,12.56561279296875,11.99139404296875,11.42889404296875,12.60467529296875,12.74627685546875,9.89862060546875
2020-07-20,14.44097900390625,13.93121337890625,14.05718994140625,13.42633056640625,13.91168212890625,12.87066650390625
2020-07-21,15.69097900390625,14.96441650390625,13.62359619140625,14.77203369140625,14.78570556640625,15.23883056640625
2020-07-22,13.819610595703123,14.034454345703123,11.735626220703123,12.633087158203123,16.001251220703125,12.064727783203123
2020-07-23,13.311737060546877,13.219940185546877,11.587127685546877,12.869354248046877,13.217987060546877,9.736541748046877
2020-07-24,14.514678955078123,13.267608642578123,11.650421142578123,13.220733642578123,14.200225830078123,10.999053955078123
2020-07-25,13.561065673828123,13.091339111328123,12.074737548828123,13.602081298828123,14.875518798828123,12.961456298828123
2020-07-26,13.248748779296877,12.546600341796877,12.493865966796877,13.636444091796877,13.607147216796877,11.352264404296877
2020-07-27,17.43255615234375,17.80072021484375,17.68060302734375,16.90325927734375,15.94232177734375,15.32025146484375
2020-07-28,16.8411865234375,17.1790771484375,15.6839599609375,17.4066162109375,16.6517333984375,17.7308349609375
2020-07-29,17.094573974609375,16.352386474609375,15.075042724609377,16.000823974609375,17.468597412109375,13.241058349609377
2020-07-30,16.377960205078125,14.490264892578123,13.547882080078123,15.070343017578123,15.685577392578123,11.888702392578123
2020-07-31,12.183807373046877,10.700408935546877,12.156463623046877,11.283416748046877,13.318572998046877,12.747283935546877
2020-08-01,14.410552978515623,16.277740478515625,13.005279541015623,12.893951416015623,16.079498291015625,12.387115478515623
2020-08-02,15.405487060546877,15.098846435546877,13.471893310546877,14.604705810546877,16.423065185546875,13.449432373046877
2020-08-03,15.052337646484377,13.934173583984377,12.473236083984377,13.931243896484377,13.247650146484377,10.502532958984377
2020-08-04,13.064422607421877,14.935516357421877,10.613250732421877,12.641571044921877,13.929656982421877,9.922821044921877
2020-08-05,14.66351318359375,13.55804443359375,12.88616943359375,13.93597412109375,15.50531005859375,11.79339599609375
2020-08-06,14.983612060546877,15.709197998046877,12.736541748046877,13.867401123046877,15.925018310546877,11.584197998046877
2020-08-07,13.698272705078123,13.292022705078123,11.847686767578123,13.066436767578123,14.938507080078123,11.586944580078123
2020-08-08,14.064422607421877,13.195281982421877,11.784149169921877,12.992156982421877,14.106414794921877,10.908172607421877
2020-08-09,15.269989013671877,14.731903076171877,13.520965576171877,13.675262451171877,14.481903076171877,11.822723388671877
2020-08-10,15.359649658203123,14.682891845703123,13.325469970703123,13.698516845703123,14.489532470703123,10.656524658203123
2020-08-11,15.403289794921877,15.328094482421877,13.227508544921877,12.826141357421877,15.431610107421877,11.378875732421877
2020-08-12,14.960205078125,15.711181640625,13.246337890625,13.853759765625,16.436767578125,12.422119140625
2020-08-13,14.128173828125,13.531494140625,12.015869140625,13.286376953125,15.010009765625,11.356689453125
2020-08-14,13.77947998046875,13.89959716796875,12.71112060546875,12.69061279296875,14.64080810546875,12.31365966796875
2020-08-15,12.978118896484377,14.040618896484377,12.072845458984377,12.715423583984377,14.205657958984377,10.803314208984377
2020-08-16,13.90338134765625,14.36724853515625,12.27056884765625,13.57818603515625,17.01177978515625,12.52935791015625
2020-08-17,12.76458740234375,12.33392333984375,10.11712646484375,10.99505615234375,11.90814208984375,8.58782958984375
2020-08-18,11.823883056640623,13.044586181640623,10.180328369140623,11.398101806640623,11.402008056640623,8.385406494140625
2020-08-19,12.156494140625,11.208251953125,10.818603515625,12.364501953125,12.223876953125,10.193603515625
2020-08-20,14.243072509765623,14.312408447265623,13.600494384765623,14.513580322265623,14.238189697265623,12.347564697265623
2020-08-21,14.9788818359375,16.0843505859375,13.2366943359375,14.0247802734375,16.2738037109375,13.7054443359375
2020-08-22,14.42633056640625,13.66070556640625,13.68707275390625,13.93023681640625,16.04840087890625,11.34722900390625
2020-08-23,13.799896240234377,11.821380615234377,12.223724365234377,13.325286865234377,14.207122802734377,12.246185302734377
2020-08-24,11.83465576171875,12.44012451171875,11.08270263671875,13.61004638671875,13.87664794921875,10.67156982421875
2020-08-25,12.8555908203125,12.9600830078125,13.7940673828125,12.0577392578125,13.2813720703125,13.4542236328125
2020-08-26,13.2305908203125,15.9444580078125,12.2481689453125,12.3038330078125,15.0303955078125,11.4678955078125
2020-08-27,12.922576904296877,16.252655029296875,11.267303466796877,10.695037841796877,15.429412841796877,11.184295654296877
2020-08-28,13.32147216796875,16.03143310546875,12.00701904296875,11.50115966796875,15.77362060546875,11.98651123046875
2020-08-29,15.670867919921877,18.150360107421875,14.666961669921877,14.832000732421877,19.366180419921875,15.192352294921877
2020-08-30,14.07867431640625,12.29547119140625,12.58160400390625,13.81597900390625,11.05621337890625,11.38043212890625
2020-08-31,10.980926513671877,9.957489013671877,9.214324951171877,10.023895263671877,13.402801513671877,11.064910888671877
2020-09-01,11.602569580078123,11.296905517578123,9.280303955078123,10.646514892578123,11.636749267578123,8.847686767578125
2020-09-02,9.078094482421877,8.524383544921875,8.113250732421875,8.602508544921875,11.359344482421877,8.663055419921875
2020-09-03,10.849578857421877,9.748016357421877,10.118133544921877,10.370086669921877,11.476531982421877,12.906219482421877
2020-09-04,11.84844970703125,13.25762939453125,9.54278564453125,10.77325439453125,12.32403564453125,9.78790283203125
2020-09-05,15.536590576171877,14.800262451171877,13.956512451171877,15.074676513671877,14.833465576171877,12.246551513671877
2020-09-06,11.6553955078125,11.2042236328125,10.3995361328125,11.1055908203125,14.7305908203125,12.5919189453125
2020-09-07,12.12353515625,10.85888671875,11.32470703125,12.02197265625,13.81689453125,12.04248046875
2020-09-08,11.301910400390623,10.718902587890623,10.868316650390623,11.594879150390623,14.313629150390623,10.729644775390623
2020-09-09,11.716949462890623,12.654449462890623,11.923004150390623,10.979644775390623,12.206207275390623,13.284332275390623
2020-09-10,12.083709716796877,12.870819091796877,11.189178466796877,12.237030029296877,14.199920654296877,11.814178466796877
2020-09-11,12.62158203125,13.75244140625,11.14501953125,11.86279296875,14.70947265625,13.48486328125
2020-09-12,12.521759033203123,14.245391845703123,10.790313720703123,11.690704345703123,14.636993408203123,12.921173095703123
2020-09-13,12.179473876953123,11.547637939453123,12.362091064453123,10.952911376953123,14.421661376953123,13.767364501953123
2020-09-14,12.765899658203123,11.581329345703123,11.601837158203123,12.539337158203123,13.624298095703123,11.345977783203123
2020-09-15,14.9744873046875,15.4793701171875,12.4901123046875,14.4031982421875,16.6610107421875,12.2547607421875
2020-09-16,10.289642333984377,8.549407958984375,8.148040771484375,9.417572021484377,12.483001708984377,7.333587646484375
2020-09-17,9.8790283203125,9.0694580078125,9.4395751953125,8.9073486328125,10.9229736328125,11.6202392578125
2020-09-18,10.248565673828123,8.542510986328125,10.390167236328123,9.111846923828123,12.647003173828123,11.190948486328123
2020-09-19,10.930023193359377,10.647796630859377,9.580413818359377,10.342132568359377,13.114593505859377,11.907562255859377
2020-09-20,10.666290283203123,11.597930908203123,11.110626220703123,10.122344970703123,14.143829345703123,10.916290283203123
2020-09-21,10.688232421875,11.161865234375,10.881591796875,10.126708984375,13.627685546875,9.905029296875
2020-09-22,10.405548095703123,11.180938720703123,10.900665283203123,10.155548095703123,12.828399658203123,9.609649658203123
2020-09-23,14.042266845703123,13.908477783203123,11.564727783203123,12.722930908203123,16.320587158203125,10.447540283203123
2020-09-24,5.04107666015625,5.27935791015625,3.93365478515625,4.04107666015625,7.12896728515625,4.22564697265625
2020-09-25,10.488006591796877,10.083709716796877,8.966522216796875,9.099334716796877,11.258514404296877,7.225311279296875
2020-09-26,9.602813720703123,9.619415283203123,7.715118408203125,8.800079345703125,10.189727783203123,6.919219970703125
2020-09-27,7.1148681640625,6.2291259765625,3.1568603515625,5.7291259765625,5.1597900390625,3.4918212890625
2020-09-28,6.40130615234375,7.13763427734375,3.05267333984375,4.33685302734375,5.74017333984375,2.69036865234375
2020-09-29,5.15692138671875,6.58953857421875,6.38153076171875,4.76629638671875,7.59735107421875,3.84442138671875
2020-09-30,9.473419189453123,12.197052001953123,10.157989501953123,8.699005126953125,13.954864501953123,10.024200439453123
2020-10-01,18.28012084960937,17.405120849609375,15.462738037109377,13.826995849609377,16.402191162109375,12.077972412109377
2020-10-02,12.35357666015625,17.21588134765625,10.33697509765625,11.76177978515625,14.13385009765625,10.37603759765625
2020-10-03,11.93817138671875,13.46356201171875,11.16473388671875,11.92059326171875,13.81414794921875,10.15985107421875
2020-10-04,7.85693359375,8.40771484375,8.91748046875,7.86767578125,11.81787109375,8.42236328125
2020-10-05,8.010772705078125,7.251007080078125,6.366241455078125,7.335968017578125,9.787139892578123,6.692413330078125
2020-10-06,7.6494140625,6.5390625,5.55859375,6.6826171875,7.0185546875,4.8251953125
2020-10-07,3.65899658203125,4.62384033203125,2.65997314453125,4.38751220703125,4.47540283203125,2.27227783203125
2020-10-08,3.631134033203125,5.489532470703125,4.534454345703125,4.430938720703125,6.309844970703125,3.139923095703125
2020-10-09,7.0006103515625,9.1734619140625,5.8258056640625,6.7398681640625,11.0953369140625,5.9049072265625
2020-10-10,4.683837890625,4.322509765625,3.208251953125,3.902587890625,8.967041015625,7.564697265625
2020-10-11,2.839630126953125,3.439239501953125,3.735137939453125,3.214630126953125,5.981231689453125,3.054473876953125
2020-10-12,4.800750732421875,7.062469482421875,5.285125732421875,5.956024169921875,9.727508544921877,6.176727294921875
2020-10-13,6.2486572265625,7.7437744140625,5.5767822265625,7.8629150390625,8.9586181640625,6.9752197265625
2020-10-14,1.302978515625,2.178955078125,2.554931640625,2.318603515625,4.616455078125,1.975830078125
2020-10-15,5.167083740234375,4.067474365234375,2.533294677734375,3.770599365234375,5.082122802734375,1.283294677734375
2020-10-16,0.5675048828125,0.5548095703125,0.2852783203125,0.1925048828125,2.5157470703125,1.5635986328125
2020-10-17,0.629425048828125,0.310089111328125,0.700714111328125,0.469268798828125,1.268096923828125,-0.977996826171875
2020-10-18,-0.167083740234375,2.836822509765625,-0.077239990234375,-1.508880615234375,2.330963134765625,-1.178802490234375
2020-10-19,-0.241729736328125,4.613739013671875,0.790496826171875,-0.492706298828125,3.778778076171875,0.706512451171875
2020-10-20,1.752685546875,4.885498046875,3.155029296875,2.573974609375,6.276123046875,6.903076171875
2020-10-21,4.2359619140625,7.8355712890625,4.8414306640625,3.0689697265625,9.0631103515625,5.4117431640625
2020-10-22,8.15771484375,8.60009765625,7.02880859375,8.43212890625,8.33447265625,6.93798828125
2020-10-23,5.003936767578125,6.228546142578125,4.081085205078125,3.246124267578125,7.792999267578125,3.895538330078125
2020-10-24,4.26885986328125,6.11065673828125,4.63214111328125,2.44952392578125,5.75225830078125,1.63897705078125
2020-10-25,4.552398681640625,4.797515869140625,5.318023681640625,3.697906494140625,8.747711181640625,6.249664306640625
2020-10-26,5.186859130859375,5.605804443359375,3.048187255859375,2.713226318359375,3.971038818359375,2.122406005859375
2020-10-27,7.954132080078125,7.340850830078125,4.951202392578125,6.566436767578125,5.788116455078125,2.048858642578125
2020-10-28,3.927825927734375,4.399505615234375,1.973724365234375,2.974700927734375,4.776458740234375,1.274505615234375
2020-10-29,9.17266845703125,7.68731689453125,6.45391845703125,7.94317626953125,5.32794189453125,5.47442626953125
2020-10-30,3.290252685546875,5.274627685546875,2.176971435546875,3.223846435546875,4.995330810546875,2.821502685546875
2020-10-31,5.503814697265625,8.538970947265625,4.560455322265625,7.173736572265625,6.346588134765625,6.423736572265625
2020-11-01,5.904754638671875,8.504364013671875,6.402801513671875,7.411590576171875,7.115692138671875,6.597137451171875
2020-11-02,9.652069091796877,8.723358154296875,5.910858154296875,7.934295654296875,8.601287841796875,7.461639404296875
2020-11-03,6.254791259765625,4.911041259765625,4.877838134765625,6.052642822265625,7.549713134765625,5.215728759765625
2020-11-04,2.162567138671875,0.811004638671875,3.224090576171875,3.202606201171875,5.148895263671875,2.309051513671875
2020-11-05,1.023590087890625,1.213043212890625,0.721832275390625,-0.017425537109375,2.150543212890625,4.201324462890625
2020-11-06,1.849517822265625,3.949127197265625,3.282135009765625,2.770416259765625,2.879791259765625,6.205963134765625
2020-11-07,1.650665283203125,2.985626220703125,2.956329345703125,0.511016845703125,2.207305908203125,4.734649658203125
2020-11-08,3.376556396484375,3.118743896484375,-1.104888916015625,0.733001708984375,1.550384521484375,3.314056396484375
2020-11-09,1.081268310546875,0.813690185546875,-0.103302001953125,0.020721435546875,2.441619873046875,-1.115997314453125
2020-11-10,-0.25653076171875,1.85186767578125,0.93682861328125,0.43389892578125,3.49542236328125,1.12042236328125
2020-11-11,-0.565582275390625,0.977386474609375,0.187347412109375,1.367034912109375,1.385589599609375,0.644378662109375
2020-11-12,-0.509613037109375,0.927886962890625,-0.293792724609375,-1.654144287109375,1.938629150390625,1.245269775390625
2020-11-13,-0.711944580078125,2.901336669921875,-1.268585205078125,-1.604522705078125,1.873992919921875,-0.251983642578125
2020-11-14,4.883087158203125,5.686798095703125,4.175079345703125,3.654571533203125,8.229766845703125,3.636993408203125
2020-11-15,4.253204345703125,3.686798095703125,1.837188720703125,3.376251220703125,6.141876220703125,2.474884033203125
2020-11-16,1.163604736328125,1.728057861328125,-0.876434326171875,1.598175048828125,2.308135986328125,-0.160614013671875
2020-11-17,-1.652008056640625,-0.187164306640625,-1.154937744140625,-3.122711181640625,0.160491943359375,-0.735992431640625
2020-11-18,0.065032958984375,-0.903717041015625,-1.121490478515625,0.321868896484375,3.697845458984375,-0.707427978515625
2020-11-19,-6.619415283203125,-6.738555908203125,-8.352813720703125,-6.352813720703125,-4.039337158203125,-7.966094970703125
2020-11-20,-3.890411376953125,-2.678497314453125,-2.809356689453125,-3.031036376953125,1.437713623046875,-0.793731689453125
2020-11-21,2.132720947265625,2.344635009765625,-0.528411865234375,-0.327239990234375,0.294830322265625,2.363189697265625
2020-11-22,-3.383392333984375,-3.585540771484375,-3.862884521484375,-2.179290771484375,0.080474853515625,-4.599212646484375
2020-11-23,-3.017486572265625,-2.506744384765625,-2.732330322265625,-2.791900634765625,-0.086822509765625,3.646575927734375
2020-11-24,-3.342437744140625,-0.896148681640625,-1.991851806640625,-2.981109619140625,1.765960693359375,2.461273193359375
2020-11-25,-4.3682861328125,0.4608154296875,-2.7344970703125,-3.4561767578125,1.8778076171875,-1.0333251953125
2020-11-26,-2.5501708984375,-1.2249755859375,-0.2015380859375,-1.0443115234375,3.9322509765625,2.1412353515625
2020-11-27,-1.256256103515625,-2.487701416015625,-2.790435791015625,-1.810943603515625,2.586517333984375,-2.012115478515625
2020-11-28,-5.568695068359375,-5.852874755859375,-8.414398193359375,-6.944671630859375,-3.979827880859375,-8.121429443359375
2020-11-29,-6.69024658203125,-6.50567626953125,-5.24884033203125,-6.45880126953125,-1.87481689453125,-4.06134033203125
2020-11-30,-0.97564697265625,-0.21392822265625,-0.51080322265625,-2.24615478515625,4.31829833984375,0.30950927734375
2020-12-01,0.920501708984375,1.275970458984375,2.023040771484375,0.389251708984375,5.337493896484375,-0.143951416015625
2020-12-02,0.255706787109375,2.464691162109375,0.008636474609375,0.541839599609375,4.239105224609375,1.577972412109375
2020-12-03,0.1795654296875,2.1053466796875,1.0272216796875,-0.9190673828125,6.1424560546875,2.4305419921875
2020-12-04,4.18408203125,4.84033203125,1.55126953125,3.27099609375,6.36962890625,0.78076171875
2020-12-05,-0.706878662109375,0.134918212890625,0.343902587890625,-0.509613037109375,3.617340087890625,-2.178558349609375
2020-12-06,2.424407958984375,2.783782958984375,0.899017333984375,1.078704833984375,5.281829833984375,0.465423583984375
2020-12-07,-0.084503173828125,0.889129638671875,0.468231201171875,0.525848388671875,3.801239013671875,0.449676513671875
2020-12-08,-2.49609375,-1.4736328125,-1.853515625,-3.181640625,0.3740234375,-3.5625
2020-12-09,-2.467132568359375,-1.959320068359375,-3.914398193359375,-1.343109130859375,-0.413421630859375,-2.920257568359375
2020-12-10,1.499420166015625,1.449615478515625,0.892974853515625,1.604888916015625,2.716217041015625,0.060943603515625
2020-12-11,0.995819091796875,-0.093048095703125,-1.049102783203125,-0.065704345703125,2.309295654296875,-1.659454345703125
2020-12-12,-0.729278564453125,-1.273223876953125,-3.489044189453125,-1.266387939453125,-1.065216064453125,-5.032989501953125
2020-12-13,-3.798431396484375,-2.245697021484375,-3.252532958984375,-3.590423583984375,0.979888916015625,-3.382415771484375
2020-12-14,-3.210357666015625,0.296478271484375,-4.387115478515625,-2.829498291015625,-0.408599853515625,-5.663482666015625
2020-12-15,-3.018096923828125,-0.260284423828125,-2.897003173828125,-0.825714111328125,-1.924346923828125,-3.777862548828125
2020-12-16,-2.203277587890625,-2.244293212890625,-3.300933837890625,-2.650543212890625,-2.217926025390625,-3.443511962890625
2020-12-17,-3.438934326171875,-1.193817138671875,-4.275848388671875,-2.468231201171875,0.575714111328125,-3.147918701171875
2020-12-18,-3.673309326171875,-2.113739013671875,-3.402801513671875,-2.880340576171875,-0.818817138671875,0.368682861328125
2020-12-19,-3.16046142578125,-1.84698486328125,-3.21221923828125,-3.06768798828125,3.39324951171875,0.21844482421875
2020-12-20,-3.169952392578125,-0.061553955078125,-1.383819580078125,-1.845733642578125,0.643524169921875,-2.441436767578125
2020-12-21,-1.457916259765625,-0.071197509765625,0.536224365234375,-1.242095947265625,3.220794677734375,-0.094635009765625
2020-12-22,1.604278564453125,6.164825439453125,4.667755126953125,4.407989501953125,5.851348876953125,2.380645751953125
2020-12-23,2.779052734375,2.381591796875,2.466552734375,1.737060546875,4.088623046875,0.572998046875
2020-12-24,-3.951995849609375,-5.492034912109375,-5.970550537109375,-4.975433349609375,0.153472900390625,-3.396331787109375
2020-12-25,-0.480194091796875,0.619415283203125,-0.545623779296875,-0.465545654296875,1.613555908203125,-1.599334716796875
2020-12-26,3.660736083984375,3.436126708984375,2.036712646484375,3.953704833984375,5.618743896484375,-0.080474853515625
2020-12-27,4.196197509765625,3.103424072265625,3.621978759765625,3.506744384765625,5.107330322265625,1.788970947265625
2020-12-28,1.54998779296875,2.42108154296875,0.95135498046875,1.57049560546875,4.91717529296875,0.55877685546875
2020-12-29,-2.598724365234375,-1.427825927734375,-2.046966552734375,-3.962982177734375,0.453033447265625,-2.451263427734375
2020-12-30,-2.876556396484375,-1.389251708984375,-2.035736083984375,-5.637298583984375,2.171295166015625,-3.015228271484375
2020-12-31,-0.756805419921875,0.232452392578125,-5.640594482421875,-3.521453857421875,-0.347625732421875,-1.222625732421875
2021-01-01,0.135650634765625,1.043853759765625,-0.031341552734375,-0.205169677734375,2.550689697265625,-1.303802490234375
2021-01-02,-1.850067138671875,-1.487762451171875,-1.796356201171875,-0.955535888671875,0.100128173828125,-2.628387451171875
2021-01-03,-0.849517822265625,-0.498931884765625,0.209075927734375,-0.674713134765625,2.136810302734375,-1.508697509765625
2021-01-04,0.539093017578125,0.462921142578125,-0.816375732421875,0.450225830078125,1.579132080078125,-1.741180419921875
2021-01-05,0.079132080078125,-0.255828857421875,-0.457000732421875,0.423858642578125,3.207061767578125,-0.685516357421875
2021-01-06,-1.25567626953125,-1.16485595703125,2.07244873046875,2.10760498046875,6.21112060546875,2.61444091796875
2021-01-07,-2.588104248046875,-3.977752685546875,-2.561737060546875,-2.532440185546875,1.995880126953125,-2.668182373046875
2021-01-08,-4.275665283203125,-5.088165283203125,-4.428009033203125,-3.823516845703125,3.175506591796875,-1.587188720703125
2021-01-09,-4.139373779296875,-4.532928466796875,-4.720428466796875,-5.817108154296875,1.833282470703125,-1.898162841796875
2021-01-10,-3.6077880859375,-4.1624755859375,-3.7366943359375,-2.1624755859375,-0.3382568359375,-2.7796630859375
2021-01-11,-14.03277587890625,-11.66363525390625,-10.13043212890625,-8.52691650390625,-5.32769775390625,-9.08746337890625
2021-01-12,-7.609039306640625,-8.166656494140625,-10.670562744140623,-9.248687744140623,-8.595367431640625,-10.856109619140623
2021-01-13,-7.528594970703125,-8.692657470703125,-10.308868408203123,-9.004180908203125,-10.374298095703123,-14.186798095703123
2021-01-14,-11.11273193359375,-11.73089599609375,-13.74261474609375,-12.63616943359375,-14.93011474609375,-15.48089599609375
2021-01-15,-8.638824462890625,-10.206207275390623,-11.588043212890623,-10.851715087890623,-12.952301025390623,-14.985504150390623
2021-01-16,-15.505340576171877,-14.691864013671877,-17.850082397460938,-17.211410522460938,-12.868621826171877,-18.449691772460938
2021-01-17,-12.602569580078123,-7.909210205078125,-9.180694580078123,-10.828155517578123,-2.943389892578125,-8.559600830078125
2021-01-18,-1.998565673828125,-0.056182861328125,-0.944854736328125,-1.283721923828125,1.233856201171875,-1.590362548828125
2021-01-19,1.178131103515625,3.668365478515625,2.295318603515625,2.051177978515625,3.045318603515625,-0.191009521484375
2021-01-20,2.80645751953125,4.54669189453125,3.19512939453125,2.17852783203125,3.80938720703125,0.52423095703125
2021-01-21,-1.890777587890625,-0.111480712890625,-1.562652587890625,-0.134918212890625,1.369964599609375,-2.103668212890625
2021-01-22,0.428375244140625,1.082672119140625,0.991851806640625,0.524078369140625,2.033843994140625,-1.306976318359375
2021-01-23,-3.748779296875,-2.502685546875,-3.277099609375,-1.565185546875,-1.067138671875,-3.542724609375
2021-01-24,-6.91375732421875,-8.08563232421875,-9.35809326171875,-8.21063232421875,-7.33172607421875,-9.73992919921875
2021-01-25,-17.293060302734375,-12.185638427734377,-14.256927490234377,-14.110443115234377,-13.575286865234377,-15.085052490234377
2021-01-26,-6.210968017578125,-4.766632080078125,-6.733428955078125,-7.230499267578125,-3.978546142578125,-7.605499267578125
2021-01-27,0.354339599609375,0.091644287109375,-0.702301025390625,-0.079254150390625,2.614105224609375,-0.615386962890625
2021-01-28,0.034027099609375,2.464691162109375,1.448089599609375,-0.484527587890625,2.577972412109375,-0.120269775390625
2021-01-29,-0.256561279296875,-0.270233154296875,0.648712158203125,0.217071533203125,2.990509033203125,-0.099334716796875
2021-01-30,-2.6719970703125,-0.6495361328125,-0.6378173828125,-1.5089111328125,3.3856201171875,0.4725341796875
2021-01-31,-2.958404541015625,-0.581451416015625,-2.006256103515625,-2.943756103515625,1.891204833984375,-0.160552978515625
2021-02-01,-1.211883544921875,0.262725830078125,0.160186767578125,-1.412078857421875,1.140655517578125,-0.877899169921875
2021-02-02,-0.426361083984375,0.034576416015625,-1.506439208984375,-0.953704833984375,2.075592041015625,-0.407806396484375
2021-02-03,0.429595947265625,1.542877197265625,0.276275634765625,-0.624114990234375,2.394439697265625,1.591705322265625
2021-02-04,1.321929931640625,3.729156494140625,2.199859619140625,-0.161468505859375,3.415679931640625,2.308258056640625
2021-02-05,7.84283447265625,6.08111572265625,3.59088134765625,4.95709228515625,8.26275634765625,2.43951416015625
2021-02-06,0.406524658203125,1.197540283203125,1.571563720703125,2.276641845703125,2.750274658203125,0.920196533203125
2021-02-07,-0.304656982421875,2.408233642578125,0.992218017578125,1.597686767578125,4.072296142578125,0.471710205078125
2021-02-08,3.748046875,3.5029296875,1.58203125,4.3896484375,4.9091796875,1.7607421875
2021-02-09,-10.109222412109377,-12.212738037109377,-12.305511474609377,-11.764495849609377,-4.387542724609375,-6.537933349609375
2021-02-10,-10.357452392578123,-12.075225830078123,-14.123077392578123,-11.507843017578123,-7.189483642578125,-12.855499267578123
2021-02-11,-11.382354736328123,-12.677276611328123,-15.103057861328123,-13.892120361328123,-11.342315673828123,-15.544464111328123
2021-02-12,-7.8087158203125,-9.6036376953125,-11.4473876953125,-10.1329345703125,-8.9122314453125,-13.5430908203125
2021-02-13,-9.030364990234377,-12.731536865234377,-14.374114990234377,-12.761810302734377,-14.430755615234377,-14.637786865234377
2021-02-14,-6.6123046875,-5.3583984375,-13.4228515625,-7.3759765625,-11.255859375,-12.1005859375
2021-02-15,-1.801300048828125,-1.480010986328125,-4.793487548828125,-1.719268798828125,-4.046417236328125,-5.040557861328125
2021-02-16,-5.512908935546875,-4.951385498046875,-8.230682373046875,-5.301971435546875,-5.733612060546875,-6.973846435546875
2021-02-17,-3.929046630859375,-3.203460693359375,-2.327484130859375,-2.323577880859375,0.550445556640625,-5.055023193359375
2021-02-18,-0.421417236328125,0.567840576171875,-2.194854736328125,0.188934326171875,-3.418487548828125,-0.973175048828125
2021-02-19,-4.39080810546875,-2.82049560546875,-5.79901123046875,-3.53240966796875,-0.12420654296875,-3.42401123046875
2021-02-20,-3.673492431640625,2.359710693359375,-3.159820556640625,0.355804443359375,-1.804351806640625,0.271820068359375
2021-02-21,2.794281005859375,4.439788818359375,0.147796630859375,2.361663818359375,-0.735015869140625,-0.659820556640625
2021-02-22,0.8673095703125,1.6905517578125,0.0675048828125,0.2852783203125,3.7003173828125,1.8594970703125
2021-02-23,-2.48199462890625,0.58343505859375,-3.11480712890625,0.80413818359375,1.62347412109375,0.67816162109375
2021-02-24,0.671051025390625,3.440582275390625,-1.392425537109375,1.926910400390625,0.845855712890625,-0.020355224609375
2021-02-25,-0.69915771484375,-1.08197021484375,-3.25482177734375,-1.67572021484375,1.42974853515625,-2.93939208984375
2021-02-26,-3.027099609375,-2.866943359375,-6.294677734375,-4.422607421875,-2.872802734375,-6.048583984375
2021-02-27,-1.030975341796875,-1.260467529296875,-3.203826904296875,-1.614959716796875,-0.391326904296875,-4.839569091796875
2021-02-28,-2.68914794921875,-2.07879638671875,-4.95672607421875,-2.10711669921875,-1.74969482421875,-5.18035888671875
2021-03-01,-4.127838134765625,1.132904052734375,-5.476470947265625,-3.775299072265625,0.670989990234375,-2.679595947265625
2021-03-02,-2.750274658203125,-1.089141845703125,-2.332305908203125,-2.935821533203125,-1.416290283203125,-4.366485595703125
2021-03-03,1.013702392578125,-0.055633544921875,-0.059539794921875,-0.096649169921875,1.333038330078125,-0.961883544921875
2021-03-04,-5.082733154296875,-7.240936279296875,-7.152069091796875,-4.653045654296875,-2.541717529296875,-6.028045654296875
2021-03-05,-4.971893310546875,-3.654510498046875,-5.682830810546875,-3.788299560546875,-1.859588623046875,-4.956268310546875
2021-03-06,-0.304534912109375,-0.384613037109375,-1.486175537109375,-0.618011474609375,2.553863525390625,-0.705902099609375
2021-03-07,-0.185943603515625,-1.091217041015625,-1.171295166015625,-0.939849853515625,1.937103271484375,-1.896881103515625
2021-03-08,-7.909637451171875,-5.726043701171875,-7.051239013671875,-5.357879638671875,-3.007293701171875,-5.704559326171875
2021-03-09,-6.05120849609375,-4.24945068359375,-4.78753662109375,-7.65765380859375,-3.96820068359375,-3.95062255859375
2021-03-10,-0.472137451171875,2.753448486328125,0.785675048828125,-0.321746826171875,3.553253173828125,-1.091278076171875
2021-03-11,-2.93450927734375,0.25396728515625,0.89068603515625,-1.93450927734375,2.32232666015625,-0.04583740234375
2021-03-12,0.179840087890625,-0.508636474609375,-0.113128662109375,0.738433837890625,3.190582275390625,-0.402191162109375
2021-03-13,-2.714385986328125,-2.846221923828125,-3.913604736328125,-3.002471923828125,-4.067901611328125,-3.664581298828125
2021-03-14,-2.195953369140625,-2.922515869140625,-4.887359619140625,-3.289703369140625,-4.176422119140625,-5.246734619140625
2021-03-15,-2.095733642578125,-3.047882080078125,-4.350616455078125,-3.257843017578125,-7.998077392578125,-6.381866455078125
2021-03-16,-3.423858642578125,-9.103546142578123,-5.684600830078125,-4.365264892578125,-4.442413330078125,-10.036163330078123
2021-03-17,-7.591552734375,-11.501708984375,-5.446044921875,-7.409912109375,-5.600341796875,-6.226318359375
2021-03-18,-2.090789794921875,-3.065399169921875,-2.984344482421875,-2.215789794921875,-0.006805419921875,-3.794891357421875
2021-03-19,-2.439208984375,-3.739990234375,-4.785888671875,-3.805419921875,-1.247802734375,-4.970458984375
2021-03-20,-4.0147705078125,-5.0792236328125,-5.9708251953125,-4.7618408203125,-2.7413330078125,-6.5948486328125
2021-03-21,-5.21673583984375,-5.21282958984375,-7.16009521484375,-8.21673583984375,-6.72259521484375,-6.90325927734375
2021-03-22,-7.47308349609375,-7.79730224609375,-7.50238037109375,-8.88226318359375,-4.26409912109375,-10.12249755859375
2021-03-23,-6.4849853515625,-6.0426025390625,-8.3052978515625,-8.2633056640625,-9.0718994140625,-9.4654541015625
2021-03-24,-6.287353515625,-4.488525390625,-5.035400390625,-5.012939453125,-6.306884765625,-6.585205078125
2021-03-25,-1.903228759765625,-1.346588134765625,-1.328033447265625,-1.460845947265625,1.983489990234375,-1.522369384765625
2021-03-26,-1.123870849609375,-2.003753662109375,-1.687347412109375,-0.371917724609375,0.688629150390625,-2.034027099609375
2021-03-27,3.500885009765625,1.545806884765625,0.167877197265625,1.960845947265625,1.609283447265625,1.117095947265625
2021-03-28,4.459381103515625,2.533599853515625,1.575592041015625,3.257232666015625,4.719146728515625,0.733795166015625
2021-03-29,0.91888427734375,-1.32427978515625,-0.83502197265625,0.45013427734375,0.65130615234375,-2.84674072265625
2021-03-30,1.639129638671875,3.146942138671875,-0.586456298828125,0.951629638671875,4.479949951171875,0.936981201171875
2021-03-31,4.116546630859375,3.397796630859375,2.463226318359375,3.917327880859375,6.905609130859375,1.814788818359375
2021-04-01,0.391204833984375,-0.606842041015625,-1.358795166015625,-0.156646728515625,2.709564208984375,-1.798248291015625
2021-04-02,-3.162200927734375,-5.068450927734375,-5.416107177734375,-4.706146240234375,-3.211029052734375,-5.859466552734375
2021-04-03,-4.298980712890625,-2.103668212890625,-5.622222900390625,-5.378082275390625,3.042816162109375,-4.591949462890625
2021-04-04,-4.2554931640625,-4.7769775390625,-2.2281494140625,-0.8502197265625,3.1907958984375,0.3206787109375
2021-04-05,-13.1527099609375,-11.2991943359375,-10.7669677734375,-11.0218505859375,-8.9495849609375,-8.1243896484375
2021-04-06,-11.375640869140623,-8.864898681640625,-8.123687744140625,-8.814117431640625,-6.466461181640625,-9.836578369140623
2021-04-07,-4.277984619140625,-2.284820556640625,-5.684234619140625,-5.180328369140625,-1.962554931640625,-6.589508056640625
2021-04-08,-3.140289306640625,-1.339508056640625,-3.650054931640625,-3.642242431640625,-0.775054931640625,-5.022125244140625
2021-04-09,1.7733154296875,4.4022216796875,-0.3253173828125,2.0008544921875,2.9031982421875,-0.0811767578125
2021-04-10,2.877471923828125,5.049346923828125,0.251495361328125,1.853057861328125,3.938018798828125,-0.175262451171875
2021-04-11,1.838653564453125,1.658966064453125,0.722442626953125,1.841583251953125,3.608184814453125,-0.454315185546875
2021-04-12,-1.213409423828125,-2.363800048828125,-4.730010986328125,-2.273956298828125,0.212371826171875,-3.427276611328125
2021-04-13,-4.113739013671875,-3.575653076171875,-7.560028076171875,-3.730926513671875,-2.776824951171875,-5.269012451171875
2021-04-14,-1.421875,-2.1748046875,-2.39453125,-0.380859375,2.962890625,-1.5166015625
2021-04-15,0.585784912109375,-0.050933837890625,-0.905426025390625,0.280120849609375,3.043792724609375,-0.691558837890625
2021-04-16,-0.180999755859375,0.181304931640625,-6.222015380859375,-2.041351318359375,-0.607757568359375,-3.686859130859375
2021-04-17,2.924163818359375,1.862640380859375,-1.233062744140625,1.045257568359375,2.284515380859375,-0.915679931640625
2021-04-18,-0.045257568359375,-0.275726318359375,-0.253265380859375,-0.788421630859375,2.858062744140625,-1.180999755859375
2021-04-19,-0.8863525390625,0.7757568359375,-0.0152587890625,-0.8209228515625,0.7669677734375,-4.0103759765625
2021-04-20,3.4896240234375,3.7659912109375,2.2122802734375,3.1292724609375,5.9359130859375,1.3822021484375
2021-04-21,4.986236572265625,3.609283447265625,3.537994384765625,5.037994384765625,6.434478759765625,2.204986572265625
2021-04-22,-0.067657470703125,-0.945587158203125,-2.230743408203125,-0.351837158203125,0.768280029296875,-2.309844970703125
2021-04-23,1.294952392578125,1.440460205078125,-1.152313232421875,0.141632080078125,1.379913330078125,-1.765594482421875
2021-04-24,5.265106201171875,4.303192138671875,1.915496826171875,3.653778076171875,7.105926513671875,0.250457763671875
2021-04-25,4.90625,4.8505859375,3.7080078125,4.068359375,8.560546875,2.1591796875
2021-04-26,6.128021240234375,6.078216552734375,5.237396240234375,4.974700927734375,7.125091552734375,3.185638427734375
2021-04-27,7.067230224609375,8.830902099609375,5.322113037109375,6.798675537109375,7.885589599609375,3.681488037109375
2021-04-28,7.079833984375,9.253662109375,5.160888671875,6.258544921875,8.845458984375,3.584716796875
2021-04-29,10.7352294921875,12.5926513671875,9.0457763671875,9.2254638671875,11.9920654296875,6.9119873046875
2021-04-30,6.36431884765625,7.33306884765625,3.76763916015625,4.70611572265625,10.52545166015625,1.14752197265625
2021-05-01,7.348052978515625,6.198638916015625,3.312896728515625,5.790435791015625,4.029693603515625,3.051177978515625
2021-05-02,3.101043701171875,5.461395263671875,2.169403076171875,2.410614013671875,4.723114013671875,-0.016143798828125
2021-05-03,5.048828125,6.556640625,6.1796875,4.9912109375,9.3974609375,3.896484375
2021-05-04,5.013885498046875,5.772674560546875,3.370330810546875,3.157440185546875,5.987518310546875,0.674041748046875
2021-05-05,9.730743408203123,8.104766845703125,6.817657470703125,7.290313720703125,7.237579345703125,3.249298095703125
2021-05-06,3.29241943359375,3.23870849609375,3.53656005859375,2.99261474609375,6.10101318359375,3.92132568359375
2021-05-07,5.731903076171875,8.485809326171875,4.902801513671875,4.686004638671875,8.581512451171875,3.098114013671875
2021-05-08,8.61865234375,8.22509765625,5.68603515625,8.94580078125,6.40966796875,2.88232421875
2021-05-09,8.55145263671875,10.57196044921875,8.03778076171875,8.40594482421875,10.59930419921875,4.09149169921875
2021-05-10,5.78125,6.3583984375,5.1220703125,5.216796875,8.2978515625,3.798828125
2021-05-11,4.051544189453125,5.010528564453125,4.449981689453125,4.080841064453125,8.197052001953125,4.159942626953125
2021-05-12,7.047698974609375,7.414886474609375,4.641448974609375,5.742034912109375,8.138519287109375,3.840667724609375
2021-05-13,6.357086181640625,6.749664306640625,5.391265869140625,5.759429931640625,8.349273681640625,4.694976806640625
2021-05-14,8.792266845703125,8.970977783203125,7.186798095703125,7.725860595703125,9.881134033203123,5.359649658203125
2021-05-15,9.76318359375,9.04248046875,8.19775390625,8.91259765625,11.53466796875,7.75537109375
2021-05-16,4.822723388671875,6.105926513671875,3.521942138671875,4.111785888671875,7.254364013671875,2.070770263671875
2021-05-17,6.19586181640625,5.06597900390625,5.06597900390625,5.42144775390625,8.32965087890625,4.25738525390625
2021-05-18,6.291595458984375,5.010345458984375,3.232025146484375,4.705657958984375,4.275970458984375,2.199798583984375
2021-05-19,4.3245849609375,7.3822021484375,3.7864990234375,3.8070068359375,4.3226318359375,2.5355224609375
2021-05-20,6.521148681640625,8.569000244140625,5.389312744140625,4.876617431640625,7.431304931640625,4.802398681640625
2021-05-21,12.35211181640625,11.12554931640625,9.89410400390625,10.49957275390625,11.27105712890625,9.26422119140625
2021-05-22,13.698089599609377,15.493011474609377,11.920745849609377,14.160003662109377,16.108245849609375,13.074066162109377
2021-05-23,13.6334228515625,13.0426025390625,7.2242431640625,10.6402587890625,8.5133056640625,5.6422119140625
2021-05-24,10.484619140625,8.713134765625,9.260986328125,9.287353515625,9.979736328125,9.158447265625
2021-05-25,10.59271240234375,9.31634521484375,7.68450927734375,9.40325927734375,9.24310302734375,6.48626708984375
2021-05-26,7.827545166015625,6.802154541015625,5.679107666015625,7.101959228515625,8.130279541015625,5.903717041015625
2021-05-27,8.88958740234375,7.46478271484375,6.24212646484375,7.71185302734375,10.08294677734375,6.18646240234375
2021-05-28,7.326568603515625,5.687896728515625,5.520904541015625,6.741607666015625,8.483795166015625,5.515045166015625
2021-05-29,5.906829833984375,5.746673583984375,4.368743896484375,6.167572021484375,5.075775146484375,3.203704833984375
2021-05-30,4.731414794921875,4.965789794921875,3.755828857421875,5.497039794921875,4.323211669921875,2.198211669921875
2021-05-31,6.11590576171875,5.37469482421875,5.81805419921875,6.05731201171875,5.95867919921875,6.02215576171875
2021-06-01,6.532257080078125,6.513702392578125,5.820343017578125,6.806671142578125,7.480499267578125,4.676788330078125
2021-06-02,8.65692138671875,7.26336669921875,6.45965576171875,7.99969482421875,7.10418701171875,5.97039794921875
2021-06-03,11.0692138671875,10.1990966796875,8.5086669921875,9.5281982421875,10.5438232421875,7.5574951171875
2021-06-04,11.966461181640623,11.268218994140623,8.862945556640625,10.417633056640623,11.651031494140623,7.682281494140625
2021-06-05,11.6563720703125,11.2667236328125,8.1944580078125,9.6524658203125,12.0479736328125,9.1954345703125
2021-06-06,12.8822021484375,11.3392333984375,8.4261474609375,10.3734130859375,10.4271240234375,7.1302490234375
2021-06-07,12.12744140625,12.93017578125,9.88623046875,10.81298828125,10.47998046875,7.57080078125
2021-06-08,11.2774658203125,10.6104736328125,8.7911376953125,10.0382080078125,10.9151611328125,8.1944580078125
2021-06-09,9.649322509765623,9.135650634765623,7.760650634765625,8.512603759765625,9.163970947265623,6.093658447265625
2021-06-10,11.678802490234377,11.709075927734377,8.406341552734375,9.419036865234377,9.348724365234377,6.536224365234375
2021-06-11,10.855194091796877,8.631561279296875,6.509490966796875,7.724334716796875,9.444061279296877,5.185272216796875
2021-06-12,8.269256591796875,7.765350341796875,4.613983154296875,5.650115966796875,7.995819091796875,3.613006591796875
2021-06-13,9.08404541015625,10.47955322265625,5.96685791015625,7.45318603515625,8.15045166015625,5.16021728515625
2021-06-14,10.7025146484375,10.9075927734375,8.0560302734375,10.1722412109375,10.0911865234375,7.2738037109375
2021-06-15,12.83880615234375,11.48724365234375,10.13372802734375,12.10540771484375,12.42572021484375,8.67279052734375
2021-06-16,14.487762451171877,14.417449951171877,10.636199951171877,12.475067138671877,12.754364013671877,9.317840576171877
2021-06-17,15.24090576171875,15.49481201171875,11.56414794921875,13.52801513671875,13.09637451171875,10.30145263671875
2021-06-18,13.691680908203123,13.585235595703123,11.776641845703123,13.217071533203123,13.719024658203123,10.634063720703123
2021-06-19,14.949462890625,16.487548828125,14.832275390625,15.378173828125,17.564697265625,14.140869140625
2021-06-20,15.389495849609377,16.376800537109375,14.971527099609377,15.191253662109377,18.006683349609375,14.825042724609377
2021-06-21,15.771331787109377,16.449066162109375,14.669769287109377,16.493011474609375,17.257659912109375,15.356292724609377
2021-06-22,15.5465087890625,19.2769775390625,15.3482666015625,15.4508056640625,19.3873291015625,15.4761962890625
2021-06-23,15.260986328125,19.061767578125,15.342041015625,15.132080078125,23.156494140625,14.855712890625
2021-06-24,15.65631103515625,15.42291259765625,13.27838134765625,15.67974853515625,15.37213134765625,12.78228759765625
2021-06-25,14.739410400390623,14.078277587890623,14.280426025390623,14.934722900390623,14.405426025390623,12.673004150390623
2021-06-26,15.573577880859377,14.528656005859377,14.614593505859377,15.914398193359377,15.603851318359377,13.621429443359377
2021-06-27,15.582763671875,16.923583984375,14.668701171875,14.502685546875,16.804443359375,14.233154296875
2021-06-28,15.177093505859377,16.778656005859375,14.469085693359377,15.244476318359377,18.06185913085937,14.253265380859377
2021-06-29,14.29119873046875,14.40252685546875,12.76580810546875,13.41717529296875,13.57635498046875,12.29119873046875
2021-06-30,12.7794189453125,12.7403564453125,11.4307861328125,12.6124267578125,13.2784423828125,9.8438720703125
2021-07-01,12.164764404296877,11.878631591796877,9.092498779296877,10.815155029296877,11.486053466796877,8.546600341796875
2021-07-02,13.18841552734375,13.72943115234375,12.58001708984375,13.20111083984375,15.13372802734375,11.67474365234375
2021-07-03,14.35577392578125,13.26885986328125,13.82843017578125,15.01788330078125,15.31378173828125,12.74053955078125
2021-07-04,14.360870361328123,14.157745361328123,13.109893798828123,14.419464111328123,14.913604736328123,11.780792236328123
2021-07-05,16.538421630859375,16.463226318359375,16.215179443359375,16.577484130859375,15.736663818359377,13.148773193359377
2021-07-06,17.976348876953125,17.823028564453125,18.383575439453125,15.827911376953123,16.969512939453125,17.850372314453125
2021-07-07,17.71002197265625,18.34088134765625,15.04595947265625,17.18463134765625,17.89361572265625,16.73638916015625
2021-07-08,15.402069091796877,14.842498779296877,13.097381591796877,14.510467529296877,16.281951904296875,13.807342529296877
2021-07-09,14.13653564453125,13.90606689453125,12.72247314453125,13.57598876953125,14.30548095703125,11.65313720703125
2021-07-10,15.26123046875,14.88232421875,13.82177734375,14.81787109375,15.15380859375,13.44384765625
2021-07-11,15.86505126953125,17.95391845703125,14.37384033203125,15.51446533203125,17.66583251953125,13.85137939453125
2021-07-12,16.44110107421875,17.20477294921875,14.03875732421875,16.74481201171875,17.13934326171875,13.85906982421875
2021-07-13,16.94561767578125,17.02862548828125,13.10382080078125,16.06182861328125,14.56671142578125,12.07745361328125
2021-07-14,16.0274658203125,15.1104736328125,14.9171142578125,15.5675048828125,14.3614501953125,13.5333251953125
2021-07-15,14.632049560546877,13.854705810546877,12.717987060546877,14.471893310546877,13.992401123046877,12.512908935546877
2021-07-16,15.256103515625,14.930908203125,13.445556640625,14.706298828125,15.385009765625,12.507080078125
2021-07-17,16.079345703125,15.296142578125,14.152587890625,15.154541015625,14.874267578125,12.651611328125
2021-07-18,13.386810302734377,13.374114990234377,12.248138427734377,14.201263427734377,14.639739990234377,12.182708740234377
2021-07-19,11.77362060546875,12.24041748046875,9.31072998046875,10.41815185546875,12.15545654296875,8.53240966796875
2021-07-20,11.6573486328125,11.3585205078125,9.9112548828125,11.2413330078125,12.9454345703125,10.6485595703125
2021-07-21,13.3228759765625,11.4722900390625,10.6724853515625,11.7535400390625,13.5650634765625,11.2916259765625
2021-07-22,12.9437255859375,13.6263427734375,11.2757568359375,10.9827880859375,12.8392333984375,11.4642333984375
2021-07-23,15.5699462890625,17.4107666015625,14.0396728515625,14.7564697265625,16.1480712890625,14.3775634765625
2021-07-24,16.526275634765625,18.444244384765625,14.844635009765623,15.546783447265623,17.052642822265625,15.335845947265623
2021-07-25,15.51123046875,19.13330078125,14.96240234375,15.51220703125,17.60693359375,14.64013671875
2021-07-26,15.155364990234377,18.53427124023437,15.120208740234377,16.069427490234375,18.77548217773437,14.946380615234377
2021-07-27,14.53125,19.3271484375,14.9208984375,15.08203125,17.8046875,14.67578125
2021-07-28,16.70269775390625,17.60406494140625,13.95562744140625,16.31500244140625,15.73785400390625,12.82769775390625
2021-07-29,15.69757080078125,18.43096923828125,15.69952392578125,17.92608642578125,16.84991455078125,17.10772705078125
2021-07-30,17.921875,21.509765625,16.1455078125,17.072265625,22.626953125,15.5048828125
2021-07-31,14.46575927734375,15.75677490234375,12.74700927734375,16.28607177734375,17.28802490234375,13.80853271484375
2021-08-01,14.99072265625,16.50341796875,13.72314453125,15.65380859375,16.66455078125,14.15673828125
2021-08-02,16.7547607421875,18.5994873046875,15.5096435546875,16.1004638671875,18.8524169921875,14.4940185546875
2021-08-03,13.475006103515623,14.574615478515623,12.830474853515623,14.065826416015623,16.045318603515625,12.640045166015623
2021-08-04,13.166534423828123,12.656768798828123,11.509307861328123,12.545440673828123,13.219268798828123,9.665557861328123
2021-08-05,13.843475341796877,16.049530029296875,12.972381591796877,14.903045654296877,14.217498779296877,12.202850341796877
2021-08-06,15.53948974609375,17.88616943359375,14.97308349609375,16.62542724609375,18.01019287109375,15.27191162109375
2021-08-07,16.859954833984375,17.189056396484375,15.191986083984377,17.677337646484375,17.803314208984375,15.283782958984377
2021-08-08,16.975738525390625,17.490386962890625,15.583160400390623,17.381011962890625,18.499176025390625,15.078277587890623
2021-08-09,18.13623046875,19.07958984375,14.96728515625,15.79736328125,17.24462890625,13.79638671875
2021-08-10,14.682281494140623,15.582672119140623,14.277008056640623,14.830718994140623,16.936187744140625,14.367828369140623
2021-08-11,15.542144775390623,14.918121337890623,14.304840087890623,14.438629150390623,16.285308837890625,14.099761962890623
2021-08-12,15.0667724609375,15.3197021484375,14.9769287109375,15.8275146484375,15.5404052734375,15.2073974609375
2021-08-13,17.40380859375,17.14599609375,16.37451171875,16.43603515625,16.87841796875,18.48486328125
2021-08-14,16.31427001953125,18.45977783203125,15.36309814453125,15.51934814453125,17.19610595703125,14.27032470703125
2021-08-15,15.0101318359375,14.0286865234375,14.2347412109375,15.1732177734375,16.1683349609375,16.3616943359375
2021-08-16,14.5185546875,13.4658203125,10.6796875,13.2294921875,14.6865234375,10.962890625
2021-08-17,12.890655517578123,11.105499267578123,10.429718017578123,11.759796142578123,14.255889892578123,12.356475830078123
2021-08-18,13.84912109375,13.47900390625,13.15087890625,13.69677734375,14.44189453125,13.19482421875
2021-08-19,12.578460693359377,11.859710693359377,11.256195068359377,13.424163818359377,14.825531005859377,10.596038818359377
2021-08-20,13.702301025390623,13.922027587890623,12.682769775390623,13.123199462890623,13.923980712890623,15.087066650390623
2021-08-21,14.89080810546875,13.62420654296875,15.40643310546875,14.95135498046875,13.75311279296875,12.21893310546875
2021-08-22,15.0926513671875,13.7410888671875,13.6727294921875,15.0135498046875,14.7547607421875,13.2332763671875
2021-08-23,13.74578857421875,12.84442138671875,11.96942138671875,13.00262451171875,14.60711669921875,10.75555419921875
2021-08-24,10.703033447265623,11.099517822265623,10.784088134765623,10.298736572265623,13.467681884765623,9.295806884765623
2021-08-25,12.313751220703123,12.459259033203123,10.537384033203123,11.119415283203123,11.500274658203123,7.677032470703125
2021-08-26,12.04864501953125,11.13360595703125,11.47833251953125,12.53204345703125,15.25567626953125,11.59161376953125
2021-08-27,11.20111083984375,10.08392333984375,9.19329833984375,9.94232177734375,12.19915771484375,9.68646240234375
2021-08-28,7.1846923828125,8.9180908203125,7.0362548828125,7.5069580078125,8.9278564453125,5.6534423828125
2021-08-29,10.09820556640625,12.14410400390625,7.94097900390625,8.12164306640625,10.75250244140625,7.22613525390625
2021-08-30,11.54693603515625,9.97467041015625,7.81842041015625,9.15533447265625,9.92584228515625,7.12408447265625
2021-08-31,8.719482421875,7.172607421875,8.031982421875,8.889404296875,9.763427734375,7.684326171875
2021-09-01,8.353302001953125,7.832794189453125,8.282012939453125,8.207794189453125,8.047637939453125,9.480255126953123
2021-09-02,13.11431884765625,12.68267822265625,9.92388916015625,11.74713134765625,11.35650634765625,9.97369384765625
2021-09-03,12.43585205078125,11.29034423828125,8.58917236328125,10.71319580078125,13.29034423828125,9.40948486328125
2021-09-04,8.860931396484375,8.589447021484375,7.209564208984375,7.738861083984375,10.549407958984377,7.861907958984375
2021-09-05,6.843902587890625,6.970855712890625,6.843902587890625,6.084136962890625,8.530426025390625,8.904449462890625
2021-09-06,9.310638427734377,8.441497802734375,10.555755615234377,9.929779052734377,10.084075927734377,10.566497802734377
2021-09-07,8.952545166015625,7.873443603515625,8.229888916015625,7.902740478515625,11.281646728515623,7.073638916015625
2021-09-08,9.845306396484377,8.917572021484375,8.089447021484375,10.005462646484377,9.911712646484377,7.353118896484375
2021-09-09,12.8297119140625,13.0211181640625,9.9879150390625,10.5904541015625,12.6676025390625,10.6812744140625
2021-09-10,9.669158935546877,10.218963623046877,9.314666748046877,10.273651123046877,8.450408935546875,6.463104248046875
2021-09-11,10.36700439453125,9.99395751953125,8.64044189453125,10.37481689453125,9.08575439453125,7.05841064453125
2021-09-12,10.518829345703123,9.962188720703123,9.010040283203123,10.914337158203123,10.177032470703123,8.329376220703125
2021-09-13,10.89208984375,12.92529296875,10.91552734375,11.98974609375,14.11083984375,9.89697265625
2021-09-14,12.9251708984375,14.0189208984375,12.2679443359375,12.5325927734375,13.9300537109375,11.1898193359375
2021-09-15,11.921844482421877,12.128875732421877,11.749969482421877,12.272430419921877,15.740203857421877,10.502899169921877
2021-09-16,11.38153076171875,10.40887451171875,11.13348388671875,11.02703857421875,13.69012451171875,10.50164794921875
2021-09-17,10.63153076171875,11.17449951171875,10.80047607421875,10.22723388671875,13.16668701171875,9.52313232421875
2021-09-18,12.264434814453123,10.446075439453123,9.884552001953123,11.304473876953123,10.900177001953123,7.700958251953125
2021-09-19,8.87042236328125,7.06866455078125,7.56182861328125,8.40264892578125,10.35870361328125,7.29034423828125
2021-09-20,7.27294921875,5.56298828125,4.54541015625,5.75048828125,6.97802734375,3.26806640625
2021-09-21,1.973663330078125,4.719757080078125,2.158233642578125,1.607452392578125,5.439483642578125,2.334991455078125
2021-09-22,7.08477783203125,8.63262939453125,5.19219970703125,7.55841064453125,6.23321533203125,5.47735595703125
2021-09-23,8.384857177734375,8.952239990234375,7.758880615234375,8.430755615234375,9.259857177734377,10.318450927734377
2021-09-24,10.336273193359377,11.211273193359377,10.338226318359377,12.415374755859377,10.620452880859377,9.546234130859377
2021-09-25,11.649139404296877,11.204803466796877,10.522186279296877,12.981170654296877,13.372772216796877,9.664764404296877
2021-09-26,13.216094970703123,12.311798095703123,10.937774658203123,12.517852783203123,11.674102783203123,9.476837158203123
2021-09-27,10.0421142578125,10.4034423828125,9.5928955078125,9.6231689453125,11.6436767578125,9.3341064453125
2021-09-28,10.987213134765623,9.471588134765623,9.215728759765623,10.525299072265623,10.822174072265623,8.606353759765625
2021-09-29,5.8934326171875,4.8826904296875,5.8250732421875,4.0682373046875,6.6873779296875,4.8709716796875
2021-09-30,6.704437255859375,6.937835693359375,5.422210693359375,4.566741943359375,6.843109130859375,4.879241943359375
2021-10-01,5.1353759765625,8.0640869140625,4.9224853515625,4.6510009765625,6.8004150390625,4.3023681640625
2021-10-02,5.605987548828125,7.254425048828125,5.032745361328125,6.506378173828125,7.606964111328125,6.671417236328125
2021-10-03,8.37042236328125,10.38604736328125,6.81280517578125,6.45440673828125,9.19464111328125,6.11553955078125
2021-10-04,10.273529052734377,10.239349365234377,9.248138427734377,10.351654052734377,11.953216552734377,8.520599365234375
2021-10-05,9.569915771484377,8.191986083984375,6.730072021484375,7.774017333984375,9.256439208984377,5.503509521484375
2021-10-06,5.162872314453125,3.767364501953125,4.423614501953125,5.245880126953125,8.788848876953125,4.762481689453125
2021-10-07,2.76531982421875,1.93914794921875,1.24578857421875,2.58074951171875,6.74774169921875,2.77313232421875
2021-10-08,4.89947509765625,3.28814697265625,3.37506103515625,5.51080322265625,9.60162353515625,6.23248291015625
2021-10-09,6.188995361328125,5.542510986328125,3.888214111328125,5.040557861328125,4.264190673828125,2.779815673828125
2021-10-10,3.527984619140625,3.101226806640625,0.757476806640625,3.156890869140625,6.323883056640625,1.822906494140625
2021-10-11,2.689849853515625,1.759185791015625,0.680084228515625,1.464263916015625,4.945709228515625,1.002349853515625
2021-10-12,0.199981689453125,-0.655487060546875,-1.729705810546875,0.253692626953125,3.070098876953125,-1.353729248046875
2021-10-13,3.295562744140625,2.165679931640625,0.854156494140625,2.236968994140625,5.358062744140625,1.652008056640625
2021-10-14,4.65673828125,2.41162109375,1.19384765625,2.28076171875,4.41064453125,-0.38818359375
2021-10-15,1.31573486328125,0.20343017578125,1.65753173828125,0.52471923828125,4.50714111328125,0.25714111328125
2021-10-16,5.017791748046875,4.795135498046875,4.614471435546875,5.835174560546875,5.288299560546875,4.550994873046875
2021-10-17,0.981842041015625,2.550201416015625,0.713287353515625,0.848052978515625,3.955474853515625,1.267974853515625
2021-10-18,2.726806640625,4.641845703125,4.404541015625,2.516845703125,3.682861328125,2.398681640625
2021-10-19,7.501251220703125,8.180938720703125,7.550079345703125,5.587188720703125,10.057891845703123,7.279571533203125
2021-10-20,8.534942626953125,9.711700439453123,8.796661376953125,8.447052001953125,11.281036376953123,8.500762939453125
2021-10-21,4.891265869140625,2.998687744140625,3.458648681640625,3.937164306640625,9.038726806640623,4.912750244140625
2021-10-22,-2.084381103515625,-2.224029541015625,-3.049224853515625,-3.119537353515625,2.467376708984375,-0.551177978515625
2021-10-23,0.613800048828125,1.036651611328125,-1.491668701171875,-1.444793701171875,1.606964111328125,2.543487548828125
2021-10-24,1.02545166015625,0.17193603515625,3.06158447265625,0.92974853515625,4.43560791015625,4.13482666015625
2021-10-25,1.278228759765625,1.666900634765625,-0.114349365234375,0.646392822265625,3.572174072265625,1.996978759765625
2021-10-26,-0.085601806640625,0.266937255859375,1.664398193359375,-0.730133056640625,4.244476318359375,4.545257568359375
2021-10-27,2.27716064453125,4.06719970703125,0.59552001953125,0.20196533203125,3.30645751953125,5.43243408203125
2021-10-28,1.942596435546875,3.441619873046875,0.622283935546875,-0.246856689453125,4.687713623046875,2.177947998046875
2021-10-29,-0.104644775390625,2.603363037109375,0.290863037109375,-1.084136962890625,3.418792724609375,0.194183349609375
2021-10-30,2.144989013671875,5.508270263671875,3.905731201171875,1.323699951171875,6.973114013671875,2.720184326171875
2021-10-31,2.001678466796875,4.991912841796875,4.302459716796875,3.743865966796875,9.475311279296877,5.293670654296875
2021-11-01,11.290863037109377,10.798675537109377,8.591644287109375,9.819183349609377,11.103363037109377,8.068206787109375
2021-11-02,13.691741943359377,10.757171630859377,11.203460693359377,10.388031005859377,10.576507568359377,8.210296630859375
2021-11-03,7.889617919921875,7.679656982421875,8.634735107421875,9.026336669921877,10.425750732421877,6.739227294921875
2021-11-04,6.058258056640625,7.074859619140625,7.671539306640625,7.558258056640625,10.805328369140623,8.652984619140625
2021-11-05,7.74969482421875,12.76922607421875,6.13641357421875,6.14129638671875,15.52899169921875,6.54559326171875
2021-11-06,4.762176513671875,4.457489013671875,7.868621826171875,8.321746826171875,11.479949951171877,7.283660888671875
2021-11-07,1.370635986328125,0.931182861328125,1.253448486328125,1.442901611328125,7.659698486328125,2.598175048828125
2021-11-08,4.762542724609375,4.258636474609375,5.074066162109375,4.289886474609375,7.600433349609375,5.209808349609375
2021-11-09,1.90191650390625,2.04644775390625,2.47418212890625,0.52789306640625,5.58355712890625,7.34527587890625
2021-11-10,1.905120849609375,2.609222412109375,1.658050537109375,1.658050537109375,4.438323974609375,0.590667724609375
2021-11-11,0.994110107421875,2.874969482421875,1.961883544921875,2.052703857421875,5.696258544921875,2.522430419921875
2021-11-12,3.854034423828125,4.076690673828125,5.356964111328125,4.210479736328125,7.036651611328125,5.887237548828125
2021-11-13,3.622344970703125,2.539337158203125,2.639923095703125,3.411407470703125,5.781524658203125,2.092071533203125
2021-11-14,0.34588623046875,1.04022216796875,-0.39532470703125,-0.77716064453125,1.74237060546875,-0.93731689453125
2021-11-15,4.080474853515625,4.968170166015625,2.343170166015625,3.975006103515625,4.929107666015625,4.186920166015625
2021-11-16,2.163055419921875,0.872039794921875,0.610321044921875,1.725555419921875,4.822235107421875,1.215789794921875
2021-11-17,4.49945068359375,3.30609130859375,1.94573974609375,2.96624755859375,4.14691162109375,0.80413818359375
2021-11-18,-2.681243896484375,-0.695892333984375,-2.783782958984375,-2.868743896484375,1.535552978515625,-2.592376708984375
2021-11-19,1.024932861328125,4.160675048828125,4.507354736328125,1.811065673828125,6.591339111328125,4.585479736328125
2021-11-20,3.58612060546875,3.49041748046875,4.54412841796875,4.99237060546875,6.29315185546875,5.04998779296875
2021-11-21,-0.310821533203125,-1.366485595703125,-0.707305908203125,0.381561279296875,4.025115966796875,0.337615966796875
2021-11-22,-2.463226318359375,-1.141937255859375,-1.416351318359375,-2.434906005859375,2.423492431640625,-1.492523193359375
2021-11-23,3.465240478515625,3.363677978515625,3.323638916015625,2.361724853515625,7.562896728515625,2.900787353515625
2021-11-24,5.158660888671875,4.998504638671875,3.134246826171875,4.357879638671875,4.644989013671875,0.553192138671875
2021-11-25,2.753997802734375,3.869232177734375,3.306732177734375,2.186614990234375,5.298919677734375,1.634857177734375
2021-11-26,2.97088623046875,2.27752685546875,0.71990966796875,2.38201904296875,2.79217529296875,-0.16485595703125
2021-11-27,-3.194061279296875,-4.656951904296875,-4.446014404296875,-3.352264404296875,0.870391845703125,-2.992889404296875
2021-11-28,-8.184417724609375,-4.173675537109375,-10.051605224609377,-7.943206787109375,-6.813323974609375,-12.165863037109377
2021-11-29,0.755950927734375,2.726654052734375,1.131927490234375,-2.366119384765625,1.626068115234375,-1.322174072265625
2021-11-30,6.220611572265625,5.507720947265625,2.757720947265625,5.646392822265625,4.320220947265625,2.146392822265625
2021-12-01,-2.187896728515625,-3.763092041015625,-4.269927978515625,-3.151763916015625,0.747650146484375,-3.646881103515625
2021-12-02,-4.438812255859375,-0.450531005859375,0.236968994140625,-3.048187255859375,1.900054931640625,-0.882171630859375
2021-12-03,-3.489410400390625,0.552581787109375,-0.083160400390625,1.022308349609375,3.533050537109375,-0.133941650390625
2021-12-04,-1.320404052734375,-2.407318115234375,-2.613372802734375,-1.227630615234375,2.220611572265625,-0.109466552734375
2021-12-05,-4.733184814453125,-5.638458251953125,-7.046661376953125,-5.386505126953125,-3.400177001953125,-6.816192626953125
2021-12-06,-2.230743408203125,0.751678466796875,-2.326446533203125,-4.477813720703125,1.023162841796875,-2.389923095703125
2021-12-07,-0.921905517578125,-0.692413330078125,-2.786163330078125,-1.105499267578125,0.654266357421875,-1.664093017578125
2021-12-08,-0.532562255859375,-1.348968505859375,-1.240570068359375,-1.534515380859375,1.451812744140625,-1.855804443359375
2021-12-09,-0.820220947265625,-1.907135009765625,-2.604400634765625,-1.638580322265625,0.764739990234375,-2.486236572265625
2021-12-10,-3.908355712890625,-5.117340087890625,-6.694488525390625,-5.527496337890625,-2.967926025390625,-6.006011962890625
2021-12-11,-3.142364501953125,-4.730255126953125,-6.967559814453125,-5.192169189453125,-4.294708251953125,-6.615020751953125
2021-12-12,-4.449798583984375,-5.162689208984375,-9.190032958984377,-8.048431396484375,-4.233001708984375,-8.086517333984375
2021-12-13,-2.21466064453125,-3.28497314453125,-4.34259033203125,-3.47930908203125,-1.10333251953125,-6.20391845703125
2021-12-14,-0.786651611328125,-2.007354736328125,-3.655792236328125,-2.542510986328125,-1.777862548828125,-5.069854736328125
2021-12-15,-2.78167724609375,-4.32464599609375,-5.36273193359375,-4.26312255859375,-2.68988037109375,-6.35882568359375
2021-12-16,-4.490570068359375,-5.437835693359375,-6.733734130859375,-5.401702880859375,-4.790374755859375,-8.825531005859375
2021-12-17,-6.614166259765625,-2.980377197265625,-7.455963134765625,-8.533111572265625,-6.633697509765625,-5.276275634765625
2021-12-18,-9.94781494140625,-7.44683837890625,-13.41461181640625,-12.12457275390625,-10.00250244140625,-12.49078369140625
2021-12-19,-18.51435852050781,-14.628631591796877,-16.204803466796875,-17.684280395507812,-11.896209716796877,-8.144256591796875
2021-12-20,-19.205734252929688,-14.281890869140623,-16.872711181640625,-15.707672119140623,-11.596343994140623,-12.285797119140623
2021-12-21,0.453765869140625,-1.121429443359375,-1.851898193359375,-0.222015380859375,0.268218994140625,-3.260101318359375
2021-12-22,1.665008544921875,2.700164794921875,1.409149169921875,2.121063232421875,3.760711669921875,0.175750732421875
2021-12-23,5.99859619140625,4.69586181640625,2.98297119140625,4.60113525390625,4.44683837890625,1.51617431640625
2021-12-24,3.255523681640625,3.691070556640625,3.170562744140625,3.174468994140625,5.945953369140625,2.053375244140625
2021-12-25,-1.078277587890625,0.392425537109375,1.431488037109375,0.115081787109375,4.202972412109375,1.323089599609375
2021-12-26,-2.2763671875,-1.5107421875,-4.798828125,-0.4658203125,-0.013671875,-0.4345703125
2021-12-27,0.760711669921875,0.449188232421875,0.206024169921875,1.507781982421875,1.275360107421875,-1.038116455078125
2021-12-28,2.756866455078125,2.063507080078125,-0.901336669921875,0.213897705078125,2.495147705078125,-1.595672607421875
2021-12-29,-1.006195068359375,0.127593994140625,-2.768890380859375,-1.665374755859375,2.020172119140625,-0.828460693359375
2021-12-30,2.664947509765625,2.892486572265625,-0.117279052734375,1.762603759765625,1.819244384765625,0.414947509765625
2021-12-31,-1.554290771484375,2.225982666015625,-0.977142333984375,-1.886322021484375,3.383209228515625,-0.325775146484375
2022-01-01,-2.951812744140625,-0.794586181640625,1.192718505859375,-0.551422119140625,3.546234130859375,0.271820068359375
2022-01-02,2.454071044921875,5.173797607421875,3.730438232421875,2.298797607421875,5.094696044921875,1.897430419921875
2022-01-03,9.210662841796877,8.154022216796875,5.407928466796875,6.697967529296875,6.055389404296875,3.167694091796875
2022-01-04,-1.355133056640625,-2.726226806640625,-2.935211181640625,-1.907867431640625,2.044281005859375,-2.097320556640625
2022-01-05,-2.21368408203125,-1.99981689453125,-1.76739501953125,-1.23614501953125,2.67010498046875,-2.19512939453125
2022-01-06,-4.350738525390625,-4.752105712890625,-4.724761962890625,-2.912261962890625,2.726409912109375,-0.622222900390625
2022-01-07,-1.8087158203125,-3.6094970703125,-1.2452392578125,0.3035888671875,0.6512451171875,-1.1885986328125
2022-01-08,-4.977691650390625,-4.858551025390625,-6.724761962890625,-4.184722900390625,-1.295074462890625,-4.226715087890625
2022-01-09,-7.251434326171875,-8.157684326171875,-9.166473388671877,-8.084442138671875,-4.024871826171875,-7.598114013671875
2022-01-10,-12.71337890625,-11.83642578125,-12.94287109375,-12.77880859375,-8.81689453125,-12.92919921875
2022-01-11,-15.639007568359377,-11.600921630859377,-15.258148193359377,-14.591156005859377,-7.016937255859375,-10.224945068359377
2022-01-12,-5.836151123046875,-3.075408935546875,-5.424041748046875,-5.290252685546875,-2.019744873046875,-5.789276123046875
2022-01-13,-12.964385986328123,-8.298370361328125,-13.313995361328123,-11.861846923828123,-4.598175048828125,-6.010284423828125
2022-01-14,-10.584442138671877,-6.293426513671875,-7.097137451171875,-6.568817138671875,-1.126434326171875,-4.538543701171875
2022-01-15,-0.794464111328125,-1.799346923828125,-3.539581298828125,-1.388214111328125,-1.386260986328125,-3.589385986328125
2022-01-16,-7.411834716796875,-6.819061279296875,-9.297576904296877,-9.069061279296877,-9.974334716796877,-9.832733154296877
2022-01-17,-13.839080810546877,-8.247283935546875,-10.200408935546877,-13.823455810546877,-3.486541748046875,-8.638885498046875
2022-01-18,-3.178558349609375,-3.652191162109375,-3.895355224609375,-3.721527099609375,0.437652587890625,-3.326995849609375
2022-01-19,-18.1380615234375,-15.1380615234375,-17.1820068359375,-20.6224365234375,-12.1859130859375,-14.9339599609375
2022-01-20,-6.931121826171875,-8.135223388671875,-11.423309326171877,-8.289520263671875,-11.815887451171877,-10.928192138671877
2022-01-21,-11.352569580078123,-11.471710205078123,-11.414093017578123,-10.337921142578123,-14.169952392578123,-12.807647705078123
2022-01-22,-16.960357666015625,-15.912506103515623,-18.116622924804688,-17.536544799804688,-14.437896728515623,-18.594161987304688
2022-01-23,-12.219482421875,-10.943115234375,-15.673583984375,-13.953857421875,-11.715576171875,-15.069091796875
2022-01-24,-5.795501708984375,-4.027923583984375,-7.065032958984375,-4.885345458984375,-7.660736083984375,-10.275970458984377
2022-01-25,-13.62322998046875,-6.48553466796875,-9.50799560546875,-11.27752685546875,-7.91815185546875,-7.96014404296875
2022-01-26,-4.763092041015625,-4.608795166015625,-6.428131103515625,-5.389068603515625,-3.958404541015625,-6.489654541015625
2022-01-27,-14.23895263671875,-10.37274169921875,-14.64813232421875,-14.90008544921875,-6.74871826171875,-9.82098388671875
2022-01-28,-1.091796875,-3.912109375,-6.626953125,-6.1162109375,-5.9140625,-7.642578125
2022-01-29,-1.395172119140625,-2.160797119140625,-1.954742431640625,-2.435211181640625,0.261077880859375,-3.643218994140625
2022-01-30,-6.296966552734375,-6.407318115234375,-7.928802490234375,-6.467864990234375,-4.898529052734375,-8.765716552734375
2022-01-31,-3.412811279296875,-4.150115966796875,-6.006561279296875,-4.714569091796875,-7.713592529296875,-7.020233154296875
2022-02-01,-11.3883056640625,-7.1002197265625,-9.9508056640625,-12.6060791015625,-5.6470947265625,-7.5240478515625
2022-02-02,-3.381134033203125,-1.691680908203125,-2.897735595703125,-4.541290283203125,0.020233154296875,-3.744415283203125
2022-02-03,-1.396697998046875,-1.688690185546875,-3.293182373046875,-1.469940185546875,0.329864501953125,-2.695526123046875
2022-02-04,-5.038238525390625,0.151214599609375,-0.612457275390625,-5.129058837890625,0.411956787109375,-0.949371337890625
2022-02-05,-3.350799560546875,-4.506072998046875,-5.716033935546875,-4.768768310546875,-3.050018310546875,-6.219940185546875
2022-02-06,-2.363372802734375,-2.441497802734375,-4.457122802734375,-4.524505615234375,-2.995208740234375,-4.885833740234375
2022-02-07,-9.909332275390623,-2.305816650390625,-7.794097900390625,-6.767730712890625,-3.572418212890625,-4.119293212890625
2022-02-08,-8.816192626953125,-1.591583251953125,-4.679473876953125,-4.542755126953125,-4.516387939453125,-2.711700439453125
2022-02-09,0.722503662109375,0.144378662109375,-2.851715087890625,-1.742340087890625,-3.598785400390625,-4.280426025390625
2022-02-10,-5.590850830078125,-4.794952392578125,-5.884796142578125,-6.639678955078125,-1.169952392578125,-3.189483642578125
2022-02-11,-4.614654541015625,-3.001373291015625,-1.410552978515625,-1.524810791015625,1.334564208984375,-1.434967041015625
2022-02-12,-1.774139404296875,0.653594970703125,-0.402069091796875,-3.811248779296875,2.238555908203125,-2.046600341796875
2022-02-13,0.03961181640625,1.39215087890625,1.42242431640625,1.06890869140625,3.53668212890625,0.71148681640625
2022-02-14,-2.628326416015625,-1.299224853515625,-0.780670166015625,-2.234771728515625,3.054290771484375,0.566009521484375
2022-02-15,-3.848663330078125,-2.196319580078125,-3.591827392578125,-2.989288330078125,-3.025421142578125,-3.129913330078125
2022-02-16,-3.970855712890625,-0.510894775390625,-1.751129150390625,-5.461090087890625,-1.511871337890625,-0.802886962890625
2022-02-17,0.403106689453125,0.388458251953125,-0.274627685546875,0.567169189453125,4.348419189453125,-0.287322998046875
2022-02-18,-1.7880859375,-2.8994140625,1.2138671875,1.4052734375,4.9375,1.58203125
2022-02-19,-0.27630615234375,-1.27923583984375,0.12506103515625,1.62017822265625,3.52838134765625,-0.47454833984375
2022-02-20,-3.5382080078125,-3.1300048828125,-3.7130126953125,-3.1739501953125,-0.4053955078125,-4.5596923828125
2022-02-21,-1.868133544921875,-2.728485107421875,-3.232391357421875,-1.806610107421875,-0.073211669921875,-4.546844482421875
2022-02-22,-12.178070068359377,-7.930999755859375,-9.807952880859377,-8.744476318359375,-4.272796630859375,-7.117523193359375
2022-02-23,1.199554443359375,0.135101318359375,-1.611968994140625,-0.098297119140625,-3.622711181640625,-1.869781494140625
2022-02-24,-2.700042724609375,-3.872894287109375,-4.823089599609375,-3.156097412109375,-0.040863037109375,-4.663909912109375
2022-02-25,-2.587158203125,-3.538330078125,-4.426025390625,-3.530517578125,-3.309814453125,-5.774658203125
2022-02-26,-4.276031494140625,-4.931304931640625,-5.787750244140625,-4.869781494140625,-3.572906494140625,-6.893218994140625
2022-02-27,-4.718597412109375,-5.463714599609375,-6.417816162109375,-5.402191162109375,-4.889495849609375,-8.895355224609375
2022-02-28,-5.169586181640625,-4.710601806640625,-7.791656494140625,-6.006500244140625,-8.025054931640625,-9.353179931640623
2022-03-01,-5.116119384765625,-10.181549072265623,-9.829986572265623,-6.985260009765625,-8.258697509765625,-11.077056884765623
2022-03-02,-5.311309814453125,-7.397247314453125,-7.710723876953125,-6.025177001953125,-4.293731689453125,-7.129669189453125
2022-03-03,-2.827239990234375,-4.492279052734375,-5.109466552734375,-3.476654052734375,-0.981536865234375,-5.407318115234375
2022-03-04,-3.5023193359375,-4.6243896484375,-4.5228271484375,-2.6751708984375,-0.4808349609375,-3.4642333984375
2022-03-05,-4.307464599609375,-5.439300537109375,-5.896331787109375,-5.455902099609375,-3.580902099609375,-5.756683349609375
2022-03-06,-6.280426025390625,-7.372222900390625,-8.064605712890625,-7.507965087890625,-6.168121337890625,-10.728668212890623
2022-03-07,-3.356414794921875,-5.373992919921875,-5.863250732421875,-5.193328857421875,-5.974578857421875,-8.199188232421875
2022-03-08,-8.748260498046875,-10.960174560546877,-11.509979248046877,-11.588104248046877,-10.484588623046877,-11.744354248046877
2022-03-09,-9.997039794921877,-12.779266357421877,-13.533172607421877,-12.290008544921877,-13.948211669921877,-13.498016357421877
2022-03-10,-19.15742492675781,-16.180877685546875,-11.961151123046877,-11.883026123046877,-13.309783935546877,-15.323455810546877
2022-03-11,-11.8726806640625,-10.8931884765625,-8.1636962890625,-7.0758056640625,-10.2926025390625,-9.6744384765625
2022-03-12,-10.12481689453125,-7.92071533203125,-8.32696533203125,-5.63067626953125,-6.51641845703125,-10.35723876953125
2022-03-13,-2.822479248046875,-0.960174560546875,-2.647674560546875,-2.824432373046875,0.568145751953125,-3.997283935546875
2022-03-14,2.526336669921875,1.171844482421875,0.733367919921875,2.316375732421875,0.697235107421875,-1.163116455078125
2022-03-15,-0.425506591796875,-2.716522216796875,-2.179412841796875,-1.896209716796875,0.118438720703125,-2.831756591796875
2022-03-16,-4.447723388671875,-6.890106201171875,-9.374481201171877,-7.514129638671875,-5.134246826171875,-10.577606201171877
2022-03-17,-6.178009033203125,-11.227813720703123,-11.236602783203123,-9.014923095703123,-6.499298095703125,-12.495391845703123
2022-03-18,-4.706787109375,-11.029052734375,-9.872802734375,-7.861083984375,-6.153076171875,-10.622802734375
2022-03-19,-3.087127685546875,-5.404510498046875,-9.054901123046877,-5.220916748046875,-4.428924560546875,-10.026580810546877
2022-03-20,-0.713836669921875,-1.327117919921875,-3.452117919921875,-1.750946044921875,-0.026336669921875,-3.946258544921875
2022-03-21,-1.511871337890625,-0.086090087890625,-3.053863525390625,-1.958160400390625,-0.905426025390625,-5.877105712890625
2022-03-22,0.3551025390625,0.6041259765625,-3.8275146484375,0.0025634765625,0.1558837890625,-3.5755615234375
2022-03-23,-1.311676025390625,-2.856597900390625,-0.063629150390625,-0.597808837890625,-1.303863525390625,-1.144683837890625
2022-03-24,-1.242767333984375,-0.400970458984375,-4.080657958984375,-0.768157958984375,-0.228118896484375,-3.560150146484375
2022-03-25,-0.7474365234375,-0.4915771484375,-2.5618896484375,0.1441650390625,2.2095947265625,2.6636962890625
2022-03-26,-0.433868408203125,0.635467529296875,-1.218048095703125,-0.914337158203125,4.284881591796875,-0.431915283203125
2022-03-27,-0.74737548828125,1.47332763671875,1.11297607421875,0.75262451171875,3.27801513671875,-1.30108642578125
2022-03-28,6.000518798828125,5.107940673828125,3.605987548828125,4.553253173828125,6.248565673828125,2.669464111328125
2022-03-29,8.08203125,6.3330078125,5.4892578125,6.22265625,6.5634765625,2.802734375
2022-03-30,3.682281494140625,3.191070556640625,1.741851806640625,3.194976806640625,3.871734619140625,0.736968994140625
2022-03-31,-1.271514892578125,-2.369171142578125,-3.247100830078125,-2.325225830078125,-0.669952392578125,-3.531280517578125
2022-04-01,-1.843902587890625,-2.771636962890625,-1.207183837890625,-0.380035400390625,-0.278472900390625,-2.404449462890625
2022-04-02,-3.491668701171875,-2.128387451171875,-5.732879638671875,-4.643035888671875,-3.468231201171875,-6.711395263671875
2022-04-03,-1.736602783203125,-0.866485595703125,-3.115509033203125,-2.059844970703125,-0.740509033203125,-2.764923095703125
2022-04-04,5.17840576171875,4.86688232421875,2.27215576171875,5.02313232421875,5.91571044921875,2.24774169921875
2022-04-05,0.838287353515625,2.029693603515625,2.688873291015625,2.682037353515625,5.486724853515625,1.865631103515625
2022-04-06,8.733245849609375,7.082855224609375,4.670745849609375,6.415863037109375,7.096527099609375,2.844573974609375
2022-04-07,0.395965576171875,0.575653076171875,4.644012451171875,6.539520263671875,6.196746826171875,2.399871826171875
2022-04-08,-5.861968994140625,-2.834625244140625,-5.297515869140625,-2.610015869140625,-0.783843994140625,-4.475250244140625
2022-04-09,-4.187286376953125,-6.717559814453125,-6.034942626953125,-2.897247314453125,-2.823028564453125,-5.388458251953125
2022-04-10,0.052825927734375,1.782318115234375,-1.412994384765625,1.461029052734375,-0.466705322265625,-2.174713134765625
2022-04-11,0.824859619140625,0.212554931640625,2.278961181640625,1.641265869140625,1.503570556640625,2.739898681640625
2022-04-12,1.678741455078125,1.438507080078125,1.648468017578125,1.941436767578125,3.499053955078125,0.601593017578125
2022-04-13,6.646209716796875,7.801483154296875,5.013397216796875,5.532928466796875,3.845428466796875,0.238983154296875
2022-04-14,3.524810791015625,1.938873291015625,1.742584228515625,2.976959228515625,5.772857666015625,0.977935791015625
2022-04-15,-1.433685302734375,-2.318450927734375,-3.278411865234375,-1.621185302734375,0.371978759765625,-3.754974365234375
2022-04-16,-1.5570068359375,-3.2591552734375,-3.0198974609375,-1.8187255859375,-0.9212646484375,-3.2230224609375
2022-04-17,1.04193115234375,-0.16705322265625,-0.58990478515625,-0.17291259765625,1.72454833984375,-1.80474853515625
2022-04-18,-4.724578857421875,-4.333953857421875,-8.832977294921875,-8.881805419921875,-0.472625732421875,-2.473602294921875
2022-04-19,4.956573486328125,4.940948486328125,2.897979736328125,3.655792236328125,6.832550048828125,3.109893798828125
2022-04-20,3.537872314453125,5.380645751953125,4.320098876953125,5.082794189453125,6.228302001953125,2.316192626953125
2022-04-21,2.888641357421875,3.801727294921875,4.324188232421875,3.685516357421875,5.535125732421875,0.790985107421875
2022-04-22,5.271881103515625,7.625396728515625,4.278717041015625,4.365631103515625,7.719146728515625,0.716217041015625
2022-04-23,4.111236572265625,5.517486572265625,4.496978759765625,3.494049072265625,2.878814697265625,-0.731536865234375
2022-04-24,4.044647216796875,4.518280029296875,2.212615966796875,4.605194091796875,3.461639404296875,-1.183868408203125
2022-04-25,7.2852783203125,5.8731689453125,5.7774658203125,7.2501220703125,5.6231689453125,1.9063720703125
2022-04-26,6.623046875,5.06640625,4.353515625,5.6474609375,7.017578125,0.755859375
2022-04-27,4.727874755859375,5.243499755859375,3.891937255859375,5.397796630859375,5.715179443359375,2.063812255859375
2022-04-28,4.227569580078125,3.789093017578125,4.942413330078125,3.439483642578125,4.591827392578125,3.156280517578125
2022-04-29,6.178802490234375,6.352630615234375,3.422943115234375,5.136810302734375,4.880950927734375,1.025482177734375
2022-04-30,7.359527587890625,6.603668212890625,5.034332275390625,6.417144775390625,6.702301025390625,3.523590087890625
2022-05-01,3.565460205078125,4.020538330078125,3.129913330078125,5.500030517578125,5.148468017578125,1.218780517578125
2022-05-02,4.563934326171875,5.046356201171875,2.605926513671875,4.196746826171875,5.678192138671875,-0.040557861328125
2022-05-03,6.066009521484375,6.983001708984375,3.138275146484375,6.400970458984375,4.191009521484375,1.371673583984375
2022-05-04,9.34136962890625,7.76812744140625,5.65582275390625,5.90972900390625,8.42828369140625,4.95562744140625
2022-05-05,6.534820556640625,6.652008056640625,5.085601806640625,4.870758056640625,5.751617431640625,6.657867431640625
2022-05-06,6.768096923828125,6.723175048828125,6.200714111328125,7.266143798828125,7.872589111328125,1.737823486328125
2022-05-07,8.81805419921875,10.53094482421875,6.30145263671875,7.01043701171875,7.82586669921875,1.71160888671875
2022-05-08,6.021087646484375,5.341400146484375,4.807220458984375,6.224212646484375,6.757415771484375,2.405853271484375
2022-05-09,6.7950439453125,6.5001220703125,5.9864501953125,6.7081298828125,7.5411376953125,3.9708251953125
2022-05-10,9.785858154296877,10.176483154296877,6.610076904296875,9.248748779296877,7.416717529296875,5.450897216796875
2022-05-11,14.378662109375,15.048583984375,10.290771484375,11.837646484375,11.099365234375,8.023193359375
2022-05-12,10.999725341796877,9.469451904296877,8.285858154296875,8.497772216796875,9.116912841796877,5.352264404296875
2022-05-13,9.470123291015623,9.365631103515623,6.076568603515625,7.475982666015625,7.990631103515625,4.956451416015625
2022-05-14,10.388031005859377,11.019866943359377,7.769866943359375,10.487640380859377,10.474945068359377,6.223968505859375
2022-05-15,12.102752685546877,10.939666748046877,9.577362060546877,10.767791748046877,11.761932373046877,8.914276123046875
2022-05-16,6.08453369140625,4.03472900390625,1.90972900390625,3.42926025390625,6.10699462890625,0.11773681640625
2022-05-17,5.242767333984375,5.125579833984375,3.437103271484375,5.454681396484375,4.959564208984375,1.296478271484375
2022-05-18,6.270599365234375,9.462982177734377,6.550872802734375,9.366302490234377,7.513763427734375,4.880950927734375
2022-05-19,15.030426025390623,14.478668212890623,11.497222900390623,12.765777587890623,10.678863525390623,9.497222900390623
2022-05-20,10.7093505859375,11.5384521484375,8.5775146484375,10.5218505859375,11.9105224609375,6.4681396484375
2022-05-21,10.607208251953123,10.977325439453123,11.229278564453123,10.320098876953123,12.073028564453123,9.377716064453123
2022-05-22,11.4974365234375,14.8470458984375,10.7991943359375,9.9144287109375,13.1790771484375,9.8197021484375
2022-05-23,11.2723388671875,12.5858154296875,9.3133544921875,9.9383544921875,12.4530029296875,9.0457763671875
2022-05-24,13.018707275390623,12.934722900390623,10.838043212890623,12.682769775390623,11.115386962890623,12.165191650390623
2022-05-25,12.8997802734375,12.0804443359375,10.7161865234375,12.6634521484375,12.7659912109375,11.3743896484375
2022-05-26,11.608184814453123,9.955841064453123,10.966583251953123,12.325958251953123,11.621856689453123,12.331817626953123
2022-05-27,8.537689208984375,8.695892333984375,10.160736083984377,9.643157958984377,12.957611083984377,9.202728271484377
2022-05-28,9.705108642578123,10.191436767578123,9.830108642578123,9.025421142578123,9.975616455078123,6.789093017578125
2022-05-29,10.29278564453125,11.18243408203125,8.65802001953125,10.59942626953125,11.70977783203125,7.96661376953125
2022-05-30,12.56671142578125,12.40167236328125,11.74444580078125,11.89971923828125,12.55206298828125,14.27178955078125
2022-05-31,14.077850341796877,14.080780029296877,12.536834716796877,13.371795654296877,13.221405029296877,9.933319091796877
2022-06-01,14.385650634765623,14.413970947265623,12.223541259765623,13.580963134765623,13.895416259765623,9.626861572265623
2022-06-02,15.458343505859377,16.842132568359375,12.613616943359377,14.393890380859377,14.499359130859377,11.310882568359377
2022-06-03,14.41107177734375,13.66497802734375,12.69720458984375,13.48431396484375,14.53314208984375,11.07220458984375
2022-06-04,14.458251953125,13.888916015625,12.709228515625,12.741455078125,13.513916015625,11.863525390625
2022-06-05,13.96295166015625,13.34771728515625,11.63287353515625,12.24810791015625,14.00299072265625,10.16802978515625
2022-06-06,10.67840576171875,10.86004638671875,10.89813232421875,10.45184326171875,13.04852294921875,9.81512451171875
2022-06-07,12.205841064453123,10.768341064453123,10.550567626953123,11.947052001953123,12.937286376953123,9.834747314453123
2022-06-08,13.07177734375,11.90576171875,11.01806640625,12.06689453125,14.36865234375,10.52880859375
2022-06-09,14.245880126953123,13.219512939453123,12.288848876953123,13.181427001953123,15.278106689453123,10.907989501953123
2022-06-10,14.28656005859375,12.93206787109375,12.35491943359375,13.22894287109375,15.24847412109375,10.89202880859375
2022-06-11,13.91552734375,13.70751953125,10.84423828125,11.56982421875,13.66650390625,9.52197265625
2022-06-12,12.24169921875,10.70849609375,7.53271484375,9.08544921875,12.35986328125,9.84521484375
2022-06-13,9.96612548828125,8.79522705078125,10.12432861328125,9.43585205078125,11.24542236328125,9.29229736328125
2022-06-14,11.5999755859375,10.5384521484375,10.1292724609375,11.3099365234375,12.8978271484375,8.2200927734375
2022-06-15,12.908660888671877,11.378387451171877,9.665496826171877,10.584442138671877,12.842254638671877,8.571746826171875
2022-06-16,11.931549072265623,11.974517822265623,7.545806884765625,9.183502197265623,11.193267822265623,6.224517822265625
2022-06-17,11.749053955078123,11.902374267578123,10.901397705078123,10.110382080078123,12.711944580078123,8.021514892578125
2022-06-18,13.301910400390623,16.122222900390625,10.489410400390623,12.026519775390623,13.079254150390623,10.662261962890623
2022-06-19,14.98016357421875,14.29754638671875,12.81805419921875,13.57489013671875,15.66375732421875,11.62860107421875
2022-06-20,15.994354248046877,16.448455810546875,14.418182373046877,14.790252685546877,19.336151123046875,14.132049560546877
2022-06-21,15.14837646484375,14.39935302734375,13.70892333984375,14.89251708984375,16.69915771484375,13.41497802734375
2022-06-22,15.04669189453125,15.87774658203125,13.25860595703125,14.18927001953125,17.96466064453125,12.90606689453125
2022-06-23,15.8056640625,15.19921875,11.935546875,14.474609375,14.755859375,10.525390625
2022-06-24,14.734283447265623,13.890533447265623,14.301666259765623,14.324127197265623,13.954986572265623,12.521392822265623
2022-06-25,16.586517333984375,14.742767333984377,14.756439208984377,16.314056396484375,16.040618896484375,12.844329833984377
2022-06-26,16.39971923828125,15.86260986328125,15.55401611328125,16.58331298828125,15.64385986328125,13.93194580078125
2022-06-27,15.77691650390625,16.82281494140625,13.84722900390625,14.81207275390625,17.09332275390625,15.98199462890625
2022-06-28,15.197723388671877,15.593231201171877,13.977020263671877,16.503387451171875,16.124481201171875,12.815887451171877
2022-06-29,16.71893310546875,17.72479248046875,14.66522216796875,16.47967529296875,16.30096435546875,13.05194091796875
2022-06-30,16.356597900390625,15.431793212890623,13.664215087890623,15.425933837890623,16.845855712890625,13.232574462890623
2022-07-01,17.684356689453125,16.467559814453125,14.819122314453123,16.993927001953125,17.622833251953125,13.032012939453123
2022-07-02,17.135772705078125,16.713897705078125,14.803741455078123,16.605499267578125,16.640655517578125,13.563507080078123
2022-07-03,15.259490966796877,14.279022216796877,13.193084716796877,14.819061279296877,15.727264404296877,14.789764404296877
2022-07-04,13.987640380859377,13.710296630859377,11.269866943359377,13.601898193359377,15.963226318359377,11.995452880859377
2022-07-05,14.0535888671875,13.2469482421875,13.9305419921875,12.9012451171875,15.1766357421875,13.9334716796875
2022-07-06,12.28521728515625,11.39654541015625,10.36334228515625,11.53619384765625,14.23443603515625,10.31939697265625
2022-07-07,11.84454345703125,10.74688720703125,8.24493408203125,9.32110595703125,12.52813720703125,7.86212158203125
2022-07-08,12.072845458984377,11.364837646484377,9.157806396484377,10.681243896484377,12.685150146484377,9.526947021484377
2022-07-09,8.455657958984375,7.281829833984375,6.590423583984375,7.760345458984375,11.306243896484377,6.968353271484375
2022-07-10,10.04974365234375,9.67864990234375,8.06536865234375,10.27825927734375,11.81243896484375,8.16888427734375
2022-07-11,11.148834228515623,11.728912353515623,9.136138916015623,9.551177978515623,11.177154541015623,6.670318603515625
2022-07-12,14.196044921875,12.701904296875,13.567138671875,13.847412109375,13.836669921875,11.210693359375
2022-07-13,15.402557373046877,15.290252685546877,15.305877685546877,15.257049560546877,14.658416748046877,13.287322998046877
2022-07-14,16.4918212890625,15.0758056640625,15.6685791015625,15.6324462890625,15.6588134765625,15.9459228515625
2022-07-15,15.130035400390623,11.923980712890623,10.560699462890623,12.298980712890623,15.256011962890623,11.808746337890623
2022-07-16,13.145477294921877,12.213836669921877,11.232391357421877,11.602508544921877,14.194305419921877,10.347625732421877
2022-07-17,14.018402099609377,12.614105224609377,11.836761474609377,13.312347412109377,14.269378662109377,12.494964599609377
2022-07-18,14.644866943359377,13.758148193359377,13.121429443359377,14.282562255859377,14.929046630859377,10.786468505859377
2022-07-19,16.183349609375,15.700927734375,14.628662109375,16.043701171875,15.613037109375,12.195068359375
2022-07-20,17.8193359375,16.7666015625,17.4404296875,17.326171875,17.826171875,16.9345703125
2022-07-21,18.266815185546875,19.084197998046875,15.378143310546877,18.839080810546875,18.414276123046875,14.654510498046877
2022-07-22,18.0743408203125,18.2052001953125,16.0675048828125,17.9796142578125,17.9630126953125,13.8341064453125
2022-07-23,16.74627685546875,14.96990966796875,15.98553466796875,17.13397216796875,17.18670654296875,17.94549560546875
2022-07-24,18.520751953125,18.115478515625,15.718994140625,19.031494140625,18.244384765625,15.205322265625
2022-07-25,15.58868408203125,15.24493408203125,13.51251220703125,15.26055908203125,17.43145751953125,15.45391845703125
2022-07-26,15.893157958984377,15.225189208984377,14.371673583984377,15.159759521484377,17.006439208984375,13.118743896484377
2022-07-27,17.263214111328125,16.819854736328125,14.813995361328123,16.050323486328125,18.609893798828125,13.536651611328123
2022-07-28,16.195831298828125,15.269073486328123,14.343292236328123,14.939971923828123,17.124542236328125,13.146026611328123
2022-07-29,12.88330078125,12.31103515625,10.18212890625,12.30908203125,15.23681640625,10.09619140625
2022-07-30,14.750457763671877,15.191864013671877,12.522918701171877,13.232879638671877,15.362762451171877,9.783660888671877
2022-07-31,15.4931640625,14.634765625,12.197265625,14.501953125,16.42578125,12.39453125
2022-08-01,15.178375244140623,14.441070556640623,13.102203369140623,14.761383056640623,16.307281494140625,12.353179931640623
2022-08-02,15.4095458984375,15.2552490234375,14.6829833984375,15.1126708984375,16.3226318359375,13.5531005859375
2022-08-03,17.447357177734375,15.545013427734377,14.406341552734377,15.791107177734377,15.760833740234377,14.852630615234377
2022-08-04,17.657562255859375,17.959320068359375,13.973968505859377,14.792327880859377,17.313812255859375,12.535491943359377
2022-08-05,17.079681396484375,16.090423583984375,14.061126708984377,15.756439208984377,18.06112670898437,12.873626708984377
2022-08-06,16.40185546875,14.60888671875,13.31103515625,14.60205078125,16.54052734375,12.76611328125
2022-08-07,15.40252685546875,14.72479248046875,13.91033935546875,15.13201904296875,16.18377685546875,13.02850341796875
2022-08-08,13.5347900390625,13.0933837890625,10.7681884765625,11.9683837890625,15.7476806640625,10.1431884765625
2022-08-09,13.31903076171875,12.27313232421875,11.65692138671875,12.65887451171875,14.76043701171875,11.81414794921875
2022-08-10,14.161956787109377,13.019378662109377,11.729339599609377,12.468597412109377,14.393402099609377,10.245941162109377
2022-08-11,12.84100341796875,12.21893310546875,10.91033935546875,12.29901123046875,11.52459716796875,8.72381591796875
2022-08-12,11.99102783203125,11.65216064453125,10.03009033203125,12.11895751953125,12.42462158203125,8.09161376953125
2022-08-13,13.183074951171877,13.134246826171877,11.738739013671877,12.526824951171877,14.561981201171877,10.667449951171877
2022-08-14,13.937469482421877,13.930633544921877,12.109344482421877,13.677703857421877,15.127899169921877,11.116180419921877
2022-08-15,14.130157470703123,15.261993408203123,13.501251220703123,14.514923095703123,14.446563720703123,12.141876220703123
2022-08-16,15.96087646484375,18.26556396484375,14.96575927734375,15.53900146484375,17.55169677734375,16.45208740234375
2022-08-17,17.64678955078125,18.13800048828125,14.81866455078125,17.52276611328125,18.99639892578125,18.59796142578125
2022-08-18,14.996307373046877,14.702362060546877,12.992401123046877,14.008026123046877,16.725799560546875,13.306854248046877
2022-08-19,15.475189208984377,13.770111083984377,12.992767333984377,13.829681396484377,14.270111083984377,10.966400146484377
2022-08-20,14.490325927734377,12.688568115234377,11.220794677734377,11.694427490234377,13.130950927734377,9.518646240234377
2022-08-21,15.1351318359375,13.8704833984375,13.2904052734375,14.3695068359375,14.3568115234375,12.3060302734375
2022-08-22,16.166259765625,15.292236328125,14.307861328125,15.264892578125,16.507080078125,12.324462890625
2022-08-23,16.676422119140625,15.469390869140623,14.585601806640623,15.641265869140623,16.464508056640625,12.772125244140623
2022-08-24,13.076507568359377,12.389984130859377,10.361663818359377,11.630218505859377,14.096038818359377,10.210296630859377
2022-08-25,13.56817626953125,13.47247314453125,11.09454345703125,12.47247314453125,14.65118408203125,11.39923095703125
2022-08-26,12.531280517578123,13.727569580078123,10.399444580078123,12.468780517578123,13.686553955078123,11.192413330078123
2022-08-27,13.962493896484377,13.917572021484377,12.308197021484377,13.149993896484377,13.817962646484377,10.066986083984377
2022-08-28,13.1656494140625,13.1695556640625,11.3941650390625,12.5865478515625,13.7447509765625,10.2193603515625
2022-08-29,12.266204833984377,11.918548583984377,11.319915771484377,12.104095458984377,13.584564208984377,12.061126708984377
2022-08-30,14.611907958984377,13.871673583984377,11.444915771484377,12.508392333984377,13.131439208984377,9.994720458984377
2022-08-31,11.6981201171875,10.3680419921875,10.4608154296875,11.5906982421875,12.9920654296875,11.4637451171875
2022-09-01,10.474151611328123,11.778839111328123,9.973175048828123,10.130401611328123,12.342315673828123,8.768096923828125
2022-09-02,13.53277587890625,12.58551025390625,10.58258056640625,12.61773681640625,13.73297119140625,11.40484619140625
2022-09-03,12.4063720703125,11.5460205078125,10.9405517578125,11.8428955078125,12.3087158203125,11.4932861328125
2022-09-04,11.109527587890623,11.672027587890623,9.891754150390623,10.063629150390623,12.542144775390623,10.044097900390623
2022-09-05,12.57806396484375,12.76165771484375,10.37396240234375,10.92669677734375,13.43060302734375,9.71478271484375
2022-09-06,12.660888671875,15.367919921875,12.336669921875,12.120849609375,15.581787109375,12.377685546875
2022-09-07,13.66510009765625,14.18658447265625,13.91998291015625,14.08599853515625,16.35357666015625,13.80670166015625
2022-09-08,10.85357666015625,12.25592041015625,8.98150634765625,9.27545166015625,12.79010009765625,6.49810791015625
2022-09-09,10.938873291015623,9.727935791015623,9.321685791015623,10.085357666015623,11.179107666015623,9.004302978515625
2022-09-10,8.89569091796875,8.47576904296875,6.99822998046875,7.77459716796875,8.93377685546875,5.65447998046875
2022-09-11,6.961700439453125,8.028106689453125,6.315216064453125,6.611114501953125,8.324981689453125,5.312286376953125
2022-09-12,11.239959716796877,13.239959716796877,11.041717529296877,10.664764404296877,12.666717529296877,10.691131591796877
2022-09-13,14.2574462890625,16.6842041015625,12.4488525390625,12.3970947265625,17.3551025390625,10.9185791015625
2022-09-14,13.729400634765623,15.145416259765623,12.942291259765623,14.970611572265623,15.494049072265623,12.740142822265623
2022-09-15,5.549713134765625,4.433502197265625,4.262603759765625,4.424713134765625,11.535064697265623,8.761627197265625
2022-09-16,3.12896728515625,4.20318603515625,2.58209228515625,1.88873291015625,6.15533447265625,3.49420166015625
2022-09-17,4.761932373046875,3.716033935546875,3.705291748046875,4.847869873046875,6.612518310546875,4.244354248046875
2022-09-18,4.42730712890625,3.77398681640625,1.17828369140625,2.76422119140625,4.60894775390625,3.37652587890625
2022-09-19,5.401458740234375,4.351654052734375,3.120208740234375,4.380950927734375,6.524505615234375,2.038177490234375
2022-09-20,3.609466552734375,3.088958740234375,1.394622802734375,2.714935302734375,3.478607177734375,0.658294677734375
2022-09-21,0.87933349609375,1.09515380859375,1.11370849609375,1.81292724609375,3.86663818359375,0.12054443359375
2022-09-22,3.1575927734375,4.4417724609375,3.0120849609375,1.6263427734375,5.6263427734375,2.9124755859375
2022-09-23,10.67572021484375,11.58099365234375,9.52728271484375,9.31829833984375,12.02239990234375,8.66204833984375
2022-09-24,10.96270751953125,11.45684814453125,9.43634033203125,11.29083251953125,13.14825439453125,9.85333251953125
2022-09-25,7.58355712890625,9.12457275390625,8.30914306640625,8.89996337890625,10.35211181640625,7.62945556640625
2022-09-26,9.414794921875,10.061279296875,8.664794921875,8.478271484375,10.652099609375,8.406005859375
2022-09-27,10.407928466796877,12.829803466796877,10.557342529296877,10.071014404296877,12.594451904296877,9.058319091796877
2022-09-28,13.065887451171877,13.242645263671877,11.147918701171877,10.373504638671877,12.495574951171877,10.020965576171877
2022-09-29,7.759857177734375,10.974700927734377,8.533294677734375,10.344818115234377,13.267669677734377,11.596771240234377
2022-09-30,7.525634765625,7.681884765625,6.684814453125,6.561767578125,9.398681640625,8.504150390625
2022-10-01,6.120361328125,5.599853515625,2.853759765625,5.968017578125,6.287353515625,3.283447265625
2022-10-02,4.6285400390625,4.1324462890625,1.4722900390625,3.7017822265625,4.1295166015625,2.0142822265625
2022-10-03,4.564208984375,4.570068359375,4.072998046875,3.929443359375,4.798583984375,2.129638671875
2022-10-04,6.661285400390625,10.681793212890623,6.646636962890625,7.151519775390625,9.139801025390623,6.092926025390625
2022-10-05,5.94940185546875,6.80194091796875,5.49822998046875,3.83221435546875,6.84393310546875,7.31268310546875
2022-10-06,7.101165771484375,9.412689208984377,6.299407958984375,8.705657958984375,8.679290771484375,7.437103271484375
2022-10-07,10.03326416015625,9.47076416015625,7.01275634765625,8.49127197265625,9.37408447265625,8.14068603515625
2022-10-08,10.57196044921875,11.25360107421875,8.86199951171875,10.52215576171875,11.54754638671875,8.96258544921875
2022-10-09,10.493316650390623,9.075347900390623,8.077301025390625,9.327301025390623,10.755035400390623,8.632965087890625
2022-10-10,8.02923583984375,7.76654052734375,5.60736083984375,6.66400146484375,7.66107177734375,4.86907958984375
2022-10-11,6.819122314453125,5.648223876953125,4.330841064453125,5.297637939453125,7.115997314453125,6.103302001953125
2022-10-12,4.30621337890625,3.86090087890625,3.08258056640625,2.61090087890625,6.25933837890625,2.07086181640625
2022-10-13,4.659149169921875,5.685516357421875,3.928680419921875,2.659149169921875,6.145477294921875,3.320281982421875
2022-10-14,6.1846923828125,7.7520751953125,7.5811767578125,5.6280517578125,6.8184814453125,7.0587158203125
2022-10-15,4.805572509765625,4.126861572265625,5.442291259765625,2.331939697265625,5.624908447265625,7.914947509765625
2022-10-16,5.433013916015625,9.161529541015623,3.863677978515625,5.525787353515625,4.253326416015625,2.451568603515625
2022-10-17,10.22637939453125,9.02130126953125,7.88555908203125,8.99591064453125,8.78594970703125,6.02520751953125
2022-10-18,0.525848388671875,0.531707763671875,0.048309326171875,0.585418701171875,3.867645263671875,1.871551513671875
2022-10-19,5.126129150390625,7.707183837890625,5.112457275390625,3.843902587890625,6.895660400390625,4.517730712890625
2022-10-20,6.246002197265625,8.562408447265625,6.519439697265625,6.595611572265625,8.193267822265625,6.787017822265625
2022-10-21,6.4913330078125,9.3624267578125,7.1221923828125,6.7989501953125,9.0792236328125,7.1505126953125
2022-10-22,6.439178466796875,10.480194091796877,6.811248779296875,5.429412841796875,10.206756591796877,6.530975341796875
2022-10-23,10.132843017578123,11.143585205078123,7.698272705078125,9.149444580078123,10.478546142578123,9.584991455078123
2022-10-24,5.942230224609375,6.868011474609375,6.405120849609375,6.365081787109375,6.750823974609375,4.597503662109375
2022-10-25,5.997039794921875,6.626922607421875,5.806610107421875,5.711883544921875,7.657196044921875,6.830047607421875
2022-10-26,4.373016357421875,5.128875732421875,4.741180419921875,4.798797607421875,5.462860107421875,3.284149169921875
2022-10-27,5.494476318359375,6.268890380859375,4.334320068359375,5.038421630859375,7.305023193359375,3.032562255859375
2022-10-28,7.402801513671875,10.363739013671877,6.636199951171875,7.376434326171875,8.773895263671875,5.884246826171875
2022-10-29,6.322021484375,9.593505859375,6.480224609375,7.533935546875,8.832763671875,4.820068359375
2022-10-30,4.348602294921875,10.852508544921877,5.729461669921875,6.413055419921875,9.918914794921877,6.686492919921875
2022-10-31,6.716583251953125,7.822052001953125,5.754669189453125,6.157012939453125,7.603302001953125,8.669708251953125
2022-11-01,3.953826904296875,7.199920654296875,3.920623779296875,3.481170654296875,6.796600341796875,3.093475341796875
2022-11-02,8.963897705078125,10.462921142578123,7.573272705078125,9.188507080078123,10.247100830078123,6.517608642578125
2022-11-03,6.864837646484375,6.566986083984375,6.511322021484375,7.408782958984375,9.956634521484377,6.657806396484375
2022-11-04,5.043487548828125,5.496612548828125,4.398956298828125,5.163604736328125,6.211456298828125,2.041534423828125
2022-11-05,6.951629638671875,7.175262451171875,5.811004638671875,7.423309326171875,4.764129638671875,5.204559326171875
2022-11-06,2.213623046875,3.377685546875,1.261474609375,1.532958984375,3.331787109375,1.338623046875
2022-11-07,1.316802978515625,3.671295166015625,1.521881103515625,0.842193603515625,3.656646728515625,1.730865478515625
2022-11-08,7.095428466796875,6.603240966796875,5.301483154296875,5.916717529296875,4.166717529296875,3.867889404296875
2022-11-09,4.131744384765625,3.090728759765625,1.495025634765625,2.982330322265625,5.428619384765625,1.034088134765625
2022-11-10,1.035491943359375,2.202484130859375,2.242523193359375,3.526702880859375,5.028656005859375,1.619476318359375
2022-11-11,3.66650390625,3.96533203125,4.58154296875,2.07177734375,7.63232421875,2.66357421875
2022-11-12,3.899261474609375,6.359222412109375,5.216644287109375,2.739105224609375,8.275238037109375,3.404144287109375
2022-11-13,2.504425048828125,4.368682861328125,5.807159423828125,3.815948486328125,8.373565673828125,3.958526611328125
2022-11-14,6.085906982421875,7.451141357421875,6.345672607421875,7.927703857421875,8.957000732421875,5.887664794921875
2022-11-15,0.844451904296875,1.029998779296875,4.788787841796875,3.250701904296875,7.971405029296875,3.519256591796875
2022-11-16,5.307342529296875,4.987030029296875,3.674530029296875,3.696990966796875,7.946990966796875,3.696014404296875
2022-11-17,5.150177001953125,6.348419189453125,8.948028564453125,10.414825439453123,10.027130126953123,7.595489501953125
2022-11-18,3.7197265625,2.466796875,4.294921875,5.765625,7.904296875,4.7802734375
2022-11-19,-1.695556640625,-2.415283203125,-1.006103515625,-1.235595703125,1.956787109375,-0.807861328125
2022-11-20,5.172698974609375,5.007659912109375,3.610198974609375,4.642425537109375,4.965667724609375,1.075042724609375
2022-11-21,2.369171142578125,1.793975830078125,2.168975830078125,2.941436767578125,4.884796142578125,1.175811767578125
2022-11-22,-0.038116455078125,0.582000732421875,-3.495147705078125,-0.956085205078125,-1.068389892578125,-6.534210205078125
2022-11-23,-2.02764892578125,-0.79425048828125,-4.88116455078125,-3.30596923828125,-2.50616455078125,-8.23077392578125
2022-11-24,0.4901123046875,-0.9268798828125,-1.7100830078125,-0.3399658203125,2.2196044921875,-2.8341064453125
2022-11-25,0.221466064453125,-1.183807373046875,-2.216033935546875,-1.402557373046875,0.231231689453125,-3.529510498046875
2022-11-26,-2.8109130859375,-3.2747802734375,-4.7738037109375,-4.0716552734375,-2.3333740234375,-7.8304443359375
2022-11-27,-1.609954833984375,-1.559173583984375,-4.258392333984375,-1.425384521484375,-0.012298583984375,-2.670501708984375
2022-11-28,0.34033203125,-0.09033203125,-0.28662109375,0.61865234375,3.98876953125,-0.30419921875
2022-11-29,-0.640228271484375,-2.271087646484375,-2.067962646484375,-0.809173583984375,2.643951416015625,-2.044525146484375
2022-11-30,-0.529449462890625,-1.159332275390625,-0.261871337890625,-1.133941650390625,0.517425537109375,-0.676910400390625
2022-12-01,2.316802978515625,2.119537353515625,1.452545166015625,1.995513916015625,4.751373291015625,1.022857666015625
2022-12-02,2.222015380859375,3.461273193359375,2.713226318359375,2.707366943359375,6.359710693359375,2.030609130859375
2022-12-03,0.563995361328125,2.081573486328125,2.446807861328125,1.301300048828125,3.681182861328125,1.787628173828125
2022-12-04,0.919708251953125,1.548614501953125,3.300567626953125,1.241973876953125,5.452911376953125,1.602325439453125
2022-12-05,3.136749267578125,2.251983642578125,3.084991455078125,2.074249267578125,4.824249267578125,2.585968017578125
2022-12-06,1.489654541015625,3.637115478515625,4.184967041015625,2.896881103515625,6.534576416015625,2.535552978515625
2022-12-07,9.788330078125,9.552001953125,7.268798828125,6.958251953125,7.945556640625,4.926025390625
2022-12-08,5.331268310546875,5.613494873046875,7.131072998046875,6.764862060546875,8.613494873046875,3.864471435546875
2022-12-09,-1.757415771484375,-2.773040771484375,-0.415618896484375,-0.109954833984375,2.556060791015625,-0.723236083984375
2022-12-10,-4.220733642578125,-7.080108642578125,-5.552764892578125,-3.954132080078125,-2.266632080078125,-5.373077392578125
2022-12-11,-5.042816162109375,-4.916839599609375,-4.421722412109375,-3.452972412109375,2.150543212890625,-3.102386474609375
2022-12-12,1.824432373046875,1.452362060546875,2.030487060546875,1.318572998046875,6.230682373046875,0.578338623046875
2022-12-13,6.771697998046875,7.415252685546875,7.002166748046875,4.804901123046875,9.648651123046877,5.147674560546875
2022-12-14,9.03448486328125,10.84991455078125,7.50030517578125,9.75518798828125,8.76007080078125,5.30108642578125
2022-12-15,-0.2730712890625,-1.8980712890625,0.6468505859375,1.2034912109375,6.0452880859375,2.1898193359375
2022-12-16,-2.722442626953125,-4.762481689453125,-1.673614501953125,-0.395294189453125,0.773651123046875,-2.937286376953125
2022-12-17,-3.324920654296875,-3.246795654296875,-2.769256591796875,-4.699920654296875,-2.068084716796875,-1.452850341796875
2022-12-18,-3.327484130859375,-1.675140380859375,-1.419281005859375,-1.755218505859375,0.217437744140625,-0.536468505859375
2022-12-19,-1.907440185546875,1.585723876953125,-2.403533935546875,-1.319549560546875,0.323028564453125,1.159942626953125
2022-12-20,-3.0477294921875,-0.9276123046875,-1.8387451171875,-1.0184326171875,-2.6707763671875,-4.2225341796875
2022-12-21,-3.09844970703125,-0.02716064453125,-1.18634033203125,-3.28692626953125,1.41229248046875,-3.63262939453125
2022-12-22,3.0791015625,2.986328125,3.365234375,3.068359375,1.087890625,0.7978515625
2022-12-23,-2.165924072265625,1.406341552734375,0.393646240234375,-2.225494384765625,2.994232177734375,-1.377838134765625
2022-12-24,0.121490478515625,1.744537353515625,1.357818603515625,0.083404541015625,1.989654541015625,0.087310791015625
2022-12-25,2.161407470703125,1.088165283203125,1.637969970703125,2.121368408203125,4.563751220703125,1.547149658203125
2022-12-26,-1.366790771484375,-0.123626708984375,1.803131103515625,-0.558197021484375,3.140045166015625,0.672271728515625
2022-12-27,-1.619903564453125,1.264862060546875,2.608612060546875,0.299041748046875,5.501190185546875,1.338104248046875
2022-12-28,-0.991058349609375,2.972808837890625,3.950347900390625,2.257965087890625,6.122222900390625,2.607574462890625
2022-12-29,-1.134063720703125,2.178436279296875,0.105194091796875,1.220428466796875,1.512420654296875,-0.014923095703125
2022-12-30,-1.627288818359375,1.414703369140625,0.405914306640625,0.463531494140625,3.301422119140625,0.009429931640625
2022-12-31,-2.233856201171875,2.300323486328125,-0.166473388671875,-0.302215576171875,2.264190673828125,-1.182098388671875
2023-01-01,-0.45587158203125,2.11053466796875,0.25701904296875,1.07147216796875,0.25408935546875,-1.40020751953125
2023-01-02,-2.44427490234375,-0.38275146484375,-1.99700927734375,-3.49896240234375,-0.22064208984375,-3.26263427734375
2023-01-03,-2.934539794921875,2.651397705078125,-0.916961669921875,-1.707977294921875,3.350616455078125,-3.130828857421875
2023-01-04,-3.527374267578125,-0.800811767578125,-3.254913330078125,-1.692413330078125,-0.709991455078125,-7.015655517578125
2023-01-05,-3.495086669921875,-0.242156982421875,-2.065399169921875,-3.988250732421875,0.373077392578125,-4.886688232421875
2023-01-06,1.532501220703125,3.385040283203125,1.661407470703125,-0.041717529296875,3.748321533203125,-0.470428466796875
2023-01-07,0.885589599609375,2.579925537109375,2.339691162109375,2.568206787109375,4.339691162109375,0.911956787109375
2023-01-08,-0.323516845703125,-1.678985595703125,-2.579376220703125,-1.599884033203125,0.622772216796875,-3.040313720703125
2023-01-09,-4.4290771484375,-2.9163818359375,-8.7474365234375,-4.5013427734375,-4.2269287109375,-8.1400146484375
2023-01-10,-8.97869873046875,-6.90740966796875,-6.90252685546875,-3.93280029296875,-3.57830810546875,-6.00604248046875
2023-01-11,0.178131103515625,-0.304290771484375,-1.527923583984375,-0.072845458984375,1.044342041015625,-2.298431396484375
2023-01-12,-2.649749755859375,-4.091156005859375,-5.032562255859375,-1.966156005859375,-2.221038818359375,-5.427093505859375
2023-01-13,-2.144744873046875,-0.737518310546875,-1.269744873046875,-3.214080810546875,1.785919189453125,-2.364471435546875
2023-01-14,3.77996826171875,2.83856201171875,1.76141357421875,2.71551513671875,3.52606201171875,-0.48272705078125
2023-01-15,6.13922119140625,3.63336181640625,4.49468994140625,3.27789306640625,6.15191650390625,1.93316650390625
2023-01-16,1.921417236328125,1.432159423828125,1.150909423828125,1.656768798828125,4.750518798828125,1.018096923828125
2023-01-17,0.740203857421875,1.449188232421875,-0.870147705078125,0.436492919921875,1.540008544921875,-1.166046142578125
2023-01-18,-3.439788818359375,-4.981781005859375,-4.222015380859375,-3.736663818359375,-0.579437255859375,-3.752288818359375
2023-01-19,-1.38958740234375,-1.99603271484375,-2.54290771484375,-2.24407958984375,0.09576416015625,-4.56146240234375
2023-01-20,-0.64935302734375,-1.25970458984375,-2.14154052734375,-0.08099365234375,0.85260009765625,-2.57611083984375
2023-01-21,0.595855712890625,0.419097900390625,-1.027191162109375,-0.039886474609375,0.089996337890625,-1.337738037109375
2023-01-22,-0.24462890625,-0.74462890625,-2.13330078125,0.16748046875,0.00146484375,-1.99169921875
2023-01-23,-1.5008544921875,-3.1346435546875,-3.2244873046875,-2.0028076171875,-1.4071044921875,-3.2508544921875
2023-01-24,-4.499542236328125,-5.331573486328125,-4.330596923828125,-3.381378173828125,-1.308135986328125,-4.206573486328125
2023-01-25,-4.924041748046875,-6.009002685546875,-6.885955810546875,-5.678924560546875,-3.789276123046875,-7.388885498046875
2023-01-26,-3.383514404296875,-4.639373779296875,-5.587615966796875,-4.525115966796875,-4.736053466796875,-6.063201904296875
2023-01-27,-4.734527587890625,-7.188629150390625,-8.287261962890625,-6.846832275390625,-6.959136962890625,-9.240386962890623
2023-01-28,-6.656768798828125,-4.111846923828125,-9.473175048828123,-8.430206298828125,-7.279815673828125,-8.980987548828125
2023-01-29,-7.571990966796875,-7.905975341796875,-8.399139404296875,-5.707733154296875,-8.494842529296875,-7.849334716796875
2023-01-30,-5.564910888671875,-3.598114013671875,-5.923309326171875,-6.806121826171875,-5.571746826171875,-6.770965576171875
2023-01-31,-1.61865234375,-3.70361328125,-3.95263671875,-3.04833984375,-1.08154296875,-4.32763671875
2023-02-01,-3.058441162109375,-1.112152099609375,-4.070159912109375,-3.015472412109375,-0.736175537109375,-4.985198974609375
2023-02-02,-7.518890380859375,-9.194671630859377,-9.965179443359377,-8.654632568359375,-6.481781005859375,-10.641937255859377
2023-02-03,-10.1976318359375,-11.5716552734375,-12.9007568359375,-11.6868896484375,-10.4388427734375,-14.7659912109375
2023-02-04,-10.853271484375,-11.648193359375,-13.008544921875,-11.514404296875,-12.064208984375,-17.739013671875
2023-02-05,-14.258514404296877,-14.550506591796877,-13.575897216796877,-13.289764404296877,-11.435272216796877,-15.736053466796877
2023-02-06,-17.508285522460938,-15.935028076171877,-14.254364013671877,-14.816864013671877,-11.710418701171877,-16.911590576171875
2023-02-07,-18.783416748046875,-16.883026123046875,-11.544158935546877,-10.946502685546877,-11.859588623046877,-11.355682373046877
2023-02-08,-14.069122314453123,-12.351348876953123,-12.109161376953123,-9.363067626953123,-7.724395751953125,-10.951934814453123
2023-02-09,-5.584381103515625,-4.459381103515625,-8.663482666015625,-6.315826416015625,-6.876373291015625,-10.425201416015623
2023-02-10,-1.688262939453125,-3.287872314453125,-3.946075439453125,-2.401153564453125,-2.021270751953125,-5.744903564453125
2023-02-11,-10.143829345703123,-7.663360595703125,-6.916290283203125,-7.362579345703125,-5.887969970703125,-7.641876220703125
2023-02-12,-1.573150634765625,-2.377838134765625,-4.737213134765625,-2.945220947265625,-3.466705322265625,-7.972564697265625
2023-02-13,-8.742889404296875,-7.272186279296875,-6.279998779296875,-5.061248779296875,-4.697967529296875,-6.130584716796875
2023-02-14,-7.759979248046875,-5.029510498046875,-4.434783935546875,-4.842010498046875,-2.985565185546875,-4.698455810546875
2023-02-15,-4.442047119140625,-2.694976806640625,-1.778961181640625,-3.671539306640625,1.602874755859375,-2.131500244140625
2023-02-16,-3.080780029296875,-0.893280029296875,-0.412811279296875,-2.301483154296875,1.091094970703125,-0.686248779296875
2023-02-17,-1.632568359375,-1.692138671875,0.550048828125,-0.168701171875,2.739501953125,-0.475341796875
2023-02-18,-3.590728759765625,0.306732177734375,-3.154205322265625,-2.508697509765625,-1.368072509765625,-1.404205322265625
2023-02-19,-2.806243896484375,-0.193939208984375,-2.563079833984375,0.461334228515625,-1.844329833984375,-2.293548583984375
2023-02-20,-2.3736572265625,2.1595458984375,-2.3199462890625,-2.3590087890625,2.0218505859375,2.9603271484375
2023-02-21,-0.598114013671875,0.308135986328125,-0.538543701171875,-0.720184326171875,0.688995361328125,-1.685028076171875
2023-02-22,4.2423095703125,4.2393798828125,2.5303955078125,3.6798095703125,4.5626220703125,1.5850830078125
2023-02-23,6.355560302734375,5.728607177734375,4.231536865234375,5.476654052734375,5.833099365234375,3.050872802734375
2023-02-24,-3.660797119140625,-4.102203369140625,-4.444000244140625,-4.661773681640625,2.832366943359375,-0.313140869140625
2023-02-25,-3.663360595703125,-3.826446533203125,-1.875274658203125,-0.761993408203125,3.485076904296875,-1.035430908203125
2023-02-26,-1.330169677734375,-1.733489990234375,-0.902435302734375,0.401275634765625,3.561431884765625,0.025299072265625
2023-02-27,1.147308349609375,1.551605224609375,1.650238037109375,3.303558349609375,3.431488037109375,1.792816162109375
2023-02-28,1.745452880859375,2.064788818359375,0.723968505859375,3.094085693359375,3.711273193359375,0.883148193359375
2023-03-01,0.543182373046875,0.808807373046875,-0.466583251953125,0.758026123046875,-0.504669189453125,-0.916778564453125
2023-03-02,0.766571044921875,0.447235107421875,-0.827178955078125,0.607391357421875,2.344696044921875,-0.742218017578125
2023-03-03,-8.484405517578125,-7.287139892578125,-5.482452392578125,-4.265655517578125,-1.185577392578125,-3.626983642578125
2023-03-04,-1.486175537109375,-0.410980224609375,-0.150238037109375,-0.376800537109375,1.554840087890625,-1.098480224609375
2023-03-05,-3.291900634765625,0.502044677734375,0.263763427734375,-1.452056884765625,2.772552490234375,-1.545806884765625
2023-03-06,3.972412109375,4.661865234375,3.218505859375,3.513427734375,4.876708984375,1.559326171875
2023-03-07,1.74822998046875,3.15252685546875,2.76385498046875,4.73455810546875,7.28436279296875,2.33514404296875
2023-03-08,3.676727294921875,4.242156982421875,3.099578857421875,5.180633544921875,5.933563232421875,2.233367919921875
2023-03-09,-1.878448486328125,-2.930206298828125,-3.722198486328125,-2.091339111328125,-0.083526611328125,-3.419464111328125
2023-03-10,-3.614349365234375,-5.362396240234375,-6.875091552734375,-4.435638427734375,-2.477630615234375,-5.625091552734375
2023-03-11,-1.030120849609375,2.431793212890625,-1.731292724609375,-2.303558349609375,0.957183837890625,-2.504730224609375
2023-03-12,2.8045654296875,3.3358154296875,2.2030029296875,0.8953857421875,4.8719482421875,0.9061279296875
2023-03-13,-2.784820556640625,-4.065093994140625,-5.015289306640625,-3.722320556640625,-0.967437744140625,-4.983062744140625
2023-03-14,-5.145721435546875,-6.489471435546875,-6.909393310546875,-8.231658935546875,-2.934783935546875,-8.035369873046875
2023-03-15,-12.06732177734375,-9.86419677734375,-6.79290771484375,-7.83685302734375,-3.21575927734375,-5.20501708984375
2023-03-16,-2.7154541015625,-1.4566650390625,-3.7828369140625,-2.7203369140625,-0.9439697265625,-0.6226806640625
2023-03-17,0.990325927734375,2.589935302734375,-1.091705322265625,2.692474365234375,3.038177490234375,-0.069244384765625
2023-03-18,4.734649658203125,4.785430908203125,0.150665283203125,4.453399658203125,3.484649658203125,1.782501220703125
2023-03-19,5.067291259765625,4.729400634765625,2.970611572265625,4.760650634765625,3.336822509765625,1.056549072265625
2023-03-20,-0.605865478515625,-0.233795166015625,-0.891021728515625,-0.342193603515625,-0.232818603515625,-1.750396728515625
2023-03-21,1.83807373046875,3.52850341796875,0.64569091796875,1.91912841796875,2.32928466796875,-0.83282470703125
2023-03-22,2.154693603515625,4.966217041015625,1.986724853515625,2.550201416015625,4.047271728515625,0.879302978515625
2023-03-23,4.330047607421875,3.646453857421875,3.408172607421875,4.094696044921875,4.516571044921875,0.914031982421875
2023-03-24,6.957489013671875,5.834442138671875,3.761199951171875,4.626434326171875,5.912567138671875,1.577606201171875
2023-03-25,-1.109710693359375,-2.369476318359375,-3.616546630859375,-2.026702880859375,-0.064788818359375,-3.763031005859375
2023-03-26,-2.33551025390625,-3.98687744140625,-7.92144775390625,-4.48687744140625,-5.06500244140625,-10.90386962890625
2023-03-27,-3.506744384765625,-1.867095947265625,-6.818267822265625,-4.886627197265625,-4.771392822265625,-8.056549072265625
2023-03-28,0.307891845703125,1.962188720703125,1.200469970703125,1.152618408203125,1.303985595703125,-1.194061279296875
2023-03-29,6.53778076171875,5.57489013671875,5.12274169921875,5.85223388671875,6.84832763671875,2.21356201171875
2023-03-30,-1.1024169921875,-0.5399169921875,1.5841064453125,1.1202392578125,3.7784423828125,-0.0164794921875
2023-03-31,4.76708984375,3.72021484375,2.21923828125,2.88330078125,3.08154296875,-0.20654296875
2023-04-01,-1.427581787109375,-3.456878662109375,-3.611175537109375,-2.429534912109375,0.759918212890625,-2.941253662109375
2023-04-02,-4.201385498046875,-5.564666748046875,-6.797088623046875,-5.603729248046875,-2.760955810546875,-6.918182373046875
2023-04-03,-7.484344482421875,-8.586883544921875,-6.644500732421875,-6.625946044921875,-2.612274169921875,-5.393524169921875
2023-04-04,-7.9730224609375,-5.8900146484375,-10.0218505859375,-9.2279052734375,-4.5706787109375,-8.0150146484375
2023-04-05,-9.416351318359377,-7.347991943359375,-5.642913818359375,-5.000335693359375,-5.157562255859375,-8.284515380859375
2023-04-06,1.202239990234375,-0.094635009765625,-2.801666259765625,-0.903228759765625,-2.226470947265625,-2.109283447265625
2023-04-07,2.08770751953125,0.50372314453125,0.02520751953125,1.09356689453125,3.00958251953125,-0.58416748046875
2023-04-08,1.150848388671875,0.118621826171875,-1.691925048828125,-0.982940673828125,2.076629638671875,-1.441925048828125
2023-04-09,0.820526123046875,0.523651123046875,-3.627716064453125,0.781463623046875,0.233612060546875,-2.270294189453125
2023-04-10,-0.007720947265625,1.400482177734375,1.460052490234375,0.517669677734375,3.565521240234375,-0.895416259765625
2023-04-11,8.661468505859375,8.241546630859375,5.964202880859375,5.744476318359375,7.530609130859375,3.224945068359375
2023-04-12,0.40283203125,1.44287109375,1.00537109375,0.70556640625,2.86865234375,-0.36181640625
2023-04-13,2.322174072265625,3.032135009765625,0.889556884765625,2.106353759765625,4.280181884765625,0.078033447265625
2023-04-14,5.340301513671875,4.577606201171875,3.051239013671875,5.170379638671875,4.393035888671875,1.044403076171875
2023-04-15,5.682220458984375,4.893157958984375,3.533782958984375,4.597259521484375,3.391204833984375,1.252532958984375
2023-04-16,6.048095703125,4.893798828125,3.724853515625,4.832275390625,5.307861328125,1.764892578125
2023-04-17,3.00079345703125,2.64532470703125,-0.50311279296875,1.77813720703125,2.12091064453125,-0.68475341796875
2023-04-18,1.557403564453125,3.224395751953125,1.302520751953125,2.370880126953125,1.480255126953125,0.955841064453125
2023-04-19,4.24224853515625,3.33599853515625,3.15435791015625,4.08990478515625,3.24029541015625,2.79205322265625
2023-04-20,2.485015869140625,2.031890869140625,2.046539306640625,3.029937744140625,1.604156494140625,0.829742431640625
2023-04-21,3.94085693359375,5.31976318359375,3.30120849609375,3.57757568359375,4.89788818359375,1.15570068359375
2023-04-22,7.388275146484375,6.349212646484375,5.649017333984375,6.771087646484375,7.139251708984375,3.001556396484375
2023-04-23,5.021697998046875,3.440643310546875,3.334197998046875,3.206268310546875,5.988494873046875,1.502166748046875
2023-04-24,2.25592041015625,1.62603759765625,-0.42962646484375,1.50689697265625,1.95123291015625,-0.28509521484375
2023-04-25,0.521392822265625,0.723541259765625,-0.944427490234375,0.375885009765625,0.105377197265625,-3.222747802734375
2023-04-26,2.333770751953125,3.881622314453125,1.074981689453125,1.402130126953125,3.533966064453125,-0.698455810546875
2023-04-27,3.774749755859375,2.933929443359375,3.292327880859375,4.046234130859375,3.995452880859375,1.286468505859375
2023-04-28,5.038238525390625,5.008941650390625,4.456207275390625,3.682769775390625,6.415191650390625,5.012847900390625
2023-04-29,8.594879150390625,8.017730712890625,6.490386962890625,7.381011962890625,9.159332275390623,3.857574462890625
2023-04-30,7.923126220703125,6.552032470703125,6.351837158203125,6.269805908203125,8.803009033203125,3.098907470703125
2023-05-01,8.02227783203125,6.63751220703125,6.28302001953125,7.30645751953125,6.65216064453125,4.34454345703125
2023-05-02,7.803314208984375,7.360931396484375,5.837493896484375,6.783782958984375,6.441986083984375,2.856048583984375
2023-05-03,6.02215576171875,5.60516357421875,4.98406982421875,6.02703857421875,5.97332763671875,0.77899169921875
2023-05-04,6.556060791015625,6.675201416015625,4.600006103515625,4.287506103515625,5.411529541015625,2.025787353515625
2023-05-05,7.7445068359375,8.3812255859375,5.8021240234375,6.8714599609375,8.1878662109375,2.1204833984375
2023-05-06,9.78948974609375,7.64007568359375,7.98968505859375,8.77972412109375,10.69671630859375,7.27386474609375
2023-05-07,4.694366455078125,4.409210205078125,6.067413330078125,6.354522705078125,8.701202392578125,2.682647705078125
2023-05-08,8.379364013671875,7.888153076171875,6.847137451171875,8.189910888671875,9.469207763671877,6.002410888671875
2023-05-09,7.16851806640625,7.33453369140625,6.99273681640625,7.77984619140625,9.26812744140625,5.28082275390625
2023-05-10,4.44293212890625,4.88531494140625,4.79156494140625,4.01910400390625,7.29449462890625,3.99566650390625
2023-05-11,9.16278076171875,8.08465576171875,7.96453857421875,9.61102294921875,10.44110107421875,6.48797607421875
2023-05-12,12.864654541015623,11.206451416015623,10.080474853515623,11.014068603515623,11.998443603515623,7.808013916015625
2023-05-13,10.728179931640623,10.255523681640623,9.708648681640623,10.244781494140623,11.203765869140623,8.160797119140625
2023-05-14,8.256256103515625,7.974029541015625,6.353912353515625,7.869537353515625,8.403717041015625,4.744537353515625
2023-05-15,9.07525634765625,9.13189697265625,5.47467041015625,6.88092041015625,7.33404541015625,5.60943603515625
2023-05-16,8.640960693359375,7.174163818359375,6.065765380859375,6.668304443359375,7.728851318359375,5.274749755859375
2023-05-17,7.0538330078125,7.6260986328125,7.1007080078125,5.7882080078125,7.5958251953125,6.5196533203125
2023-05-18,8.03759765625,7.91162109375,7.21533203125,6.57177734375,9.10009765625,8.23388671875
2023-05-19,9.104522705078123,8.610382080078125,5.564483642578125,6.838897705078125,9.726593017578123,6.435577392578125
2023-05-20,8.193084716796875,7.317108154296875,6.086639404296875,7.190155029296875,8.821014404296875,6.521209716796875
2023-05-21,8.282806396484375,9.351165771484377,6.432220458984375,8.397064208984375,8.781829833984375,4.001556396484375
2023-05-22,11.596771240234377,9.158294677734377,8.397552490234375,10.340911865234377,9.321380615234377,7.020599365234375
2023-05-23,12.338653564453123,11.329864501953123,10.416778564453123,11.253692626953123,10.868927001953123,8.064239501953125
2023-05-24,12.07257080078125,10.87432861328125,10.03057861328125,10.88311767578125,11.42315673828125,7.19659423828125
2023-05-25,11.82171630859375,11.00531005859375,10.21917724609375,10.90667724609375,11.29827880859375,7.54437255859375
2023-05-26,9.340240478515623,9.326568603515623,7.792388916015625,8.494537353515625,9.909576416015623,6.106842041015625
2023-05-27,11.73443603515625,10.99029541015625,9.86041259765625,11.37701416015625,10.91510009765625,8.97369384765625
2023-05-28,11.1558837890625,10.5201416015625,7.4478759765625,8.4605712890625,10.0631103515625,6.4468994140625
2023-05-29,10.985931396484377,10.251556396484377,9.027923583984377,9.346282958984377,10.543548583984377,8.782806396484375
2023-05-30,10.3240966796875,9.7078857421875,7.8348388671875,8.9832763671875,9.5584716796875,6.3289794921875
2023-05-31,11.96881103515625,10.99713134765625,7.82818603515625,9.32427978515625,10.11822509765625,6.75885009765625
2023-06-01,11.09796142578125,11.44561767578125,8.58135986328125,9.41339111328125,10.51690673828125,8.79522705078125
2023-06-02,9.715423583984377,10.109954833984377,7.292572021484375,8.191009521484375,9.849212646484377,5.829681396484375
2023-06-03,11.957183837890623,11.586090087890623,10.506011962890623,12.073394775390623,12.245269775390623,10.660308837890623
2023-06-04,12.749542236328123,12.426300048828123,10.708526611328123,11.687042236328123,12.861846923828123,9.862823486328123
2023-06-05,11.397552490234377,11.368255615234377,8.809661865234375,10.416107177734377,11.332122802734377,8.678802490234375
2023-06-06,9.380645751953123,10.702911376953123,7.868927001953125,8.448028564453125,10.884552001953123,6.970489501953125
2023-06-07,10.68853759765625,10.08013916015625,8.92779541015625,10.54010009765625,11.30670166015625,7.45513916015625
2023-06-08,12.302490234375,12.213623046875,10.804443359375,11.668701171875,12.995849609375,9.968505859375
2023-06-09,13.160430908203123,12.249298095703123,11.403594970703123,11.890899658203123,11.588165283203123,9.548126220703123
2023-06-10,11.987701416015623,10.811920166015623,10.064849853515623,11.063873291015623,12.133209228515623,9.247467041015623
2023-06-11,11.034454345703123,10.290313720703123,9.602813720703123,11.905548095703123,11.066680908203123,9.564727783203123
2023-06-12,13.148193359375,12.565185546875,11.464599609375,11.705810546875,13.153076171875,10.722412109375
2023-06-13,11.76934814453125,10.71368408203125,10.24298095703125,11.74884033203125,13.50762939453125,10.37872314453125
2023-06-14,11.140869140625,10.427978515625,9.392822265625,10.460205078125,11.989501953125,9.205322265625
2023-06-15,11.19158935546875,10.79901123046875,8.41522216796875,10.14569091796875,10.93670654296875,8.90447998046875
2023-06-16,10.107269287109377,11.054534912109377,8.235198974609375,10.272308349609377,9.899261474609377,6.004730224609375
2023-06-17,11.101959228515623,11.722076416015623,10.305084228515623,12.138092041015623,11.767974853515623,8.697662353515625
2023-06-18,14.3125,14.833984375,11.509765625,13.33984375,14.1396484375,11.0771484375
2023-06-19,15.73956298828125,15.64874267578125,14.78253173828125,14.92510986328125,15.08428955078125,12.47100830078125
2023-06-20,15.08697509765625,16.38677978515625,14.47467041015625,15.64556884765625,15.93756103515625,12.63189697265625
2023-06-21,16.362060546875,17.486083984375,13.730224609375,16.171630859375,16.190185546875,12.887451171875
2023-06-22,16.02276611328125,14.95635986328125,14.12921142578125,15.19366455078125,16.20831298828125,13.67022705078125
2023-06-23,13.421051025390623,12.722808837890623,13.233551025390623,13.542144775390623,15.169097900390623,12.223785400390623
2023-06-24,14.7418212890625,12.5826416015625,11.0133056640625,12.5670166015625,13.0103759765625,10.0504150390625
2023-06-25,12.8555908203125,12.0177001953125,11.0626220703125,12.0157470703125,13.1993408203125,13.1671142578125
2023-06-26,11.1590576171875,10.0809326171875,10.1883544921875,11.3377685546875,14.1981201171875,10.7528076171875
2023-06-27,9.843505859375,8.720458984375,10.162841796875,9.591552734375,10.824951171875,9.969482421875
2023-06-28,12.1103515625,13.1748046875,11.1767578125,12.3896484375,15.279296875,11.4599609375
2023-06-29,11.071075439453123,11.951934814453123,10.729278564453123,12.052520751953123,14.029083251953123,10.570098876953123
2023-06-30,12.50830078125,12.64404296875,11.61572265625,13.25830078125,13.68603515625,10.40478515625
2023-07-01,14.53924560546875,14.22088623046875,13.30389404296875,13.30975341796875,16.15350341796875,12.41619873046875
2023-07-02,13.881561279296877,13.775115966796877,12.298553466796877,13.891326904296877,13.745819091796877,11.584686279296877
2023-07-03,13.544189453125,13.172119140625,11.733642578125,12.793212890625,12.992431640625,8.782470703125
2023-07-04,13.722076416015623,12.964263916015623,13.167388916015623,13.774810791015623,13.820709228515623,9.110748291015623
2023-07-05,13.226226806640623,12.921539306640623,10.599273681640623,13.072906494140623,14.451812744140623,9.809234619140623
2023-07-06,11.684173583984377,12.168548583984377,11.333587646484377,11.312103271484377,12.863861083984377,6.820892333984375
2023-07-07,12.467315673828123,13.407745361328123,12.013214111328123,11.120635986328123,13.123565673828123,7.444854736328125
2023-07-08,13.10992431640625,14.52105712890625,13.63531494140625,13.51715087890625,13.46051025390625,9.25933837890625
2023-07-09,15.15509033203125,16.83477783203125,14.92755126953125,15.15606689453125,17.30841064453125,16.15118408203125
2023-07-10,16.2476806640625,17.4293212890625,15.0113525390625,16.1480712890625,18.6060791015625,18.1129150390625
2023-07-11,17.3902587890625,17.1392822265625,14.9019775390625,16.3707275390625,19.4830322265625,17.5308837890625
2023-07-12,16.67974853515625,15.88092041015625,15.61334228515625,16.12213134765625,17.30963134765625,15.46002197265625
2023-07-13,17.8477783203125,17.4327392578125,16.7647705078125,17.1885986328125,18.7911376953125,14.6270751953125
2023-07-14,18.12353515625,19.37451171875,17.98583984375,18.88134765625,18.20361328125,14.45556640625
2023-07-15,18.797393798828125,20.062042236328125,18.169464111328125,18.972198486328125,19.406768798828125,17.069854736328125
2023-07-16,18.0535888671875,17.6072998046875,17.5809326171875,17.1463623046875,19.2371826171875,13.1864013671875
2023-07-17,17.34698486328125,18.69659423828125,16.69659423828125,17.88995361328125,22.07843017578125,18.82354736328125
2023-07-18,17.5958251953125,17.2520751953125,15.7247314453125,16.7042236328125,19.2403564453125,16.6573486328125
2023-07-19,17.370849609375,19.838623046875,17.627685546875,18.034912109375,21.036865234375,17.194091796875
2023-07-20,16.648406982421875,16.230438232421875,16.169891357421875,17.077117919921875,18.748016357421875,18.123016357421875
2023-07-21,14.88836669921875,16.85125732421875,13.65496826171875,16.37957763671875,22.41473388671875,16.91864013671875
2023-07-22,17.24334716796875,19.70623779296875,17.34295654296875,18.27655029296875,21.83514404296875,18.10076904296875
2023-07-23,19.42465209960937,21.19223022460937,16.908050537109375,19.37191772460937,20.32797241210937,16.729339599609375
2023-07-24,11.890716552734377,10.559661865234377,10.661224365234377,12.163177490234377,13.990325927734377,9.155364990234377
2023-07-25,10.438018798828123,9.594268798828123,9.847198486328123,9.958526611328123,11.170440673828123,7.801300048828125
2023-07-26,13.350189208984377,14.926361083984377,11.436126708984377,14.561126708984377,16.089447021484375,12.606048583984377
2023-07-27,14.997406005859377,15.321624755859377,14.299163818359377,15.430999755859377,15.967132568359377,14.398773193359377
2023-07-28,15.610870361328123,15.412628173828123,14.111846923828123,15.525909423828123,16.355010986328125,14.078643798828123
2023-07-29,13.43829345703125,13.50177001953125,13.36309814453125,12.54864501953125,15.61505126953125,9.96466064453125
2023-07-30,15.10565185546875,17.34100341796875,14.27557373046875,15.48846435546875,17.08709716796875,13.90643310546875
2023-07-31,14.9320068359375,15.7816162109375,13.2659912109375,14.4759521484375,15.5697021484375,13.7562255859375
2023-08-01,16.325653076171875,18.230926513671875,14.868621826171877,17.598114013671875,16.683074951171875,15.236785888671877
2023-08-02,15.998291015625,18.688720703125,14.385986328125,16.426025390625,18.317626953125,14.843017578125
2023-08-03,13.441864013671877,13.290496826171877,11.013153076171877,13.219207763671877,12.563934326171877,10.206512451171877
2023-08-04,11.522979736328123,11.159698486328123,9.820831298828123,11.006378173828123,12.774932861328123,9.189971923828123
2023-08-05,11.234527587890623,9.891754150390623,9.137847900390623,10.817535400390623,11.392730712890623,8.170074462890625
2023-08-06,8.52288818359375,8.24652099609375,8.57171630859375,7.91937255859375,10.22503662109375,4.62542724609375
2023-08-07,10.7076416015625,11.2799072265625,10.6568603515625,10.8736572265625,12.2476806640625,8.9400634765625
2023-08-08,11.34356689453125,10.85430908203125,9.24884033203125,10.72247314453125,11.81817626953125,7.83184814453125
2023-08-09,9.4178466796875,10.3934326171875,8.2967529296875,9.2401123046875,12.0574951171875,5.9285888671875
2023-08-10,10.4471435546875,10.5389404296875,10.0946044921875,9.5086669921875,12.4266357421875,6.4188232421875
2023-08-11,11.733184814453123,12.639434814453123,11.324981689453123,11.501739501953123,13.262481689453123,8.331817626953125
2023-08-12,13.04425048828125,12.97784423828125,13.79034423828125,13.39874267578125,13.37042236328125,9.32257080078125
2023-08-13,13.26153564453125,13.40509033203125,12.13848876953125,12.53497314453125,12.63262939453125,8.72344970703125
2023-08-14,14.315673828125,14.115478515625,13.727783203125,13.893798828125,15.322509765625,10.377197265625
2023-08-15,14.87677001953125,14.91680908203125,14.29864501953125,14.60626220703125,16.02911376953125,10.52911376953125
2023-08-16,16.140106201171875,15.753387451171877,15.582489013671877,15.424285888671877,15.305145263671877,11.319793701171877
2023-08-17,14.57440185546875,14.59881591796875,12.31658935546875,13.44549560546875,15.30682373046875,11.58612060546875
2023-08-18,15.23077392578125,16.00909423828125,13.81964111328125,15.18194580078125,16.94073486328125,11.56475830078125
2023-08-19,15.483489990234377,15.733489990234377,14.665130615234377,14.615325927734377,17.242279052734375,11.729583740234377
2023-08-20,16.48052978515625,16.59674072265625,15.67584228515625,15.54986572265625,17.77447509765625,12.32037353515625
2023-08-21,16.133453369140625,17.864898681640625,15.605133056640623,16.524078369140625,16.898101806640625,12.225250244140623
2023-08-22,16.4794921875,17.419921875,15.498046875,16.5419921875,16.3369140625,11.3935546875
2023-08-23,15.78668212890625,15.28082275390625,15.90972900390625,15.86676025390625,17.69488525390625,14.09429931640625
2023-08-24,15.6876220703125,16.9962158203125,15.9356689453125,16.2677001953125,19.5157470703125,15.8985595703125
2023-08-25,16.572540283203125,17.990509033203125,15.648712158203123,16.988555908203125,18.441680908203125,16.407501220703125
2023-08-26,16.36328125,18.04296875,15.36328125,16.3583984375,16.4345703125,12.423828125
2023-08-27,12.820098876953123,13.170684814453123,10.842559814453123,11.833770751953123,12.724395751953123,9.058380126953123
2023-08-28,11.8358154296875,11.9852294921875,10.7840576171875,11.4705810546875,12.4774169921875,8.7557373046875
2023-08-29,11.936767578125,11.492431640625,8.035400390625,11.285400390625,9.195556640625,6.730712890625
2023-08-30,12.362884521484377,11.997650146484377,12.382415771484377,11.897064208984377,11.643157958984377,7.870697021484375
2023-08-31,12.69256591796875,13.37908935546875,14.12030029296875,13.02264404296875,12.62908935546875,9.12518310546875
2023-09-01,13.705535888671877,12.451629638671877,11.470184326171877,12.615692138671877,16.094207763671875,9.962371826171877
2023-09-02,13.1282958984375,11.4700927734375,10.2728271484375,11.8568115234375,13.7552490234375,9.2933349609375
2023-09-03,11.776580810546877,11.314666748046877,9.111541748046877,10.667205810546877,13.205291748046877,7.262908935546875
2023-09-04,11.9390869140625,11.6783447265625,10.5865478515625,11.4332275390625,14.2916259765625,8.9605712890625
2023-09-05,11.780517578125,11.476806640625,10.478759765625,11.617431640625,14.207275390625,8.924072265625
2023-09-06,10.254791259765623,10.326080322265623,10.212799072265623,10.128814697265623,12.540924072265623,6.674713134765625
2023-09-07,10.60491943359375,11.75921630859375,10.79730224609375,10.06976318359375,12.24554443359375,6.70745849609375
2023-09-08,11.507843017578123,11.740264892578123,11.909210205078123,11.201202392578123,12.998077392578123,7.163116455078125
2023-09-09,10.91937255859375,11.80706787109375,11.49163818359375,12.33245849609375,14.68695068359375,11.63128662109375
2023-09-10,12.15325927734375,14.90911865234375,11.12591552734375,12.95794677734375,16.51751708984375,13.86712646484375
2023-09-11,13.203216552734377,15.609466552734377,12.085052490234377,14.415130615234377,16.109466552734375,14.844818115234377
2023-09-12,12.784637451171877,13.535614013671877,11.317840576171877,13.978973388671877,14.151824951171877,12.697723388671877
2023-09-13,12.08978271484375,11.33489990234375,11.68841552734375,11.71575927734375,12.03704833984375,8.30169677734375
2023-09-14,12.204803466796877,12.571014404296877,11.122772216796877,11.990936279296877,13.429412841796877,10.330780029296877
2023-09-15,12.818878173828123,13.321807861328123,12.224151611328123,12.858917236328123,12.675323486328123,8.693878173828125
2023-09-16,13.02093505859375,14.04730224609375,12.11468505859375,12.83441162109375,17.68109130859375,12.92718505859375
2023-09-17,12.99957275390625,13.26617431640625,10.98980712890625,12.94586181640625,13.74957275390625,11.49859619140625
2023-09-18,11.974761962890623,13.099761962890623,10.672027587890623,11.911285400390623,15.104644775390623,11.495269775390623
2023-09-19,13.721405029296877,15.158905029296877,12.072967529296877,13.777069091796877,14.048553466796877,10.666717529296877
2023-09-20,15.295623779296877,16.991912841796875,13.345428466796877,14.404022216796877,14.498748779296877,11.736053466796877
2023-09-21,15.10455322265625,15.67974853515625,12.69342041015625,14.94927978515625,15.19927978515625,11.92388916015625
2023-09-22,12.192657470703123,11.346954345703123,9.783477783203123,11.848907470703123,12.275665283203123,9.499298095703123
2023-09-23,12.36651611328125,11.91632080078125,11.34893798828125,12.25225830078125,14.49835205078125,9.46807861328125
2023-09-24,9.879974365234377,10.337982177734377,8.367279052734375,10.213958740234377,11.892669677734377,7.021575927734375
2023-09-25,8.893707275390625,9.341949462890623,8.110504150390625,8.706207275390625,10.545074462890623,5.228668212890625
2023-09-26,8.257293701171875,8.782684326171875,9.158660888671877,8.280731201171875,8.765106201171875,4.664520263671875
2023-09-27,8.533416748046875,9.660369873046877,8.882049560546875,8.112518310546875,9.474822998046877,4.150604248046875
2023-09-28,10.343902587890623,9.811676025390623,8.354644775390625,9.089019775390623,11.214996337890623,3.895660400390625
2023-09-29,6.995025634765625,6.759674072265625,5.136627197265625,6.861236572265625,9.382720947265623,4.978424072265625
2023-09-30,8.293914794921875,8.539031982421875,7.503875732421875,7.113250732421875,9.375946044921877,3.266571044921875
2023-10-01,7.659576416015625,10.023834228515623,6.881256103515625,8.300201416015625,11.661529541015623,9.537506103515623
2023-10-02,11.883941650390623,10.251129150390623,10.896636962890623,11.652496337890623,11.226715087890623,6.205230712890625
2023-10-03,9.238311767578123,8.947296142578125,8.172882080078125,9.431671142578123,8.515655517578125,7.207061767578125
2023-10-04,6.589508056640625,7.076812744140625,8.195953369140625,6.922515869140625,8.504547119140625,3.732086181640625
2023-10-05,6.740966796875,8.909912109375,8.086669921875,8.295654296875,7.724365234375,5.037841796875
2023-10-06,9.714324951171877,7.483856201171875,7.985809326171875,9.270965576171877,12.012176513671877,6.536590576171875
2023-10-07,8.62640380859375,11.17816162109375,8.80413818359375,9.02288818359375,13.28460693359375,11.29241943359375
2023-10-08,7.738372802734375,7.836029052734375,7.852630615234375,7.056732177734375,9.692474365234377,3.012786865234375
2023-10-09,7.182464599609375,9.186370849609377,7.221527099609375,8.040863037109375,9.985198974609377,7.368988037109375
2023-10-10,8.512908935546875,11.190643310546877,8.040252685546875,10.359588623046877,12.342010498046877,9.250213623046877
2023-10-11,8.446075439453125,9.253692626953123,9.366973876953123,9.032012939453123,10.368927001953123,8.385528564453125
2023-10-12,7.488677978515625,10.837310791015623,6.855865478515625,9.382232666015623,9.691802978515623,9.235748291015623
2023-10-13,6.798126220703125,5.018829345703125,4.754180908203125,6.375274658203125,11.744415283203123,7.906524658203125
2023-10-14,2.979827880859375,2.419281005859375,3.758148193359375,3.575531005859375,7.451507568359375,3.440765380859375
2023-10-15,3.122711181640625,2.772125244140625,4.022125244140625,3.882476806640625,4.738922119140625,1.611968994140625
2023-10-16,4.058929443359375,6.715179443359375,4.487640380859375,4.457366943359375,9.791351318359377,4.768890380859375
2023-10-17,15.4139404296875,13.8670654296875,11.8065185546875,12.4686279296875,12.7674560546875,8.3065185546875
2023-10-18,16.58978271484375,16.02532958984375,12.26165771484375,14.08587646484375,14.50384521484375,10.44818115234375
2023-10-19,13.021331787109377,12.952972412109377,11.851409912109377,12.097503662109377,12.783050537109377,8.951995849609375
2023-10-20,9.04449462890625,8.86578369140625,8.58843994140625,8.14996337890625,9.29547119140625,6.48199462890625
2023-10-21,7.50665283203125,8.75665283203125,6.53204345703125,8.55450439453125,7.93048095703125,6.63165283203125
2023-10-22,10.297576904296877,12.157928466796877,9.566131591796877,11.446014404296877,12.026092529296877,9.793670654296877
2023-10-23,10.590789794921877,10.996063232421877,9.614227294921877,10.433563232421877,10.517547607421877,8.162078857421875
2023-10-24,9.876495361328123,10.301300048828123,8.635284423828125,9.803253173828123,10.756378173828123,7.100128173828125
2023-10-25,8.884063720703125,9.613555908203123,10.228790283203123,10.977813720703123,11.698516845703123,9.324493408203123
2023-10-26,7.308074951171875,7.889129638671875,7.269012451171875,6.109832763671875,9.060028076171877,5.648895263671875
2023-10-27,5.636566162109375,7.090667724609375,5.147308349609375,5.398284912109375,11.425628662109377,6.357269287109375
2023-10-28,6.145355224609375,8.333831787109375,6.004730224609375,5.965667724609375,8.394378662109375,5.020355224609375
2023-10-29,8.241180419921875,9.745086669921877,8.315399169921875,9.628875732421877,9.927703857421877,7.692352294921875
2023-10-30,8.529205322265625,9.323150634765623,5.836822509765625,8.078033447265625,9.116119384765623,5.538970947265625
2023-10-31,12.402862548828123,11.149932861328123,9.258331298828123,10.546417236328123,10.363800048828123,7.228057861328125
2023-11-01,4.974090576171875,7.189910888671875,4.518035888671875,6.951629638671875,6.285614013671875,4.988739013671875
2023-11-02,4.564483642578125,6.058624267578125,4.150421142578125,5.481475830078125,6.550811767578125,3.684600830078125
2023-11-03,8.008056640625,9.184814453125,8.058837890625,9.129150390625,9.096923828125,6.790283203125
2023-11-04,6.131927490234375,6.279388427734375,5.450286865234375,5.247161865234375,8.174896240234375,4.005950927734375
2023-11-05,9.250335693359377,10.017913818359377,8.537445068359375,10.287445068359377,10.450531005859377,7.556976318359375
2023-11-06,1.6226806640625,1.5406494140625,2.6217041015625,2.7711181640625,4.9713134765625,2.7330322265625
2023-11-07,0.071868896484375,2.776947021484375,0.069915771484375,0.537689208984375,4.727142333984375,1.854095458984375
2023-11-08,5.436614990234375,6.638763427734375,3.607513427734375,5.224700927734375,6.008880615234375,2.226654052734375
2023-11-09,1.288116455078125,-0.097625732421875,-0.070281982421875,0.631866455078125,3.444366455078125,-1.035125732421875
2023-11-10,0.655975341796875,1.502655029296875,0.418670654296875,4.291717529296875,1.758514404296875,-1.758087158203125
2023-11-11,2.078887939453125,4.062286376953125,2.440216064453125,3.001739501953125,3.741973876953125,3.780059814453125
2023-11-12,7.691986083984375,8.692962646484375,7.310150146484375,8.464447021484375,8.553314208984375,5.278900146484375
2023-11-13,2.296112060546875,1.323455810546875,1.215057373046875,2.190643310546875,4.626190185546875,-2.125762939453125
2023-11-14,-1.125823974609375,0.868316650390625,-0.693206787109375,-1.266448974609375,2.360504150390625,-0.271331787109375
2023-11-15,0.489410400390625,-1.095550537109375,-1.711761474609375,0.214019775390625,2.741363525390625,-1.332855224609375
2023-11-16,-0.91217041015625,-2.82818603515625,-4.41802978515625,-2.75006103515625,-2.09381103515625,-6.87994384765625
2023-11-17,-2.693267822265625,0.660247802734375,-2.518463134765625,0.416107177734375,2.577239990234375,-0.572174072265625
2023-11-18,-0.02227783203125,0.28631591796875,1.48260498046875,0.30975341796875,4.60858154296875,0.64764404296875
2023-11-19,4.13250732421875,3.15399169921875,3.24774169921875,4.59246826171875,6.75555419921875,2.76824951171875
2023-11-20,3.902587890625,2.081298828125,1.440673828125,2.947509765625,4.276611328125,1.669189453125
2023-11-21,1.453277587890625,2.162261962890625,4.774566650390625,3.468902587890625,8.218902587890625,5.029449462890625
2023-11-22,1.063629150390625,-0.436370849609375,1.894683837890625,4.235504150390625,6.175933837890625,3.276519775390625
2023-11-23,-5.423248291015625,-6.981842041015625,-9.453521728515623,-8.340240478515625,-7.013092041015625,-12.181060791015623
2023-11-24,-5.6539306640625,-5.5465087890625,-15.7340087890625,-8.4078369140625,-7.2769775390625,-19.2584228515625
2023-11-25,0.606109619140625,1.560211181640625,-1.208343505859375,0.385406494140625,-0.479827880859375,-3.521820068359375
2023-11-26,-1.54779052734375,-2.78314208984375,-1.68743896484375,-1.14251708984375,1.42877197265625,-1.36419677734375
2023-11-27,-5.673126220703125,-2.456329345703125,-3.567657470703125,-1.238555908203125,1.645233154296875,-2.844024658203125
2023-11-28,8.957672119140625,7.841461181640625,5.052398681640625,6.123687744140625,7.111968994140625,3.206695556640625
2023-11-29,13.149993896484377,11.398040771484377,8.330657958984375,10.521087646484377,9.728118896484377,5.074798583984375
2023-11-30,7.332061767578125,7.796905517578125,5.347686767578125,7.763702392578125,6.631866455078125,3.376007080078125
2023-12-01,-5.3221435546875,-5.8446044921875,-5.6063232421875,-4.0428466796875,-0.7908935546875,-4.4842529296875
2023-12-02,-1.995635986328125,-1.227081298828125,-1.712432861328125,-1.358917236328125,2.293426513671875,-4.244659423828125
2023-12-03,-2.831085205078125,-0.665069580078125,-0.895538330078125,0.309539794921875,1.405242919921875,-1.937530517578125
2023-12-04,1.410003662109375,0.360198974609375,1.316253662109375,1.127777099609375,2.946136474609375,-0.552886962890625
2023-12-05,-1.599273681640625,-2.874664306640625,-4.704742431640625,-3.217437744140625,-2.971343994140625,-7.597320556640625
2023-12-06,-3.971466064453125,-4.011505126953125,-6.708770751953125,-5.134552001953125,-4.420684814453125,-13.925567626953123
2023-12-07,-4.223175048828125,-2.824737548828125,-4.133331298828125,-3.660675048828125,-1.339385986328125,-5.528839111328125
2023-12-08,-1.582794189453125,-1.415802001953125,-1.994903564453125,-0.710723876953125,-0.775177001953125,-4.625762939453125
2023-12-09,0.105133056640625,0.585601806640625,0.091461181640625,-0.093109130859375,1.391265869140625,-0.614593505859375
2023-12-10,-0.199737548828125,1.506317138671875,-0.022979736328125,0.773895263671875,5.086395263671875,0.875457763671875
2023-12-11,8.90985107421875,8.94989013671875,6.82098388671875,9.39324951171875,7.84832763671875,3.84344482421875
2023-12-12,2.829742431640625,1.054351806640625,0.327789306640625,1.763336181640625,2.985015869140625,-1.079437255859375
2023-12-13,-1.244354248046875,-3.247283935546875,-4.549041748046875,-3.405487060546875,-1.613494873046875,-6.402557373046875
2023-12-14,-1.751617431640625,-4.021148681640625,-5.889312744140625,-4.647125244140625,-3.614898681640625,-10.493804931640623
2023-12-15,-3.723419189453125,-2.251739501953125,-1.899200439453125,-2.904083251953125,-1.376739501953125,-7.482208251953125
2023-12-16,-2.208282470703125,2.208709716796875,2.452850341796875,0.450897216796875,0.875701904296875,-1.671173095703125
2023-12-17,-2.1923828125,1.322265625,-0.8115234375,0.2958984375,8.490234375,1.896484375
2023-12-18,0.442474365234375,9.1552734375e-05,-1.425689697265625,-0.770416259765625,0.242279052734375,-6.897369384765625
2023-12-19,-1.141448974609375,0.917144775390625,-1.597503662109375,-1.495941162109375,0.684722900390625,-4.828948974609375
2023-12-20,-2.8218994140625,-3.0601806640625,-3.3023681640625,-2.4586181640625,-0.1910400390625,-5.5972900390625
2023-12-21,-1.336334228515625,-0.397857666015625,-0.935943603515625,-0.372467041015625,3.188079833984375,-1.424224853515625
2023-12-22,-1.5487060546875,0.0899658203125,-0.4139404296875,-0.0614013671875,4.4903564453125,1.0382080078125
2023-12-23,-1.575042724609375,1.606597900390625,-0.694183349609375,0.434722900390625,5.658355712890625,4.071441650390625
2023-12-24,-1.57562255859375,1.15972900390625,0.06988525390625,-0.79730224609375,2.03863525390625,-1.33831787109375
2023-12-25,-1.63525390625,1.72314453125,-0.22509765625,0.45068359375,8.46728515625,4.01611328125
2023-12-26,-1.637054443359375,0.240875244140625,-1.298187255859375,-0.501312255859375,2.537750244140625,0.884429931640625
2023-12-27,-2.33648681640625,0.28656005859375,-1.73004150390625,-0.06304931640625,0.20745849609375,0.68890380859375
2023-12-28,-1.506317138671875,1.420440673828125,-0.361785888671875,1.464385986328125,2.324737548828125,0.378448486328125
2023-12-29,-0.72906494140625,1.55413818359375,1.06585693359375,1.48675537109375,3.43695068359375,-1.41461181640625
2023-12-30,2.076385498046875,2.779510498046875,1.881072998046875,2.706268310546875,4.153533935546875,0.778533935546875
2023-12-31,0.5582275390625,2.4742431640625,0.7857666015625,2.1676025390625,3.6334228515625,0.4156494140625
2024-01-01,1.603668212890625,2.634918212890625,2.357574462890625,3.786285400390625,4.270660400390625,0.727691650390625
2024-01-02,-1.804595947265625,-0.700103759765625,-0.869049072265625,0.975677490234375,3.310638427734375,-2.068267822265625
2024-01-03,8.324249267578125,7.400421142578125,4.346710205078125,5.612335205078125,6.211944580078125,2.189483642578125
2024-01-04,2.947021484375,4.311279296875,1.487060546875,2.835693359375,3.293701171875,0.039794921875
2024-01-05,1.829345703125,0.674072265625,0.442626953125,1.366455078125,1.772705078125,-1.161865234375
2024-01-06,-5.453460693359375,-7.134124755859375,-7.008148193359375,-5.162445068359375,-2.327484130859375,-6.446624755859375
2024-01-07,-5.697967529296875,-7.123748779296875,-8.025115966796875,-6.295623779296875,-4.450897216796875,-10.438201904296877
2024-01-08,-7.61016845703125,-6.46661376953125,-5.85235595703125,-6.13262939453125,-5.44610595703125,-12.11505126953125
2024-01-09,-8.993438720703125,-10.192657470703123,-8.113555908203125,-6.549102783203125,-6.529571533203125,-14.334259033203123
2024-01-10,-5.92193603515625,-7.01080322265625,-8.52349853515625,-6.45025634765625,-6.59967041015625,-13.69927978515625
2024-01-11,-8.389862060546875,-6.518768310546875,-8.196502685546875,-5.787322998046875,-3.741424560546875,-5.946502685546875
2024-01-12,-3.863250732421875,-4.038055419921875,-4.274383544921875,-3.412078857421875,-0.363250732421875,-4.653289794921875
2024-01-13,-0.8797607421875,-0.5057373046875,0.6583251953125,0.9552001953125,3.7843017578125,-0.0858154296875
2024-01-14,-6.6822509765625,-6.4674072265625,-3.9527587890625,-3.5523681640625,-0.4302978515625,-6.1822509765625
2024-01-15,7.071807861328125,6.740753173828125,4.289581298828125,5.853057861328125,5.377471923828125,1.607940673828125
2024-01-16,3.445343017578125,5.731475830078125,3.363311767578125,4.751007080078125,5.657257080078125,1.578155517578125
2024-01-17,-3.767974853515625,-5.206451416015625,-6.108795166015625,-4.057037353515625,3.331634521484375,-1.567779541015625
2024-01-18,-9.694610595703123,-8.293243408203125,-9.638946533203123,-8.483673095703125,-5.735626220703125,-9.304962158203123
2024-01-19,-10.802642822265623,-6.919830322265625,-8.680572509765625,-11.514556884765623,-7.178619384765625,-15.962799072265623
2024-01-20,-7.0799560546875,-2.7967529296875,-4.3426513671875,-4.4442138671875,0.9844970703125,-1.8895263671875
2024-01-21,-3.68719482421875,-2.84832763671875,-6.44305419921875,-4.23211669921875,-1.52801513671875,-7.49383544921875
2024-01-22,-4.111053466796875,0.319610595703125,-3.217498779296875,-2.627655029296875,3.713165283203125,1.335235595703125
2024-01-23,-6.506866455078125,-3.141632080078125,-5.589874267578125,-5.864288330078125,-4.171905517578125,-11.558624267578123
2024-01-24,-5.559356689453125,-3.412872314453125,-4.182403564453125,-5.810333251953125,-3.105255126953125,-10.230255126953123
2024-01-25,-2.271148681640625,-3.491851806640625,-6.026031494140625,-5.646148681640625,-3.809234619140625,-8.849273681640625
2024-01-26,-1.448944091796875,-2.768280029296875,-5.003631591796875,-3.029022216796875,-2.318084716796875,-6.963592529296875
2024-01-27,-5.322509765625,-7.310791015625,-10.367431640625,-7.489501953125,-5.801025390625,-13.717041015625
2024-01-28,-6.3072509765625,-4.2838134765625,-6.2642822265625,-5.0191650390625,-4.3853759765625,-13.4429931640625
2024-01-29,-3.38665771484375,-0.48626708984375,-2.44329833984375,-2.76458740234375,-3.56341552734375,-5.12493896484375
2024-01-30,0.968719482421875,0.424774169921875,-2.173858642578125,-0.289093017578125,-1.510772705078125,-5.333038330078125
2024-01-31,-3.055267333984375,-3.269134521484375,-6.641204833984375,-3.596282958984375,-3.422454833984375,-10.550384521484377
2024-02-01,-1.571197509765625,-1.673736572265625,-2.838775634765625,-2.629791259765625,-2.704986572265625,-8.810455322265625
2024-02-02,-1.811187744140625,0.181976318359375,-1.799468994140625,-0.874664306640625,3.935882568359375,1.569671630859375
2024-02-03,-1.892303466796875,1.257110595703125,0.714141845703125,-0.907928466796875,-0.900115966796875,0.604766845703125
2024-02-04,-0.885955810546875,-0.294158935546875,-0.421112060546875,0.705841064453125,3.339630126953125,-1.520721435546875
2024-02-05,-0.610198974609375,1.129058837890625,0.121246337890625,0.177886962890625,3.459136962890625,-0.870941162109375
2024-02-06,0.054046630859375,0.940765380859375,0.243499755859375,0.377288818359375,3.773773193359375,-3.681304931640625
2024-02-07,7.366943359375,5.477294921875,2.895263671875,3.164794921875,2.659912109375,-0.063720703125
2024-02-08,5.959564208984375,5.387298583984375,2.698822021484375,4.541595458984375,4.722259521484375,1.142181396484375
2024-02-09,3.48223876953125,3.63653564453125,1.44317626953125,2.97247314453125,3.63848876953125,0.24981689453125
2024-02-10,3.20623779296875,2.59686279296875,-0.83184814453125,0.96990966796875,1.64276123046875,-4.94415283203125
2024-02-11,0.934661865234375,-0.695220947265625,-2.288970947265625,-0.586822509765625,0.255950927734375,-3.722564697265625
2024-02-12,-3.18377685546875,-3.19647216796875,-5.41912841796875,-3.66912841796875,-2.87615966796875,-12.34686279296875
2024-02-13,-1.817047119140625,-0.384429931640625,-1.761383056640625,-0.678375244140625,-1.775054931640625,-9.651031494140623
2024-02-14,-2.516937255859375,-0.122406005859375,-1.764984130859375,-0.905609130859375,2.505523681640625,-1.770843505859375
2024-02-15,0.743316650390625,1.320465087890625,1.054840087890625,2.300933837890625,0.255035400390625,-1.456878662109375
2024-02-16,0.616363525390625,1.587066650390625,-1.354339599609375,-1.693206787109375,-1.385589599609375,-8.723480224609375
2024-02-17,1.313629150390625,1.316558837890625,1.086090087890625,-0.176605224609375,0.671051025390625,-3.246917724609375
2024-02-18,-1.225067138671875,-0.911590576171875,-1.990692138671875,-1.245574951171875,-0.576629638671875,-8.372528076171875
2024-02-19,-2.381927490234375,-1.237396240234375,-3.022552490234375,-2.587005615234375,2.486236572265625,-3.978607177734375
2024-02-20,1.85577392578125,2.58917236328125,0.70831298828125,1.86163330078125,2.23077392578125,-2.03582763671875
2024-02-21,8.238433837890625,7.096832275390625,4.123199462890625,6.040191650390625,4.485504150390625,1.716949462890625
2024-02-22,3.591156005859375,4.098968505859375,1.766937255859375,3.882171630859375,4.935882568359375,0.397796630859375
2024-02-23,2.956085205078125,4.534210205078125,0.598663330078125,2.677764892578125,2.395538330078125,0.153350830078125
2024-02-24,1.683441162109375,3.247894287109375,1.120941162109375,1.974456787109375,3.656097412109375,0.118011474609375
2024-02-25,4.325408935546875,4.609588623046875,2.296112060546875,3.716033935546875,4.584197998046875,0.865447998046875
2024-02-26,2.925567626953125,4.822052001953125,3.288848876953125,3.040802001953125,4.924591064453125,-0.093963623046875
2024-02-27,5.094879150390625,5.355621337890625,3.834136962890625,4.947418212890625,6.079254150390625,1.873199462890625
2024-02-28,1.002197265625,1.994384765625,0.026611328125,0.630126953125,1.844970703125,-1.553466796875
2024-02-29,0.3153076171875,1.0506591796875,-0.5137939453125,0.5906982421875,2.8582763671875,-1.3360595703125
2024-03-01,0.845062255859375,0.659515380859375,1.363616943359375,0.086273193359375,3.151702880859375,-3.320953369140625
2024-03-02,4.304107666015625,3.981842041015625,0.277740478515625,1.500396728515625,1.330474853515625,-1.450775146484375
2024-03-03,1.436767578125,2.580322265625,1.145751953125,1.867431640625,1.562744140625,-0.906005859375
2024-03-04,2.403350830078125,2.481475830078125,0.397491455078125,2.282257080078125,2.814483642578125,-0.271453857421875
2024-03-05,-0.977569580078125,-1.913116455078125,-2.681671142578125,-1.655303955078125,0.792938232421875,-3.190460205078125
2024-03-06,-0.869140625,-1.3447265625,-2.32421875,-1.22265625,-0.767578125,-6.9560546875
2024-03-07,3.3800048828125,3.7618408203125,2.4093017578125,3.3868408203125,4.0499267578125,0.3555908203125
2024-03-08,6.857635498046875,6.756072998046875,3.983612060546875,5.326385498046875,7.065643310546875,3.874237060546875
2024-03-09,0.849884033203125,2.591094970703125,1.209259033203125,1.923126220703125,3.152618408203125,0.431915283203125
2024-03-10,-0.611053466796875,1.084259033203125,-2.442108154296875,1.136993408203125,1.649688720703125,-2.813201904296875
2024-03-11,3.524017333984375,2.233978271484375,0.571868896484375,1.609954833984375,1.068939208984375,-2.647857666015625
2024-03-12,-1.683502197265625,-1.430572509765625,-4.357330322265625,-1.770416259765625,-1.121002197265625,-7.311431884765625
2024-03-13,1.537139892578125,1.863311767578125,-1.323211669921875,0.264678955078125,1.751983642578125,-1.546844482421875
2024-03-14,5.720428466796875,5.087615966796875,2.769256591796875,4.747772216796875,4.997772216796875,1.387420654296875
2024-03-15,0.168060302734375,1.432708740234375,-1.651275634765625,1.569427490234375,0.459075927734375,-6.717681884765625
2024-03-16,5.933746337890625,4.623199462890625,2.043121337890625,3.003082275390625,4.679840087890625,0.495269775390625
2024-03-17,-2.304290771484375,-3.443939208984375,-5.690032958984375,-4.270111083984375,-2.839447021484375,-12.003509521484377
2024-03-18,-2.35589599609375,0.48101806640625,-2.99066162109375,-0.85491943359375,0.39312744140625,-3.51409912109375
2024-03-19,1.30047607421875,1.01336669921875,0.75848388671875,1.14129638671875,1.42742919921875,-1.32940673828125
2024-03-20,0.806121826171875,1.181121826171875,-1.520050048828125,1.436004638671875,0.630340576171875,-3.593292236328125
2024-03-21,4.197540283203125,5.235626220703125,2.641876220703125,3.427032470703125,5.036407470703125,-0.208709716796875
2024-03-22,0.966156005859375,0.076507568359375,0.446624755859375,1.038421630859375,4.008148193359375,0.744476318359375
2024-03-23,-2.794525146484375,-3.656829833984375,-4.160736083984375,-3.640228271484375,-0.197845458984375,-4.500579833984375
2024-03-24,4.324371337890625,3.715972900390625,3.722808837890625,3.350738525390625,5.851715087890625,1.343902587890625
2024-03-25,8.242950439453125,8.455841064453125,7.106231689453125,7.992950439453125,7.398223876953125,3.851348876953125
2024-03-26,8.414337158203125,6.928985595703125,5.506134033203125,7.078399658203125,6.263946533203125,2.216094970703125
2024-03-27,6.217559814453125,7.907989501953125,5.446075439453125,6.295684814453125,9.851348876953123,4.952911376953125
2024-03-28,8.22991943359375,9.82659912109375,4.22308349609375,6.03656005859375,8.87347412109375,4.56683349609375
2024-03-29,10.103729248046877,10.610565185546877,6.267791748046875,7.949432373046875,9.165252685546877,3.820526123046875
2024-03-30,11.623260498046877,10.998260498046877,7.809783935546875,10.154510498046877,8.156463623046875,5.688690185546875
2024-03-31,1.992340087890625,2.571441650390625,-0.726409912109375,1.172027587890625,1.710113525390625,-2.272308349609375
2024-04-01,4.392181396484375,5.422454833984375,3.471282958984375,5.205657958984375,6.600189208984375,4.130462646484375
2024-04-02,3.634002685546875,4.597869873046875,2.438690185546875,3.425994873046875,4.362518310546875,3.745330810546875
2024-04-03,4.438446044921875,5.635711669921875,4.431610107421875,6.155242919921875,6.202117919921875,4.818328857421875
2024-04-04,8.137298583984375,8.448822021484375,8.160736083984375,9.045501708984377,7.912689208984375,6.852142333984375
2024-04-05,7.191192626953125,6.973419189453125,7.561309814453125,6.509552001953125,7.768341064453125,2.141387939453125
2024-04-06,6.628570556640625,7.947906494140625,5.899078369140625,6.644195556640625,11.076812744140623,7.259429931640625
2024-04-07,8.009979248046875,8.938690185546875,6.484588623046875,8.373260498046875,11.523651123046877,8.647674560546875
2024-04-08,8.794830322265625,8.014556884765625,7.412017822265625,8.452056884765625,10.111236572265623,4.665924072265625
2024-04-09,7.85223388671875,8.05340576171875,6.23211669921875,6.94696044921875,9.19305419921875,2.54754638671875
2024-04-10,8.287628173828125,9.402862548828123,7.695831298828125,8.618682861328125,10.357940673828123,3.413604736328125
2024-04-11,7.555816650390625,9.338043212890623,7.611480712890625,7.387847900390625,8.582183837890625,3.358551025390625
2024-04-12,8.206512451171875,11.036590576171877,7.922332763671875,9.317840576171877,13.423309326171877,9.558074951171877
2024-04-13,9.384429931640623,11.948883056640623,6.802398681640625,8.941070556640625,9.160797119140623,5.282867431640625
2024-04-14,10.964569091796877,10.605194091796877,8.176483154296875,9.723358154296877,8.427459716796875,6.280975341796875
2024-04-15,3.088043212890625,1.665191650390625,1.273590087890625,2.835113525390625,4.008941650390625,-0.365081787109375
2024-04-16,2.572845458984375,2.042572021484375,0.216400146484375,1.942962646484375,1.016204833984375,-0.859771728515625
2024-04-17,-0.559295654296875,-0.120819091796875,-1.281951904296875,-0.341522216796875,1.060821533203125,-4.839569091796875
2024-04-18,3.862335205078125,2.185577392578125,0.372100830078125,1.968780517578125,2.511749267578125,-0.984344482421875
2024-04-19,-0.928375244140625,0.643890380859375,-3.801422119140625,-0.827789306640625,-2.742828369140625,-8.721343994140625
2024-04-20,0.3631591796875,2.8592529296875,0.6151123046875,1.7762451171875,4.8807373046875,0.0223388671875
2024-04-21,3.391387939453125,5.121856689453125,3.438262939453125,4.821075439453125,5.193145751953125,2.030059814453125
2024-04-22,0.91937255859375,2.02972412109375,-0.01226806640625,2.39886474609375,2.85101318359375,-0.20953369140625
2024-04-23,-0.026214599609375,0.604644775390625,-0.943206787109375,0.825347900390625,2.649566650390625,-2.829925537109375
2024-04-24,1.6407470703125,2.2608642578125,1.1700439453125,1.8897705078125,2.4952392578125,0.3829345703125
2024-04-25,4.367706298828125,5.070831298828125,3.199737548828125,4.099151611328125,5.223175048828125,2.635284423828125
2024-04-26,6.6363525390625,7.6226806640625,7.3121337890625,6.7203369140625,7.2799072265625,3.2076416015625
2024-04-27,6.188446044921875,6.553680419921875,7.262664794921875,6.165008544921875,6.333953857421875,1.184539794921875
2024-04-28,7.458404541015625,8.163482666015625,7.808013916015625,7.115631103515625,8.508209228515625,3.653717041015625
2024-04-29,9.100799560546877,7.592010498046875,7.589080810546875,7.861541748046875,9.513885498046877,5.454315185546875
2024-04-30,6.722686767578125,6.520538330078125,6.313507080078125,5.830108642578125,7.720733642578125,3.495147705078125
2024-05-01,6.005889892578125,6.375030517578125,3.195343017578125,5.095733642578125,5.110382080078125,1.403350830078125
2024-05-02,5.73944091796875,4.92401123046875,5.18182373046875,4.91033935546875,5.17889404296875,1.15057373046875
2024-05-03,6.1688232421875,7.1541748046875,4.8143310546875,6.0252685546875,7.3739013671875,4.8397216796875
2024-05-04,7.15985107421875,8.39813232421875,5.66961669921875,7.02215576171875,9.20281982421875,6.20867919921875
2024-05-05,7.53961181640625,8.38140869140625,7.57476806640625,7.56304931640625,10.14117431640625,7.12750244140625
2024-05-06,11.17529296875,10.45849609375,8.92431640625,10.46923828125,10.93408203125,6.71630859375
2024-05-07,9.2467041015625,6.9468994140625,7.1402587890625,7.6744384765625,10.0181884765625,6.5347900390625
2024-05-08,6.074493408203125,5.606719970703125,4.180938720703125,4.860626220703125,7.322540283203125,3.535430908203125
2024-05-09,6.063751220703125,7.122344970703125,5.087188720703125,5.798126220703125,6.113555908203125,1.288360595703125
2024-05-10,7.0482177734375,6.7640380859375,4.9613037109375,6.8704833984375,4.8675537109375,1.0511474609375
2024-05-11,6.275054931640625,6.028961181640625,5.859039306640625,5.833648681640625,9.319976806640623,5.256500244140625
2024-05-12,9.256103515625,8.639892578125,6.250244140625,7.834228515625,7.251220703125,4.315673828125
2024-05-13,6.748565673828125,7.647979736328125,5.619659423828125,6.647979736328125,8.042510986328125,5.116729736328125
2024-05-14,9.688751220703123,10.158477783203123,10.523712158203123,10.820587158203123,14.025665283203123,8.576446533203125
2024-05-15,9.46038818359375,10.82073974609375,9.49456787109375,9.64984130859375,14.13323974609375,8.74554443359375
2024-05-16,11.702362060546877,12.274627685546877,9.853729248046877,12.082244873046877,13.865447998046877,11.371307373046877
2024-05-17,13.086212158203123,12.528594970703123,11.710235595703123,12.576446533203123,13.734649658203123,11.192657470703123
2024-05-18,11.5546875,12.904296875,10.83203125,12.02734375,12.9755859375,10.6884765625
2024-05-19,10.696319580078123,11.804718017578123,9.206085205078123,10.774444580078123,12.572296142578123,9.037139892578123
2024-05-20,8.519134521484375,8.570892333984375,6.204681396484375,7.559173583984375,9.351165771484377,5.276947021484375
2024-05-21,8.837738037109375,10.243988037109377,7.950042724609375,9.058441162109377,8.483245849609375,6.125823974609375
2024-05-22,9.951751708984377,8.976165771484375,10.118743896484377,9.580657958984377,9.811126708984377,6.153900146484375
2024-05-23,10.593292236328123,9.578643798828123,8.724151611328125,10.037628173828123,11.027862548828123,7.932159423828125
2024-05-24,9.917205810546877,8.508026123046875,7.452362060546875,8.346893310546875,8.602752685546875,4.894744873046875
2024-05-25,9.5478515625,9.2568359375,7.55859375,9.1171875,9.1728515625,7.40625
2024-05-26,9.0411376953125,10.0118408203125,8.7110595703125,10.2764892578125,8.9981689453125,5.3995361328125
2024-05-27,8.380126953125,9.394775390625,6.514892578125,9.144775390625,10.388916015625,5.103759765625
2024-05-28,8.7830810546875,9.1971435546875,8.7596435546875,7.9793701171875,8.9910888671875,4.9842529296875
2024-05-29,12.886688232421877,13.597625732421877,11.422821044921877,12.123992919921877,12.127899169921877,8.609344482421875
2024-05-30,10.57623291015625,11.28326416015625,10.70513916015625,10.88970947265625,12.69146728515625,9.77154541015625
2024-05-31,13.022064208984377,14.011322021484377,10.793548583984377,12.691009521484377,12.816009521484377,10.605072021484377
2024-06-01,9.974517822265623,11.329986572265623,8.283111572265625,10.640533447265623,13.081939697265623,8.317291259765625
2024-06-02,10.767791748046877,12.200408935546877,8.100799560546875,10.242401123046877,12.115447998046877,9.356658935546877
2024-06-03,10.561614990234377,11.095794677734377,9.023529052734377,11.370208740234377,9.725677490234377,7.129974365234375
2024-06-04,12.60809326171875,11.66961669921875,12.21063232421875,11.56707763671875,13.21356201171875,9.08367919921875
2024-06-05,13.760223388671877,13.900848388671877,14.106903076171877,13.816864013671877,14.293426513671877,10.588348388671877
2024-06-06,13.91558837890625,14.67828369140625,12.09527587890625,14.32379150390625,15.41070556640625,13.22906494140625
2024-06-07,15.13018798828125,17.19757080078125,14.72784423828125,15.25811767578125,18.89874267578125,13.36065673828125
2024-06-08,13.602508544921877,14.454071044921877,11.415985107421877,13.375946044921877,15.627899169921877,10.812469482421877
2024-06-09,12.3818359375,13.5380859375,10.720703125,12.279296875,13.8779296875,11.7802734375
2024-06-10,14.1513671875,14.42578125,11.0908203125,13.10546875,13.8603515625,10.978515625
2024-06-11,12.233367919921877,11.913055419921877,10.052703857421877,11.762664794921877,13.062469482421877,10.706024169921877
2024-06-12,10.295806884765623,9.004791259765625,9.692291259765623,9.856353759765623,11.768463134765623,8.719635009765625
2024-06-13,12.5130615234375,13.5950927734375,10.0433349609375,12.9583740234375,11.7083740234375,11.0062255859375
2024-06-14,13.389556884765623,14.238189697265623,12.027252197265623,15.054595947265623,15.284088134765623,13.832916259765623
2024-06-15,15.102569580078123,14.655303955078123,14.740264892578123,14.251007080078123,14.619171142578123,11.014678955078123
2024-06-16,15.867828369140623,15.622711181640623,15.471343994140623,15.528961181640623,16.748687744140625,12.558258056640623
2024-06-17,16.235260009765625,19.389556884765625,16.754791259765625,19.023345947265625,17.096588134765625,14.701080322265623
2024-06-18,17.65826416015625,17.77545166015625,16.55670166015625,16.81256103515625,18.67974853515625,12.87115478515625
2024-06-19,18.913055419921875,21.025360107421875,18.504852294921875,18.967742919921875,18.484344482421875,15.398406982421877
2024-06-20,16.673431396484375,18.63534545898437,16.614837646484375,17.829681396484375,19.44100952148437,17.681243896484375
2024-06-21,17.50030517578125,16.39971923828125,15.63800048828125,16.53057861328125,16.75714111328125,12.62335205078125
2024-06-22,15.904022216796877,16.021209716796875,13.341522216796877,14.738983154296877,15.518280029296877,11.581756591796877
2024-06-23,14.77056884765625,14.66119384765625,13.36724853515625,14.79107666015625,16.30181884765625,12.62408447265625
2024-06-24,14.967620849609377,15.818206787109377,13.250823974609377,15.415863037109377,14.262542724609377,13.310394287109377
2024-06-25,12.9578857421875,13.5887451171875,11.3446044921875,13.0223388671875,11.8524169921875,9.2420654296875
2024-06-26,14.7266845703125,14.4805908203125,13.2022705078125,14.0137939453125,15.4239501953125,10.0147705078125
2024-06-27,15.90313720703125,14.36407470703125,14.47930908203125,14.83380126953125,15.57598876953125,11.04473876953125
2024-06-28,16.602081298828125,17.288604736328125,14.762237548828123,15.961456298828123,21.631378173828125,16.879425048828125
2024-06-29,16.460845947265625,18.347564697265625,15.392486572265623,16.486236572265625,18.763580322265625,17.318267822265625
2024-06-30,13.441925048828123,12.193878173828123,10.467315673828123,12.123565673828123,14.015167236328123,10.053253173828123
2024-07-01,10.62408447265625,10.43951416015625,9.44244384765625,10.26666259765625,12.14654541015625,8.48443603515625
2024-07-02,11.09320068359375,12.13812255859375,11.01605224609375,10.74261474609375,11.09515380859375,6.38226318359375
2024-07-03,12.1058349609375,11.7669677734375,12.9964599609375,12.0960693359375,12.7679443359375,8.4788818359375
2024-07-04,13.57574462890625,14.85797119140625,12.56304931640625,13.92242431640625,16.36187744140625,13.86968994140625
2024-07-05,15.409027099609377,16.216644287109375,14.926605224609377,16.974456787109375,17.748870849609375,16.842620849609375
2024-07-06,17.526702880859375,17.691741943359375,17.154632568359375,16.680999755859375,17.404632568359375,13.066741943359377
2024-07-07,17.190155029296875,17.046600341796875,15.719451904296877,16.245819091796875,18.640350341796875,12.663787841796877
2024-07-08,16.902496337890625,17.475738525390625,18.630035400390625,17.393707275390625,16.710113525390625,13.237457275390623
2024-07-09,17.965667724609375,17.746917724609375,19.18539428710937,17.647308349609375,19.31625366210937,14.484222412109377
2024-07-10,18.15438842773437,19.06552124023437,16.770599365234375,18.93661499023437,19.71493530273437,17.637786865234375
2024-07-11,19.09017944335937,20.61068725585937,16.781585693359375,20.71420288085937,19.82455444335937,17.156585693359375
2024-07-12,19.3345947265625,21.0885009765625,19.5338134765625,20.4166259765625,18.7476806640625,16.3023681640625
2024-07-13,19.40338134765625,19.43658447265625,20.78619384765625,19.71002197265625,18.87896728515625,15.65142822265625
2024-07-14,20.062744140625,20.484619140625,19.604736328125,20.876220703125,18.137939453125,15.113525390625
2024-07-15,18.72747802734375,19.24212646484375,18.27630615234375,17.89056396484375,19.87200927734375,15.00189208984375
2024-07-16,17.96136474609375,18.11370849609375,16.54339599609375,17.23675537109375,17.53363037109375,13.78753662109375
2024-07-17,17.54248046875,18.46240234375,15.78271484375,17.33154296875,18.81591796875,13.79638671875
2024-07-18,16.88214111328125,16.58819580078125,14.51788330078125,16.49542236328125,19.43194580078125,14.87432861328125
2024-07-19,17.99859619140625,16.72320556640625,15.03668212890625,17.25738525390625,17.67437744140625,13.78765869140625
2024-07-20,17.181243896484375,17.576751708984375,15.651947021484377,16.529876708984375,18.37948608398437,12.689056396484377
2024-07-21,16.79217529296875,16.38299560546875,14.96014404296875,15.84002685546875,17.20135498046875,11.50604248046875
2024-07-22,14.342010498046877,14.017791748046877,13.080291748046877,14.090057373046877,15.884002685546877,11.344940185546877
2024-07-23,12.93365478515625,12.44537353515625,10.38677978515625,12.02056884765625,13.62310791015625,7.29986572265625
2024-07-24,12.379791259765623,13.126861572265623,12.143463134765623,11.598541259765623,13.690338134765623,7.720611572265625
2024-07-25,14.7259521484375,14.5726318359375,15.9173583984375,14.8890380859375,15.7171630859375,10.9525146484375
2024-07-26,18.417236328125,18.597900390625,17.203369140625,17.603759765625,17.513916015625,13.104736328125
2024-07-27,14.974639892578123,14.374053955078123,13.270538330078123,14.235382080078123,17.417022705078125,11.619171142578123
2024-07-28,12.15313720703125,12.11407470703125,11.08477783203125,10.93438720703125,14.12188720703125,8.21759033203125
2024-07-29,13.476409912109377,13.282073974609377,14.192230224609377,13.612152099609377,14.577972412109377,8.910980224609375
2024-07-30,15.3653564453125,17.0802001953125,14.4708251953125,16.2901611328125,17.3653564453125,17.2677001953125
2024-07-31,15.695953369140623,16.514312744140625,14.981109619140623,16.143218994140625,17.927398681640625,15.939117431640623
2024-08-01,14.359832763671877,14.137176513671877,13.168426513671877,14.835418701171877,16.211395263671875,10.544403076171877
2024-08-02,13.579376220703123,13.350860595703123,12.464141845703123,13.233673095703123,15.970001220703123,9.573516845703123
2024-08-03,15.235595703125,14.754150390625,14.324462890625,14.215087890625,15.947509765625,10.650634765625
2024-08-04,13.09747314453125,12.96075439453125,13.05450439453125,12.92657470703125,15.80743408203125,10.40509033203125
2024-08-05,15.14398193359375,14.57757568359375,15.46917724609375,15.54339599609375,16.94573974609375,12.18890380859375
2024-08-06,15.436279296875,16.342529296875,14.462646484375,16.043701171875,15.865966796875,11.177490234375
2024-08-07,16.299530029296875,16.196990966796875,14.173553466796877,15.440155029296877,17.419647216796875,10.973358154296877
2024-08-08,15.635772705078123,16.277374267578125,15.239288330078123,14.520538330078123,17.584014892578125,11.022491455078123
2024-08-09,16.014312744140625,16.860015869140625,16.069000244140625,15.776031494140623,17.672515869140625,11.822906494140623
2024-08-10,17.421051025390625,17.572418212890625,18.609527587890625,18.147613525390625,17.812652587890625,13.525543212890623
2024-08-11,18.4912109375,19.8896484375,19.90625,19.990234375,18.591796875,15.4853515625
2024-08-12,16.96710205078125,18.70245361328125,17.33038330078125,20.12432861328125,19.74542236328125,18.64874267578125
2024-08-13,18.9638671875,19.70703125,18.6123046875,18.89453125,18.162109375,14.9345703125
2024-08-14,18.12554931640625,20.22808837890625,17.33648681640625,19.05328369140625,18.56597900390625,15.47515869140625
2024-08-15,18.60894775390625,19.84527587890625,16.89996337890625,19.53375244140625,18.81304931640625,16.94683837890625
2024-08-16,16.385101318359375,17.406585693359375,14.562835693359377,16.780609130859375,17.267913818359375,14.262054443359377
2024-08-17,17.1427001953125,16.6300048828125,13.4346923828125,15.1427001953125,15.2325439453125,11.7579345703125
2024-08-18,15.078399658203123,15.037384033203123,12.758087158203123,14.885040283203123,14.682891845703123,11.862579345703123
2024-08-19,15.417236328125,14.916259765625,13.952392578125,14.557861328125,15.662353515625,10.718017578125
2024-08-20,13.6953125,14.28515625,13.8798828125,12.916015625,14.7041015625,9.228515625
2024-08-21,16.379364013671875,16.293426513671875,17.671356201171875,15.983856201171877,17.563934326171875,14.136199951171877
2024-08-22,16.117828369140625,15.771148681640623,17.995758056640625,16.787750244140625,17.569976806640625,12.635406494140623
2024-08-23,17.008941650390625,17.098785400390625,16.638824462890625,16.964019775390625,17.516754150390625,11.726715087890623
2024-08-24,16.142791748046875,16.458221435546875,15.221893310546877,15.959197998046877,15.852752685546877,11.012908935546877
2024-08-25,15.0377197265625,15.4801025390625,13.7535400390625,14.4761962890625,15.2281494140625,10.1177978515625
2024-08-26,14.95379638671875,14.61785888671875,13.02313232421875,14.57196044921875,15.30633544921875,9.96160888671875
2024-08-27,14.4259033203125,14.5870361328125,13.3526611328125,14.1729736328125,15.1983642578125,9.6622314453125
2024-08-28,14.834869384765623,15.170806884765623,11.999908447265623,13.744049072265623,15.564361572265623,9.611236572265623
2024-08-29,15.61083984375,15.19873046875,13.05615234375,14.10400390625,15.14990234375,9.98486328125
2024-08-30,14.635772705078123,15.158233642578123,13.668975830078123,15.111358642578123,13.748077392578123,10.751007080078123
2024-08-31,14.695404052734377,14.957122802734377,14.018646240234377,14.345794677734377,16.197357177734375,13.323333740234377
2024-09-01,15.207000732421877,17.812469482421875,14.438446044921877,16.857391357421875,14.807586669921877,11.104461669921877
2024-09-02,14.335235595703123,17.135040283203125,13.079376220703123,15.125274658203123,14.726837158203123,11.585235595703123
2024-09-03,13.858367919921877,14.311492919921877,12.052703857421877,13.686492919921877,14.686492919921877,11.373016357421877
2024-09-04,13.003143310546877,14.216033935546877,11.384979248046877,13.763885498046877,13.936737060546877,10.800018310546877
2024-09-05,13.90625,13.466796875,13.150390625,13.7822265625,14.7294921875,11.20703125
2024-09-06,15.485260009765623,16.333892822265625,14.364166259765623,15.550689697265623,16.392486572265625,14.513580322265623
2024-09-07,13.790313720703123,14.684844970703123,13.032501220703123,14.237579345703123,14.809844970703123,12.006134033203123
2024-09-08,13.453216552734377,12.800872802734377,10.866302490234377,12.253997802734377,13.218841552734377,9.155364990234377
2024-09-09,9.091766357421877,9.284149169921877,8.058563232421875,8.701141357421875,13.070281982421877,8.167938232421875
2024-09-10,14.199462890625,14.951416015625,12.128173828125,13.768798828125,13.919189453125,10.716064453125
2024-09-11,7.59197998046875,6.45037841796875,8.08612060546875,9.49725341796875,9.51483154296875,6.55584716796875
2024-09-12,6.700164794921875,6.095672607421875,3.706024169921875,5.572235107421875,6.648406982421875,2.889617919921875
2024-09-13,7.03826904296875,5.68475341796875,4.05096435546875,5.15350341796875,6.24822998046875,2.14471435546875
2024-09-14,5.17724609375,4.87744140625,2.60888671875,4.69384765625,5.50048828125,2.15771484375
2024-09-15,8.994293212890625,8.320465087890625,7.126129150390625,8.226715087890625,9.914215087890623,6.866363525390625
2024-09-16,9.560150146484377,8.821868896484375,8.949798583984375,10.352142333984377,10.225189208984377,7.435150146484375
2024-09-17,9.82830810546875,9.47381591796875,5.79315185546875,9.08905029296875,8.96795654296875,6.18475341796875
2024-09-18,8.567230224609375,7.127777099609375,8.279144287109375,8.870941162109375,10.018402099609377,4.898284912109375
2024-09-19,6.656097412109375,6.886566162109375,7.380706787109375,6.370941162109375,8.032073974609375,4.661956787109375
2024-09-20,7.012603759765625,7.375885009765625,6.507720947265625,7.944244384765625,12.134674072265623,7.094635009765625
2024-09-21,8.258636474609375,9.746917724609377,7.959808349609375,8.622894287109375,10.084808349609377,8.131683349609375
2024-09-22,11.032867431640623,10.589508056640623,11.282867431640623,10.875640869140623,12.765289306640623,9.377593994140623
2024-09-23,9.134368896484377,11.000579833984377,8.439056396484375,9.486907958984377,11.679290771484377,7.282806396484375
2024-09-24,10.339599609375,12.191162109375,9.833740234375,9.793701171875,11.806396484375,8.618896484375
2024-09-25,10.246917724609377,11.973480224609377,9.568206787109377,10.054534912109377,15.110198974609377,11.225433349609377
2024-09-26,12.6976318359375,12.4222412109375,12.1312255859375,11.9798583984375,12.6214599609375,10.3978271484375
2024-09-27,6.057830810546875,4.880096435546875,2.931854248046875,5.134002685546875,6.297088623046875,1.860565185546875
2024-09-28,2.361358642578125,2.115264892578125,0.731475830078125,1.472686767578125,3.374053955078125,-2.391571044921875
2024-09-29,4.647064208984375,5.937103271484375,4.136322021484375,5.568939208984375,10.400970458984377,6.428314208984375
2024-09-30,10.999725341796877,11.710662841796877,8.628631591796875,10.493865966796877,10.669647216796877,8.178436279296875
2024-10-01,12.76873779296875,13.25506591796875,12.06072998046875,13.51678466796875,14.46697998046875,10.67205810546875
2024-10-02,10.580810546875,10.612060546875,9.478271484375,9.786865234375,10.056396484375,6.844482421875
2024-10-03,9.365997314453123,8.933380126953125,4.708770751953125,7.254669189453125,8.401153564453125,5.363067626953125
2024-10-04,4.32568359375,4.95166015625,2.68701171875,4.66748046875,6.40380859375,2.31396484375
2024-10-05,5.251739501953125,6.845489501953125,4.963653564453125,5.556427001953125,6.837677001953125,6.544708251953125
2024-10-06,8.840911865234375,11.147552490234377,7.004974365234375,8.068450927734375,9.975677490234377,5.905364990234375
2024-10-07,7.670379638671875,9.562957763671877,7.410614013671875,8.114715576171875,10.805145263671877,7.650848388671875
2024-10-08,12.541534423828123,14.484893798828123,12.471221923828123,13.300323486328123,14.141143798828123,10.773956298828123
2024-10-09,10.051361083984377,8.507415771484375,7.781829833984375,8.825775146484375,10.471282958984377,7.365814208984375
2024-10-10,4.89483642578125,5.07745361328125,4.39288330078125,5.05401611328125,7.32550048828125,4.94854736328125
2024-10-11,6.685882568359375,8.034515380859375,6.267913818359375,7.699554443359375,7.538421630859375,5.604827880859375
2024-10-12,9.91741943359375,10.45062255859375,8.36273193359375,9.33831787109375,10.73870849609375,9.52288818359375
2024-10-13,7.399566650390625,8.945465087890625,6.596832275390625,7.010894775390625,8.430816650390625,3.811676025390625
2024-10-14,7.680267333984375,7.005462646484375,9.138275146484377,7.782806396484375,10.813079833984377,8.121673583984375
2024-10-15,8.320587158203125,8.610626220703125,8.059844970703125,8.741485595703125,9.041290283203123,7.688751220703125
2024-10-16,9.93353271484375,7.91986083984375,6.47454833984375,7.77239990234375,9.82025146484375,5.83685302734375
2024-10-17,8.165985107421875,6.944305419921875,7.106414794921875,6.977508544921875,10.536102294921877,4.256805419921875
2024-10-18,2.935302734375,4.292724609375,4.513427734375,2.767333984375,5.990966796875,1.286865234375
2024-10-19,4.038055419921875,6.663055419921875,6.427703857421875,5.547821044921875,6.917938232421875,5.524383544921875
2024-10-20,8.308807373046875,9.822479248046877,9.619354248046877,8.693572998046875,8.858612060546875,6.370330810546875
2024-10-21,6.137542724609375,6.772308349609375,8.048675537109375,5.463714599609375,5.280120849609375,2.392425537109375
2024-10-22,6.808746337890625,6.741363525390625,7.733551025390625,7.431793212890625,8.942535400390625,6.512847900390625
2024-10-23,7.483612060546875,7.336151123046875,8.757049560546875,8.433807373046875,8.242401123046875,7.163299560546875
2024-10-24,7.229644775390625,8.645660400390625,6.944488525390625,8.317535400390625,8.099761962890625,7.376129150390625
2024-10-25,6.72515869140625,9.74468994140625,6.58648681640625,9.28277587890625,8.57672119140625,8.24664306640625
2024-10-26,7.875640869140625,8.871734619140625,9.312164306640623,8.380523681640625,8.970367431640625,7.285797119140625
2024-10-27,7.318206787109375,8.541839599609375,6.512542724609375,6.669769287109375,6.509613037109375,3.694183349609375
2024-10-28,4.75048828125,5.51220703125,5.63232421875,5.16845703125,6.39013671875,1.25927734375
2024-10-29,3.627044677734375,4.939544677734375,4.579193115234375,4.100677490234375,5.170989990234375,0.125091552734375
2024-10-30,2.565704345703125,5.607696533203125,3.327423095703125,5.083282470703125,6.397735595703125,7.147735595703125
2024-10-31,7.298492431640625,5.571929931640625,3.910797119140625,5.536773681640625,6.333648681640625,1.406890869140625
2024-11-01,0.298431396484375,0.904876708984375,0.725189208984375,0.162689208984375,2.619720458984375,-2.194732666015625
2024-11-02,0.09033203125,0.94287109375,1.59521484375,1.91455078125,3.24267578125,-1.51904296875
2024-11-03,-0.119903564453125,0.624237060546875,2.424041748046875,1.493377685546875,4.083221435546875,2.450408935546875
2024-11-04,0.821807861328125,1.184112548828125,3.986846923828125,0.992706298828125,4.267120361328125,0.276885986328125
2024-11-05,0.584320068359375,1.911468505859375,4.183929443359375,1.607757568359375,4.634124755859375,2.765960693359375
2024-11-06,0.457855224609375,1.706878662109375,3.449066162109375,1.010589599609375,1.842620849609375,-0.663238525390625
2024-11-07,-1.349365234375,-0.770263671875,1.254150390625,1.498291015625,0.772705078125,-1.450927734375
2024-11-08,-2.833221435546875,-2.327362060546875,-3.300994873046875,-3.494354248046875,-0.298065185546875,-4.633026123046875
2024-11-09,-3.4560546875,-2.4609375,-2.8701171875,-2.869140625,-1.1181640625,-4.8623046875
2024-11-10,-3.230377197265625,-3.777252197265625,-3.745025634765625,-3.827056884765625,-0.502838134765625,-4.315338134765625
2024-11-11,-0.28973388671875,-1.78485107421875,-2.02215576171875,-0.60711669921875,3.18292236328125,-0.40008544921875
2024-11-12,-0.861297607421875,-2.621063232421875,-3.723602294921875,-2.428680419921875,0.274444580078125,-2.940399169921875
2024-11-13,0.105255126953125,-0.873260498046875,-2.887908935546875,-1.636932373046875,-0.585174560546875,-4.873260498046875
2024-11-14,-4.3717041015625,-2.9947509765625,-3.3863525390625,-2.7740478515625,1.3724365234375,-1.7037353515625
2024-11-15,-2.075347900390625,-1.446441650390625,0.197113037109375,-1.930816650390625,2.654144287109375,-3.022613525390625
2024-11-16,1.162322998046875,2.455291748046875,-0.094512939453125,0.219940185546875,1.743377685546875,-1.073028564453125
2024-11-17,4.142822265625,5.746337890625,2.913330078125,4.121337890625,5.753173828125,1.937744140625
2024-11-18,-0.554656982421875,-2.403289794921875,-2.730438232421875,-2.210906982421875,5.362335205078125,1.493194580078125
2024-11-19,1.61126708984375,0.97259521484375,-0.97662353515625,0.23431396484375,1.18841552734375,-3.79888916015625
2024-11-20,-6.342559814453125,-6.108184814453125,-6.216583251953125,-5.405059814453125,-1.662872314453125,-4.775177001953125
2024-11-21,-9.4669189453125,-9.4200439453125,-9.9747314453125,-8.1466064453125,-5.2501220703125,-12.7247314453125
2024-11-22,-7.568267822265625,-3.746978759765625,-5.288970947265625,-2.836822509765625,1.152435302734375,-2.578033447265625
2024-11-23,-6.412384033203125,-2.226837158203125,-1.878204345703125,-0.974884033203125,2.258514404296875,0.253631591796875
2024-11-24,-1.875457763671875,0.423370361328125,1.936065673828125,1.267120361328125,2.114776611328125,2.124542236328125
2024-11-25,-2.153900146484375,1.057037353515625,1.202545166015625,2.110748291015625,5.330474853515625,2.353912353515625
2024-11-26,2.605987548828125,3.474151611328125,3.463409423828125,3.068878173828125,5.805206298828125,2.839385986328125
2024-11-27,-0.296539306640625,-1.383453369140625,-2.853179931640625,-1.630523681640625,0.202484130859375,-3.756500244140625
2024-11-28,-0.770660400390625,-1.401519775390625,-3.341949462890625,-1.933746337890625,0.496917724609375,-0.386871337890625
2024-11-29,-0.329254150390625,-1.866363525390625,-2.850738525390625,-1.893707275390625,0.264495849609375,-2.584136962890625
2024-11-30,-0.860595703125,-4.379150390625,-8.339111328125,-5.331298828125,-1.736572265625,-6.410400390625
2024-12-01,-1.619049072265625,-3.849517822265625,-0.553619384765625,-3.516510009765625,1.157318115234375,-4.355377197265625
2024-12-02,-0.137298583984375,-1.390228271484375,-2.264251708984375,-1.085540771484375,1.081451416015625,-2.060150146484375
2024-12-03,-0.816436767578125,-2.223663330078125,-3.279327392578125,-2.042022705078125,0.713836669921875,-1.945343017578125
2024-12-04,2.474700927734375,2.464935302734375,1.708099365234375,2.827239990234375,4.981536865234375,1.135833740234375
2024-12-05,-3.263641357421875,-4.248992919921875,-4.646453857421875,-4.523406982421875,-0.599578857421875,-5.006805419921875
2024-12-06,0.395233154296875,0.867889404296875,0.027069091796875,-0.357696533203125,1.937225341796875,-0.823516845703125
2024-12-07,0.45208740234375,0.80169677734375,1.01751708984375,-1.20709228515625,2.54583740234375,-1.04986572265625
2024-12-08,0.503448486328125,-0.393035888671875,-1.200653076171875,-0.073699951171875,1.743682861328125,-1.382293701171875
2024-12-09,0.458831787109375,-1.232574462890625,-1.737457275390625,-0.206207275390625,1.176605224609375,-1.430816650390625
2024-12-10,-1.25860595703125,-4.28204345703125,-4.78985595703125,-3.50079345703125,-1.58282470703125,-5.82110595703125
2024-12-11,-4.430206298828125,-7.413604736328125,-7.523956298828125,-5.050323486328125,-0.802276611328125,-6.979034423828125
2024-12-12,-0.98358154296875,-1.09686279296875,-1.01971435546875,1.10137939453125,2.52520751953125,0.06329345703125
2024-12-13,-1.995697021484375,-3.666595458984375,-4.467376708984375,-3.020111083984375,-2.132415771484375,-6.307220458984375
2024-12-14,-2.517852783203125,-3.182891845703125,-3.563751220703125,-1.496368408203125,-1.849884033203125,-5.064727783203125
2024-12-15,-1.959686279296875,-1.030975341796875,-0.701873779296875,0.905548095703125,1.985626220703125,-1.643280029296875
2024-12-16,-2.676300048828125,-0.106964111328125,-2.748565673828125,0.315887451171875,2.392059326171875,-0.903839111328125
2024-12-17,-0.81304931640625,-0.52301025390625,0.05413818359375,-0.07183837890625,2.13812255859375,-4.45562744140625
2024-12-18,-1.410919189453125,-2.824005126953125,-4.042755126953125,-2.520294189453125,-0.401153564453125,-4.226348876953125
2024-12-19,-6.478118896484375,-8.790618896484375,-7.948822021484375,-8.330657958984375,-7.214447021484375,-13.628509521484377
2024-12-20,-1.35968017578125,-1.84893798828125,-3.18682861328125,-2.19952392578125,-0.64483642578125,-4.76104736328125
2024-12-21,-3.315887451171875,-4.541473388671875,-6.326629638671875,-4.802215576171875,-3.140106201171875,-7.651824951171875
2024-12-22,-3.040740966796875,-4.384490966796875,-6.147186279296875,-4.599334716796875,-3.540740966796875,-8.135467529296875
2024-12-23,-2.026519775390625,-3.174957275390625,-4.420074462890625,-2.918121337890625,-0.548004150390625,-2.676910400390625
2024-12-24,-3.021728515625,-4.273681640625,-4.753173828125,-3.572509765625,-0.935791015625,-4.216064453125
2024-12-25,-2.893218994140625,-4.149078369140625,-4.917633056640625,-4.701812744140625,-2.403961181640625,-7.242828369140625
2024-12-26,-10.782135009765623,-7.621978759765625,-7.509674072265625,-8.262603759765625,-4.731353759765625,-9.991119384765623
2024-12-27,-8.863800048828125,-5.211456298828125,-4.833526611328125,-5.952667236328125,-5.552276611328125,-6.805206298828125
2024-12-28,-7.174774169921875,-2.796844482421875,-3.073211669921875,-2.924774169921875,-0.483367919921875,-3.051727294921875
2024-12-29,-9.532379150390623,-2.873199462890625,-5.256988525390625,-2.471832275390625,0.181488037109375,-3.087066650390625
2024-12-30,-9.344970703125,-4.104736328125,-5.694580078125,-3.790283203125,0.132568359375,-4.592041015625
2024-12-31,-1.400299072265625,1.410247802734375,0.007904052734375,1.273529052734375,1.975677490234375,-0.213775634765625
