0,1,2,3,4,5,6
,,,,,,
2019-01-01,-5.351654052734375,-4.420989990234375,-8.824310302734375,-8.512786865234375,-5.483489990234375,-11.467864990234377
2019-01-02,-6.801422119140625,-8.183258056640625,-9.411773681640623,-8.135406494140625,-6.532867431640625,-11.328765869140623
2019-01-03,-10.216766357421877,-11.795867919921877,-12.719696044921877,-10.982391357421877,-10.318328857421877,-15.455047607421877
2019-01-04,-15.1568603515625,-12.0435791015625,-12.8804931640625,-14.1002197265625,-5.4273681640625,-12.6910400390625
2019-01-05,-4.882293701171875,-5.627410888671875,-7.336395263671875,-5.628387451171875,-4.872528076171875,-8.091278076171875
2019-01-06,-8.845489501953125,-7.691192626953125,-15.888458251953123,-15.171661376953123,-14.665802001953123,-11.764434814453123
2019-01-07,-7.793426513671875,-8.296356201171875,-10.580535888671877,-9.079559326171877,-6.758270263671875,-9.703582763671877
2019-01-08,-5.302642822265625,-4.996978759765625,-7.888580322265625,-7.216705322265625,-10.549713134765623,-9.778228759765623
2019-01-09,-10.247161865234377,-6.516693115234375,-9.342864990234377,-12.548919677734377,-7.304779052734375,-9.300872802734377
2019-01-10,-6.094146728515625,-6.603912353515625,-8.273834228515625,-7.779693603515625,-3.216217041015625,-6.550201416015625
2019-01-11,-8.95306396484375,-7.37786865234375,-13.25775146484375,-11.42962646484375,-15.12005615234375,-11.33978271484375
2019-01-12,-10.512298583984377,-7.462493896484375,-9.154876708984377,-10.733001708984377,-7.407806396484375,-7.679290771484375
2019-01-13,-4.801605224609375,-1.830902099609375,-1.648284912109375,-5.670745849609375,1.204254150390625,-2.643402099609375
2019-01-14,-1.1402587890625,0.9144287109375,-0.5816650390625,-1.1705322265625,2.2835693359375,-0.2847900390625
2019-01-15,-2.742706298828125,-2.877471923828125,-1.293487548828125,-1.527862548828125,0.310028076171875,-1.699737548828125
2019-01-16,-1.315093994140625,-1.233062744140625,-1.141265869140625,-2.243804931640625,0.364593505859375,-1.896148681640625
2019-01-17,-1.174407958984375,-1.442962646484375,-2.099212646484375,-2.110931396484375,0.357818603515625,-4.179290771484375
2019-01-18,-4.629669189453125,-4.759552001953125,-3.114044189453125,-1.635528564453125,1.051971435546875,-2.350372314453125
2019-01-19,-11.0101318359375,-3.9232177734375,-8.5550537109375,-9.2630615234375,-3.7620849609375,-5.0921630859375
2019-01-20,-1.586090087890625,-2.029449462890625,-3.048004150390625,-1.826324462890625,-0.352691650390625,-3.420074462890625
2019-01-21,-6.94403076171875,-7.59442138671875,-8.05633544921875,-7.08660888671875,-3.11590576171875,-6.54949951171875
2019-01-22,-12.183990478515623,-12.059967041015623,-13.496490478515623,-11.973052978515623,-5.577545166015625,-8.749420166015625
2019-01-23,0.565521240234375,0.843841552734375,-1.493072509765625,-2.935455322265625,0.537200927734375,-4.443267822265625
2019-01-24,0.718841552734375,0.362396240234375,-0.186431884765625,0.150482177734375,0.078216552734375,-1.181549072265625
2019-01-25,-4.183624267578125,-2.704132080078125,-6.470733642578125,-7.712921142578125,-3.557647705078125,-5.682647705078125
2019-01-26,-0.186676025390625,-0.528472900390625,-2.999176025390625,-3.101715087890625,1.048675537109375,-4.056793212890625
2019-01-27,-10.410858154296877,-5.018280029296875,-4.505584716796875,-8.140350341796875,-1.799530029296875,-6.830780029296875
2019-01-28,2.511932373046875,3.699432373046875,0.637908935546875,0.504119873046875,3.494354248046875,-0.271270751953125
2019-01-29,6.7310791015625,4.4429931640625,4.4937744140625,2.8580322265625,4.2926025390625,4.8511962890625
2019-01-30,-1.36370849609375,0.17633056640625,-1.06390380859375,-3.65472412109375,1.01910400390625,5.16070556640625
2019-01-31,-0.473724365234375,-0.786224365234375,0.188385009765625,1.747955322265625,2.935455322265625,1.904205322265625
2019-03-01,0.280853271484375,2.025970458984375,1.611907958984375,2.523040771484375,4.441986083984375,1.815032958984375
2019-03-02,-1.048126220703125,0.214569091796875,-0.638946533203125,-3.150665283203125,0.825897216796875,-1.402618408203125
2019-03-03,1.386810302734375,4.806732177734375,0.625091552734375,-0.671783447265625,6.949310302734375,0.646575927734375
2019-03-04,-0.366912841796875,0.729766845703125,-0.845428466796875,-1.821990966796875,1.137969970703125,-0.794647216796875
2019-03-05,-1.504425048828125,1.644012451171875,0.978973388671875,0.340301513671875,3.626434326171875,-0.319854736328125
2019-03-06,-0.330169677734375,2.409088134765625,1.368072509765625,-0.052825927734375,2.689361572265625,0.235260009765625
2019-03-07,-0.702972412109375,-1.974456787109375,-2.753753662109375,-1.154144287109375,0.911285400390625,-2.414886474609375
2019-03-08,-6.153167724609375,-5.142425537109375,-8.439300537109375,-6.245941162109375,-4.375823974609375,-8.142425537109375
2019-03-09,-9.929931640625,-4.358642578125,-6.414306640625,-9.986572265625,-0.258056640625,-6.064697265625
2019-03-10,-1.065643310546875,-2.476776123046875,-3.404510498046875,-2.509002685546875,-0.801971435546875,-4.784393310546875
2019-03-11,-0.9686279296875,0.6690673828125,-1.6824951171875,-0.3739013671875,-3.0994873046875,-4.3963623046875
2019-03-12,-5.128753662109375,-0.138519287109375,-3.515472412109375,-3.479339599609375,-1.805511474609375,-2.489105224609375
2019-03-13,-0.882659912109375,3.068511962890625,2.679840087890625,-0.569183349609375,5.501129150390625,0.839996337890625
2019-03-14,-0.398468017578125,3.042938232421875,1.415008544921875,-0.733428955078125,6.123016357421875,1.347625732421875
2019-03-15,2.74090576171875,1.34344482421875,-0.78741455078125,0.87664794921875,0.65789794921875,3.76239013671875
2019-03-16,0.553070068359375,-0.259429931640625,-1.477203369140625,0.100921630859375,2.325531005859375,-1.832672119140625
2019-03-17,-0.15869140625,0.24755859375,-2.60107421875,-1.74072265625,0.78759765625,-3.84814453125
2019-03-18,-0.047515869140625,-0.170562744140625,-1.875640869140625,-0.187164306640625,2.351898193359375,-2.280914306640625
2019-03-19,0.9163818359375,0.5306396484375,0.3011474609375,0.1507568359375,2.0657958984375,4.8988037109375
2019-03-20,1.915069580078125,1.353546142578125,0.551788330078125,0.572296142578125,2.091827392578125,5.634796142578125
2019-03-21,4.473236083984375,4.917572021484375,-1.499420166015625,1.886322021484375,1.754486083984375,-1.346099853515625
2019-03-22,-1.847930908203125,-2.053009033203125,-5.925079345703125,-3.393829345703125,0.190155029296875,-3.214141845703125
2019-03-23,-0.81689453125,-2.66552734375,-4.64990234375,-1.92431640625,0.37548828125,-3.70556640625
2019-03-24,-5.051422119140625,-1.545562744140625,-5.910797119140625,-2.457672119140625,-2.137359619140625,-5.560211181640625
2019-03-25,1.03631591796875,0.82244873046875,-0.74395751953125,-0.51934814453125,-0.66094970703125,-4.13458251953125
2019-03-26,-0.09112548828125,1.95379638671875,-1.57550048828125,0.12274169921875,0.29364013671875,-3.38214111328125
2019-03-27,0.433929443359375,2.462249755859375,-1.595367431640625,-0.783843994140625,-0.592437744140625,-2.272125244140625
2019-03-28,4.307891845703125,3.027618408203125,0.712188720703125,2.527618408203125,3.517852783203125,-0.749725341796875
2019-03-29,2.95245361328125,3.98663330078125,0.81475830078125,1.19659423828125,5.42315673828125,-0.35028076171875
2019-03-30,3.08935546875,2.74365234375,0.52587890625,0.75341796875,4.10302734375,-0.46044921875
2019-03-31,3.967254638671875,3.193817138671875,2.198699951171875,2.640106201171875,5.584442138671875,1.563934326171875
2019-04-01,4.658782958984375,4.451751708984375,2.566009521484375,1.657806396484375,5.321868896484375,0.546478271484375
2019-04-02,5.065460205078125,5.219757080078125,3.408233642578125,4.306671142578125,4.868194580078125,0.884796142578125
2019-04-03,4.2293701171875,3.7772216796875,1.6785888671875,2.1717529296875,5.0018310546875,0.5545654296875
2019-04-04,5.20721435546875,5.50408935546875,2.01287841796875,4.41912841796875,1.66717529296875,-0.69708251953125
2019-04-05,3.653350830078125,4.579132080078125,1.977569580078125,3.060577392578125,5.828155517578125,2.504913330078125
2019-04-06,2.217498779296875,3.291717529296875,2.289764404296875,2.424530029296875,5.035858154296875,0.109100341796875
2019-04-07,4.673370361328125,3.736846923828125,1.504425048828125,3.229034423828125,3.740753173828125,-0.291473388671875
2019-04-08,3.368316650390625,2.112457275390625,1.183746337890625,2.107574462890625,3.726715087890625,1.153472900390625
2019-04-09,2.83416748046875,1.49822998046875,0.66229248046875,0.82244873046875,2.07537841796875,-1.13165283203125
2019-04-10,2.7852783203125,1.3194580078125,1.0059814453125,1.8087158203125,3.7344970703125,0.4952392578125
2019-04-11,4.744842529296875,3.544647216796875,1.883514404296875,3.483123779296875,2.745819091796875,0.204803466796875
2019-04-12,0.131866455078125,-0.396453857421875,-2.151336669921875,-0.846649169921875,0.894561767578125,-2.510711669921875
2019-04-13,3.3929443359375,3.0394287109375,-0.3931884765625,2.4378662109375,1.5560302734375,-1.4097900390625
2019-04-14,1.7811279296875,3.6776123046875,-0.3038330078125,1.5867919921875,1.1248779296875,-1.2296142578125
2019-04-15,4.8795166015625,2.3804931640625,2.4615478515625,1.8511962890625,1.4254150390625,-0.8167724609375
2019-04-16,0.68487548828125,0.36553955078125,-0.51434326171875,-0.00750732421875,0.17608642578125,-0.70184326171875
2019-04-17,-0.414337158203125,1.570037841796875,-0.845977783203125,-0.168243408203125,4.027069091796875,-0.080352783203125
2019-04-18,6.181976318359375,4.925140380859375,4.023773193359375,6.119476318359375,7.539398193359375,3.776702880859375
2019-04-19,7.9083251953125,5.6134033203125,6.0382080078125,6.7149658203125,8.6661376953125,3.4132080078125
2019-04-20,7.140838623046875,9.268768310546877,4.451385498046875,5.488494873046875,8.046112060546875,8.063690185546875
2019-04-21,5.1925048828125,8.7315673828125,3.5528564453125,4.8009033203125,7.4581298828125,2.7296142578125
2019-04-22,8.873748779296875,10.642303466796877,6.751678466796875,5.754608154296875,11.966522216796877,2.645233154296875
2019-04-23,4.07696533203125,4.99591064453125,0.81036376953125,2.23126220703125,5.01055908203125,0.34259033203125
2019-04-24,4.04547119140625,3.65582275390625,2.23785400390625,3.45953369140625,5.91949462890625,0.29058837890625
2019-04-25,1.374725341796875,2.199920654296875,-0.735626220703125,1.500701904296875,5.145233154296875,-0.531524658203125
2019-04-26,-0.174041748046875,0.930450439453125,-0.282440185546875,2.115020751953125,4.388458251953125,-0.755096435546875
2019-04-27,4.113311767578125,4.000030517578125,0.007843017578125,2.441436767578125,1.395538330078125,-2.207977294921875
2019-04-28,1.5181884765625,2.6871337890625,1.2213134765625,1.4039306640625,6.1392822265625,1.9879150390625
2019-04-29,2.58099365234375,3.96673583984375,2.65228271484375,0.71673583984375,5.49310302734375,0.62884521484375
2019-04-30,5.8609619140625,5.9224853515625,4.6988525390625,5.3775634765625,6.9029541015625,2.4166259765625
2019-05-01,5.532012939453125,4.926544189453125,3.037872314453125,2.477325439453125,5.074981689453125,-0.869354248046875
2019-05-02,2.09930419921875,0.82586669921875,0.19793701171875,1.06414794921875,3.00946044921875,-0.36065673828125
2019-05-03,4.384490966796875,3.012420654296875,0.049530029296875,2.271209716796875,1.014373779296875,-0.267852783203125
2019-05-04,3.29241943359375,3.94085693359375,1.53265380859375,2.23284912109375,3.82073974609375,0.91058349609375
2019-05-05,6.464569091796875,6.728240966796875,3.092498779296875,5.215545654296875,7.061248779296875,2.856170654296875
2019-05-06,3.91204833984375,4.72552490234375,3.16790771484375,4.91009521484375,3.28997802734375,0.09173583984375
2019-05-07,6.91522216796875,7.24139404296875,5.92303466796875,6.14373779296875,10.35369873046875,2.47967529296875
2019-05-08,8.745025634765625,7.845611572265625,7.617095947265625,8.772369384765625,9.231353759765623,4.185455322265625
2019-05-09,6.02288818359375,5.03460693359375,3.89788818359375,5.84417724609375,4.10394287109375,1.06878662109375
2019-05-10,6.0460205078125,5.2091064453125,4.4317626953125,5.9884033203125,4.6749267578125,2.0802001953125
2019-05-11,5.936798095703125,5.548126220703125,1.743438720703125,3.952423095703125,5.422149658203125,1.228790283203125
2019-05-12,5.8004150390625,5.6724853515625,5.4156494140625,6.8736572265625,7.7388916015625,5.0797119140625
2019-05-13,4.56488037109375,5.68499755859375,1.94085693359375,3.74066162109375,2.71624755859375,0.25628662109375
2019-05-14,5.833984375,8.1376953125,4.287109375,6.6728515625,7.337890625,2.15625
2019-05-15,6.02813720703125,7.87286376953125,5.10528564453125,6.46759033203125,7.56524658203125,2.26739501953125
2019-05-16,6.33416748046875,7.04315185546875,4.65740966796875,4.96209716796875,7.98846435546875,2.16326904296875
2019-05-17,2.429168701171875,5.095184326171875,2.502410888671875,2.059051513671875,4.888153076171875,0.663543701171875
2019-05-18,8.015838623046875,9.704315185546877,5.523651123046875,8.197479248046875,5.470916748046875,3.951385498046875
2019-05-19,6.382293701171875,5.264129638671875,5.657684326171875,6.541473388671875,5.900848388671875,7.357879638671875
2019-05-20,5.72576904296875,6.00506591796875,4.30682373046875,5.83807373046875,6.10565185546875,3.79705810546875
2019-05-21,7.130828857421875,6.633758544921875,5.767547607421875,7.531219482421875,5.549774169921875,4.427703857421875
2019-05-22,10.292724609375,10.185302734375,8.638427734375,9.250732421875,8.941162109375,7.867919921875
2019-05-23,10.27862548828125,10.68292236328125,9.04132080078125,9.82257080078125,10.15167236328125,8.55792236328125
2019-05-24,8.153106689453125,10.371856689453123,7.785919189453125,7.669708251953125,11.798614501953123,7.524200439453125
2019-05-25,7.220703125,8.2646484375,5.9140625,6.3232421875,9.42578125,5.130859375
2019-05-26,8.46197509765625,7.77154541015625,7.21295166015625,7.73248291015625,5.18951416015625,4.26275634765625
2019-05-27,9.17108154296875,8.25018310546875,7.14666748046875,7.99334716796875,8.77655029296875,6.31561279296875
2019-05-28,10.32916259765625,8.48150634765625,8.69635009765625,9.18365478515625,9.24127197265625,6.66314697265625
2019-05-29,9.67706298828125,8.85772705078125,7.84893798828125,8.55206298828125,8.52960205078125,4.58038330078125
2019-05-30,7.882568359375,7.544677734375,4.331787109375,5.016357421875,5.761474609375,3.943115234375
2019-05-31,9.58428955078125,8.48175048828125,6.55792236328125,8.15264892578125,9.54229736328125,6.84112548828125
2019-06-01,9.937408447265623,10.399322509765623,9.329010009765623,8.515533447265625,11.758697509765623,8.579986572265625
2019-06-02,10.094879150390623,11.264801025390623,8.782379150390625,8.963043212890625,10.479644775390623,8.150543212890625
2019-06-03,10.92767333984375,12.24896240234375,8.86029052734375,9.95306396484375,11.42767333984375,9.38763427734375
2019-06-04,13.095672607421877,15.105438232421877,10.950164794921877,13.150360107421877,11.707977294921877,10.290008544921877
2019-06-05,11.60699462890625,12.50543212890625,10.83551025390625,11.37066650390625,13.16168212890625,9.07183837890625
2019-06-06,12.8697509765625,12.7857666015625,11.7779541015625,11.9332275390625,13.8365478515625,10.5836181640625
2019-06-07,13.458709716796877,14.086639404296877,11.083709716796877,12.399139404296877,12.495819091796877,10.234100341796877
2019-06-08,13.624786376953123,15.710723876953123,12.681427001953123,15.299591064453123,13.249786376953123,12.140411376953123
2019-06-09,13.232177734375,15.962646484375,12.504638671875,13.796630859375,15.246826171875,12.605224609375
2019-06-10,15.1097412109375,13.9329833984375,16.5882568359375,13.5589599609375,14.1185302734375,15.3597412109375
2019-06-11,14.05523681640625,13.95953369140625,14.75836181640625,13.00933837890625,14.40679931640625,13.14019775390625
2019-06-12,16.48077392578125,15.53839111328125,13.30792236328125,13.97686767578125,15.01397705078125,11.45147705078125
2019-06-13,14.094635009765623,13.577056884765623,11.196197509765623,14.091705322265623,13.823150634765623,10.649322509765623
2019-06-14,14.40966796875,13.26220703125,11.25830078125,12.32666015625,13.22216796875,11.46826171875
2019-06-15,14.287109375,13.5107421875,11.46484375,12.7783203125,13.5654296875,9.4375
2019-06-16,13.075775146484377,13.052337646484377,11.129486083984377,12.763275146484377,12.706634521484377,11.111907958984377
2019-06-17,13.00762939453125,13.19708251953125,11.39727783203125,11.63751220703125,12.82891845703125,10.59161376953125
2019-06-18,15.4451904296875,16.2498779296875,14.1102294921875,13.7117919921875,16.4422607421875,12.6092529296875
2019-06-19,14.264801025390623,13.790191650390623,11.425933837890623,12.199371337890623,15.399566650390623,11.673004150390623
2019-06-20,15.106292724609377,14.549652099609377,13.308441162109377,14.406097412109377,14.510589599609377,11.690277099609377
2019-06-21,16.3555908203125,15.5606689453125,13.2061767578125,14.3751220703125,15.6055908203125,12.1427001953125
2019-06-22,17.1463623046875,16.3094482421875,14.1141357421875,14.7811279296875,16.3426513671875,12.2410888671875
2019-06-23,16.150054931640625,16.473297119140625,13.993804931640623,14.994781494140623,15.340484619140623,12.397125244140623
2019-06-24,13.067657470703123,13.002227783203123,10.870391845703123,12.969024658203123,13.924102783203123,9.126251220703123
2019-06-25,13.5440673828125,11.7100830078125,9.2803955078125,11.2061767578125,12.9415283203125,7.7716064453125
2019-06-26,12.385101318359377,10.354827880859377,11.156585693359377,11.642913818359377,12.626312255859377,13.399749755859377
2019-06-27,15.548797607421877,15.710906982421877,14.362274169921877,15.462860107421877,16.452117919921875,16.093719482421875
2019-06-28,19.036590576171875,18.958465576171875,15.704559326171877,18.503387451171875,16.343231201171875,14.147918701171877
2019-06-29,14.923187255859377,14.728851318359377,14.803070068359377,14.183929443359377,15.465179443359377,15.345062255859377
2019-06-30,13.227813720703123,14.495391845703123,13.145782470703123,13.854766845703123,15.153594970703123,13.896759033203123
2019-07-01,14.291107177734377,14.915130615234377,12.987396240234377,13.769622802734377,16.939544677734375,12.159271240234377
2019-07-02,15.666839599609377,16.359222412109375,13.144378662109377,14.872894287109377,16.002777099609375,12.561370849609377
2019-07-03,15.615814208984377,15.564056396484377,14.104095458984377,14.820892333984377,17.392181396484375,13.595306396484377
2019-07-04,14.64923095703125,14.07989501953125,11.86016845703125,12.41192626953125,17.29180908203125,12.59942626953125
2019-07-05,13.434600830078123,11.079132080078123,12.861358642578123,13.871124267578123,16.167022705078125,12.968780517578123
2019-07-06,11.58233642578125,11.44268798828125,10.17901611328125,11.50909423828125,14.09014892578125,11.02764892578125
2019-07-07,8.783782958984375,8.424407958984375,7.987884521484375,9.213470458984377,10.514251708984377,8.949798583984375
2019-07-08,9.946014404296877,11.238983154296877,9.300506591796877,9.579803466796877,14.412811279296877,8.537811279296875
2019-07-09,12.951568603515623,11.897857666015623,11.278717041015623,12.485748291015623,14.431060791015623,11.293365478515623
2019-07-10,11.9345703125,10.666015625,9.25390625,10.1328125,10.9326171875,7.3330078125
2019-07-11,10.17742919921875,10.02606201171875,7.69793701171875,9.08367919921875,9.69598388671875,6.62274169921875
2019-07-12,9.570404052734377,9.692474365234377,8.523529052734375,10.406341552734377,12.276458740234377,9.832122802734377
2019-07-13,10.659210205078123,9.667022705078123,9.190460205078123,10.063507080078123,10.210968017578123,7.440460205078125
2019-07-14,12.246124267578123,11.007843017578123,10.661163330078123,12.024444580078123,12.912139892578123,10.848663330078123
2019-07-15,12.18121337890625,11.97418212890625,11.05426025390625,12.31988525390625,12.57281494140625,10.90093994140625
2019-07-16,12.329986572265623,12.142486572265623,10.657135009765623,10.748931884765623,11.351470947265623,8.405181884765625
2019-07-17,15.79034423828125,15.44757080078125,14.47784423828125,14.86260986328125,14.72979736328125,12.50518798828125
2019-07-18,18.091217041015625,16.765045166015625,14.756256103515623,16.516021728515625,16.621490478515625,12.994537353515623
2019-07-19,16.423126220703125,15.233673095703123,13.060821533203123,14.506134033203123,16.061798095703125,11.177032470703123
2019-07-20,14.123077392578123,14.475616455078123,11.020538330078123,11.780303955078123,13.959014892578123,9.988311767578123
2019-07-21,12.741973876953123,14.679473876953123,11.346466064453123,11.844512939453123,14.005645751953123,9.636505126953123
2019-07-22,16.462127685546875,14.936737060546877,13.717987060546877,13.907440185546877,15.686737060546877,13.872283935546877
2019-07-23,14.97515869140625,14.62261962890625,12.69390869140625,13.22906494140625,15.67437744140625,11.96441650390625
2019-07-24,16.96783447265625,17.07818603515625,13.91802978515625,13.94927978515625,17.46783447265625,13.07135009765625
2019-07-25,15.894927978515623,15.875396728515623,11.976959228515623,13.373443603515623,14.240631103515623,11.308990478515623
2019-07-26,16.428924560546875,15.639862060546877,14.366424560546877,15.648651123046877,15.690643310546877,12.247283935546877
2019-07-27,15.84490966796875,15.71405029296875,13.84197998046875,15.15155029296875,16.82147216796875,13.10760498046875
2019-07-28,15.92144775390625,15.32965087890625,13.28863525390625,14.73101806640625,16.48980712890625,12.95465087890625
2019-07-29,17.072601318359375,16.996429443359375,14.130218505859377,15.320648193359377,19.18588256835937,13.774749755859377
2019-07-30,12.741180419921877,12.341766357421877,10.523406982421877,11.598602294921877,13.601531982421877,10.796844482421877
2019-07-31,13.2569580078125,12.7930908203125,9.9298095703125,12.0626220703125,12.8057861328125,9.7237548828125
2019-08-01,12.017608642578123,11.612335205078123,10.787139892578123,11.856475830078123,12.268585205078123,9.860382080078123
2019-08-02,15.036163330078123,13.879913330078123,12.524444580078123,14.134796142578123,14.461944580078123,13.254913330078123
2019-08-03,15.00726318359375,15.07366943359375,13.38128662109375,15.38226318359375,15.55023193359375,14.09124755859375
2019-08-04,16.309417724609375,15.456878662109377,14.832855224609377,15.981292724609377,17.368011474609375,15.242034912109377
2019-08-05,18.00244140625,16.78662109375,16.82666015625,16.76513671875,15.91064453125,15.29541015625
2019-08-06,15.578765869140623,13.625640869140623,15.201812744140623,15.157867431640623,16.043609619140625,15.143218994140623
2019-08-07,18.166229248046875,17.635955810546875,17.617401123046875,16.558807373046875,17.682830810546875,17.429901123046875
2019-08-08,18.45806884765625,18.69146728515625,17.59967041015625,16.02545166015625,19.54400634765625,19.52935791015625
2019-08-09,19.84527587890625,20.29449462890625,18.41851806640625,17.98590087890625,19.75152587890625,21.84136962890625
2019-08-10,15.62835693359375,14.58148193359375,14.67816162109375,15.95257568359375,16.08050537109375,13.36761474609375
2019-08-11,13.80462646484375,11.45306396484375,11.52630615234375,12.17474365234375,15.05853271484375,12.72161865234375
2019-08-12,9.890045166015623,9.695709228515623,9.308990478515623,9.726959228515623,11.872467041015623,9.058013916015623
2019-08-13,11.5672607421875,10.4617919921875,10.8182373046875,11.4998779296875,11.9197998046875,12.8973388671875
2019-08-14,13.336517333984377,12.444915771484377,12.814056396484377,12.375579833984377,13.416595458984377,12.345306396484377
2019-08-15,15.40960693359375,14.81585693359375,15.50628662109375,15.51605224609375,15.34808349609375,14.52386474609375
2019-08-16,15.6258544921875,15.2694091796875,14.9862060546875,13.5653076171875,15.7684326171875,16.2420654296875
2019-08-17,16.895416259765625,16.487213134765625,17.945220947265625,15.426666259765623,15.693267822265623,14.697174072265623
2019-08-18,16.747467041015625,16.270904541015625,14.485748291015623,16.011138916015625,16.811920166015625,12.838287353515623
2019-08-19,15.678955078125,14.563720703125,14.085205078125,14.409423828125,16.977783203125,16.867431640625
2019-08-20,15.169189453125,13.880126953125,15.629150390625,14.911376953125,16.239501953125,16.926025390625
2019-08-21,13.26129150390625,14.31695556640625,13.06793212890625,13.85797119140625,16.04254150390625,13.78863525390625
2019-08-22,13.75042724609375,13.27581787109375,11.86468505859375,12.73675537109375,15.52093505859375,14.55511474609375
2019-08-23,14.432464599609377,14.885589599609377,12.637542724609377,13.497894287109377,15.308441162109377,13.201995849609377
2019-08-24,14.805572509765623,13.841705322265623,13.948150634765623,14.345611572265623,15.642486572265623,13.222564697265623
2019-08-25,14.84893798828125,14.26300048828125,16.39093017578125,13.44171142578125,14.99444580078125,16.72686767578125
2019-08-26,15.526824951171877,16.791473388671875,14.365692138671877,14.521942138671877,14.041473388671877,13.009246826171877
2019-08-27,13.375335693359377,14.987640380859377,12.330413818359377,12.749359130859377,15.567718505859377,16.313812255859375
2019-08-28,14.86920166015625,14.57623291015625,13.13287353515625,12.42877197265625,14.54498291015625,15.74322509765625
2019-08-29,15.262481689453123,15.843536376953123,13.305450439453123,14.287872314453123,13.795684814453123,12.158966064453123
2019-08-30,12.66082763671875,11.56903076171875,9.98114013671875,10.36883544921875,13.96258544921875,9.47332763671875
2019-08-31,13.734130859375,13.251708984375,13.597412109375,12.989990234375,12.571044921875,13.771240234375
2019-09-01,15.03765869140625,15.08062744140625,13.71734619140625,14.12652587890625,13.29644775390625,14.73394775390625
2019-09-02,13.3377685546875,12.2655029296875,12.4051513671875,13.0906982421875,14.7030029296875,11.3631591796875
2019-09-03,11.394287109375,13.106201171875,11.320068359375,11.681396484375,14.373779296875,10.186279296875
2019-09-04,11.799591064453123,12.724395751953123,11.089630126953123,10.351348876953123,14.355255126953123,10.718536376953123
2019-09-05,11.461669921875,10.755615234375,7.735107421875,9.314208984375,10.432373046875,6.418701171875
2019-09-06,12.780914306640623,12.733062744140623,12.779937744140623,13.252593994140623,14.820953369140623,13.218414306640623
2019-09-07,12.367340087890623,12.714996337890623,10.895660400390623,11.935699462890623,14.173004150390623,11.072418212890623
2019-09-08,15.639678955078123,14.522491455078123,13.489288330078123,13.834014892578123,13.692413330078123,11.051788330078123
2019-09-09,12.243865966796877,12.385467529296877,8.460662841796875,9.648162841796877,11.451873779296877,7.552459716796875
2019-09-10,11.448150634765623,11.939361572265623,8.936431884765625,10.619049072265623,11.720611572265623,7.776275634765625
2019-09-11,7.927215576171875,7.352996826171875,7.336395263671875,7.443817138671875,10.084442138671877,9.723114013671877
2019-09-12,10.027008056640623,11.310211181640623,9.252593994140623,9.655914306640623,11.283843994140623,8.975250244140625
2019-09-13,11.189178466796877,11.848358154296877,10.754608154296877,11.210662841796877,13.077850341796877,10.101287841796877
2019-09-14,10.447418212890623,9.088043212890623,8.173004150390625,10.564605712890623,12.761871337890623,8.855621337890625
2019-09-15,4.154815673828125,4.534698486328125,4.137237548828125,5.765167236328125,8.641143798828125,4.836456298828125
2019-09-16,3.523040771484375,2.414642333984375,0.963470458984375,2.284759521484375,5.900970458984375,1.287689208984375
2019-09-17,4.664581298828125,4.695831298828125,4.584503173828125,3.922393798828125,6.076690673828125,5.899932861328125
2019-09-18,6.246063232421875,6.486297607421875,5.926727294921875,7.784149169921875,7.926727294921875,6.638641357421875
2019-09-19,10.826171875,11.6005859375,10.0556640625,11.2275390625,14.3349609375,10.5966796875
2019-09-20,10.788055419921877,10.021453857421877,6.611297607421875,7.709930419921875,8.932586669921875,6.171844482421875
2019-09-21,9.851959228515623,9.936920166015623,10.006256103515623,10.268951416015623,12.497467041015623,9.168365478515623
2019-09-22,10.3243408203125,9.3917236328125,9.7364501953125,10.5772705078125,12.4747314453125,9.8009033203125
2019-09-23,8.508575439453125,10.664825439453123,8.384552001953125,7.740997314453125,9.147247314453123,9.116973876953123
2019-09-24,8.094757080078125,11.059600830078123,7.649444580078125,8.329132080078125,10.171905517578123,7.595733642578125
2019-09-25,8.476348876953125,10.231231689453123,8.419708251953125,8.438262939453125,11.163848876953123,8.125762939453125
2019-09-26,11.291290283203123,10.197540283203123,10.580352783203123,9.643829345703123,13.095977783203123,10.227813720703123
2019-09-27,7.944488525390625,11.289215087890623,7.429840087890625,7.672027587890625,10.614410400390623,7.209136962890625
2019-09-28,9.341766357421877,10.503875732421877,9.121063232421877,8.373992919921875,11.419891357421877,7.684539794921875
2019-09-29,5.1668701171875,4.2254638671875,4.8739013671875,7.1717529296875,12.3905029296875,9.2791748046875
2019-09-30,1.94671630859375,3.26898193359375,1.76898193359375,1.66448974609375,5.38714599609375,2.14593505859375
2019-10-01,5.60430908203125,4.70977783203125,2.36700439453125,3.50860595703125,5.52130126953125,1.49591064453125
2019-10-02,1.24468994140625,0.86773681640625,1.45074462890625,0.75250244140625,3.52593994140625,2.36480712890625
2019-10-03,3.35467529296875,2.61932373046875,1.97381591796875,2.96893310546875,5.06365966796875,1.51287841796875
2019-10-04,2.02001953125,4.29150390625,2.83251953125,1.67822265625,8.90283203125,3.02001953125
2019-10-05,4.594879150390625,8.532379150390625,7.848785400390625,5.432769775390625,11.284332275390623,8.484527587890625
2019-10-06,8.890594482421875,9.848602294921877,7.549774169921875,7.224578857421875,10.890594482421877,6.671844482421875
2019-10-07,6.357391357421875,6.648406982421875,7.887664794921875,7.067352294921875,8.294891357421875,9.023406982421877
2019-10-08,6.11773681640625,8.36676025390625,5.30718994140625,6.87261962890625,10.27496337890625,6.76031494140625
2019-10-09,6.430877685546875,8.121307373046875,5.158416748046875,7.362518310546875,9.445526123046877,7.871307373046875
2019-10-10,5.409271240234375,8.652435302734375,4.713958740234375,5.436614990234375,8.958099365234375,5.417083740234375
2019-10-11,4.289520263671875,7.951629638671875,4.171356201171875,6.968231201171875,9.129364013671877,6.285614013671875
2019-10-12,4.415924072265625,9.838775634765623,4.004791259765625,7.524322509765625,8.451080322265625,4.977447509765625
2019-10-13,7.208404541015625,8.278717041015625,4.138092041015625,6.216217041015625,5.843170166015625,4.478912353515625
2019-10-14,5.585540771484375,7.829681396484375,4.922454833984375,5.830657958984375,8.552337646484375,4.529876708984375
2019-10-15,4.9500732421875,8.2440185546875,4.6951904296875,3.9764404296875,7.8729248046875,4.3944091796875
2019-10-16,4.786224365234375,7.152435302734375,4.224700927734375,6.391693115234375,8.015716552734375,4.920013427734375
2019-10-17,7.676666259765625,9.647369384765623,7.951080322265625,7.949127197265625,6.845611572265625,7.303619384765625
2019-10-18,7.323394775390625,9.626129150390623,9.057769775390623,8.347808837890625,7.082183837890625,12.038238525390623
2019-10-19,7.216339111328125,8.021026611328125,6.736846923828125,5.078643798828125,8.708526611328125,12.091339111328123
2019-10-20,7.089447021484375,7.101165771484375,8.640228271484375,6.168548583984375,8.354095458984375,12.381439208984377
2019-10-21,7.135772705078125,10.734405517578123,8.990264892578125,7.188507080078125,6.825225830078125,13.282257080078123
2019-10-22,5.786163330078125,6.015655517578125,5.959014892578125,4.977569580078125,7.179718017578125,11.024444580078123
2019-10-23,5.995574951171875,8.603973388671875,6.193817138671875,6.950653076171875,6.344207763671875,5.513153076171875
2019-10-24,6.382843017578125,7.525421142578125,5.894561767578125,6.014678955078125,6.935577392578125,11.307647705078123
2019-10-25,5.697784423828125,3.454620361328125,7.439971923828125,7.409698486328125,10.631378173828123,7.510284423828125
2019-10-26,2.622894287109375,1.437347412109375,0.289886474609375,2.020355224609375,5.287933349609375,0.552581787109375
2019-10-27,4.2923583984375,3.0697021484375,2.0814208984375,3.6898193359375,7.1048583984375,2.7747802734375
2019-10-28,3.527313232421875,4.766571044921875,3.265594482421875,5.221649169921875,6.570281982421875,5.033172607421875
2019-10-29,3.712738037109375,5.435394287109375,5.184417724609375,5.077972412109375,8.959808349609375,4.533050537109375
2019-10-30,9.595703125,11.365234375,8.2783203125,8.25,9.8798828125,7.025390625
2019-10-31,5.420318603515625,6.475982666015625,5.227935791015625,4.455474853515625,8.935943603515625,5.691802978515625
2019-11-01,12.226409912109377,12.043792724609377,10.017425537109377,9.191253662109377,11.344573974609377,8.153167724609375
2019-11-02,10.034515380859377,10.017913818359377,9.047210693359377,9.304046630859377,11.954437255859377,8.668304443359375
2019-11-03,5.986083984375,7.210693359375,4.790771484375,6.571044921875,8.823974609375,6.146240234375
2019-11-04,6.13665771484375,7.80950927734375,5.62005615234375,5.12396240234375,9.10540771484375,5.07025146484375
2019-11-05,7.232177734375,7.387451171875,5.751708984375,5.741943359375,8.593505859375,4.965576171875
2019-11-06,2.655517578125,5.162353515625,2.547119140625,2.290283203125,7.421142578125,3.976806640625
2019-11-07,2.030853271484375,4.218353271484375,1.788665771484375,0.754486083984375,3.375579833984375,4.719329833984375
2019-11-08,6.962677001953125,7.972442626953125,6.801544189453125,6.444122314453125,9.933380126953123,5.354278564453125
2019-11-09,6.217864990234375,6.828216552734375,4.421966552734375,6.258880615234375,8.088958740234375,4.223724365234375
2019-11-10,5.728973388671875,7.870574951171875,5.565887451171875,4.614715576171875,8.210418701171875,4.516082763671875
2019-11-11,8.683380126953125,9.457794189453123,7.274200439453125,6.029083251953125,9.583770751953123,5.836700439453125
2019-11-12,6.404632568359375,7.268890380859375,5.508148193359375,5.456390380859375,7.134124755859375,5.972015380859375
2019-11-13,6.981964111328125,7.057159423828125,4.964385986328125,7.138214111328125,6.719268798828125,5.138214111328125
2019-11-14,0.603485107421875,3.457977294921875,0.581024169921875,0.069305419921875,6.353485107421875,1.946258544921875
2019-11-15,2.36431884765625,4.93072509765625,1.72955322265625,1.44439697265625,5.40045166015625,4.83795166015625
2019-11-16,2.420562744140625,3.345367431640625,3.483062744140625,3.031890869140625,6.635406494140625,3.096343994140625
2019-11-17,1.123382568359375,2.371429443359375,0.299163818359375,-0.350250244140625,1.823577880859375,2.394866943359375
2019-11-18,-0.849700927734375,0.815338134765625,-1.087982177734375,-1.898529052734375,2.011627197265625,0.170806884765625
2019-11-19,0.1650390625,2.39453125,-0.126953125,-0.75390625,3.1943359375,3.5224609375
2019-11-20,3.143157958984375,4.467376708984375,3.021087646484375,5.187103271484375,7.599212646484375,3.142181396484375
2019-11-21,0.223663330078125,2.000030517578125,-2.168914794921875,-1.258758544921875,2.737335205078125,-0.960906982421875
2019-11-22,1.299560546875,2.021240234375,3.318115234375,1.985107421875,4.641357421875,0.697998046875
2019-11-23,5.29510498046875,6.75506591796875,5.94744873046875,4.66424560546875,7.03045654296875,4.53436279296875
2019-11-24,2.59991455078125,5.14190673828125,3.76202392578125,3.38800048828125,6.52862548828125,3.18780517578125
2019-11-25,-0.574798583984375,1.643951416015625,0.251373291015625,-0.498626708984375,2.738677978515625,-0.461517333984375
2019-11-26,-1.752349853515625,-2.552154541015625,-1.950592041015625,-1.152740478515625,0.119720458984375,-1.622467041015625
2019-11-27,0.343109130859375,4.363616943359375,3.151702880859375,-0.018218994140625,5.334320068359375,2.098968505859375
2019-11-28,-0.927337646484375,-1.585540771484375,2.623443603515625,3.266021728515625,6.123443603515625,2.647857666015625
2019-11-29,-3.106781005859375,-5.099945068359375,-4.683929443359375,-3.929046630859375,0.856109619140625,-3.300140380859375
2019-11-30,-10.34112548828125,-6.99835205078125,-8.05889892578125,-6.05499267578125,1.38446044921875,-6.13800048828125
2019-12-01,-5.709228515625,-4.378173828125,-1.176025390625,-2.352783203125,6.500732421875,2.781982421875
2019-12-02,0.6888427734375,3.1810302734375,1.9359130859375,-0.9674072265625,6.5980224609375,1.0462646484375
2019-12-03,-0.3675537109375,1.2974853515625,1.9361572265625,0.5972900390625,5.6470947265625,0.8140869140625
2019-12-04,0.791046142578125,3.871124267578125,3.224639892578125,0.532257080078125,5.811553955078125,1.629913330078125
2019-12-05,2.089141845703125,3.969024658203125,2.684844970703125,2.537384033203125,4.136993408203125,1.280548095703125
2019-12-06,-0.087646484375,-1.076904296875,-2.032958984375,-0.906005859375,1.422119140625,-3.247802734375
2019-12-07,-4.323577880859375,-2.160491943359375,-6.773773193359375,-4.079437255859375,-1.611663818359375,-5.357757568359375
2019-12-08,-2.901275634765625,-1.790924072265625,-1.613189697265625,-1.823150634765625,1.616302490234375,-1.047760009765625
2019-12-09,1.502166748046875,1.965057373046875,1.827362060546875,1.952362060546875,5.558807373046875,-0.897247314453125
2019-12-10,-5.827056884765625,-1.353424072265625,-8.996978759765625,-7.784088134765625,-2.794830322265625,-4.819244384765625
2019-12-11,-3.733123779296875,0.363555908203125,-4.138397216796875,-5.566131591796875,1.381134033203125,-2.148162841796875
2019-12-12,-0.87164306640625,3.16644287109375,2.61077880859375,-0.23199462890625,6.08734130859375,2.86859130859375
2019-12-13,-0.77093505859375,2.64312744140625,1.75152587890625,-0.54534912109375,6.16754150390625,1.46539306640625
2019-12-14,3.169097900390625,4.366363525390625,5.181793212890625,1.780426025390625,6.004058837890625,2.527496337890625
2019-12-15,3.387359619140625,5.114898681640625,3.787750244140625,2.764312744140625,5.552398681640625,2.949859619140625
2019-12-16,8.288726806640625,8.434234619140625,5.648101806640625,5.577789306640625,6.568023681640625,3.961578369140625
2019-12-17,3.4100341796875,4.9783935546875,2.9276123046875,3.9119873046875,4.7508544921875,0.5838623046875
2019-12-18,2.844940185546875,3.402557373046875,2.114471435546875,2.925018310546875,3.817596435546875,0.779510498046875
2019-12-19,2.281768798828125,1.703643798828125,0.170440673828125,1.159698486328125,-1.886199951171875,-3.145965576171875
2019-12-20,-3.199066162109375,-1.646331787109375,-3.380706787109375,-3.660003662109375,-1.630706787109375,-7.473480224609375
2019-12-21,-0.325836181640625,-0.827789306640625,-1.921539306640625,-0.367828369140625,-1.763336181640625,-5.262359619140625
2019-12-22,-6.45245361328125,-6.26885986328125,-6.08331298828125,-7.76104736328125,-2.16534423828125,-8.84698486328125
2019-12-23,-5.1036376953125,-4.8800048828125,-6.8878173828125,-5.4239501953125,-5.4600830078125,-9.7520751953125
2019-12-24,-5.616180419921875,-7.384735107421875,-8.009735107421875,-6.661102294921875,-4.278289794921875,-9.241180419921877
2019-12-25,-8.941375732421875,-10.681610107421877,-11.431610107421877,-10.540008544921877,-8.026336669921875,-13.143524169921877
2019-12-26,-16.266571044921875,-13.784149169921877,-12.206024169921877,-12.153289794921877,-5.588836669921875,-15.059539794921877
2019-12-27,-0.986541748046875,-2.174041748046875,-3.302947998046875,-1.702362060546875,-2.410369873046875,-2.426971435546875
2019-12-28,-13.140716552734377,-11.810638427734377,-11.778411865234377,-10.441497802734377,-4.826263427734375,-12.774505615234377
2019-12-29,-9.103851318359377,-6.292327880859375,-10.822601318359377,-5.362640380859375,-1.669281005859375,-5.792327880859375
2019-12-30,-6.633148193359375,2.169586181640625,-7.838226318359375,-6.226898193359375,-1.091156005859375,-3.013031005859375
2019-12-31,-9.709808349609377,-2.946136474609375,-10.956878662109377,-8.151214599609375,-2.799652099609375,-7.761566162109375
2020-01-01,-5.082366943359375,-6.364593505859375,-7.483734130859375,-6.437835693359375,-3.473968505859375,-8.231781005859375
2020-01-02,-12.253082275390623,-11.805816650390623,-14.860504150390623,-11.280426025390623,-9.824371337890623,-15.760894775390623
2020-01-03,-12.81304931640625,-6.86773681640625,-12.52789306640625,-10.25347900390625,-4.55328369140625,-10.55035400390625
2020-01-04,-14.176666259765623,-9.269439697265623,-13.181549072265623,-9.106353759765623,-4.521392822265625,-9.988189697265623
2020-01-05,-8.999481201171875,-5.000457763671875,-5.870574951171875,-4.788543701171875,-0.533660888671875,3.599151611328125
2020-01-06,-9.052764892578123,-0.190460205078125,-4.145538330078125,-4.395538330078125,-4.437530517578125,2.092742919921875
2020-01-07,-2.926177978515625,-2.121490478515625,-5.908599853515625,-3.464263916015625,0.458587646484375,-3.582427978515625
2020-01-08,-9.8875732421875,-5.2225341796875,-8.8143310546875,-5.4549560546875,-0.5887451171875,-5.6776123046875
2020-01-09,-12.056182861328123,-6.991729736328125,-9.391143798828123,-5.563018798828125,-2.230010986328125,-4.005401611328125
2020-01-10,-11.24737548828125,-4.86749267578125,-4.16827392578125,-4.63507080078125,-2.57745361328125,1.46258544921875
2020-01-11,-8.522979736328125,-2.633331298828125,-6.341339111328125,-5.429229736328125,-2.586456298828125,1.505340576171875
2020-01-12,-8.849700927734375,-4.239349365234375,-4.933685302734375,-4.896575927734375,-1.378997802734375,-0.697357177734375
2020-01-13,-9.676422119140623,-6.860992431640625,-4.894195556640625,-5.238922119140625,0.702484130859375,-6.483062744140625
2020-01-14,-3.434112548828125,-4.230010986328125,-2.469268798828125,-2.277862548828125,-4.389190673828125,-3.480010986328125
2020-01-15,-3.141571044921875,-4.497039794921875,-4.149383544921875,-3.287078857421875,0.133819580078125,-3.319305419921875
2020-01-16,-4.980499267578125,-6.415069580078125,-6.550811767578125,-6.101593017578125,-2.309600830078125,-9.397491455078123
2020-01-17,-8.521697998046875,-6.017791748046875,-4.655487060546875,-2.425994873046875,-1.039276123046875,-5.965057373046875
2020-01-18,-3.568328857421875,-4.866180419921875,-4.341766357421875,-2.429656982421875,-2.935516357421875,-6.062469482421875
2020-01-19,-10.412384033203123,-11.692657470703123,-7.985626220703125,-7.196563720703125,-2.964141845703125,-5.173126220703125
2020-01-20,-3.760345458984375,-0.475189208984375,0.673248291015625,-2.034759521484375,2.327545166015625,-0.610931396484375
2020-01-21,-2.914825439453125,-0.334747314453125,0.792205810546875,-1.074981689453125,5.868377685546875,1.802947998046875
2020-01-22,-0.75775146484375,2.08111572265625,-0.16888427734375,0.59088134765625,3.47955322265625,0.80377197265625
2020-01-23,-4.57830810546875,-3.02166748046875,-2.05682373046875,-3.06365966796875,1.62774658203125,-1.99237060546875
2020-01-24,0.193817138671875,2.905731201171875,0.279754638671875,1.761199951171875,3.048309326171875,-0.324737548828125
2020-01-25,-5.229888916015625,-3.249420166015625,-2.896881103515625,-1.653717041015625,0.648040771484375,-3.432037353515625
2020-01-26,-0.417572021484375,1.032623291015625,-0.108978271484375,-0.698822021484375,1.036529541015625,-1.984954833984375
2020-01-27,-2.54534912109375,-1.44476318359375,-1.44183349609375,-2.02386474609375,2.50640869140625,-1.80804443359375
2020-01-28,-2.186370849609375,-0.832855224609375,1.208160400390625,-0.764495849609375,3.420074462890625,-0.411956787109375
2020-01-29,1.663482666015625,4.291412353515625,4.123443603515625,4.901763916015625,5.708404541015625,2.531646728515625
2020-01-30,0.079681396484375,1.658782958984375,2.664642333984375,1.975189208984375,5.302337646484375,1.566986083984375
2020-01-31,-0.2093505859375,-1.3616943359375,-1.7073974609375,-1.0980224609375,1.8121337890625,-0.6966552734375
2020-02-01,-6.649169921875,-7.661865234375,-8.827880859375,-7.600341796875,-5.022216796875,-9.461669921875
2020-02-02,-6.909393310546875,-5.908416748046875,-10.650604248046877,-9.312713623046877,-6.653533935546875,-11.182830810546877
2020-02-03,-3.41552734375,-3.29248046875,-6.08740234375,-4.30908203125,-4.44677734375,-7.37548828125
2020-02-04,-13.518157958984377,-9.306243896484377,-11.045501708984377,-12.647064208984377,-3.504486083984375,-8.043548583984375
2020-02-05,-9.308380126953123,-6.854278564453125,-6.734161376953125,-9.883575439453123,-3.320098876953125,-7.792755126953125
2020-02-06,1.270721435546875,0.635955810546875,1.160369873046875,3.967010498046875,3.200408935546875,0.588104248046875
2020-02-07,-1.708892822265625,-2.071197509765625,-3.168853759765625,-2.792877197265625,2.496185302734375,-1.843658447265625
2020-02-08,-4.130157470703125,-4.017852783203125,-0.656524658203125,-1.092071533203125,2.237030029296875,-1.827423095703125
2020-02-09,-6.782562255859375,-3.597015380859375,-2.962249755859375,-4.447601318359375,0.119781494140625,-1.441741943359375
2020-02-10,-1.179840087890625,-1.550933837890625,-2.877105712890625,-0.996246337890625,-1.409332275390625,-3.155426025390625
2020-02-11,-5.6807861328125,-7.8233642578125,-9.9786376953125,-6.3780517578125,-4.0557861328125,-7.6221923828125
2020-02-12,-5.501434326171875,-3.068817138671875,-4.219207763671875,-3.051239013671875,-0.251434326171875,-2.363739013671875
2020-02-13,-3.570220947265625,1.447357177734375,-2.064361572265625,-1.711822509765625,0.590911865234375,-1.016510009765625
2020-02-14,-0.944915771484375,-2.473236083984375,-0.620697021484375,-1.832611083984375,-1.959564208984375,-0.450775146484375
2020-02-15,2.103424072265625,0.706939697265625,-0.466888427734375,0.556549072265625,2.545806884765625,-0.752044677734375
2020-02-16,-3.236114501953125,-7.353302001953125,-8.041778564453125,-4.427520751953125,-3.606231689453125,-8.165802001953125
2020-02-17,-7.7965087890625,-4.7603759765625,-5.9097900390625,-3.9224853515625,-4.0093994140625,-6.8394775390625
2020-02-18,-7.737823486328125,-4.865753173828125,-8.743682861328125,-4.352081298828125,-3.666534423828125,-5.619659423828125
2020-02-19,0.282318115234375,3.684661865234375,-0.703033447265625,0.820404052734375,-0.064361572265625,-0.835845947265625
2020-02-20,-3.279693603515625,-5.553131103515625,-4.453521728515625,-3.513092041015625,-3.364654541015625,-3.714263916015625
2020-02-21,7.1192626953125,6.1173095703125,4.9835205078125,4.9942626953125,5.7471923828125,2.6339111328125
2020-02-22,3.00146484375,3.06201171875,-0.10302734375,1.31494140625,2.41064453125,-0.25048828125
2020-02-23,-3.058135986328125,-3.284698486328125,-12.340362548828123,-6.153839111328125,-11.471221923828123,-9.677276611328123
2020-02-24,-10.6112060546875,-9.3162841796875,-9.7381591796875,-6.2088623046875,-4.3162841796875,-6.1287841796875
2020-02-25,-2.50213623046875,0.92950439453125,-2.23065185546875,-2.69744873046875,1.73028564453125,-2.30487060546875
2020-02-26,0.69073486328125,3.84307861328125,1.89093017578125,1.35772705078125,2.77569580078125,1.37921142578125
2020-02-27,4.618438720703125,6.139923095703125,4.470001220703125,4.085235595703125,5.011016845703125,3.007110595703125
2020-02-28,1.2508544921875,2.2586669921875,0.3446044921875,1.8934326171875,2.9373779296875,-0.0684814453125
2020-02-29,-0.5711669921875,-1.2908935546875,-2.5291748046875,-2.0379638671875,1.4835205078125,-0.7020263671875
2020-03-01,-3.327239990234375,-5.272552490234375,-2.463958740234375,-4.981536865234375,0.468658447265625,-1.711029052734375
2020-03-02,6.168701171875,5.155029296875,2.586669921875,5.328857421875,4.941162109375,1.428466796875
2020-03-03,0.659210205078125,0.197296142578125,-0.269500732421875,0.893585205078125,2.778350830078125,-0.236297607421875
2020-03-04,-1.611297607421875,-4.565399169921875,-3.866180419921875,-2.423797607421875,-0.399383544921875,-3.205047607421875
2020-03-05,-8.0135498046875,-6.2088623046875,-6.0975341796875,-5.8944091796875,-0.9949951171875,-3.7742919921875
2020-03-06,-6.015411376953125,-6.740020751953125,-9.875762939453123,-6.466583251953125,-3.007598876953125,-5.594512939453125
2020-03-07,-3.725982666015625,-1.555084228515625,-3.606842041015625,-0.639068603515625,-1.028717041015625,-0.692779541015625
2020-03-08,0.462371826171875,5.349090576171875,-0.096221923828125,-0.527862548828125,4.705535888671875,1.733856201171875
2020-03-09,6.123443603515625,5.965240478515625,0.754302978515625,4.191802978515625,4.158599853515625,2.990631103515625
2020-03-10,0.680389404296875,-0.449493408203125,-0.374298095703125,0.686248779296875,4.342498779296875,-0.281524658203125
2020-03-11,-1.688751220703125,-2.134063720703125,-2.452423095703125,-0.881134033203125,-0.879180908203125,-2.451446533203125
2020-03-12,-4.4290771484375,-0.2064208984375,-8.3157958984375,-5.7532958984375,-0.0062255859375,-3.5667724609375
2020-03-13,3.4835205078125,1.0186767578125,-0.7000732421875,1.0167236328125,-0.4393310546875,-0.9696044921875
2020-03-14,-0.871612548828125,-0.970245361328125,-0.682159423828125,-0.616729736328125,-1.432159423828125,-2.320831298828125
2020-03-15,-0.414459228515625,0.085540771484375,-1.372467041015625,-0.726959228515625,-2.155670166015625,-3.880279541015625
2020-03-16,0.56036376953125,1.28302001953125,-0.89959716796875,-0.96112060546875,1.91778564453125,1.30548095703125
2020-03-17,5.008087158203125,2.780548095703125,1.403594970703125,3.494415283203125,-0.912811279296875,-1.074920654296875
2020-03-18,-3.82440185546875,-5.38592529296875,-5.38690185546875,-4.30194091796875,-1.02459716796875,-4.44451904296875
2020-03-19,-5.364776611328125,-7.357940673828125,-7.987823486328125,-6.210479736328125,-0.194854736328125,-6.138214111328125
2020-03-20,-6.094482421875,-7.264404296875,-9.003662109375,-6.814208984375,-6.656005859375,-10.239990234375
2020-03-21,-0.0252685546875,-1.4979248046875,-1.7674560546875,-1.3748779296875,2.3634033203125,-2.4158935546875
2020-03-22,-0.556121826171875,-0.207489013671875,-0.464324951171875,0.858917236328125,4.160675048828125,-0.194793701171875
2020-03-23,0.69805908203125,0.36993408203125,-0.31854248046875,0.44122314453125,3.60821533203125,-0.22576904296875
2020-03-24,0.926666259765625,1.599517822265625,-1.126068115234375,0.298736572265625,0.591705322265625,-2.487396240234375
2020-03-25,0.889251708984375,0.233001708984375,-2.798248291015625,1.175384521484375,-1.098052978515625,-0.766998291015625
2020-03-26,-0.381317138671875,-0.842254638671875,0.145050048828125,1.015167236328125,0.216339111328125,-0.020965576171875
2020-03-27,-0.547088623046875,-1.572479248046875,-0.490447998046875,-0.174041748046875,2.795684814453125,-1.865447998046875
2020-03-28,-15.269927978515623,-8.355865478515625,-9.459381103515623,-10.241607666015623,-10.066802978515623,-10.120513916015623
2020-03-29,-9.0821533203125,-4.9659423828125,-8.6339111328125,-12.0245361328125,-7.1778564453125,-7.0509033203125
2020-03-30,-0.412445068359375,-2.307952880859375,-5.681976318359375,-2.799163818359375,-3.893890380859375,-4.123382568359375
2020-03-31,0.58441162109375,0.28753662109375,-1.47125244140625,-0.78961181640625,5.34710693359375,0.95843505859375
2020-04-01,-0.649322509765625,-1.414947509765625,-2.451080322265625,-1.713775634765625,-0.227447509765625,-3.869049072265625
2020-04-02,-2.014129638671875,-1.898895263671875,-3.928192138671875,-4.535614013671875,-0.370574951171875,-0.131317138671875
2020-04-03,-1.759796142578125,-1.996124267578125,-1.692413330078125,-3.187530517578125,0.139617919921875,0.358367919921875
2020-04-04,-0.655975341796875,-1.300506591796875,-1.041717529296875,-1.331756591796875,0.879180908203125,0.497344970703125
2020-04-05,1.2984619140625,3.4234619140625,1.3785400390625,1.3502197265625,-0.5413818359375,-2.1781005859375
2020-04-06,4.07177734375,9.13720703125,1.95751953125,4.09130859375,1.19873046875,-0.87451171875
2020-04-07,2.245025634765625,3.537994384765625,1.938385009765625,4.021392822265625,3.128814697265625,-0.121185302734375
2020-04-08,2.69927978515625,5.67291259765625,1.86920166015625,2.21002197265625,4.76568603515625,0.04107666015625
2020-04-09,1.979705810546875,5.812713623046875,0.588104248046875,-0.216583251953125,4.350799560546875,-0.031036376953125
2020-04-10,-6.001251220703125,-4.269805908203125,-4.279571533203125,-2.882110595703125,0.200897216796875,-4.018829345703125
2020-04-11,-4.744781494140625,-3.667633056640625,-7.610015869140625,-6.455718994140625,-8.165679931640625,-6.062164306640625
2020-04-12,-0.585174560546875,1.316192626953125,-1.922088623046875,-0.878143310546875,3.100372314453125,-0.142791748046875
2020-04-13,3.889678955078125,5.386749267578125,1.730499267578125,4.924835205078125,1.340850830078125,0.496124267578125
2020-04-14,2.360504150390625,5.557769775390625,0.735504150390625,2.261871337890625,2.399566650390625,-0.557464599609375
2020-04-15,9.336700439453123,9.063262939453123,4.398223876953125,7.100372314453125,6.950958251953125,2.313262939453125
2020-04-16,0.891845703125,0.915283203125,-1.524169921875,0.264892578125,3.330322265625,-0.010498046875
2020-04-17,1.289337158203125,0.529571533203125,0.413360595703125,0.350860595703125,3.966094970703125,-1.341522216796875
2020-04-18,2.38543701171875,2.12567138671875,1.60418701171875,2.64715576171875,5.51336669921875,0.89617919921875
2020-04-19,2.00335693359375,1.49652099609375,1.05999755859375,-0.63726806640625,1.97503662109375,0.47406005859375
2020-04-20,1.276214599609375,2.289886474609375,-0.598785400390625,1.038909912109375,3.725433349609375,-0.781402587890625
2020-04-21,6.959869384765625,4.978424072265625,3.691314697265625,5.163970947265625,4.411041259765625,-0.169036865234375
2020-04-22,9.334991455078123,6.852569580078125,4.857452392578125,6.905303955078125,5.216827392578125,1.246124267578125
2020-04-23,6.115234375,7.177734375,2.9541015625,5.8115234375,6.3408203125,1.0625
2020-04-24,4.470703125,5.2548828125,3.541015625,4.2939453125,6.2626953125,1.4873046875
2020-04-25,5.028472900390625,5.677886962890625,5.220855712890625,4.393707275390625,7.692535400390625,2.139801025390625
2020-04-26,7.32305908203125,8.10040283203125,6.28594970703125,7.27716064453125,8.52618408203125,2.98907470703125
2020-04-27,3.790679931640625,3.340484619140625,1.268218994140625,3.671539306640625,4.158843994140625,0.846343994140625
2020-04-28,5.564178466796875,5.695037841796875,3.733123779296875,5.211639404296875,6.744842529296875,2.445037841796875
2020-04-29,4.7196044921875,3.6737060546875,2.1199951171875,2.9520263671875,2.6717529296875,0.2322998046875
2020-04-30,3.9659423828125,3.6759033203125,1.5147705078125,3.4093017578125,1.3682861328125,-2.0780029296875
2020-05-01,6.995269775390625,6.146636962890625,5.276519775390625,6.344879150390625,8.567535400390625,2.676910400390625
2020-05-02,1.903472900390625,1.587066650390625,-1.183441162109375,0.886871337890625,2.208160400390625,-3.707855224609375
2020-05-03,3.349090576171875,4.230926513671875,3.007293701171875,3.633270263671875,2.841278076171875,-1.620635986328125
2020-05-04,5.101409912109375,5.358245849609375,4.572113037109375,5.761566162109375,5.890472412109375,1.483245849609375
2020-05-05,5.716339111328125,6.907745361328125,4.207550048828125,4.563018798828125,6.530792236328125,2.214385986328125
2020-05-06,5.334808349609375,8.170745849609375,4.377777099609375,3.713714599609375,6.649261474609375,2.522308349609375
2020-05-07,10.347747802734377,11.515716552734377,9.046966552734377,10.136810302734377,9.938568115234377,5.369232177734375
2020-05-08,6.491790771484375,4.638275146484375,7.499603271484375,7.994720458984375,7.285736083984375,2.174407958984375
2020-05-09,9.071319580078123,12.764678955078123,8.025421142578125,8.033233642578125,15.237335205078123,4.385772705078125
2020-05-10,11.158233642578123,11.387725830078123,11.467803955078123,14.725616455078123,16.461944580078125,12.292022705078123
2020-05-11,11.865814208984377,13.466400146484377,10.392181396484377,12.729095458984377,14.971282958984377,6.337493896484375
2020-05-12,14.4293212890625,13.9869384765625,12.1842041015625,13.8502197265625,15.5279541015625,12.6138916015625
2020-05-13,14.313812255859377,14.165374755859377,13.778656005859377,13.748382568359377,14.008148193359377,14.913421630859377
2020-05-14,13.497802734375,13.071044921875,12.892333984375,13.444091796875,15.333740234375,16.986083984375
2020-05-15,13.07025146484375,11.96478271484375,11.18646240234375,12.99310302734375,13.49114990234375,10.07318115234375
2020-05-16,11.477264404296877,9.116912841796877,9.058319091796877,9.765350341796877,12.390350341796877,8.572967529296875
2020-05-17,7.872344970703125,5.012969970703125,3.455352783203125,6.343048095703125,8.048126220703125,2.664337158203125
2020-05-18,5.42156982421875,5.16571044921875,3.47430419921875,5.04656982421875,7.13055419921875,2.03582763671875
2020-05-19,4.149169921875,2.244873046875,2.775146484375,4.524169921875,4.426513671875,2.486083984375
2020-05-20,9.102874755859377,8.181976318359375,7.589202880859375,8.584320068359375,12.476898193359377,8.896820068359375
2020-05-21,6.934539794921875,6.048797607421875,3.903289794921875,5.829071044921875,5.428680419921875,1.898406982421875
2020-05-22,6.369964599609375,5.573089599609375,4.325042724609375,5.628753662109375,5.395355224609375,2.844573974609375
2020-05-23,6.4329833984375,5.9730224609375,3.3568115234375,4.7523193359375,5.3070068359375,3.4056396484375
2020-05-24,7.164703369140625,5.766265869140625,4.012359619140625,5.426422119140625,6.747711181640625,3.414703369140625
2020-05-25,6.9434814453125,6.2550048828125,4.1993408203125,5.4053955078125,7.9678955078125,4.3975830078125
2020-05-26,4.525115966796875,3.975311279296875,4.203826904296875,4.151092529296875,5.285858154296875,2.310272216796875
2020-05-27,6.494873046875,4.966552734375,3.956787109375,5.601318359375,6.380615234375,4.619873046875
2020-05-28,6.695556640625,6.173095703125,4.573486328125,6.767822265625,5.207275390625,4.320556640625
2020-05-29,4.80322265625,4.53466796875,3.19775390625,5.63232421875,5.31884765625,2.83154296875
2020-05-30,4.749114990234375,6.873138427734375,4.008880615234375,3.467864990234375,7.006927490234375,3.084075927734375
2020-05-31,9.13336181640625,11.05035400390625,8.70367431640625,7.45562744140625,10.11480712890625,6.31695556640625
2020-06-01,9.04290771484375,9.82318115234375,7.45013427734375,8.34173583984375,10.92669677734375,7.97552490234375
2020-06-02,7.630859375,7.4267578125,4.5673828125,5.1220703125,7.3369140625,3.744140625
2020-06-03,9.17047119140625,10.22711181640625,7.86285400390625,7.91265869140625,8.80230712890625,6.49078369140625
2020-06-04,9.596038818359377,10.996429443359377,8.475921630859375,8.300140380859375,11.613616943359377,7.475921630859375
2020-06-05,10.559722900390623,10.884918212890623,8.970855712890625,8.787261962890625,10.080230712890623,6.998199462890625
2020-06-06,7.788543701171875,8.525848388671875,7.298309326171875,6.795379638671875,10.040496826171877,5.003387451171875
2020-06-07,7.388641357421875,7.679656982421875,4.991180419921875,6.035125732421875,7.240203857421875,3.617156982421875
2020-06-08,11.4195556640625,11.2066650390625,6.9830322265625,7.3248291015625,9.7115478515625,6.9029541015625
2020-06-09,11.26776123046875,12.57733154296875,9.58123779296875,10.04608154296875,12.51678466796875,9.84686279296875
2020-06-10,10.23773193359375,11.37445068359375,8.90667724609375,10.08245849609375,13.27972412109375,9.02679443359375
2020-06-11,11.28839111328125,10.56378173828125,7.52178955078125,8.85870361328125,7.96710205078125,6.69464111328125
2020-06-12,9.453765869140623,8.242828369140625,8.265289306640625,9.318023681640623,12.258453369140623,10.609039306640623
2020-06-13,10.069000244140623,9.619781494140623,7.813140869140625,9.802398681640623,11.255523681640623,8.603179931640625
2020-06-14,8.0875244140625,10.2760009765625,7.6500244140625,8.6060791015625,11.8521728515625,8.1031494140625
2020-06-15,11.1727294921875,11.9129638671875,7.8494873046875,9.1844482421875,10.8963623046875,7.3641357421875
2020-06-16,9.12835693359375,9.97796630859375,8.67523193359375,9.17523193359375,9.99847412109375,6.59417724609375
2020-06-17,12.941009521484377,11.204681396484377,9.979095458984377,10.800384521484377,11.148040771484377,8.316986083984375
2020-06-18,13.131072998046877,12.159393310546877,10.430877685546877,11.392791748046877,11.889862060546877,8.708221435546875
2020-06-19,12.8397216796875,12.7020263671875,12.0711669921875,13.1473388671875,13.5028076171875,11.4403076171875
2020-06-20,9.654144287109377,8.491058349609375,9.215667724609377,8.679534912109375,11.079925537109377,10.261566162109377
2020-06-21,11.931304931640623,11.265289306640623,11.444976806640623,10.076812744140623,11.501617431640623,11.382476806640623
2020-06-22,12.451873779296877,12.045623779296877,10.130584716796877,11.815155029296877,12.574920654296877,14.257537841796877
2020-06-23,13.9703369140625,13.0963134765625,11.8785400390625,13.6343994140625,14.2613525390625,10.9888916015625
2020-06-24,13.2305908203125,13.4620361328125,11.5518798828125,12.7960205078125,14.4952392578125,11.4571533203125
2020-06-25,15.1400146484375,15.1820068359375,14.0452880859375,14.7962646484375,14.5521240234375,11.7972412109375
2020-06-26,14.70733642578125,15.68292236328125,12.91534423828125,13.96710205078125,15.25909423828125,12.14385986328125
2020-06-27,15.63623046875,15.57666015625,15.39599609375,15.66650390625,15.45849609375,16.43701171875
2020-06-28,16.629241943359375,15.770843505859377,14.022796630859377,15.986663818359377,15.081390380859377,13.855804443359377
2020-06-29,15.771575927734377,15.023529052734377,13.817474365234377,14.164154052734377,16.283294677734375,15.138763427734377
2020-06-30,14.633270263671877,14.517059326171877,13.529754638671877,14.758270263671877,15.076629638671877,11.818817138671877
2020-07-01,14.01849365234375,13.93646240234375,13.39056396484375,14.48822021484375,15.10247802734375,12.04583740234375
2020-07-02,15.766815185546877,15.565643310546877,14.088104248046877,15.535369873046877,15.762908935546877,12.758026123046877
2020-07-03,14.618255615234377,13.649505615234377,12.713958740234377,14.884857177734377,16.276458740234375,13.082122802734377
2020-07-04,12.6656494140625,11.7974853515625,12.6666259765625,11.3062744140625,13.9820556640625,12.2906494140625
2020-07-05,11.2606201171875,10.6571044921875,10.4237060546875,11.3885498046875,12.3553466796875,11.0770263671875
2020-07-06,14.831634521484377,14.063079833984377,13.567962646484377,12.357025146484377,14.938079833984377,13.057220458984377
2020-07-07,16.7979736328125,17.5782470703125,14.1241455078125,16.0606689453125,15.0675048828125,12.3409423828125
2020-07-08,11.37890625,10.1533203125,8.9228515625,10.1865234375,13.8408203125,9.869140625
2020-07-09,8.979827880859375,8.861663818359375,6.472015380859375,7.272796630859375,10.518890380859377,7.676116943359375
2020-07-10,10.08837890625,9.43603515625,9.49267578125,10.15087890625,11.64990234375,11.90576171875
2020-07-11,13.36431884765625,12.33404541015625,9.93658447265625,11.92388916015625,12.15826416015625,8.90826416015625
2020-07-12,13.09112548828125,13.36846923828125,10.07257080078125,12.61846923828125,12.76690673828125,9.03936767578125
2020-07-13,11.650360107421877,10.108367919921877,10.543914794921877,11.691375732421877,14.593719482421877,11.290985107421877
2020-07-14,11.67108154296875,10.98553466796875,11.00506591796875,12.22772216796875,13.78924560546875,10.71209716796875
2020-07-15,8.986480712890625,8.339019775390625,6.805816650390625,8.657379150390625,10.743316650390623,7.815582275390625
2020-07-16,12.350067138671877,11.277801513671877,10.558074951171877,11.982879638671877,11.399871826171877,9.206512451171877
2020-07-17,12.64886474609375,12.40081787109375,11.46722412109375,12.43499755859375,12.82073974609375,10.02581787109375
2020-07-18,16.29730224609375,15.20062255859375,14.32171630859375,14.46917724609375,14.21331787109375,13.32464599609375
2020-07-19,15.093231201171877,14.399871826171877,13.169403076171877,13.572723388671877,14.664520263671877,15.212371826171877
2020-07-20,14.1871337890625,14.4576416015625,12.6226806640625,13.7974853515625,16.1968994140625,12.1363525390625
2020-07-21,14.9951171875,13.9287109375,12.025390625,12.552734375,13.638671875,10.1494140625
2020-07-22,13.10894775390625,11.72515869140625,11.75445556640625,12.76422119140625,13.26617431640625,11.69879150390625
2020-07-23,12.94183349609375,13.79827880859375,11.77093505859375,13.48773193359375,14.61370849609375,10.89886474609375
2020-07-24,14.628631591796877,13.337615966796877,14.216522216796877,13.299530029296877,14.584686279296877,15.297576904296877
2020-07-25,16.646881103515625,15.060943603515623,15.872467041015623,15.145904541015623,16.162506103515625,16.173248291015625
2020-07-26,16.751251220703125,16.465118408203125,15.567657470703123,16.765899658203125,16.863555908203125,15.207305908203123
2020-07-27,15.373748779296877,14.167694091796877,14.348358154296877,15.542694091796877,17.243865966796875,14.579803466796877
2020-07-28,14.941619873046877,13.835174560546877,13.145721435546877,14.390838623046877,16.379119873046875,12.946502685546877
2020-07-29,12.6553955078125,10.9190673828125,12.7218017578125,11.9053955078125,14.7139892578125,13.4805908203125
2020-07-30,13.510711669921877,15.846649169921877,12.813446044921877,12.938446044921877,16.211883544921875,11.969696044921877
2020-07-31,13.85174560546875,12.67498779296875,13.09295654296875,14.35076904296875,14.72674560546875,11.18182373046875
2020-08-01,15.254608154296877,14.707733154296877,13.305389404296877,14.602264404296877,14.460662841796877,12.784881591796877
2020-08-02,13.926971435546877,12.834197998046877,11.733612060546877,12.870330810546877,14.202362060546877,10.968963623046877
2020-08-03,14.190093994140623,13.416656494140623,12.357086181640623,13.272125244140623,14.513336181640623,10.840484619140623
2020-08-04,15.22894287109375,14.60589599609375,12.90863037109375,13.14202880859375,15.76800537109375,11.09417724609375
2020-08-05,13.353240966796877,14.296600341796877,12.065155029296877,13.393280029296877,15.133514404296877,11.399139404296877
2020-08-06,14.168792724609377,13.761566162109377,12.169769287109377,13.394378662109377,15.235198974609377,10.730316162109377
2020-08-07,15.18841552734375,15.02923583984375,13.72064208984375,13.93939208984375,14.33782958984375,11.47845458984375
2020-08-08,14.700958251953123,13.878692626953123,12.683380126953123,13.731231689453123,14.814239501953123,13.094512939453123
2020-08-09,14.677642822265623,14.188385009765623,12.749908447265623,13.282135009765623,15.522369384765623,11.907135009765623
2020-08-10,15.694580078125,15.952392578125,14.087158203125,14.969970703125,17.309814453125,13.497314453125
2020-08-11,14.65228271484375,14.31732177734375,11.84759521484375,12.78900146484375,15.58197021484375,11.15814208984375
2020-08-12,14.427825927734377,14.214935302734377,12.010833740234377,13.370208740234377,15.242279052734377,11.419036865234377
2020-08-13,14.17236328125,15.31298828125,12.54736328125,13.72314453125,15.93017578125,11.46923828125
2020-08-14,14.806884765625,15.802001953125,11.577392578125,13.935791015625,14.778564453125,11.673095703125
2020-08-15,12.80389404296875,12.13299560546875,10.51190185546875,12.27752685546875,13.18377685546875,10.74334716796875
2020-08-16,11.539337158203123,11.833282470703123,9.810821533203123,11.208282470703123,11.390899658203123,8.419219970703125
2020-08-17,12.413330078125,12.427978515625,11.212158203125,11.900634765625,13.693603515625,9.736572265625
2020-08-18,13.234619140625,13.752197265625,12.822509765625,13.475830078125,15.128173828125,11.995361328125
2020-08-19,16.13092041015625,16.88092041015625,14.35552978515625,15.00982666015625,15.39263916015625,14.87506103515625
2020-08-20,16.518798828125,15.756103515625,13.742431640625,14.655517578125,16.361572265625,15.019775390625
2020-08-21,14.77099609375,13.95166015625,13.01806640625,14.24658203125,13.79443359375,11.47412109375
2020-08-22,11.909423828125,11.784423828125,11.474853515625,12.700439453125,14.071533203125,10.944580078125
2020-08-23,12.901092529296877,13.308319091796877,12.919647216796877,12.028045654296877,13.365936279296877,13.943084716796877
2020-08-24,12.9044189453125,14.9639892578125,11.6270751953125,11.9415283203125,14.0743408203125,11.2286376953125
2020-08-25,12.20037841796875,16.28924560546875,10.77362060546875,11.15936279296875,15.44061279296875,12.89276123046875
2020-08-26,13.936492919921877,17.167938232421875,12.407196044921877,12.670867919921877,15.125946044921877,12.590789794921877
2020-08-27,14.905670166015623,17.188873291015625,13.725006103515623,13.619537353515623,20.217193603515625,18.715240478515625
2020-08-28,12.9365234375,11.53515625,11.283203125,13.1630859375,10.6171875,10.29296875
2020-08-29,11.578704833984377,10.484954833984377,9.537689208984377,10.897064208984377,13.792572021484377,10.709564208984377
2020-08-30,12.741485595703123,11.542266845703123,10.652618408203123,12.103790283203123,12.815704345703123,10.917266845703123
2020-08-31,11.194091796875,11.199951171875,8.398193359375,9.281005859375,11.303466796875,6.236083984375
2020-09-01,10.5916748046875,8.9676513671875,10.6453857421875,9.9315185546875,10.7459716796875,11.6024169921875
2020-09-02,11.740325927734377,11.920989990234377,10.483489990234377,10.430755615234377,11.961029052734377,10.657318115234377
2020-09-03,15.5986328125,14.7666015625,12.6650390625,13.9365234375,14.1748046875,12.0322265625
2020-09-04,11.227630615234377,10.883880615234377,10.559661865234377,10.931732177734377,15.192474365234377,12.268646240234377
2020-09-05,12.727142333984377,10.946868896484377,12.253509521484377,12.311126708984377,14.549407958984377,13.268157958984377
2020-09-06,13.382049560546877,14.695526123046877,10.657440185546877,12.127166748046877,14.480682373046877,10.121307373046877
2020-09-07,11.198150634765623,11.102447509765623,11.298736572265623,10.127838134765623,12.412994384765623,12.364166259765623
2020-09-08,12.6683349609375,14.4896240234375,11.4915771484375,12.4613037109375,13.7279052734375,10.6820068359375
2020-09-09,12.832183837890623,14.670074462890623,11.353668212890623,12.506988525390623,14.844879150390623,11.402496337890623
2020-09-10,12.811309814453123,12.999786376953123,12.744903564453123,10.646270751953123,13.587677001953123,13.352325439453123
2020-09-11,12.123687744140623,12.743804931640623,11.882476806640623,10.644195556640623,14.076812744140623,13.694000244140623
2020-09-12,13.1495361328125,12.2247314453125,11.6954345703125,11.5460205078125,14.2901611328125,11.8995361328125
2020-09-13,13.60406494140625,12.82867431640625,10.69781494140625,12.54644775390625,13.91070556640625,10.51715087890625
2020-09-14,7.872772216796875,6.528045654296875,5.992889404296875,6.225311279296875,9.775115966796877,5.210662841796875
2020-09-15,6.398773193359375,5.014984130859375,4.658538818359375,5.457366943359375,9.589202880859377,6.421234130859375
2020-09-16,9.817138671875,8.589599609375,9.308349609375,9.113037109375,11.457763671875,10.363037109375
2020-09-17,10.799835205078123,10.331085205078123,9.520538330078123,9.779327392578123,12.290069580078123,11.933624267578123
2020-09-18,10.5650634765625,11.9293212890625,9.8189697265625,9.5611572265625,13.1793212890625,8.3492431640625
2020-09-19,10.149566650390623,10.660308837890623,10.449371337890623,9.440582275390623,12.201324462890623,8.690582275390625
2020-09-20,10.4013671875,10.7587890625,10.5537109375,9.6904296875,12.3330078125,8.51171875
2020-09-21,13.996185302734377,14.817474365234377,11.062591552734377,11.068450927734377,13.812591552734377,9.859466552734377
2020-09-22,5.628814697265625,4.928619384765625,4.137603759765625,4.778228759765625,6.954010009765625,4.061431884765625
2020-09-23,8.87249755859375,8.37054443359375,7.04730224609375,9.18011474609375,8.88812255859375,6.22015380859375
2020-09-24,5.43798828125,7.58251953125,7.54931640625,7.33056640625,9.43994140625,6.07666015625
2020-09-25,5.810577392578125,6.081085205078125,3.189483642578125,3.849639892578125,6.617218017578125,2.199249267578125
2020-09-26,6.792022705078125,6.726593017578125,4.757843017578125,5.804718017578125,8.274444580078125,3.533233642578125
2020-09-27,5.385711669921875,6.373016357421875,6.995086669921875,5.526336669921875,8.378875732421875,5.488250732421875
2020-09-28,10.250457763671877,12.401824951171877,9.276824951171877,9.946746826171877,13.220184326171877,9.841278076171877
2020-09-29,12.997802734375,14.816162109375,13.504638671875,13.588623046875,15.794677734375,10.453857421875
2020-09-30,11.614776611328123,15.056182861328123,10.286651611328123,11.895050048828123,13.549346923828123,9.982940673828123
2020-10-01,9.9364013671875,10.5242919921875,9.4266357421875,9.8719482421875,10.3719482421875,7.5457763671875
2020-10-02,6.040985107421875,7.508758544921875,6.904266357421875,5.660125732421875,8.308563232421875,5.189422607421875
2020-10-03,8.153106689453125,8.975372314453125,7.244903564453125,8.777130126953125,10.194122314453123,8.291778564453125
2020-10-04,4.0428466796875,3.5858154296875,3.4354248046875,3.4989013671875,6.2000732421875,5.4061279296875
2020-10-05,3.95880126953125,3.84259033203125,1.89532470703125,3.66583251953125,5.59161376953125,1.15606689453125
2020-10-06,4.638702392578125,5.979522705078125,5.053741455078125,3.785186767578125,6.566436767578125,3.968780517578125
2020-10-07,6.96630859375,9.19970703125,6.83935546875,5.55908203125,11.15771484375,5.61962890625
2020-10-08,7.09112548828125,6.70635986328125,8.85870361328125,9.61456298828125,11.71417236328125,8.41827392578125
2020-10-09,1.975860595703125,3.097930908203125,2.867462158203125,2.845977783203125,6.005157470703125,2.445587158203125
2020-10-10,6.27899169921875,6.78582763671875,5.41473388671875,5.22625732421875,8.58172607421875,5.32977294921875
2020-10-11,5.960662841796875,7.438201904296875,6.356170654296875,7.662811279296875,9.476287841796877,6.332733154296875
2020-10-12,6.731903076171875,7.211395263671875,2.152801513671875,3.051239013671875,5.103973388671875,1.827606201171875
2020-10-13,4.794036865234375,3.677825927734375,3.889739990234375,4.663177490234375,5.004974365234375,1.374114990234375
2020-10-14,2.576629638671875,0.316864013671875,-0.133331298828125,1.392059326171875,1.536590576171875,-0.779815673828125
2020-10-15,-0.159698486328125,0.218231201171875,0.055145263671875,-1.471221923828125,0.266082763671875,0.597137451171875
2020-10-16,0.859039306640625,3.558258056640625,0.633453369140625,-0.414398193359375,2.038726806640625,0.067047119140625
2020-10-17,-0.575592041015625,3.802337646484375,-0.115631103515625,0.408782958984375,3.597259521484375,2.606048583984375
2020-10-18,2.672332763671875,6.290496826171875,4.334442138671875,4.314910888671875,4.255340576171875,10.646942138671877
2020-10-19,3.46392822265625,6.41900634765625,4.85650634765625,4.88677978515625,7.35552978515625,6.51861572265625
2020-10-20,7.036834716796875,8.872772216796875,7.611053466796875,7.170623779296875,8.501678466796875,10.811248779296877
2020-10-21,5.21246337890625,5.20855712890625,4.02398681640625,4.47222900390625,7.76519775390625,4.41656494140625
2020-10-22,4.797576904296875,7.494842529296875,6.659881591796875,4.361053466796875,9.302459716796877,6.295623779296875
2020-10-23,3.593109130859375,4.707366943359375,1.852874755859375,4.611663818359375,2.814788818359375,1.193695068359375
2020-10-24,7.573883056640625,6.856109619140625,6.267242431640625,7.411773681640625,7.686187744140625,5.872711181640625
2020-10-25,5.34503173828125,5.14678955078125,3.70538330078125,5.69073486328125,6.44659423828125,2.85577392578125
2020-10-26,8.036468505859375,8.446624755859375,2.816741943359375,5.314788818359375,4.359710693359375,2.413421630859375
2020-10-27,8.09735107421875,6.36785888671875,5.88934326171875,6.82098388671875,5.00164794921875,5.44500732421875
2020-10-28,3.283355712890625,3.453277587890625,2.884918212890625,3.784332275390625,5.377105712890625,2.844879150390625
2020-10-29,6.10772705078125,8.02178955078125,4.12530517578125,5.97784423828125,4.30206298828125,2.62921142578125
2020-10-30,8.225830078125,8.381103515625,5.475830078125,7.226806640625,4.909423828125,2.817626953125
2020-10-31,9.786041259765623,9.171783447265623,6.037994384765625,7.454010009765625,6.293853759765625,5.268463134765625
2020-11-01,8.31109619140625,7.31695556640625,6.61285400390625,7.87554931640625,7.48785400390625,5.32574462890625
2020-11-02,0.869049072265625,1.331939697265625,-2.240325927734375,-0.319427490234375,2.715728759765625,-1.995208740234375
2020-11-03,0.734649658203125,0.745391845703125,0.674102783203125,0.238555908203125,2.568634033203125,2.656524658203125
2020-11-04,0.577117919921875,2.285125732421875,1.533172607421875,1.675750732421875,2.299774169921875,4.378875732421875
2020-11-05,1.463043212890625,1.951324462890625,2.075347900390625,-0.357269287109375,2.491363525390625,4.846832275390625
2020-11-06,3.089508056640625,2.777008056640625,-0.100921630859375,0.593414306640625,0.575836181640625,-2.149749755859375
2020-11-07,1.913116455078125,2.435577392578125,-0.191375732421875,2.135772705078125,2.445343017578125,0.793975830078125
2020-11-08,0.241607666015625,0.780670166015625,1.297271728515625,2.191802978515625,2.110748291015625,1.086334228515625
2020-11-09,4.734649658203125,4.998321533203125,4.641876220703125,5.720001220703125,7.448516845703125,3.996368408203125
2020-11-10,0.979583740234375,1.244232177734375,0.700286865234375,1.208099365234375,2.170989990234375,0.990325927734375
2020-11-11,-1.7672119140625,0.9866943359375,-0.2720947265625,-0.5162353515625,4.7689208984375,-0.3189697265625
2020-11-12,3.901031494140625,5.425445556640625,3.598297119140625,1.695953369140625,7.312164306640625,3.027008056640625
2020-11-13,4.214324951171875,3.613739013671875,1.859832763671875,3.516082763671875,6.178192138671875,2.334442138671875
2020-11-14,3.43194580078125,3.25128173828125,1.68878173828125,3.17901611328125,3.45928955078125,0.86553955078125
2020-11-15,-0.403167724609375,1.390777587890625,-2.629730224609375,0.395660400390625,0.861480712890625,0.004058837890625
2020-11-16,-0.914520263671875,-1.852020263671875,-2.493621826171875,-1.243621826171875,2.048370361328125,-2.110809326171875
2020-11-17,-1.90966796875,-2.97900390625,-3.46337890625,-2.30029296875,-1.16455078125,-4.05126953125
2020-11-18,-4.946319580078125,-3.598663330078125,-4.152374267578125,-4.742218017578125,-1.320343017578125,-1.132843017578125
2020-11-19,0.56121826171875,3.58367919921875,-0.30401611328125,0.01629638671875,-0.40460205078125,5.14520263671875
2020-11-20,-4.564422607421875,-3.661102294921875,-4.848602294921875,-4.043914794921875,-0.000946044921875,-4.251922607421875
2020-11-21,-4.814605712890625,-2.480621337890625,-3.677886962890625,-2.535308837890625,1.034027099609375,0.914886474609375
2020-11-22,-3.786163330078125,-2.075225830078125,-2.972686767578125,-3.569366455078125,0.811492919921875,3.959930419921875
2020-11-23,-3.922210693359375,-0.954437255859375,-2.776702880859375,-2.966156005859375,0.158843994140625,-1.423187255859375
2020-11-24,-0.90631103515625,-1.00494384765625,-2.08795166015625,-3.09576416015625,-0.42681884765625,-1.36041259765625
2020-11-25,2.30908203125,2.85693359375,2.37451171875,1.83251953125,5.49755859375,1.42626953125
2020-11-26,-5.659027099609375,-6.970550537109375,-9.534027099609377,-7.456878662109375,-5.534027099609375,-11.659027099609377
2020-11-27,-4.817474365234375,-5.632904052734375,-4.335052490234375,-7.341888427734375,-3.526458740234375,-4.895599365234375
2020-11-28,-0.02178955078125,-0.30499267578125,0.97918701171875,-0.25714111328125,5.25262451171875,-0.99151611328125
2020-11-29,0.948516845703125,1.709259033203125,0.743438720703125,0.842071533203125,5.116485595703125,-0.514373779296875
2020-11-30,-1.252044677734375,0.698150634765625,-0.711029052734375,-1.583099365234375,3.523345947265625,-0.445404052734375
2020-12-01,1.255462646484375,2.710540771484375,2.821868896484375,0.576751708984375,7.602142333984375,1.527923583984375
2020-12-02,4.80389404296875,5.14569091796875,1.17401123046875,3.98455810546875,4.88787841796875,1.27264404296875
2020-12-03,-1.379791259765625,-0.624908447265625,-0.852447509765625,-0.486236572265625,3.097747802734375,-2.142486572265625
2020-12-04,1.201019287109375,1.809417724609375,0.223480224609375,0.368011474609375,4.395355224609375,-0.119293212890625
2020-12-05,-0.0562744140625,1.3587646484375,-0.1939697265625,0.0970458984375,3.7493896484375,0.3314208984375
2020-12-06,-1.373016357421875,-1.123016357421875,-1.067352294921875,-1.846649169921875,2.332061767578125,-1.098602294921875
2020-12-07,-0.030792236328125,0.101043701171875,-0.168487548828125,0.453582763671875,3.405731201171875,-1.275909423828125
2020-12-08,-1.403717041015625,-0.936920166015625,-0.948638916015625,-0.824615478515625,0.606048583984375,-2.487701416015625
2020-12-09,-0.063690185546875,-0.938690185546875,-2.253143310546875,-0.821502685546875,0.494903564453125,-2.710174560546875
2020-12-10,0.312591552734375,-0.420806884765625,-1.711822509765625,0.329193115234375,1.639739990234375,-0.989166259765625
2020-12-11,-3.07470703125,-1.60009765625,-3.05810546875,-3.83251953125,0.47314453125,-4.11376953125
2020-12-12,-1.170318603515625,0.629486083984375,-1.971099853515625,-1.962310791015625,-1.005279541015625,-3.827545166015625
2020-12-13,-3.67315673828125,-2.71807861328125,-3.46710205078125,-2.91143798828125,-2.10284423828125,-0.28643798828125
2020-12-14,-1.333770751953125,0.764862060546875,-4.255645751953125,-3.457794189453125,-2.957794189453125,-6.426544189453125
2020-12-15,-3.395965576171875,-2.423309326171875,-3.941864013671875,-3.230926513671875,-1.293426513671875,-4.278778076171875
2020-12-16,-2.659454345703125,-1.624298095703125,-1.614532470703125,-2.480743408203125,4.342498779296875,-0.615509033203125
2020-12-17,-3.337554931640625,-0.226226806640625,-2.927398681640625,-1.410797119140625,-0.500640869140625,-2.219390869140625
2020-12-18,-1.056121826171875,-0.057098388671875,-0.566864013671875,-1.471160888671875,0.565948486328125,-1.928192138671875
2020-12-19,-1.964813232421875,0.297882080078125,0.570343017578125,-1.348602294921875,3.907257080078125,-0.482391357421875
2020-12-20,0.277618408203125,4.822540283203125,4.074493408203125,0.876251220703125,5.827423095703125,2.022735595703125
2020-12-21,-0.248077392578125,0.814422607421875,1.802703857421875,2.996063232421875,4.029266357421875,0.859344482421875
2020-12-22,-4.230316162109375,-5.201019287109375,-6.262542724609375,-5.231292724609375,-0.070159912109375,-4.176605224609375
2020-12-23,-10.365570068359377,-3.768890380859375,-3.816741943359375,-8.401702880859375,-2.614593505859375,-4.003265380859375
2020-12-24,5.70489501953125,5.02423095703125,2.52716064453125,4.72149658203125,2.84844970703125,1.25958251953125
2020-12-25,1.640106201171875,2.607879638671875,2.839324951171875,3.526824951171875,5.675262451171875,1.242645263671875
2020-12-26,1.360382080078125,1.682647705078125,-0.307586669921875,1.660186767578125,3.710968017578125,0.140655517578125
2020-12-27,-5.166534423828125,-2.887237548828125,-2.290557861328125,-5.404815673828125,-0.091339111328125,-3.102081298828125
2020-12-28,-0.203125,2.728515625,0.203125,-1.8427734375,2.5576171875,-0.3017578125
2020-12-29,0.322296142578125,1.185577392578125,0.507843017578125,-2.080047607421875,3.876983642578125,-0.571258544921875
2020-12-30,-1.076141357421875,0.200225830078125,-1.298797607421875,-1.127899169921875,1.715850830078125,-2.722625732421875
2020-12-31,-2.757598876953125,-1.886505126953125,-2.868927001953125,-3.874786376953125,0.684783935546875,-4.160919189453125
2021-01-01,-1.289764404296875,-0.783905029296875,-1.364959716796875,-1.946014404296875,1.552032470703125,-2.462615966796875
2021-01-02,-1.3524169921875,0.1661376953125,-1.3397216796875,-0.8817138671875,0.6055908203125,-2.3406982421875
2021-01-03,-4.488677978515625,-3.491607666015625,-5.782623291015625,-4.779693603515625,0.079681396484375,-4.480865478515625
2021-01-04,-2.65863037109375,-1.95843505859375,-5.18499755859375,-5.72503662109375,-0.33050537109375,-3.42913818359375
2021-01-05,-0.074005126953125,-0.426544189453125,1.492401123046875,0.046112060546875,5.778533935546875,1.704315185546875
2021-01-06,1.078582763671875,1.588348388671875,2.548309326171875,0.383270263671875,8.760223388671875,2.150848388671875
2021-01-07,-2.852264404296875,-3.107147216796875,-0.742889404296875,-1.744842529296875,1.115509033203125,-2.440155029296875
2021-01-08,-4.475372314453125,-5.101348876953125,-3.621856689453125,-3.322052001953125,0.834197998046875,-1.951934814453125
2021-01-09,-5.597198486328125,-6.582550048828125,-7.872589111328125,-6.922393798828125,-4.519073486328125,-8.358917236328125
2021-01-10,-5.197265625,-6.44140625,-6.5478515625,-5.513671875,-2.8896484375,-7.455078125
2021-01-11,-8.219482421875,-8.692138671875,-11.802490234375,-10.631591796875,-9.857177734375,-15.113037109375
2021-01-12,-9.512237548828123,-10.388214111328123,-12.044464111328123,-10.353057861328123,-10.500518798828123,-14.831573486328123
2021-01-13,-12.466583251953123,-11.518341064453123,-18.025161743164062,-15.376739501953123,-17.139434814453125,-21.341567993164062
2021-01-14,-19.882858276367188,-13.850616455078123,-17.705123901367188,-17.503952026367188,-15.021514892578123,-18.187545776367188
2021-01-15,-14.052459716796877,-8.072967529296875,-12.771209716796877,-15.164764404296877,-10.722381591796877,-12.981170654296877
2021-01-16,-2.491851806640625,-0.406890869140625,-1.387359619140625,-3.012359619140625,0.661468505859375,-3.327789306640625
2021-01-17,2.443023681640625,4.379547119140625,0.881500244140625,1.756500244140625,2.565093994140625,-0.692718505859375
2021-01-18,4.102630615234375,3.502044677734375,1.681732177734375,2.872161865234375,4.883880615234375,0.784271240234375
2021-01-19,-1.970489501953125,0.069549560546875,-0.432403564453125,-1.014434814453125,2.823455810546875,-0.129669189453125
2021-01-20,-1.318817138671875,-1.798309326171875,-0.115692138671875,0.498565673828125,1.828643798828125,-0.399871826171875
2021-01-21,1.069244384765625,0.826080322265625,0.007720947265625,0.319244384765625,2.662017822265625,-2.170989990234375
2021-01-22,-7.061981201171875,-8.237762451171875,-9.630340576171877,-8.622528076171875,-10.484832763671877,-10.310028076171877
2021-01-23,-14.195068359375,-9.863037109375,-14.491943359375,-14.175537109375,-13.068115234375,-14.272216796875
2021-01-24,-1.502838134765625,-1.207916259765625,-3.854400634765625,-1.708892822265625,-1.995025634765625,-5.220611572265625
2021-01-25,-1.420501708984375,-0.286712646484375,-0.710540771484375,-0.149017333984375,2.966217041015625,0.836334228515625
2021-01-26,7.704193115234375,6.148529052734375,4.689544677734375,6.231536865234375,5.366302490234375,3.055755615234375
2021-01-27,-0.157379150390625,-1.005035400390625,-0.556793212890625,-0.085113525390625,2.568206787109375,-0.048004150390625
2021-01-28,-2.4664306640625,0.5677490234375,-0.1041259765625,-0.7291259765625,2.4525146484375,0.6585693359375
2021-01-29,-3.71246337890625,-0.71636962890625,-1.13531494140625,-2.31793212890625,2.10980224609375,-0.78179931640625
2021-01-30,-1.899749755859375,-0.267913818359375,1.247711181640625,-0.876312255859375,2.067047119140625,-0.534515380859375
2021-01-31,-0.633026123046875,1.505645751953125,-0.444549560546875,-0.073455810546875,1.273223876953125,-0.690643310546875
2021-02-01,-0.829132080078125,1.662078857421875,-0.476593017578125,-2.248077392578125,2.461883544921875,1.290985107421875
2021-02-02,-0.424957275390625,2.726409912109375,1.017425537109375,-2.066558837890625,3.739105224609375,1.566253662109375
2021-02-03,7.51531982421875,5.70867919921875,4.70477294921875,5.97430419921875,6.37176513671875,2.12078857421875
2021-02-04,0.871337890625,2.080322265625,0.469970703125,-0.414794921875,3.658447265625,0.190673828125
2021-02-05,0.647918701171875,1.260223388671875,0.716278076171875,1.520965576171875,4.481903076171875,0.663543701171875
2021-02-06,3.473052978515625,2.351959228515625,1.479888916015625,2.550201416015625,4.108795166015625,0.595123291015625
2021-02-07,-9.724609375,-11.4775390625,-12.3369140625,-11.1748046875,-5.861328125,-8.2666015625
2021-02-08,-10.134429931640623,-13.135406494140623,-12.806304931640623,-11.458648681640623,-6.133453369140625,-11.931304931640623
2021-02-09,-12.329803466796877,-19.202865600585938,-18.837631225585938,-14.477264404296877,-12.140350341796877,-18.031967163085938
2021-02-10,-8.298126220703125,-10.269805908203123,-12.473907470703123,-10.603790283203123,-10.415313720703123,-14.876251220703123
2021-02-11,-7.752838134765625,-9.773345947265623,-11.943267822265623,-10.245025634765623,-15.656158447265623,-14.207916259765623
2021-02-12,-10.062774658203123,-14.842071533203123,-15.832305908203123,-15.716094970703123,-13.761993408203123,-16.992462158203125
2021-02-13,-0.655731201171875,-0.841278076171875,-3.754364013671875,-2.469207763671875,-3.061981201171875,-5.566864013671875
2021-02-14,-5.3040771484375,-3.2083740234375,-7.6224365234375,-5.4593505859375,-5.6390380859375,-7.3939208984375
2021-02-15,-4.603485107421875,-3.103485107421875,-5.703094482421875,-3.816375732421875,-4.812469482421875,-5.009735107421875
2021-02-16,-3.6090087890625,-1.1187744140625,-2.2623291015625,-2.1500244140625,1.5150146484375,-2.7105712890625
2021-02-17,-2.943756103515625,-0.307037353515625,-5.050201416015625,-4.175201416015625,0.189056396484375,-3.846099853515625
2021-02-18,-1.5338134765625,0.4759521484375,-2.2818603515625,0.9202880859375,0.1478271484375,0.5228271484375
2021-02-19,0.50933837890625,1.89996337890625,-1.33734130859375,1.42926025390625,0.18414306640625,-1.24163818359375
2021-02-20,-0.728912353515625,0.903900146484375,0.569915771484375,0.286712646484375,3.670501708984375,2.143157958984375
2021-02-21,0.140777587890625,4.221832275390625,-1.445159912109375,-0.520355224609375,2.168121337890625,3.876129150390625
2021-02-22,3.680938720703125,5.148712158203125,-0.331756591796875,1.352813720703125,0.708282470703125,-0.280975341796875
2021-02-23,1.1790771484375,0.1361083984375,-1.1226806640625,0.3822021484375,2.4193115234375,-1.2916259765625
2021-02-24,-1.882293701171875,-1.305145263671875,-5.105926513671875,-2.769989013671875,-1.562957763671875,-5.303192138671875
2021-02-25,-2.307952880859375,-2.276702880859375,-4.567718505859375,-3.125335693359375,-2.292327880859375,-4.830413818359375
2021-02-26,-2.592132568359375,-2.818695068359375,-4.180023193359375,-2.104827880859375,-2.999359130859375,-3.889007568359375
2021-02-27,-4.272308349609375,-0.284027099609375,-5.269378662109375,-4.242034912109375,-0.162933349609375,-3.135589599609375
2021-02-28,-3.385223388671875,-0.729949951171875,-4.136199951171875,-3.718231201171875,2.021026611328125,-3.898895263671875
2021-03-01,-0.722564697265625,1.060638427734375,-1.275299072265625,-0.601470947265625,2.842864990234375,-1.636627197265625
2021-03-02,-5.686553955078125,-6.204132080078125,-6.320343017578125,-6.012725830078125,-3.088897705078125,-5.603546142578125
2021-03-03,-6.85919189453125,-4.61309814453125,-9.35040283203125,-5.98223876953125,-4.34747314453125,-8.01739501953125
2021-03-04,-3.31854248046875,-4.40252685546875,-3.18865966796875,-3.75115966796875,-4.66326904296875,-1.34100341796875
2021-03-05,-0.526458740234375,-1.650482177734375,0.102447509765625,0.036041259765625,3.529205322265625,-0.475677490234375
2021-03-06,-9.101715087890623,-6.706207275390625,-6.618316650390625,-6.615386962890625,-8.191558837890625,-6.334136962890625
2021-03-07,-8.666351318359375,-5.918304443359375,-6.155609130859375,-10.799163818359377,-5.970062255859375,-5.326507568359375
2021-03-08,1.117218017578125,3.187530517578125,1.048858642578125,0.182647705078125,3.541046142578125,-0.790008544921875
2021-03-09,-4.299591064453125,-1.210723876953125,-0.491973876953125,-2.704864501953125,0.653533935546875,-3.614044189453125
2021-03-10,-0.339691162109375,-0.691253662109375,-0.639495849609375,-0.211761474609375,3.177886962890625,-0.530120849609375
2021-03-11,-11.19390869140625,-8.31109619140625,-8.75640869140625,-9.17828369140625,-4.05328369140625,-6.54937744140625
2021-03-12,-4.181396484375,-3.752685546875,-5.579833984375,-3.657958984375,-3.230224609375,-5.698974609375
2021-03-13,-4.78912353515625,-4.68463134765625,-8.72955322265625,-5.74127197265625,-9.06158447265625,-8.08697509765625
2021-03-14,-6.856781005859375,-5.760101318359375,-10.257171630859377,-8.467132568359375,-4.985687255859375,-10.074554443359377
2021-03-15,-3.279815673828125,-4.300323486328125,-3.380401611328125,-3.161651611328125,-0.687042236328125,-4.362823486328125
2021-03-16,-0.46502685546875,-0.61151123046875,-0.77947998046875,-0.05682373046875,2.46466064453125,-2.01776123046875
2021-03-17,-2.59954833984375,-3.53118896484375,-3.68060302734375,-2.78021240234375,1.04107666015625,-2.96966552734375
2021-03-18,-2.845550537109375,-3.929534912109375,-5.163909912109375,-4.343597412109375,-3.565277099609375,-5.350433349609375
2021-03-19,-6.42138671875,-5.44287109375,-8.15478515625,-8.05712890625,-8.24560546875,-9.42626953125
2021-03-20,-1.509368896484375,-3.501556396484375,-3.924407958984375,-3.702728271484375,-2.607025146484375,-5.384368896484375
2021-03-21,-7.641998291015625,-4.612701416015625,-7.914459228515625,-6.483795166015625,-9.026763916015623,-9.807037353515623
2021-03-22,-9.306610107421877,-4.630828857421875,-5.163055419921875,-5.007781982421875,-3.233367919921875,-6.965789794921875
2021-03-23,-4.906829833984375,-0.335540771484375,-2.915618896484375,-2.027923583984375,-1.706634521484375,-2.954681396484375
2021-03-24,-1.207427978515625,-0.274810791015625,-2.237701416015625,-2.461334228515625,1.122650146484375,-1.404693603515625
2021-03-25,1.441192626953125,0.394317626953125,0.312286376953125,0.837677001953125,0.534942626953125,-0.822479248046875
2021-03-26,3.221099853515625,3.104888916015625,1.290435791015625,1.463287353515625,1.968170166015625,-0.240814208984375
2021-03-27,-0.76910400390625,-3.36578369140625,-1.26910400390625,-2.93316650390625,-0.22125244140625,-3.12164306640625
2021-03-28,-1.636444091796875,0.170196533203125,-3.243865966796875,-1.034881591796875,2.311798095703125,-1.119842529296875
2021-03-29,3.772369384765625,4.238189697265625,2.815338134765625,3.854400634765625,5.172760009765625,0.696197509765625
2021-03-30,1.398834228515625,0.600006103515625,0.102935791015625,0.871490478515625,4.574615478515625,0.252349853515625
2021-03-31,-0.811737060546875,-2.811737060546875,-4.291229248046875,-3.085174560546875,-2.150604248046875,-4.854705810546875
2021-04-01,-4.015594482421875,-2.380828857421875,-6.944305419921875,-9.002899169921875,3.026397705078125,-4.744110107421875
2021-04-02,-1.900787353515625,-1.637115478515625,1.587493896484375,3.521087646484375,4.436126708984375,-0.022857666015625
2021-04-03,-7.497406005859375,-7.725921630859375,-6.721038818359375,-5.762054443359375,-2.883148193359375,-6.420257568359375
2021-04-04,-12.518463134765623,-11.413970947265623,-10.893463134765623,-10.149322509765623,-6.194244384765625,-9.937408447265623
2021-04-05,-9.372344970703123,-6.215118408203125,-7.067657470703125,-7.450469970703125,-1.944610595703125,-6.828399658203125
2021-04-06,-4.326995849609375,-0.653167724609375,-5.261566162109375,-4.581878662109375,-0.430511474609375,-5.086761474609375
2021-04-07,2.258331298828125,2.909698486328125,1.114776611328125,2.285675048828125,3.816925048828125,0.560089111328125
2021-04-08,0.386932373046875,2.552947998046875,-1.679473876953125,-0.670684814453125,3.526580810546875,-0.657989501953125
2021-04-09,3.44183349609375,4.04046630859375,1.16741943359375,1.30511474609375,6.21136474609375,-0.63531494140625
2021-04-10,-1.266204833984375,-2.372650146484375,-3.898040771484375,-2.274993896484375,0.007232666015625,-3.593353271484375
2021-04-11,-1.349700927734375,-2.525482177734375,-4.772552490234375,-2.834075927734375,-1.207122802734375,-3.815521240234375
2021-04-12,-1.520660400390625,-3.713043212890625,-4.021636962890625,-3.209136962890625,-0.874176025390625,-2.726715087890625
2021-04-13,1.742950439453125,0.928497314453125,-0.133026123046875,0.777130126953125,3.231231689453125,-0.722869873046875
2021-04-14,2.88104248046875,2.26190185546875,-0.41583251953125,2.73944091796875,1.23553466796875,1.60955810546875
2021-04-15,3.200347900390625,2.367340087890625,0.605621337890625,2.297027587890625,2.199371337890625,-0.439300537109375
2021-04-16,-1.033966064453125,-0.650177001953125,-0.118927001953125,-1.069122314453125,2.060760498046875,-2.106231689453125
2021-04-17,-1.63714599609375,0.58258056640625,-2.42230224609375,-2.21429443359375,0.29058837890625,-2.58441162109375
2021-04-18,2.927978515625,3.897705078125,2.576416015625,3.528564453125,6.259033203125,1.887939453125
2021-04-19,4.093902587890625,3.269683837890625,3.818511962890625,5.017730712890625,5.954254150390625,2.940582275390625
2021-04-20,-0.119598388671875,-1.347137451171875,0.480987548828125,-0.145965576171875,1.339385986328125,-0.333465576171875
2021-04-21,1.245452880859375,3.790374755859375,0.305999755859375,-0.275054931640625,2.973968505859375,0.033538818359375
2021-04-22,5.914093017578125,4.891632080078125,2.575225830078125,4.565460205078125,4.076202392578125,-0.205047607421875
2021-04-23,4.226226806640625,4.699859619140625,3.166656494140625,3.093414306640625,6.911773681640625,2.027984619140625
2021-04-24,4.558929443359375,5.926116943359375,3.311859130859375,2.166351318359375,3.720062255859375,-0.209625244140625
2021-04-25,8.449005126953125,9.465606689453123,4.782012939453125,5.098419189453125,7.803497314453125,3.017364501953125
2021-04-26,7.7164306640625,10.1802978515625,6.0025634765625,6.5679931640625,9.5103759765625,4.4068603515625
2021-04-27,11.09326171875,12.80029296875,9.68896484375,9.63818359375,11.55810546875,7.37841796875
2021-04-28,8.788055419921875,9.047821044921877,5.960906982421875,7.790985107421875,10.023406982421877,4.062469482421875
2021-04-29,7.6966552734375,5.4866943359375,4.8148193359375,6.6878662109375,5.7318115234375,0.9837646484375
2021-04-30,4.968658447265625,5.727447509765625,2.746002197265625,3.198150634765625,4.440338134765625,-0.143646240234375
2021-05-01,4.676483154296875,6.002655029296875,6.657928466796875,5.977264404296875,7.794647216796875,3.563201904296875
2021-05-02,5.56268310546875,6.47967529296875,5.34197998046875,4.24237060546875,5.63494873046875,1.07635498046875
2021-05-03,8.59857177734375,8.69525146484375,5.42962646484375,5.88568115234375,7.76751708984375,2.44720458984375
2021-05-04,1.68621826171875,1.21844482421875,0.17645263671875,-0.07745361328125,2.09539794921875,-0.59503173828125
2021-05-05,4.989593505859375,8.158538818359375,4.178070068359375,4.478851318359375,8.214202880859375,3.153656005859375
2021-05-06,7.395782470703125,8.393829345703125,5.250274658203125,7.480743408203125,6.761016845703125,2.754180908203125
2021-05-07,9.445037841796877,11.063201904296877,6.386444091796875,8.126678466796875,7.971405029296875,3.525115966796875
2021-05-08,4.653472900390625,5.698394775390625,4.714996337890625,4.285308837890625,7.158355712890625,2.920074462890625
2021-05-09,5.253997802734375,5.997161865234375,3.462982177734375,3.585052490234375,7.659271240234375,3.043060302734375
2021-05-10,6.042205810546875,6.626190185546875,3.727752685546875,4.188690185546875,5.839080810546875,1.656463623046875
2021-05-11,6.294281005859375,6.701507568359375,4.361663818359375,5.219085693359375,6.227874755859375,3.439788818359375
2021-05-12,7.875396728515625,6.830474853515625,4.147857666015625,5.862701416015625,6.482818603515625,3.304107666015625
2021-05-13,7.948944091796875,10.088592529296877,6.979217529296875,6.795623779296875,11.301483154296877,6.921600341796875
2021-05-14,5.543212890625,6.205322265625,3.506103515625,5.018798828125,6.665283203125,1.485595703125
2021-05-15,4.242218017578125,4.781280517578125,3.209014892578125,5.111358642578125,4.234405517578125,1.185577392578125
2021-05-16,2.792327880859375,3.358734130859375,1.929046630859375,2.581390380859375,3.958343505859375,1.111663818359375
2021-05-17,3.962677001953125,6.451934814453125,3.631622314453125,4.049591064453125,4.918731689453125,2.564239501953125
2021-05-18,6.854278564453125,8.481231689453125,5.921661376953125,5.842559814453125,7.848419189453125,5.065216064453125
2021-05-19,11.607635498046877,11.616424560546877,8.190643310546875,10.636932373046877,9.259979248046877,7.994354248046875
2021-05-20,13.646209716796877,16.398162841796875,12.050506591796877,12.779998779296877,14.649139404296877,17.070037841796875
2021-05-21,9.372100830078123,11.340850830078123,7.737335205078125,9.469757080078123,11.187530517578123,7.345733642578125
2021-05-22,9.732635498046877,8.013885498046875,8.226776123046875,9.127166748046877,10.480682373046877,9.604705810546877
2021-05-23,12.22882080078125,10.22686767578125,8.27374267578125,11.14483642578125,10.91729736328125,8.14190673828125
2021-05-24,10.827239990234377,9.320404052734377,8.020599365234375,9.233489990234377,11.685638427734377,8.132904052734375
2021-05-25,6.599609375,5.5146484375,5.3427734375,6.3955078125,8.86328125,5.12890625
2021-05-26,10.041717529296877,8.766326904296875,8.649139404296875,9.037811279296877,9.582733154296877,6.267303466796875
2021-05-27,7.81817626953125,7.21173095703125,5.56817626953125,7.01153564453125,8.79278564453125,5.77911376953125
2021-05-28,7.35791015625,5.43896484375,4.54931640625,6.21044921875,6.47119140625,3.98388671875
2021-05-29,6.97967529296875,6.70623779296875,5.11053466796875,7.24920654296875,7.02655029296875,4.05780029296875
2021-05-30,8.499755859375,7.978271484375,6.889404296875,7.687255859375,7.655029296875,7.197021484375
2021-05-31,7.563385009765625,7.073150634765625,6.720611572265625,7.258697509765625,7.888580322265625,6.484283447265625
2021-06-01,11.17791748046875,9.68377685546875,10.12811279296875,10.57928466796875,11.69940185546875,10.89373779296875
2021-06-02,13.53045654296875,13.25311279296875,10.32830810546875,11.46795654296875,12.72869873046875,10.06072998046875
2021-06-03,12.500274658203123,10.930938720703123,10.448516845703123,10.412384033203123,12.540313720703123,10.324493408203123
2021-06-04,12.762298583984377,13.078704833984377,8.766204833984375,10.224212646484377,10.455657958984377,7.781829833984375
2021-06-05,12.4473876953125,12.5450439453125,8.3135986328125,11.2081298828125,11.2725830078125,7.5440673828125
2021-06-06,11.3671875,10.859375,8.466796875,9.5673828125,10.9130859375,8.3173828125
2021-06-07,10.01104736328125,9.45635986328125,7.97296142578125,9.22491455078125,10.27081298828125,7.03741455078125
2021-06-08,10.295318603515623,10.083404541015623,7.927154541015625,8.557037353515625,9.405670166015623,6.186920166015625
2021-06-09,10.07080078125,8.39599609375,6.89794921875,8.19970703125,9.05126953125,4.65576171875
2021-06-10,8.113433837890625,7.921051025390625,5.394683837890625,6.305816650390625,7.834136962890625,3.905426025390625
2021-06-11,7.398895263671875,8.407684326171875,5.128387451171875,6.325653076171875,7.589324951171875,3.974090576171875
2021-06-12,13.61529541015625,14.19049072265625,9.79693603515625,11.67193603515625,10.25885009765625,7.70123291015625
2021-06-13,11.614990234375,11.007568359375,8.282958984375,10.172607421875,11.361083984375,8.620849609375
2021-06-14,14.993072509765623,15.341705322265623,11.349517822265623,13.232330322265623,12.582916259765623,10.215728759765623
2021-06-15,13.6728515625,11.525390625,12.4306640625,13.15234375,14.052734375,11.689453125
2021-06-16,13.576751708984377,13.117767333984377,11.160736083984377,13.262298583984377,12.473236083984377,9.562103271484377
2021-06-17,15.358673095703123,16.232696533203125,13.508087158203123,13.609649658203123,16.017852783203125,12.197540283203123
2021-06-18,14.964569091796877,16.842498779296875,14.882537841796877,14.579803466796877,17.041717529296875,13.872772216796877
2021-06-19,15.89605712890625,18.80035400390625,15.05816650390625,14.95953369140625,17.94879150390625,14.48687744140625
2021-06-20,15.468475341796877,19.255584716796875,15.666717529296877,15.310272216796877,19.100311279296875,15.493865966796877
2021-06-21,16.56500244140625,19.89117431640625,16.45758056640625,15.71734619140625,19.63238525390625,14.99273681640625
2021-06-22,17.24078369140625,16.26519775390625,14.67144775390625,15.50054931640625,16.43023681640625,15.04742431640625
2021-06-23,17.08819580078125,15.78448486328125,13.40850830078125,15.18975830078125,15.66827392578125,13.39288330078125
2021-06-24,14.6981201171875,14.5750732421875,14.3280029296875,15.7791748046875,15.6805419921875,13.6180419921875
2021-06-25,15.375274658203123,17.631134033203125,15.241485595703123,16.043243408203125,18.002227783203125,14.605743408203123
2021-06-26,15.573455810546877,17.892791748046875,14.300018310546877,15.603729248046877,18.370330810546875,14.802947998046877
2021-06-27,15.627777099609377,15.391448974609377,11.983245849609377,13.728363037109377,15.185394287109377,10.595550537109377
2021-06-28,13.465606689453123,12.428497314453123,11.000762939453123,13.202911376953123,13.731231689453123,10.456817626953123
2021-06-29,11.955841064453123,11.127716064453123,9.767364501953123,11.184356689453123,11.768341064453123,9.045684814453123
2021-06-30,13.755126953125,13.458251953125,11.478759765625,14.193603515625,14.160400390625,10.593994140625
2021-07-01,15.27618408203125,15.79864501953125,12.71173095703125,13.11505126953125,13.94805908203125,10.68731689453125
2021-07-02,13.44696044921875,12.07098388671875,12.12762451171875,13.71063232421875,14.02801513671875,11.46258544921875
2021-07-03,16.157470703125,14.675048828125,15.197509765625,16.631103515625,15.936767578125,13.254150390625
2021-07-04,17.859222412109375,16.925628662109375,17.040863037109375,16.123870849609375,16.628753662109375,16.544769287109375
2021-07-05,17.32275390625,17.22314453125,15.56005859375,16.28369140625,17.18408203125,17.18310546875
2021-07-06,15.63568115234375,15.24505615234375,13.82806396484375,15.37591552734375,16.34954833984375,14.45208740234375
2021-07-07,14.8031005859375,13.3577880859375,13.6693115234375,14.0394287109375,15.8275146484375,11.7396240234375
2021-07-08,13.682037353515623,14.074615478515623,12.035552978515623,13.307037353515623,14.798248291015623,10.957427978515623
2021-07-09,15.65484619140625,17.98883056640625,13.73883056640625,14.51910400390625,18.81109619140625,12.83648681640625
2021-07-10,14.380615234375,17.113037109375,14.153076171875,14.614990234375,17.184326171875,13.710693359375
2021-07-11,14.61431884765625,15.33599853515625,11.59771728515625,12.77545166015625,14.39849853515625,10.46392822265625
2021-07-12,15.338623046875,14.765380859375,13.357177734375,16.007568359375,14.775146484375,13.147216796875
2021-07-13,14.385833740234377,14.038177490234377,13.892669677734377,14.366302490234377,14.661224365234377,11.924896240234377
2021-07-14,15.097320556640623,14.751617431640623,13.032867431640623,13.862945556640623,15.730133056640623,12.271148681640623
2021-07-15,16.123931884765625,15.449127197265623,14.053619384765623,15.425689697265623,14.791900634765623,12.801666259765623
2021-07-16,14.37542724609375,12.80120849609375,14.11175537109375,14.66448974609375,15.48675537109375,12.72894287109375
2021-07-17,13.010528564453123,10.949981689453123,9.620880126953123,10.670684814453123,12.628692626953123,8.959747314453125
2021-07-18,12.98699951171875,12.19989013671875,9.31219482421875,10.98992919921875,12.56805419921875,8.58953857421875
2021-07-19,11.0487060546875,10.0184326171875,10.5174560546875,11.4871826171875,12.4647216796875,11.7381591796875
2021-07-20,11.819183349609377,12.410003662109377,10.904144287109377,10.945159912109377,12.059417724609377,12.177581787109377
2021-07-21,15.1624755859375,15.7572021484375,13.9788818359375,16.2435302734375,15.9554443359375,13.7523193359375
2021-07-22,15.62347412109375,19.01702880859375,15.30511474609375,14.99749755859375,17.54241943359375,14.91156005859375
2021-07-23,14.64080810546875,16.89569091796875,13.97381591796875,14.90350341796875,16.88885498046875,14.34393310546875
2021-07-24,14.70965576171875,18.32098388671875,14.07489013671875,15.03289794921875,17.43231201171875,14.16375732421875
2021-07-25,16.07855224609375,19.09124755859375,15.87542724609375,17.19866943359375,16.85101318359375,15.45745849609375
2021-07-26,14.24383544921875,17.92156982421875,14.41473388671875,14.74188232421875,17.89813232421875,14.30926513671875
2021-07-27,16.067138671875,17.989013671875,14.567138671875,16.233154296875,16.932373046875,13.739013671875
2021-07-28,17.97943115234375,21.80072021484375,16.69232177734375,17.47259521484375,20.12786865234375,16.14056396484375
2021-07-29,14.984130859375,14.743896484375,12.874755859375,14.623779296875,14.191162109375,11.178466796875
2021-07-30,16.83447265625,19.66357421875,15.89013671875,16.90087890625,18.31787109375,16.45166015625
2021-07-31,15.481597900390623,15.879058837890623,12.997222900390623,14.495269775390623,15.820465087890623,12.023590087890623
2021-08-01,13.2845458984375,13.6448974609375,11.6116943359375,12.8646240234375,13.7435302734375,10.8226318359375
2021-08-02,12.625579833984377,11.714447021484377,11.061126708984377,12.506439208984377,13.083587646484377,10.909759521484377
2021-08-03,14.316680908203123,15.803985595703123,13.093048095703123,13.996368408203123,14.942657470703123,15.172149658203123
2021-08-04,15.207061767578123,18.058624267578125,14.190460205078123,15.569366455078123,17.292022705078125,14.095733642578123
2021-08-05,17.247711181640625,19.094390869140625,16.140289306640625,18.077789306640625,19.523101806640625,16.869781494140625
2021-08-06,16.953948974609375,16.585784912109375,16.554534912109375,16.654144287109375,16.444183349609375,16.772308349609375
2021-08-07,17.27337646484375,16.94134521484375,15.44427490234375,15.97259521484375,17.84857177734375,14.37005615234375
2021-08-08,16.38983154296875,15.50311279296875,14.18865966796875,14.76776123046875,17.74041748046875,14.79705810546875
2021-08-09,15.494659423828123,14.510284423828123,14.293487548828123,15.730987548828123,16.937042236328125,14.235870361328123
2021-08-10,14.77899169921875,14.10809326171875,14.20965576171875,15.74676513671875,15.98114013671875,12.61688232421875
2021-08-11,16.027801513671875,17.387176513671875,15.727020263671877,14.993621826171877,16.896942138671875,15.031707763671877
2021-08-12,15.634796142578123,17.989288330078125,15.519561767578123,16.109405517578125,17.573272705078125,14.388702392578123
2021-08-13,15.04315185546875,13.01092529296875,14.68475341796875,16.17987060546875,16.61053466796875,13.82928466796875
2021-08-14,8.971435546875,8.864013671875,6.639404296875,7.513427734375,10.044677734375,5.609130859375
2021-08-15,12.618743896484377,12.274993896484377,12.295501708984377,12.848236083984377,14.690032958984377,14.287689208984377
2021-08-16,15.908233642578123,15.624053955078123,14.479522705078123,15.778350830078123,15.865264892578123,13.673858642578123
2021-08-17,13.276458740234377,13.306732177734377,12.509857177734377,14.113372802734377,15.236419677734377,10.834075927734377
2021-08-18,13.247894287109377,13.390472412109377,14.718597412109377,14.339691162109377,14.323089599609377,11.468597412109377
2021-08-19,13.70611572265625,15.67291259765625,12.73345947265625,14.78228759765625,15.46588134765625,12.62310791015625
2021-08-20,14.9805908203125,13.3800048828125,13.2315673828125,14.4571533203125,15.6241455078125,14.3565673828125
2021-08-21,13.44244384765625,12.50787353515625,12.60943603515625,13.50787353515625,15.49127197265625,11.99713134765625
2021-08-22,10.50421142578125,11.11065673828125,10.79718017578125,10.66241455078125,12.76300048828125,9.17608642578125
2021-08-23,11.93829345703125,12.19512939453125,9.56817626953125,10.47930908203125,11.75177001953125,8.77520751953125
2021-08-24,12.733612060546877,11.363494873046877,10.842987060546877,12.640838623046877,13.526580810546877,10.095916748046877
2021-08-25,12.23822021484375,11.23236083984375,10.56048583984375,12.15325927734375,14.07318115234375,10.10052490234375
2021-08-26,10.279754638671877,9.822723388671877,8.865692138671875,11.110809326171877,10.341278076171877,9.825653076171877
2021-08-27,9.352996826171877,10.910614013671877,7.865692138671875,8.879364013671875,10.678192138671877,7.059051513671875
2021-08-28,9.8055419921875,9.4842529296875,8.7674560546875,9.2352294921875,10.7957763671875,8.5037841796875
2021-08-29,7.830169677734375,7.376068115234375,6.457122802734375,8.003997802734375,8.812591552734375,6.414154052734375
2021-08-30,9.538116455078123,8.517608642578125,8.181671142578125,9.270538330078123,10.338897705078123,7.147491455078125
2021-08-31,11.834869384765623,11.607330322265623,10.726470947265623,11.771392822265623,14.586822509765623,11.081939697265623
2021-09-01,12.858062744140623,12.594390869140623,9.794586181640623,11.424468994140623,13.166656494140623,9.945953369140623
2021-09-02,9.8717041015625,8.0113525390625,6.6842041015625,7.7027587890625,10.1578369140625,7.5357666015625
2021-09-03,6.28057861328125,6.34893798828125,6.28448486328125,5.39971923828125,8.38604736328125,7.28936767578125
2021-09-04,7.408233642578125,6.887725830078125,8.570343017578125,6.403350830078125,8.133819580078125,8.354522705078125
2021-09-05,9.8404541015625,7.9595947265625,7.9879150390625,10.0279541015625,11.7017822265625,9.4791259765625
2021-09-06,9.76885986328125,9.80889892578125,7.79620361328125,10.42315673828125,9.06964111328125,7.69171142578125
2021-09-07,10.87310791015625,10.83502197265625,10.04791259765625,9.98248291015625,12.27056884765625,12.36920166015625
2021-09-08,10.52972412109375,9.84320068359375,10.25726318359375,10.68011474609375,9.68597412109375,7.89788818359375
2021-09-09,10.0382080078125,9.8927001953125,9.3116455078125,10.7979736328125,9.2716064453125,7.4522705078125
2021-09-10,10.26019287109375,9.93499755859375,9.88616943359375,11.09222412109375,10.32855224609375,11.07464599609375
2021-09-11,10.56536865234375,12.86224365234375,10.11614990234375,10.61712646484375,12.09661865234375,9.23138427734375
2021-09-12,12.402862548828123,13.448760986328123,11.119659423828123,12.067901611328123,13.331573486328123,10.460479736328123
2021-09-13,14.152801513671877,15.354949951171877,12.130340576171877,13.570770263671877,15.873504638671877,11.607879638671877
2021-09-14,13.080780029296877,12.831756591796877,12.774139404296877,12.787811279296877,15.779022216796877,11.938201904296877
2021-09-15,12.731689453125,14.222900390625,12.541259765625,13.487548828125,13.882080078125,11.504150390625
2021-09-16,11.415374755859377,11.061859130859377,11.865570068359377,10.958343505859377,13.689788818359377,8.745452880859375
2021-09-17,11.28924560546875,9.47772216796875,9.49627685546875,10.52655029296875,11.02069091796875,8.59197998046875
2021-09-18,8.429443359375,6.821044921875,7.954833984375,8.664794921875,9.577880859375,6.762451171875
2021-09-19,4.481689453125,6.052001953125,4.246337890625,3.897705078125,6.558837890625,3.263916015625
2021-09-20,7.792633056640625,8.753570556640625,5.413726806640625,7.434234619140625,6.136383056640625,5.519195556640625
2021-09-21,7.682403564453125,8.306427001953125,7.538848876953125,8.696075439453125,9.417755126953123,9.331817626953123
2021-09-22,10.324798583984377,10.207611083984377,9.761322021484377,11.511322021484377,11.474212646484377,10.591400146484377
2021-09-23,12.859832763671877,11.551239013671877,10.639129638671877,12.143035888671877,14.713348388671877,10.833465576171877
2021-09-24,12.394989013671877,12.077606201171877,11.305145263671877,12.512176513671877,12.672332763671877,10.322723388671877
2021-09-25,11.196319580078123,10.050811767578123,10.482452392578123,10.879913330078123,11.766632080078123,9.088897705078123
2021-09-26,9.874267578125,8.422119140625,8.621337890625,9.043212890625,11.383056640625,7.735595703125
2021-09-27,4.42108154296875,4.33221435546875,4.36053466796875,4.23651123046875,6.46112060546875,3.43768310546875
2021-09-28,6.265228271484375,6.312103271484375,5.710540771484375,3.682220458984375,7.535736083984375,5.195892333984375
2021-09-29,6.427734375,9.0771484375,5.8720703125,5.919921875,7.740234375,5.4072265625
2021-09-30,7.378387451171875,9.401824951171877,7.203582763671875,5.600067138671875,8.717254638671875,5.662567138671875
2021-10-01,10.1368408203125,11.4122314453125,10.3087158203125,10.5635986328125,13.2452392578125,10.8487548828125
2021-10-02,10.017181396484377,9.008392333984377,8.108978271484375,8.494720458984375,11.003509521484377,7.849212646484375
2021-10-03,8.321929931640625,7.594390869140625,6.402008056640625,7.118804931640625,9.876617431640623,5.240875244140625
2021-10-04,6.473114013671875,5.452606201171875,5.771942138671875,6.141082763671875,9.077606201171877,5.409637451171875
2021-10-05,6.106964111328125,5.026885986328125,4.125518798828125,5.566925048828125,7.615753173828125,4.690948486328125
2021-10-06,2.809783935546875,2.201385498046875,2.464080810546875,4.057830810546875,7.641815185546875,5.191619873046875
2021-10-07,3.081329345703125,-1.600311279296875,1.041290283203125,2.404571533203125,4.608673095703125,1.671173095703125
2021-10-08,-2.727874755859375,-3.422210693359375,-2.250335693359375,-0.407562255859375,3.534820556640625,-0.467132568359375
2021-10-09,2.590545654296875,1.664764404296875,0.762420654296875,1.696990966796875,4.300506591796875,0.099334716796875
2021-10-10,2.590545654296875,1.347381591796875,-0.365509033203125,0.680389404296875,3.962615966796875,-0.763946533203125
2021-10-11,3.942413330078125,3.033233642578125,1.678741455078125,2.781280517578125,4.742218017578125,0.677764892578125
2021-10-12,4.420013427734375,2.756927490234375,2.265716552734375,3.619232177734375,5.597747802734375,2.122161865234375
2021-10-13,2.045074462890625,1.369293212890625,3.917144775390625,3.788238525390625,5.297027587890625,3.377105712890625
2021-10-14,0.520172119140625,0.576812744140625,-0.077484130859375,0.495758056640625,3.699859619140625,1.081695556640625
2021-10-15,0.821502685546875,1.776580810546875,0.808807373046875,1.694549560546875,3.564666748046875,1.951385498046875
2021-10-16,2.973541259765625,4.830963134765625,4.950103759765625,2.618072509765625,3.795806884765625,1.962799072265625
2021-10-17,9.211669921875,10.093505859375,8.913818359375,9.032958984375,9.928466796875,7.447021484375
2021-10-18,5.399017333984375,3.645111083984375,7.019134521484375,8.180267333984375,10.760345458984377,7.475189208984375
2021-10-19,4.113372802734375,2.866302490234375,2.290130615234375,3.295989990234375,7.558685302734375,2.740325927734375
2021-10-20,-2.220855712890625,-2.553863525390625,-2.762847900390625,-2.747222900390625,3.249847412109375,-0.510894775390625
2021-10-21,-0.071807861328125,0.578582763671875,-1.133331298828125,-2.536651611328125,1.163543701171875,2.077606201171875
2021-10-22,2.067962646484375,-0.372467041015625,2.321868896484375,0.116790771484375,3.736907958984375,4.320892333984375
2021-10-23,2.091888427734375,0.906341552734375,0.322357177734375,0.466888427734375,5.929779052734375,2.109466552734375
2021-10-24,0.567779541015625,1.318756103515625,-1.321868896484375,-1.190032958984375,3.912506103515625,4.076568603515625
2021-10-25,0.887237548828125,1.426300048828125,-1.621551513671875,-0.313934326171875,2.491729736328125,0.187042236328125
2021-10-26,1.064910888671875,2.311981201171875,-0.144073486328125,-0.324737548828125,3.770965576171875,0.956512451171875
2021-10-27,0.551544189453125,2.346466064453125,4.580841064453125,2.987091064453125,7.039825439453125,4.344512939453125
2021-10-28,11.171661376953123,10.368927001953123,8.574981689453125,8.048614501953125,10.133575439453123,6.798614501953125
2021-10-29,2.292327880859375,3.852874755859375,4.307952880859375,0.784515380859375,2.827484130859375,-0.712554931640625
2021-10-30,11.848297119140623,10.195953369140623,10.156890869140623,11.110992431640623,12.367828369140623,8.645172119140625
2021-10-31,12.85711669921875,13.24188232421875,11.24578857421875,10.38543701171875,11.88055419921875,7.90692138671875
2021-11-01,8.494964599609375,9.404144287109377,9.078948974609377,9.295745849609377,12.019378662109377,8.243011474609375
2021-11-02,4.38568115234375,4.20111083984375,4.45794677734375,6.42181396484375,10.18255615234375,5.82611083984375
2021-11-03,4.62908935546875,7.97674560546875,5.15057373046875,2.66619873046875,9.70135498046875,7.14471435546875
2021-11-04,5.277740478515625,3.267974853515625,5.498443603515625,5.592193603515625,10.100006103515623,6.563873291015625
2021-11-05,4.302032470703125,3.301055908203125,4.116485595703125,5.153594970703125,8.688751220703125,3.472930908203125
2021-11-06,5.657379150390625,6.854644775390625,4.078277587890625,6.341949462890625,6.081207275390625,4.956207275390625
2021-11-07,2.623138427734375,2.451263427734375,3.253997802734375,2.022552490234375,3.647552490234375,0.879974365234375
2021-11-08,1.102752685546875,2.552947998046875,2.363494873046875,1.495330810546875,4.345916748046875,-1.393341064453125
2021-11-09,0.623626708984375,2.387298583984375,1.768157958984375,1.630462646484375,4.611907958984375,1.617767333984375
2021-11-10,4.406768798828125,3.689971923828125,3.226104736328125,3.401885986328125,4.007354736328125,4.876495361328125
2021-11-11,3.755767822265625,2.184478759765625,2.805572509765625,3.316314697265625,7.590728759765625,2.587799072265625
2021-11-12,3.489105224609375,4.067230224609375,2.001800537109375,3.733245849609375,3.953948974609375,2.373870849609375
2021-11-13,3.22210693359375,4.17425537109375,4.01800537109375,2.48382568359375,7.30120849609375,3.42132568359375
2021-11-14,2.8887939453125,1.4776611328125,2.2843017578125,3.0460205078125,5.0059814453125,3.0850830078125
2021-11-15,-1.501922607421875,-1.598602294921875,-3.396453857421875,-2.765594482421875,0.654327392578125,-3.873016357421875
2021-11-16,-2.480987548828125,-1.204620361328125,-2.307159423828125,-1.515167236328125,2.552215576171875,-1.441925048828125
2021-11-17,1.257049560546875,4.204315185546875,4.294158935546875,0.911346435546875,7.543182373046875,4.211151123046875
2021-11-18,4.135711669921875,4.934539794921875,4.803680419921875,4.308563232421875,7.354461669921875,4.037078857421875
2021-11-19,3.400054931640625,1.830718994140625,2.412750244140625,3.166656494140625,6.021148681640625,3.299468994140625
2021-11-20,0.097259521484375,1.549407958984375,-0.761138916015625,1.660736083984375,2.010345458984375,-0.635162353515625
2021-11-21,1.607330322265625,2.287017822265625,1.815338134765625,1.320220947265625,6.803619384765625,0.489166259765625
2021-11-22,6.059295654296875,5.652069091796875,2.540740966796875,4.893280029296875,5.432342529296875,-0.345001220703125
2021-11-23,3.834503173828125,4.115753173828125,3.304229736328125,3.713409423828125,5.539581298828125,1.566925048828125
2021-11-24,2.533538818359375,1.895843505859375,0.477874755859375,2.106781005859375,2.560882568359375,-0.422515869140625
2021-11-25,-2.71923828125,-4.44775390625,-5.84033203125,-4.75830078125,-1.09033203125,-4.46142578125
2021-11-26,-10.971435546875,-7.195068359375,-14.339599609375,-9.478271484375,-7.185302734375,-14.459716796875
2021-11-27,1.326263427734375,2.766693115234375,1.309661865234375,0.712005615234375,2.583099365234375,-0.623931884765625
2021-11-28,6.264801025390625,5.389801025390625,3.981597900390625,4.775543212890625,4.845855712890625,1.401519775390625
2021-11-29,-4.541229248046875,-5.458221435546875,-6.025604248046875,-4.380096435546875,0.506622314453125,-3.658416748046875
2021-11-30,-6.747650146484375,-2.790618896484375,-4.793548583984375,-8.809173583984375,-3.028900146484375,-5.794525146484375
2021-12-01,0.882904052734375,2.075286865234375,0.634857177734375,1.469818115234375,3.816497802734375,0.649505615234375
2021-12-02,-2.307098388671875,-3.667449951171875,-3.728973388671875,-3.473114013671875,1.255401611328125,-2.369598388671875
2021-12-03,-6.542449951171875,-7.588348388671875,-8.340301513671875,-6.766082763671875,-4.784637451171875,-8.537567138671875
2021-12-04,-9.313690185546877,-4.535369873046875,-7.546112060546875,-6.391815185546875,-1.138885498046875,-6.659393310546875
2021-12-05,1.681427001953125,1.880645751953125,0.280059814453125,1.577911376953125,1.796661376953125,-0.639862060546875
2021-12-06,-5.850250244140625,-3.216461181640625,-3.200836181640625,-7.433258056640625,-3.231109619140625,-3.637359619140625
2021-12-07,-1.729156494140625,-2.438140869140625,-2.515289306640625,-1.510406494140625,0.804046630859375,-2.007476806640625
2021-12-08,-2.586334228515625,-3.752349853515625,-5.423248291015625,-4.631256103515625,-4.853912353515625,-6.515045166015625
2021-12-09,-2.330078125,-3.81640625,-5.1435546875,-3.63671875,-4.173828125,-7.3056640625
2021-12-10,-8.30816650390625,-7.84429931640625,-13.54840087890625,-13.63140869140625,-5.34918212890625,-11.09722900390625
2021-12-11,-4.157012939453125,-5.601348876953125,-6.430450439453125,-5.529083251953125,-4.196075439453125,-9.187286376953123
2021-12-12,-1.004241943359375,-2.077484130859375,-3.272796630859375,-2.057952880859375,-1.403656005859375,-4.750335693359375
2021-12-13,-2.827789306640625,-4.377593994140625,-5.668609619140625,-4.479156494140625,-8.086578369140625,-6.415679931640625
2021-12-14,-4.999481201171875,-6.054168701171875,-7.207489013671875,-6.070770263671875,-4.059051513671875,-8.551239013671875
2021-12-15,-9.525848388671877,-6.590301513671875,-9.809051513671877,-9.507293701171877,-5.980926513671875,-6.480926513671875
2021-12-16,-6.611480712890625,-6.303863525390625,-9.737457275390623,-10.498199462890623,-8.247222900390625,-10.750152587890623
2021-12-17,-19.345474243164062,-13.674591064453123,-16.552520751953125,-18.697036743164062,-11.785919189453123,-9.113067626953123
2021-12-18,-9.764007568359377,-7.475921630859375,-8.347991943359375,-11.935882568359377,-3.764984130859375,-8.067718505859375
2021-12-19,1.8642578125,1.2626953125,-1.3125,1.1552734375,0.619140625,-3.0458984375
2021-12-20,-0.3575439453125,1.8026123046875,0.9500732421875,1.3680419921875,1.9940185546875,0.0418701171875
2021-12-21,1.783355712890625,4.538238525390625,3.018707275390625,3.381011962890625,3.862457275390625,1.721832275390625
2021-12-22,5.138641357421875,5.558563232421875,3.391571044921875,3.912078857421875,4.852508544921875,1.977508544921875
2021-12-23,4.28106689453125,3.62481689453125,1.85919189453125,3.53985595703125,5.88848876953125,1.86309814453125
2021-12-24,3.119171142578125,1.601593017578125,1.873077392578125,3.031280517578125,5.196319580078125,2.003936767578125
2021-12-25,0.663665771484375,2.045501708984375,-0.113677978515625,-0.296295166015625,3.292572021484375,1.806243896484375
2021-12-26,2.648895263671875,1.977996826171875,-1.014190673828125,-0.767120361328125,2.886199951171875,0.173309326171875
2021-12-27,-0.359283447265625,1.989349365234375,-1.199127197265625,0.174896240234375,2.847747802734375,2.169036865234375
2021-12-28,5.086334228515625,3.727935791015625,2.510162353515625,4.033599853515625,4.042388916015625,0.862701416015625
2021-12-29,-2.285614013671875,1.815948486328125,-1.141082763671875,-1.940887451171875,6.753448486328125,0.258331298828125
2021-12-30,-0.655029296875,0.161376953125,1.149658203125,-0.210693359375,3.226806640625,-0.155029296875
2021-12-31,1.822479248046875,3.849822998046875,3.015838623046875,2.793182373046875,5.364471435546875,1.706268310546875
2022-01-01,6.226226806640625,5.917633056640625,3.646148681640625,5.299468994140625,5.480133056640625,2.634429931640625
2022-01-02,-1.194061279296875,-2.664764404296875,-2.786834716796875,-1.771209716796875,-0.039764404296875,-1.430389404296875
2022-01-03,-1.429229736328125,-2.325714111328125,-2.577667236328125,-1.584503173828125,2.369598388671875,-2.580596923828125
2022-01-04,-4.2615966796875,-5.4774169921875,-5.7557373046875,-4.3192138671875,0.1768798828125,-2.8133544921875
2022-01-05,-3.866363525390625,-4.601715087890625,-2.387847900390625,-1.549957275390625,1.054534912109375,-2.153472900390625
2022-01-06,-5.563201904296875,-5.849334716796875,-7.330780029296875,-5.545623779296875,-1.417694091796875,-5.653045654296875
2022-01-07,-4.174163818359375,-4.337249755859375,-5.303070068359375,-3.715179443359375,-0.186859130859375,-4.356781005859375
2022-01-08,-14.624664306640623,-13.939117431640623,-14.794586181640623,-13.695953369140623,-9.659820556640623,-13.978179931640623
2022-01-09,-13.366668701171877,-9.341278076171877,-14.122528076171877,-13.477996826171877,-4.822723388671875,-9.026824951171877
2022-01-10,-5.8134765625,-2.298828125,-5.1474609375,-5.658203125,-3.1455078125,-5.6103515625
2022-01-11,-2.384307861328125,-3.115753173828125,-4.916534423828125,-3.280792236328125,-1.862823486328125,-6.574737548828125
2022-01-12,-10.624603271484377,-5.888275146484375,-6.443939208984375,-5.753509521484375,1.998443603515625,-2.964447021484375
2022-01-13,-6.16217041015625,-2.09674072265625,-8.20416259765625,-7.87017822265625,-4.43951416015625,-5.59478759765625
2022-01-14,-5.775482177734375,-9.260833740234377,-9.820404052734377,-8.723724365234375,-7.997161865234375,-10.124114990234377
2022-01-15,-12.06402587890625,-6.77301025390625,-9.85601806640625,-12.56011962890625,-4.18511962890625,-8.85992431640625
2022-01-16,-2.603424072265625,-4.203033447265625,-3.426666259765625,-3.233306884765625,-0.304595947265625,-4.413970947265625
2022-01-17,-14.420257568359377,-11.837249755859377,-16.256195068359375,-14.893890380859377,-13.057952880859377,-12.801116943359377
2022-01-18,-6.712371826171875,-7.398895263671875,-11.573699951171877,-8.957489013671875,-12.210418701171877,-12.029754638671877
2022-01-19,-10.50885009765625,-10.76470947265625,-11.06939697265625,-11.08111572265625,-10.03814697265625,-12.07916259765625
2022-01-20,-19.20429992675781,-15.599822998046877,-17.358596801757812,-14.879119873046877,-14.930877685546877,-18.21699523925781
2022-01-21,-3.489471435546875,-4.798065185546875,-6.479705810546875,-5.902557373046875,-6.302947998046875,-8.672088623046875
2022-01-22,-3.971405029296875,-5.100311279296875,-7.803436279296875,-5.571014404296875,-8.840545654296875,-8.931365966796875
2022-01-23,-12.169464111328123,-7.403839111328125,-9.236846923828123,-9.989776611328123,-3.079620361328125,-7.713409423828125
2022-01-24,-6.042816162109375,-4.599456787109375,-4.959808349609375,-4.857269287109375,-1.337738037109375,-5.119964599609375
2022-01-25,-12.139312744140623,-9.153961181640623,-12.598297119140623,-13.528961181640623,-8.612945556640625,-11.015289306640623
2022-01-26,-8.476287841796875,-3.809295654296875,-9.067108154296877,-9.128631591796877,-6.942108154296875,-9.182342529296877
2022-01-27,-0.294769287109375,-0.201995849609375,-0.701019287109375,-0.778167724609375,1.111480712890625,-3.079925537109375
2022-01-28,-8.272705078125,-7.079345703125,-8.377197265625,-6.976806640625,-5.923095703125,-9.303955078125
2022-01-29,-2.8238525390625,-4.0963134765625,-5.1510009765625,-4.0318603515625,-4.9371337890625,-6.4166259765625
2022-01-30,-14.01361083984375,-8.68353271484375,-12.13763427734375,-12.61126708984375,-8.43060302734375,-10.99798583984375
2022-01-31,-0.411956787109375,-0.905120849609375,-1.557464599609375,-1.622894287109375,0.751129150390625,-3.859222412109375
2022-02-01,-0.656402587890625,0.216644287109375,-0.501129150390625,-1.116363525390625,1.415863037109375,-1.083160400390625
2022-02-02,-11.811737060546877,-5.774627685546875,-6.716033935546875,-10.763885498046877,-2.437713623046875,-5.979705810546875
2022-02-03,-2.864776611328125,-4.109893798828125,-5.303253173828125,-4.497589111328125,-3.247589111328125,-5.768096923828125
2022-02-04,-2.843292236328125,-3.276885986328125,-4.673370361328125,-4.445831298828125,-4.381378173828125,-5.294464111328125
2022-02-05,-6.74957275390625,-3.49273681640625,-4.61285400390625,-3.77105712890625,-0.60699462890625,-3.74371337890625
2022-02-06,-8.575103759765625,-2.617095947265625,-4.519439697265625,-4.740142822265625,-3.954986572265625,-3.380767822265625
2022-02-07,-4.51373291015625,1.28997802734375,-3.61138916015625,-2.76373291015625,-2.15631103515625,-4.56549072265625
2022-02-08,-9.991058349609377,-6.864105224609375,-6.528167724609375,-9.396331787109377,-2.480316162109375,-4.205902099609375
2022-02-09,-3.854888916015625,-0.008209228515625,0.295501708984375,0.550384521484375,2.072845458984375,-0.447662353515625
2022-02-10,-2.489837646484375,0.520904541015625,0.425201416015625,-2.814056396484375,2.170318603515625,-0.696868896484375
2022-02-11,-4.06298828125,0.01220703125,0.29931640625,-2.70361328125,3.00439453125,0.98486328125
2022-02-12,-1.485992431640625,0.244476318359375,0.524749755859375,-1.270172119140625,3.373382568359375,1.523773193359375
2022-02-13,-4.087493896484375,-1.578704833984375,-0.256439208984375,-0.526947021484375,2.418365478515625,-1.151947021484375
2022-02-14,-6.57342529296875,-5.25604248046875,-6.65155029296875,-7.94744873046875,-2.03338623046875,-4.75799560546875
2022-02-15,0.089141845703125,0.540313720703125,-0.530975341796875,-0.148162841796875,5.003204345703125,-0.460662841796875
2022-02-16,-0.442047119140625,-2.385406494140625,1.600921630859375,1.905609130859375,4.830413818359375,1.889007568359375
2022-02-17,-0.118255615234375,-1.258880615234375,-0.775482177734375,0.479400634765625,3.163970947265625,-0.486419677734375
2022-02-18,-1.041229248046875,-2.371307373046875,-3.264862060546875,-2.207244873046875,-0.739471435546875,-4.688690185546875
2022-02-19,-2.65966796875,-3.46533203125,-4.02685546875,-2.95947265625,-1.92626953125,-4.81591796875
2022-02-20,-13.914642333984377,-8.726165771484375,-10.723236083984377,-12.478118896484377,-4.225189208984375,-7.957611083984375
2022-02-21,-5.215118408203125,-3.083282470703125,-4.257110595703125,-3.324493408203125,-2.593048095703125,-5.362579345703125
2022-02-22,-0.372161865234375,-1.297943115234375,-1.185638427734375,-0.131927490234375,1.802642822265625,-2.368255615234375
2022-02-23,-2.162445068359375,-3.285491943359375,-4.272796630859375,-3.383148193359375,-0.665374755859375,-4.723968505859375
2022-02-24,-4.47991943359375,-5.34906005859375,-6.40081787109375,-5.18792724609375,-3.14007568359375,-8.09906005859375
2022-02-25,-5.200225830078125,-6.287139892578125,-7.382843017578125,-6.381866455078125,-5.359405517578125,-9.092803955078123
2022-02-26,-15.005584716796877,-10.039764404296877,-12.111053466796877,-12.734100341796877,-9.140350341796877,-11.798553466796877
2022-02-27,-11.94549560546875,-7.24139404296875,-7.28826904296875,-6.14862060546875,-4.04901123046875,-6.89862060546875
2022-02-28,-5.967926025390625,-7.209136962890625,-7.418121337890625,-10.123199462890623,-6.817535400390625,-6.958160400390625
2022-03-01,-2.718841552734375,-4.558685302734375,-4.678802490234375,-3.451263427734375,-0.738372802734375,-5.236419677734375
2022-03-02,-4.783905029296875,-8.248748779296875,-7.382537841796875,-6.548553466796875,-5.324920654296875,-7.211639404296875
2022-03-03,-6.194305419921875,-7.400360107421875,-7.472625732421875,-6.753875732421875,-3.083953857421875,-6.871063232421875
2022-03-04,-7.084930419921875,-7.397430419921875,-8.510711669921875,-8.629852294921875,-6.926727294921875,-10.699188232421877
2022-03-05,-4.4903564453125,-5.7794189453125,-7.5469970703125,-6.4200439453125,-11.9903564453125,-9.6075439453125
2022-03-06,-10.591217041015623,-11.856842041015623,-11.049224853515623,-12.197662353515623,-11.171295166015623,-12.774810791015623
2022-03-07,-10.626556396484377,-13.288665771484377,-14.037689208984377,-12.612884521484377,-10.668548583984377,-13.734954833984377
2022-03-08,-19.033706665039062,-15.021026611328123,-13.661651611328123,-14.494659423828123,-14.137237548828123,-16.036651611328125
2022-03-09,-13.866180419921877,-11.138641357421877,-9.790985107421877,-9.193328857421877,-11.021453857421877,-12.894500732421877
2022-03-10,-11.119110107421877,-9.219696044921877,-8.481414794921875,-6.477508544921875,-7.787078857421875,-11.366180419921877
2022-03-11,-3.183563232421875,-0.390594482421875,-2.844696044921875,-3.173797607421875,0.022491455078125,-3.622039794921875
2022-03-12,0.34686279296875,-0.23223876953125,-0.36114501953125,-0.96856689453125,0.42108154296875,-0.19317626953125
2022-03-13,-4.13238525390625,-6.24761962890625,-3.74078369140625,-5.42047119140625,-2.13824462890625,-3.05230712890625
2022-03-14,-3.880096435546875,-7.383026123046875,-7.605682373046875,-6.228729248046875,-4.349822998046875,-9.771697998046877
2022-03-15,-6.472991943359375,-12.167327880859377,-8.837249755859375,-8.786468505859375,-6.899749755859375,-9.112640380859377
2022-03-16,-4.1781005859375,-10.2513427734375,-10.1263427734375,-7.3402099609375,-5.9388427734375,-10.9329833984375
2022-03-17,-2.289520263671875,-4.036590576171875,-6.945770263671875,-4.469207763671875,-2.752410888671875,-7.015106201171875
2022-03-18,-0.829620361328125,-2.203643798828125,-5.647979736328125,-4.158721923828125,-2.414581298828125,-7.658721923828125
2022-03-19,-1.272918701171875,-0.824676513671875,-3.488739013671875,-2.054168701171875,-0.790496826171875,-4.899871826171875
2022-03-20,-1.406494140625,-0.475830078125,-3.972900390625,-0.597900390625,0.982177734375,-3.232666015625
2022-03-21,-0.992431640625,-1.616455078125,-1.002197265625,0.508544921875,0.424560546875,2.166748046875
2022-03-22,-1.920501708984375,-1.662689208984375,-2.746673583984375,-0.423431396484375,0.184967041015625,-4.400970458984375
2022-03-23,1.289093017578125,2.254913330078125,0.072296142578125,2.144561767578125,3.553741455078125,0.417022705078125
2022-03-24,-1.426544189453125,-0.751739501953125,-1.434356689453125,-1.740020751953125,0.980682373046875,-1.400177001953125
2022-03-25,-0.469879150390625,2.019378662109375,-0.514801025390625,-0.834136962890625,1.973480224609375,-2.202301025390625
2022-03-26,6.302337646484375,5.083587646484375,3.348236083984375,3.538665771484375,5.351165771484375,1.628509521484375
2022-03-27,6.390625,6.3291015625,4.1240234375,6.763671875,6.8583984375,1.0546875
2022-03-28,3.701751708984375,3.785736083984375,2.314056396484375,3.647064208984375,3.830657958984375,0.092376708984375
2022-03-29,-2.570159912109375,-3.339691162109375,-1.475433349609375,-1.632659912109375,0.238433837890625,-1.759613037109375
2022-03-30,-2.122894287109375,-1.850433349609375,-1.330902099609375,-1.434417724609375,1.093902587890625,-2.097503662109375
2022-03-31,1.135955810546875,0.430877685546875,-0.209747314453125,0.967987060546875,2.625213623046875,0.133026123046875
2022-04-01,-0.030059814453125,1.364471435546875,0.025604248046875,2.252166748046875,2.580291748046875,0.212127685546875
2022-04-02,2.015777587890625,5.350738525390625,1.151519775390625,1.379058837890625,3.171051025390625,0.101715087890625
2022-04-03,-0.912933349609375,1.565582275390625,-1.949066162109375,-1.946136474609375,3.214019775390625,-2.168792724609375
2022-04-04,7.756500244140625,6.593414306640625,4.454742431640625,5.477203369140625,7.039703369140625,2.715484619140625
2022-04-05,3.52178955078125,2.63507080078125,4.84112548828125,5.69268798828125,6.41241455078125,2.42510986328125
2022-04-06,-6.538543701171875,-2.381317138671875,-3.537567138671875,-2.510223388671875,0.147979736328125,-3.682098388671875
2022-04-07,-3.7479248046875,-1.9822998046875,-3.4129638671875,-2.6678466796875,-1.4862060546875,-2.1180419921875
2022-04-08,-0.88055419921875,2.44659423828125,-1.42254638671875,1.41534423828125,0.72100830078125,-2.14813232421875
2022-04-09,2.25885009765625,2.28033447265625,1.39459228515625,1.47955322265625,3.62310791015625,5.18853759765625
2022-04-10,5.015045166015625,6.879302978515625,3.516021728515625,4.687896728515625,4.822662353515625,6.917388916015625
2022-04-11,8.745025634765625,7.938385009765625,4.564361572265625,6.803619384765625,5.104400634765625,1.873931884765625
2022-04-12,1.564788818359375,0.006195068359375,-0.297515869140625,0.680023193359375,3.874359130859375,-0.545562744140625
2022-04-13,-0.740936279296875,-2.074920654296875,-3.511444091796875,-2.702850341796875,-0.250701904296875,-4.500701904296875
2022-04-14,-2.494720458984375,-3.299407958984375,-5.186126708984375,-4.316986083984375,-2.415618896484375,-7.341400146484375
2022-04-15,-1.088958740234375,-2.484466552734375,-2.943450927734375,-1.527435302734375,-3.795989990234375,-6.227630615234375
2022-04-16,4.042633056640625,3.205718994140625,2.466461181640625,3.214508056640625,6.203765869140625,1.939117431640625
2022-04-17,-2.886383056640625,-1.490875244140625,-4.333648681640625,-3.240875244140625,2.823577880859375,-1.022125244140625
2022-04-18,5.8289794921875,5.7030029296875,2.1287841796875,4.0184326171875,5.8377685546875,1.4285888671875
2022-04-19,2.41717529296875,4.47186279296875,3.64959716796875,2.90740966796875,4.68768310546875,0.20623779296875
2022-04-20,5.460723876953125,8.202911376953125,4.287872314453125,4.360137939453125,6.961700439453125,0.769317626953125
2022-04-21,2.232696533203125,5.026641845703125,2.107696533203125,2.961212158203125,4.651641845703125,-0.931365966796875
2022-04-22,3.921112060546875,4.800018310546875,1.472869873046875,4.494354248046875,2.447479248046875,-1.182403564453125
2022-04-23,8.0902099609375,7.0999755859375,3.0550537109375,7.4984130859375,4.4495849609375,-0.3228759765625
2022-04-24,6.523956298828125,5.478057861328125,4.293487548828125,5.253448486328125,6.980010986328125,0.555206298828125
2022-04-25,2.591217041015625,3.318756103515625,2.093170166015625,3.606842041015625,4.026763916015625,0.529693603515625
2022-04-26,3.075714111328125,2.838409423828125,3.915557861328125,2.537628173828125,3.984893798828125,3.147979736328125
2022-04-27,7.283905029296875,6.054412841796875,5.261444091796875,6.780975341796875,7.696014404296875,4.057342529296875
2022-04-28,7.6153564453125,4.8702392578125,5.4190673828125,6.1153564453125,7.1563720703125,4.0528564453125
2022-04-29,3.636016845703125,2.850860595703125,2.197540283203125,2.283477783203125,4.849884033203125,1.058868408203125
2022-04-30,5.734283447265625,5.507720947265625,2.656158447265625,4.824127197265625,6.204010009765625,1.380767822265625
2022-05-01,5.566619873046875,6.198455810546875,3.174041748046875,4.695526123046875,4.427947998046875,0.938690185546875
2022-05-02,8.761810302734375,7.928802490234375,5.983489990234375,7.960052490234375,8.507904052734375,3.759857177734375
2022-05-03,7.47265625,6.314453125,3.982421875,5.2998046875,8.283203125,5.6708984375
2022-05-04,9.745513916015623,8.495513916015625,5.015045166015625,6.925201416015625,4.919342041015625,3.493560791015625
2022-05-05,9.785369873046877,9.387908935546877,5.805877685546875,8.110565185546875,6.656463623046875,2.343963623046875
2022-05-06,6.485809326171875,7.115692138671875,5.188934326171875,7.113739013671875,7.123504638671875,2.268035888671875
2022-05-07,7.402435302734375,6.741302490234375,6.444427490234375,7.608489990234375,7.509857177734375,3.833099365234375
2022-05-08,8.207550048828125,8.617706298828125,6.707550048828125,7.746612548828125,7.408721923828125,5.444854736328125
2022-05-09,12.67303466796875,12.29998779296875,8.93963623046875,11.32733154296875,9.90155029296875,7.28533935546875
2022-05-10,10.480133056640623,9.451812744140623,9.460601806640623,9.805328369140623,10.745758056640623,6.700836181640625
2022-05-11,9.478302001953123,10.755645751953123,8.400177001953125,9.574981689453123,9.721466064453123,5.552520751953125
2022-05-12,10.168609619140623,11.361968994140623,8.185211181640625,9.934234619140623,10.592437744140623,6.971343994140625
2022-05-13,10.726318359375,11.071044921875,8.762451171875,9.153076171875,10.601318359375,7.011474609375
2022-05-14,7.67169189453125,4.95294189453125,2.39825439453125,5.03692626953125,6.11505126953125,0.26544189453125
2022-05-15,6.629180908203125,6.785430908203125,4.219024658203125,3.835235595703125,5.219024658203125,1.736602783203125
2022-05-16,7.671722412109375,9.505706787109377,6.340667724609375,9.563323974609377,7.243988037109375,4.426605224609375
2022-05-17,13.340667724609377,15.716644287109377,11.568206787109377,13.405120849609377,11.927581787109377,9.469573974609377
2022-05-18,10.003814697265623,11.538970947265623,8.960845947265625,10.303619384765623,9.669830322265623,5.828033447265625
2022-05-19,11.003692626953123,11.710723876953123,11.404083251953123,9.570098876953123,12.069122314453123,8.508575439453125
2022-05-20,11.4417724609375,14.5980224609375,10.5179443359375,10.0863037109375,12.9193115234375,9.4007568359375
2022-05-21,10.118927001953123,15.120880126953123,9.469512939453123,9.420684814453123,11.726348876953123,8.584747314453125
2022-05-22,12.931243896484377,13.050384521484377,9.613861083984377,11.996673583984377,11.762298583984377,9.863861083984377
2022-05-23,11.39019775390625,11.21051025390625,9.52886962890625,11.02886962890625,12.18511962890625,10.66754150390625
2022-05-24,9.383697509765623,7.388580322265625,8.897369384765625,9.270416259765623,13.707916259765623,10.187408447265623
2022-05-25,9.042449951171877,7.220184326171875,10.189910888671877,9.749481201171877,12.542449951171877,9.905731201171877
2022-05-26,10.23114013671875,10.35906982421875,10.24676513671875,9.20574951171875,10.76239013671875,7.39617919921875
2022-05-27,11.302459716796877,12.394256591796877,10.207733154296877,10.945037841796877,11.545623779296877,10.022186279296877
2022-05-28,13.13214111328125,12.94952392578125,12.71514892578125,13.34405517578125,12.60968017578125,10.17315673828125
2022-05-29,14.162109375,14.578125,13.2021484375,13.8427734375,13.4677734375,10.501953125
2022-05-30,13.621551513671877,12.283660888671877,12.796356201171877,14.494598388671877,14.181121826171877,9.640106201171877
2022-05-31,14.6380615234375,13.8919677734375,13.2611083984375,13.9105224609375,13.8001708984375,10.1439208984375
2022-06-01,15.2459716796875,14.5028076171875,14.6580810546875,15.0721435546875,14.1600341796875,13.8406982421875
2022-06-02,13.621795654296877,14.569061279296877,12.294647216796877,12.373748779296877,14.461639404296877,10.990936279296877
2022-06-03,12.673614501953123,12.726348876953123,10.800567626953123,11.463653564453123,13.519317626953123,8.931427001953125
2022-06-04,12.62811279296875,11.68865966796875,8.95428466796875,10.71893310546875,10.61444091796875,7.78240966796875
2022-06-05,12.743896484375,11.674560546875,10.765380859375,11.758544921875,13.491943359375,10.232177734375
2022-06-06,12.635650634765623,12.131744384765623,11.255767822265623,12.289947509765623,14.991119384765623,10.719635009765623
2022-06-07,13.166412353515623,11.663482666015623,11.181060791015623,12.215240478515623,14.310943603515623,10.593170166015623
2022-06-08,12.141998291015623,12.374420166015623,8.971099853515625,11.029693603515623,13.678131103515623,9.826568603515623
2022-06-09,12.644134521484377,11.884368896484377,12.919525146484377,12.617767333984377,12.975189208984377,9.218353271484377
2022-06-10,12.092315673828123,10.809112548828123,11.154815673828123,10.692901611328123,12.811065673828123,11.135284423828123
2022-06-11,9.91546630859375,9.62835693359375,9.68890380859375,9.97113037109375,10.76312255859375,9.71038818359375
2022-06-12,11.42279052734375,10.62396240234375,10.00775146484375,10.83489990234375,10.77435302734375,9.37591552734375
2022-06-13,11.750152587890623,11.567535400390623,10.577301025390623,11.361480712890623,13.222808837890623,9.729644775390623
2022-06-14,9.897552490234377,9.269622802734377,8.125091552734375,8.421966552734375,10.671966552734377,6.278411865234375
2022-06-15,11.477142333984377,11.081634521484377,10.100189208984377,9.503509521484377,11.256439208984377,8.321868896484375
2022-06-16,15.675537109375,17.170654296875,11.763427734375,13.510498046875,12.998779296875,11.569091796875
2022-06-17,15.5810546875,15.1396484375,13.7080078125,15.498046875,16.203125,13.3974609375
2022-06-18,14.906036376953123,18.062286376953125,14.024200439453123,15.288848876953123,17.464630126953125,14.016387939453123
2022-06-19,15.25164794921875,14.30340576171875,13.28289794921875,14.95574951171875,16.09637451171875,12.79656982421875
2022-06-20,12.36651611328125,12.19268798828125,12.03741455078125,12.56475830078125,13.74444580078125,9.33917236328125
2022-06-21,14.162445068359377,13.914398193359377,11.821624755859377,14.397796630859377,15.088226318359377,12.815765380859377
2022-06-22,15.061920166015623,14.598052978515623,13.577545166015623,15.602935791015623,14.586334228515623,11.955474853515623
2022-06-23,15.73626708984375,15.00286865234375,14.38079833984375,15.66888427734375,15.42083740234375,11.35736083984375
2022-06-24,16.683319091796875,15.777069091796877,17.006561279296875,16.331756591796875,15.901092529296877,13.707733154296877
2022-06-25,16.76800537109375,17.51507568359375,14.51995849609375,15.39495849609375,17.34417724609375,15.83636474609375
2022-06-26,16.635223388671875,15.951629638671877,14.124481201171877,18.016082763671875,16.160614013671875,13.632293701171877
2022-06-27,16.89263916015625,17.32525634765625,13.88385009765625,16.87701416015625,16.39068603515625,12.48443603515625
2022-06-28,18.16473388671875,17.18328857421875,15.01629638671875,16.64715576171875,18.59735107421875,14.52703857421875
2022-06-29,18.041748046875,18.176513671875,15.843505859375,17.029052734375,18.406982421875,14.272216796875
2022-06-30,14.9444580078125,14.7891845703125,13.4219970703125,15.7628173828125,16.8135986328125,11.7452392578125
2022-07-01,18.19906616210937,17.015472412109375,15.916839599609377,17.633636474609375,17.515472412109375,13.282073974609377
2022-07-02,16.948028564453125,15.574981689453123,13.115997314453123,15.234161376953123,15.977325439453123,10.656036376953123
2022-07-03,14.890472412109377,14.526214599609377,11.737152099609377,13.287933349609377,16.120941162109375,10.973480224609377
2022-07-04,11.347930908203123,10.357696533203123,9.670196533203123,10.008087158203123,13.429962158203123,9.047149658203123
2022-07-05,13.304412841796877,11.562225341796877,11.039764404296877,12.202850341796877,14.305389404296877,10.455780029296877
2022-07-06,11.18060302734375,10.29193115234375,8.01165771484375,8.70111083984375,12.88568115234375,7.86126708984375
2022-07-07,8.61224365234375,7.64447021484375,7.08489990234375,8.42474365234375,10.79193115234375,7.66693115234375
2022-07-08,11.309967041015623,9.404693603515623,9.763092041015623,10.598052978515623,13.699615478515623,10.896881103515623
2022-07-09,10.419647216796877,10.707733154296877,9.321990966796877,10.714569091796877,11.238983154296877,6.780975341796875
2022-07-10,13.84130859375,13.67333984375,12.60595703125,14.09033203125,13.63134765625,9.66943359375
2022-07-11,15.008392333984377,13.753509521484377,14.133392333984377,14.107025146484377,15.637298583984377,11.951751708984377
2022-07-12,15.033355712890623,15.762847900390623,12.999176025390623,16.368316650390625,16.939605712890625,12.436676025390623
2022-07-13,13.203033447265623,12.386627197265623,11.305572509765623,11.662017822265623,15.704986572265623,11.830963134765623
2022-07-14,13.03570556640625,12.42437744140625,9.75543212890625,11.20367431640625,14.32183837890625,9.09918212890625
2022-07-15,12.94921875,13.1708984375,12.77734375,13.2734375,14.6533203125,10.4150390625
2022-07-16,14.29266357421875,14.00360107421875,14.66766357421875,14.34930419921875,13.98016357421875,13.29364013671875
2022-07-17,16.097747802734375,15.410247802734377,14.576263427734377,15.728607177734377,15.620208740234377,12.092864990234377
2022-07-18,17.620269775390625,17.061676025390625,17.527496337890625,18.205230712890625,16.958160400390625,15.060699462890623
2022-07-19,21.0257568359375,19.7308349609375,16.7562255859375,20.7620849609375,18.5120849609375,15.3441162109375
2022-07-20,17.302154541015625,17.012115478515625,15.119537353515623,16.492584228515625,17.147857666015625,13.170318603515623
2022-07-21,16.06671142578125,14.67315673828125,16.55401611328125,17.04815673828125,16.91241455078125,17.72296142578125
2022-07-22,19.546630859375,18.201904296875,17.108154296875,18.259521484375,17.709716796875,15.069091796875
2022-07-23,16.562469482421875,15.835906982421877,13.505828857421877,15.315399169921877,17.469696044921875,14.411102294921877
2022-07-24,16.96905517578125,16.56280517578125,18.25030517578125,16.50225830078125,17.25030517578125,12.62823486328125
2022-07-25,17.26214599609375,17.10003662109375,15.68792724609375,15.88128662109375,18.59613037109375,15.28753662109375
2022-07-26,16.478057861328125,15.398956298828123,14.453643798828123,16.708526611328125,18.262237548828125,15.893096923828123
2022-07-27,13.734161376953123,13.182403564453123,11.995880126953123,13.186309814453123,16.723419189453125,11.387481689453123
2022-07-28,14.203277587890623,13.853668212890623,10.903472900390623,12.519683837890623,15.048004150390623,9.613433837890623
2022-07-29,15.634796142578123,15.937530517578123,12.282257080078123,13.847686767578123,15.194366455078123,10.413116455078123
2022-07-30,14.928741455078123,17.298858642578125,12.743194580078123,14.422882080078123,15.984405517578123,10.734405517578123
2022-07-31,15.90460205078125,15.28643798828125,14.43878173828125,15.48468017578125,15.94561767578125,11.88702392578125
2022-08-01,16.117584228515625,16.073638916015625,14.999420166015623,15.615631103515623,16.034576416015625,14.899810791015623
2022-08-02,17.68487548828125,16.71026611328125,15.27569580078125,16.09014892578125,18.16534423828125,15.78839111328125
2022-08-03,17.565765380859375,16.942718505859375,14.918304443359377,16.585296630859375,19.34213256835937,13.713226318359377
2022-08-04,14.357513427734377,14.108489990234377,13.256927490234377,15.170989990234377,16.576263427734375,13.373138427734377
2022-08-05,15.209136962890623,14.634918212890623,13.953277587890623,15.465972900390623,16.754058837890625,13.384918212890623
2022-08-06,15.120208740234377,14.029388427734377,12.961029052734377,14.360443115234377,15.658294677734377,10.747161865234377
2022-08-07,14.261138916015623,11.329498291015623,11.103912353515623,11.844146728515623,14.526763916015623,11.292388916015623
2022-08-08,13.127685546875,13.136474609375,11.281005859375,13.131591796875,13.492919921875,9.748779296875
2022-08-09,12.74456787109375,11.81976318359375,11.18597412109375,12.07562255859375,12.40570068359375,9.44866943359375
2022-08-10,12.632171630859377,11.588226318359377,9.405609130859377,10.988616943359377,12.462249755859377,9.887054443359377
2022-08-11,12.49945068359375,13.54046630859375,11.72015380859375,12.10882568359375,14.12738037109375,10.50238037109375
2022-08-12,14.373504638671877,14.676239013671877,12.124481201171877,13.876434326171877,14.180145263671877,11.192840576171877
2022-08-13,15.24188232421875,15.14617919921875,13.86688232421875,15.92059326171875,15.04266357421875,11.64031982421875
2022-08-14,16.209930419921875,18.716766357421875,15.746063232421877,15.555633544921877,18.261688232421875,14.692352294921877
2022-08-15,16.844146728515625,16.673248291015625,14.458404541015623,16.874420166015625,16.698638916015625,14.833404541015623
2022-08-16,13.891387939453123,13.436309814453123,12.584747314453123,13.932403564453123,16.402130126953125,13.577911376953123
2022-08-17,15.607757568359377,14.188812255859377,13.492523193359377,14.337249755859377,13.827484130859377,10.530609130859377
2022-08-18,14.68157958984375,13.55853271484375,13.62396240234375,14.73431396484375,14.56536865234375,11.38275146484375
2022-08-19,15.39837646484375,14.03411865234375,13.57904052734375,14.49310302734375,14.68646240234375,12.32904052734375
2022-08-20,16.414398193359375,15.167327880859377,13.906585693359377,15.040374755859377,15.459320068359377,12.377288818359377
2022-08-21,15.755889892578123,14.978546142578123,14.507843017578123,14.585968017578123,16.533233642578125,11.846710205078123
2022-08-22,14.6158447265625,14.2056884765625,12.6685791015625,13.4810791015625,14.9791259765625,11.3668212890625
2022-08-23,12.527252197265623,13.518463134765623,10.910064697265623,12.142486572265623,14.643463134765623,9.951080322265623
2022-08-24,13.196807861328123,13.782745361328123,10.416534423828123,12.118682861328123,12.995635986328123,10.285675048828123
2022-08-25,13.585235595703123,13.299102783203123,12.093048095703123,13.189727783203123,13.878204345703123,10.201446533203123
2022-08-26,14.278564453125,14.293212890625,13.064697265625,14.921142578125,14.108642578125,11.200439453125
2022-08-27,12.66741943359375,11.13128662109375,10.80413818359375,11.94964599609375,13.18988037109375,10.07464599609375
2022-08-28,12.723175048828123,11.164581298828123,11.807159423828123,12.383331298828123,15.102081298828123,11.608917236328123
2022-08-29,13.6947021484375,13.1019287109375,12.0794677734375,11.4027099609375,13.9534912109375,10.8265380859375
2022-08-30,12.17999267578125,13.07550048828125,10.98858642578125,11.91632080078125,13.28448486328125,9.52764892578125
2022-08-31,12.713470458984377,13.143157958984377,10.623626708984377,12.206634521484377,14.501556396484377,10.334564208984377
2022-09-01,11.267059326171877,10.576629638671877,10.480926513671877,10.793426513671877,12.303192138671877,10.837371826171877
2022-09-02,11.647186279296877,11.114959716796877,10.307342529296877,11.495819091796877,11.948944091796877,8.162811279296875
2022-09-03,11.720672607421877,11.928680419921877,10.085906982421877,10.699188232421877,12.964813232421877,10.847625732421877
2022-09-04,12.805816650390623,15.791168212890623,12.598785400390623,11.872222900390623,15.539215087890623,11.316558837890623
2022-09-05,12.8916015625,13.5634765625,13.759765625,13.220703125,16.78515625,13.8837890625
2022-09-06,11.4251708984375,12.6058349609375,10.8138427734375,11.3978271484375,13.5198974609375,10.0169677734375
2022-09-07,10.99078369140625,9.51812744140625,9.60015869140625,10.65679931640625,10.33355712890625,7.99468994140625
2022-09-08,9.429931640625,8.861572265625,7.467041015625,8.190673828125,9.460205078125,7.699462890625
2022-09-09,6.901092529296875,7.024139404296875,5.332733154296875,7.361053466796875,7.530975341796875,4.286834716796875
2022-09-10,11.349029541015623,13.378326416015623,11.176177978515623,11.276763916015623,12.619537353515623,11.265045166015623
2022-09-11,12.41253662109375,14.77679443359375,11.96234130859375,12.00628662109375,14.33734130859375,12.06976318359375
2022-09-12,14.575836181640623,16.633453369140625,15.648101806640623,15.313140869140623,16.497711181640625,13.953765869140623
2022-09-13,8.226043701171875,8.220184326171875,11.507293701171877,13.318817138671877,13.763153076171877,10.665496826171877
2022-09-14,3.299224853515625,4.959381103515625,2.946685791015625,2.306060791015625,8.058990478515625,2.426177978515625
2022-09-15,4.973236083984375,5.340423583984375,4.410736083984375,4.650970458984375,6.689056396484375,2.858001708984375
2022-09-16,8.01202392578125,6.17999267578125,7.13018798828125,8.15069580078125,8.58135986328125,7.10284423828125
2022-09-17,4.695159912109375,4.485198974609375,3.167816162109375,4.349456787109375,4.591644287109375,1.218597412109375
2022-09-18,2.417999267578125,2.255889892578125,0.492218017578125,1.770538330078125,3.504913330078125,0.654327392578125
2022-09-19,1.32037353515625,1.53033447265625,0.69049072265625,-0.26165771484375,3.19049072265625,1.11529541015625
2022-09-20,2.695220947265625,3.423736572265625,2.237213134765625,2.970611572265625,3.958892822265625,0.849517822265625
2022-09-21,6.5399169921875,8.5418701171875,8.0340576171875,5.7821044921875,9.8582763671875,5.4715576171875
2022-09-22,12.07080078125,12.38232421875,10.61962890625,11.84814453125,11.97216796875,9.35302734375
2022-09-23,8.077117919921875,8.838836669921875,8.892547607421875,8.440399169921875,10.349578857421877,7.958953857421875
2022-09-24,6.3636474609375,7.4798583984375,8.1790771484375,7.2620849609375,10.9359130859375,7.6868896484375
2022-09-25,10.040313720703123,11.486602783203123,10.536407470703123,11.106719970703123,12.242462158203123,9.305938720703123
2022-09-26,13.401336669921877,12.813446044921877,12.233367919921877,11.536102294921877,13.780242919921877,11.127899169921877
2022-09-27,9.78802490234375,10.54779052734375,10.12005615234375,9.07806396484375,11.54095458984375,8.06048583984375
2022-09-28,11.58837890625,10.49658203125,7.20947265625,8.56689453125,7.74169921875,5.64404296875
2022-09-29,7.5927734375,7.193359375,5.8544921875,7.4921875,8.4345703125,5.4599609375
2022-09-30,4.503509521484375,3.580657958984375,1.991790771484375,3.606048583984375,5.149017333984375,2.486907958984375
2022-10-01,3.217681884765625,4.714752197265625,2.565338134765625,1.541900634765625,4.604400634765625,3.468658447265625
2022-10-02,6.143218994140625,8.586578369140625,5.488922119140625,5.867828369140625,8.288726806640625,5.371734619140625
2022-10-03,7.204254150390625,7.572418212890625,6.224761962890625,4.897613525390625,7.826324462890625,8.548004150390625
2022-10-04,9.518585205078123,10.715850830078123,8.919952392578125,9.560577392578123,8.994171142578125,8.004913330078125
2022-10-05,6.170440673828125,5.561065673828125,7.368682861328125,7.786651611328125,9.764190673828123,6.567901611328125
2022-10-06,6.971923828125,8.222900390625,6.781494140625,9.283447265625,11.723876953125,9.383056640625
2022-10-07,10.773345947265623,10.428619384765623,9.501861572265623,10.317291259765623,12.172760009765623,8.800689697265625
2022-10-08,8.462310791015625,7.448638916015625,6.885162353515625,7.021881103515625,8.718170166015625,8.442779541015625
2022-10-09,4.60955810546875,7.34002685546875,3.94744873046875,3.47186279296875,5.37420654296875,2.88201904296875
2022-10-10,7.24481201171875,6.91571044921875,4.27899169921875,6.19696044921875,6.28680419921875,4.87664794921875
2022-10-11,5.018829345703125,5.431915283203125,4.438751220703125,3.388946533203125,5.978790283203125,4.548126220703125
2022-10-12,6.22564697265625,6.68365478515625,6.74908447265625,6.02740478515625,7.48150634765625,9.14752197265625
2022-10-13,5.994873046875,5.651123046875,4.574951171875,2.150146484375,6.066162109375,7.715576171875
2022-10-14,5.82720947265625,7.46685791015625,5.03228759765625,6.17779541015625,6.19732666015625,4.78717041015625
2022-10-15,8.2264404296875,7.3162841796875,6.7801513671875,8.0799560546875,9.0848388671875,7.3201904296875
2022-10-16,2.8282470703125,1.1143798828125,0.7930908203125,2.6085205078125,2.5001220703125,-1.1307373046875
2022-10-17,4.699432373046875,7.072479248046875,4.275604248046875,3.102752685546875,6.955291748046875,4.088104248046875
2022-10-18,6.1055908203125,7.4698486328125,5.7296142578125,5.8243408203125,6.9854736328125,5.4063720703125
2022-10-19,5.750091552734375,7.495208740234375,5.051849365234375,6.434661865234375,7.432708740234375,4.622161865234375
2022-10-20,6.159027099609375,11.319183349609377,7.326019287109375,6.807464599609375,11.694183349609377,7.160980224609375
2022-10-21,7.2750244140625,7.5845947265625,7.4576416015625,6.9312744140625,9.9732666015625,11.2799072265625
2022-10-22,5.77032470703125,6.06231689453125,5.56329345703125,5.94805908203125,7.10528564453125,4.07598876953125
2022-10-23,6.211517333984375,7.537689208984375,5.317962646484375,5.554290771484375,7.800384521484375,6.562103271484375
2022-10-24,4.097625732421875,4.308563232421875,5.383758544921875,3.046844482421875,5.547821044921875,3.892547607421875
2022-10-25,4.569061279296875,5.892303466796875,4.347381591796875,4.560272216796875,7.134490966796875,3.019256591796875
2022-10-26,6.94549560546875,8.50604248046875,4.81561279296875,6.56463623046875,8.52459716796875,4.16326904296875
2022-10-27,6.731781005859375,7.249359130859375,7.222991943359375,6.197601318359375,7.425140380859375,5.670257568359375
2022-10-28,4.751007080078125,8.696319580078125,5.170928955078125,5.751983642578125,8.885772705078125,5.021514892578125
2022-10-29,8.138824462890625,8.190582275390625,5.454254150390625,6.415191650390625,8.363433837890625,6.859527587890625
2022-10-30,4.3250732421875,6.9881591796875,4.3358154296875,3.1600341796875,7.6951904296875,3.8602294921875
2022-10-31,8.714263916015625,8.972076416015625,7.649810791015625,9.293365478515623,9.771881103515623,6.701568603515625
2022-11-01,5.27728271484375,6.80755615234375,5.34759521484375,6.24993896484375,9.30853271484375,5.42962646484375
2022-11-02,8.39892578125,7.71240234375,6.17529296875,7.56982421875,7.68212890625,5.37841796875
2022-11-03,5.599395751953125,6.174591064453125,5.261505126953125,6.137481689453125,6.716583251953125,4.412872314453125
2022-11-04,1.805084228515625,3.774810791015625,1.046295166015625,2.357818603515625,3.587310791015625,0.894927978515625
2022-11-05,2.118927001953125,4.936309814453125,1.131622314453125,3.172637939453125,3.063262939453125,1.520294189453125
2022-11-06,4.24224853515625,5.61041259765625,3.88092041015625,3.97174072265625,3.58892822265625,6.43072509765625
2022-11-07,3.665618896484375,2.414642333984375,1.139251708984375,2.099212646484375,4.246673583984375,0.964447021484375
2022-11-08,3.15673828125,3.05615234375,0.42333984375,0.12646484375,1.58544921875,-1.38427734375
2022-11-09,2.144561767578125,3.705108642578125,3.167999267578125,3.023468017578125,3.677764892578125,2.983428955078125
2022-11-10,3.162506103515625,2.058013916015625,3.243560791015625,1.703521728515625,5.017974853515625,0.988677978515625
2022-11-11,3.072113037109375,5.053558349609375,5.445159912109375,3.845550537109375,7.787933349609375,4.951019287109375
2022-11-12,3.211700439453125,4.142364501953125,3.763458251953125,2.306427001953125,4.614044189453125,0.560333251953125
2022-11-13,6.224578857421875,5.289031982421875,6.547821044921875,6.771453857421875,7.286102294921875,4.842742919921875
2022-11-14,6.370758056640625,6.993804931640625,5.897125244140625,6.006500244140625,8.336578369140625,5.069976806640625
2022-11-15,2.676177978515625,1.300201416015625,2.491607666015625,3.622467041015625,8.542388916015625,5.399810791015625
2022-11-16,5.911712646484375,5.810150146484375,5.060150146484375,5.305267333984375,6.970306396484375,4.838470458984375
2022-11-17,-1.180511474609375,-1.451995849609375,-1.288909912109375,-1.392425537109375,1.288238525390625,-1.296722412109375
2022-11-18,8.447601318359375,7.347015380859375,6.150726318359375,7.506195068359375,6.745452880859375,3.877288818359375
2022-11-19,3.361602783203125,2.964141845703125,3.188751220703125,2.586212158203125,4.790313720703125,2.389923095703125
2022-11-20,-1.52679443359375,-0.83929443359375,-4.34222412109375,-2.43695068359375,-1.79730224609375,-9.29046630859375
2022-11-21,-3.449981689453125,-1.965606689453125,-4.210723876953125,-4.153106689453125,-0.918731689453125,-5.669708251953125
2022-11-22,0.106842041015625,-0.844329833984375,-1.243743896484375,-0.122650146484375,2.364654541015625,-1.377532958984375
2022-11-23,-1.29449462890625,-2.51617431640625,-3.06304931640625,-1.95465087890625,1.27288818359375,-3.39508056640625
2022-11-24,-0.403045654296875,-1.262420654296875,-4.285858154296875,-1.211639404296875,-0.202850341796875,-2.429412841796875
2022-11-25,1.34149169921875,0.84344482421875,-0.60870361328125,1.31121826171875,3.86395263671875,-0.76495361328125
2022-11-26,1.843841552734375,0.944427490234375,-0.071197509765625,1.820404052734375,4.227630615234375,0.650482177734375
2022-11-27,0.096282958984375,-0.357818603515625,0.011322021484375,1.262298583984375,3.988861083984375,-0.113677978515625
2022-11-28,1.174102783203125,1.274688720703125,1.099884033203125,0.311798095703125,4.194610595703125,0.839141845703125
2022-11-29,0.960968017578125,1.067413330078125,-0.838836669921875,0.147491455078125,4.524444580078125,0.910186767578125
2022-11-30,2.800262451171875,3.378387451171875,3.069793701171875,3.392059326171875,7.644012451171875,1.684051513671875
2022-12-01,2.67236328125,4.29931640625,3.87939453125,2.33935546875,6.36865234375,2.35986328125
2022-12-02,3.5987548828125,4.3741455078125,3.7891845703125,4.6456298828125,6.2667236328125,2.3165283203125
2022-12-03,1.476287841796875,2.616912841796875,2.723358154296875,1.047576904296875,5.617889404296875,1.828826904296875
2022-12-04,2.325164794921875,4.351531982421875,4.059539794921875,2.188446044921875,5.751922607421875,3.073211669921875
2022-12-05,9.234893798828123,10.041534423828123,7.561065673828125,8.543487548828125,8.340362548828125,5.318878173828125
2022-12-06,6.818145751953125,6.924591064453125,6.787872314453125,7.018341064453125,8.793731689453125,4.788848876953125
2022-12-07,-1.688018798828125,-1.522979736328125,0.539520263671875,0.739715576171875,1.992645263671875,-0.699737548828125
2022-12-08,-4.088897705078125,-6.177764892578125,-7.454132080078125,-6.840850830078125,1.169891357421875,-3.744171142578125
2022-12-09,-10.0137939453125,-6.6925048828125,-11.4678955078125,-9.3682861328125,-5.2677001953125,-12.5108642578125
2022-12-10,2.191558837890625,2.788238525390625,2.993316650390625,1.713043212890625,7.844879150390625,2.339019775390625
2022-12-11,7.565948486328125,7.730987548828125,8.872589111328125,8.790557861328125,9.941925048828123,5.876495361328125
2022-12-12,5.907684326171875,5.710418701171875,5.930145263671875,5.269989013671875,7.464324951171875,2.905731201171875
2022-12-13,-0.113372802734375,-2.086029052734375,-0.620208740234375,0.857330322265625,4.235260009765625,0.694244384765625
2022-12-14,-1.870208740234375,-2.512786865234375,-2.664154052734375,-1.398529052734375,0.648345947265625,-3.160247802734375
2022-12-15,-3.370819091796875,-3.545623779296875,-2.242889404296875,-4.848358154296875,-2.901092529296875,-1.644256591796875
2022-12-16,-3.612762451171875,-1.513153076171875,-1.905731201171875,-4.735809326171875,-0.293426513671875,-4.945770263671875
2022-12-17,-0.027618408203125,1.589569091796875,-0.070587158203125,-0.294219970703125,-0.705352783203125,1.530975341796875
2022-12-18,1.39715576171875,1.52215576171875,0.49871826171875,1.15789794921875,1.74676513671875,-0.28057861328125
2022-12-19,0.475250244140625,1.923492431640625,2.442047119140625,0.609039306640625,4.616851806640625,0.697906494140625
2022-12-20,2.466094970703125,4.011016845703125,1.921173095703125,1.433868408203125,2.902618408203125,0.056915283203125
2022-12-21,-2.0506591796875,0.4171142578125,-1.1903076171875,-1.2313232421875,2.4024658203125,-1.8504638671875
2022-12-22,-0.470458984375,1.927978515625,1.427001953125,-0.025146484375,1.601806640625,-0.238037109375
2022-12-23,-0.2623291015625,-1.6666259765625,-0.9820556640625,0.0892333984375,2.2161865234375,-0.2291259765625
2022-12-24,2.747039794921875,4.066375732421875,3.010711669921875,1.746063232421875,4.790008544921875,2.289031982421875
2022-12-25,1.74176025390625,4.13238525390625,3.87066650390625,1.66656494140625,5.86578369140625,2.64117431640625
2022-12-26,0.266571044921875,3.105438232421875,3.804656982421875,1.155242919921875,5.649383544921875,1.129852294921875
2022-12-27,-1.729278564453125,1.331268310546875,-0.870880126953125,-0.330841064453125,1.448455810546875,-0.249786376953125
2022-12-28,-0.545074462890625,3.807464599609375,0.427581787109375,1.534027099609375,2.872894287109375,5.016448974609375
2022-12-29,-0.881439208984375,2.052154541015625,0.504302978515625,-0.854095458984375,1.704498291015625,-2.330657958984375
2022-12-30,0.646331787109375,2.493011474609375,-0.835113525390625,-1.177886962890625,2.262542724609375,-1.382965087890625
2022-12-31,-2.657867431640625,-0.285797119140625,-2.294586181640625,-1.696929931640625,-0.031890869140625,-3.072906494140625
2023-01-01,-2.391082763671875,0.930206298828125,-2.400848388671875,-2.578582763671875,0.568878173828125,-3.682098388671875
2023-01-02,-2.59881591796875,1.53692626953125,-1.12518310546875,-2.54998779296875,-0.35174560546875,-2.86541748046875
2023-01-03,-3.183685302734375,-1.591888427734375,-1.713958740234375,-3.436614990234375,-0.559661865234375,-5.199310302734375
2023-01-04,-1.909393310546875,1.339630126953125,-1.938690185546875,-3.809783935546875,1.257598876953125,-4.401580810546875
2023-01-05,3.47528076171875,2.64227294921875,1.52410888671875,1.57586669921875,4.55731201171875,0.38543701171875
2023-01-06,-0.085357666015625,-1.595123291015625,-2.792388916015625,-1.862701416015625,-1.609771728515625,-4.343170166015625
2023-01-07,-2.113494873046875,-1.513885498046875,-4.762908935546875,-5.274627685546875,-1.186737060546875,-5.654510498046875
2023-01-08,-9.572296142578123,-7.464874267578125,-9.047882080078123,-6.430694580078125,-3.419952392578125,-7.145538330078125
2023-01-09,-6.125640869140625,-0.965484619140625,-5.448883056640625,-2.561187744140625,-0.327789306640625,-2.803375244140625
2023-01-10,-5.240142822265625,-4.834869384765625,-7.519439697265625,-6.420806884765625,-3.425689697265625,-7.252838134765625
2023-01-11,-0.9381103515625,0.1663818359375,-1.0709228515625,-1.4488525390625,0.6351318359375,-2.7037353515625
2023-01-12,0.341827392578125,1.635772705078125,0.876983642578125,1.652374267578125,4.019561767578125,1.028350830078125
2023-01-13,6.558868408203125,4.110626220703125,4.384063720703125,3.148712158203125,6.039337158203125,2.211212158203125
2023-01-14,3.8115234375,5.642578125,2.5185546875,4.9072265625,3.3095703125,-0.244140625
2023-01-15,1.464141845703125,1.543243408203125,0.054962158203125,0.749298095703125,2.485626220703125,0.118438720703125
2023-01-16,-3.682708740234375,-4.610443115234375,-5.095794677734375,-4.096771240234375,-1.190521240234375,-4.046966552734375
2023-01-17,-3.610748291015625,-4.375396728515625,-5.788482666015625,-4.234771728515625,-1.077545166015625,-4.057037353515625
2023-01-18,-4.013946533203125,-4.839141845703125,-4.864532470703125,-3.204376220703125,-0.348907470703125,-4.198516845703125
2023-01-19,-2.197174072265625,-0.483306884765625,-2.127838134765625,-2.484283447265625,-1.606353759765625,-5.496978759765625
2023-01-20,-1.21221923828125,-2.62725830078125,-2.92803955078125,-1.50030517578125,-0.83624267578125,-3.52276611328125
2023-01-21,-1.386383056640625,-3.041656494140625,-3.383453369140625,-2.057281494140625,-3.790679931640625,-4.721343994140625
2023-01-22,-4.327423095703125,-5.601837158203125,-4.430938720703125,-4.053985595703125,0.439178466796875,-4.193634033203125
2023-01-23,-4.331085205078125,-5.749053955078125,-7.299835205078125,-6.030303955078125,-4.350616455078125,-7.645538330078125
2023-01-24,-5.027862548828125,-6.297393798828125,-6.974151611328125,-5.961456298828125,-5.691925048828125,-8.430206298828125
2023-01-25,-4.487274169921875,-6.049774169921875,-7.759735107421875,-5.789031982421875,-7.138641357421875,-7.200164794921875
2023-01-26,-7.205413818359375,-4.949554443359375,-6.278656005859375,-6.726898193359375,-3.210296630859375,-7.638031005859375
2023-01-27,-12.177764892578123,-10.106475830078123,-10.209014892578123,-10.507843017578123,-8.204132080078125,-10.944366455078123
2023-01-28,-8.972686767578125,-5.988311767578125,-5.249053955078125,-6.871124267578125,-3.224639892578125,-7.386749267578125
2023-01-29,-4.295806884765625,-6.711822509765625,-7.083892822265625,-5.421783447265625,-5.036041259765625,-8.308502197265625
2023-01-30,-10.394195556640623,-10.236968994140623,-11.926422119140623,-9.658843994140623,-8.854156494140625,-10.614898681640623
2023-01-31,-2.008026123046875,-3.652557373046875,-4.457244873046875,-3.003143310546875,-1.950408935546875,-5.126190185546875
2023-02-01,-15.373382568359377,-15.965179443359377,-14.198577880859377,-12.798187255859377,-13.073577880859377,-17.372406005859375
2023-02-02,-11.719390869140623,-12.781890869140623,-14.143218994140623,-12.930328369140623,-12.713531494140623,-18.84144592285156
2023-02-03,-12.140533447265623,-13.247955322265623,-13.636627197265623,-15.356353759765623,-11.260650634765623,-16.889556884765625
2023-02-04,-19.385726928710938,-18.503890991210938,-13.820281982421877,-18.273422241210938,-10.953094482421877,-11.845672607421877
2023-02-05,-16.386749267578125,-14.113311767578123,-10.493194580078123,-13.354522705078123,-9.150421142578123,-8.132843017578125
2023-02-06,-13.092437744140623,-11.059234619140623,-13.117828369140623,-11.498687744140623,-7.723297119140625,-12.992828369140623
2023-02-07,-9.31317138671875,-7.38739013671875,-10.68328857421875,-7.54852294921875,-6.32000732421875,-12.39617919921875
2023-02-08,-1.98876953125,-3.27197265625,-4.36669921875,-2.88818359375,-1.55517578125,-5.92626953125
2023-02-09,-8.271575927734375,-6.859466552734375,-6.402435302734375,-5.997161865234375,-5.638763427734375,-6.736419677734375
2023-02-10,-1.840301513671875,-1.762176513671875,-6.102996826171875,-3.264129638671875,-3.170379638671875,-7.538543701171875
2023-02-11,-9.521575927734377,-6.691497802734375,-6.818450927734375,-4.248138427734375,-5.245208740234375,-6.283294677734375
2023-02-12,-8.332305908203125,-5.995391845703125,-5.333282470703125,-5.303009033203125,-2.868438720703125,-4.851837158203125
2023-02-13,-3.648773193359375,-1.753265380859375,0.159820556640625,-1.036468505859375,2.336578369140625,-1.047210693359375
2023-02-14,-3.20709228515625,-1.62701416015625,0.24017333984375,-1.96295166015625,1.95599365234375,-0.73248291015625
2023-02-15,0.755706787109375,1.272308349609375,-1.041168212890625,-1.093902587890625,1.774261474609375,-0.726715087890625
2023-02-16,-0.298675537109375,-0.592620849609375,1.543121337890625,1.688629150390625,4.003082275390625,0.700347900390625
2023-02-17,-3.432952880859375,-0.310882568359375,-2.166351318359375,-1.150726318359375,0.558258056640625,-1.002288818359375
2023-02-18,-2.81915283203125,0.76678466796875,-1.02032470703125,-1.17559814453125,1.22479248046875,0.26287841796875
2023-02-19,-1.259307861328125,0.972137451171875,0.032684326171875,0.132293701171875,2.283660888671875,-2.112823486328125
2023-02-20,-1.556182861328125,1.832489013671875,1.241668701171875,-0.361846923828125,5.021942138671875,0.068817138671875
2023-02-21,2.329071044921875,1.471649169921875,2.167938232421875,2.227508544921875,3.721649169921875,0.647430419921875
2023-02-22,-4.456024169921875,-4.895477294921875,-5.879852294921875,-5.553680419921875,3.233428955078125,0.410186767578125
2023-02-23,-3.042877197265625,-3.888580322265625,-1.496002197265625,-0.697174072265625,3.501068115234375,-0.797760009765625
2023-02-24,-1.664947509765625,-2.662017822265625,-2.008697509765625,-1.558502197265625,3.075286865234375,-1.427642822265625
2023-02-25,-0.965057373046875,-1.420135498046875,-0.897674560546875,0.744903564453125,0.544708251953125,-0.540252685546875
2023-02-26,0.568756103515625,-0.054290771484375,0.124420166015625,1.475982666015625,2.375396728515625,-0.068939208984375
2023-02-27,0.13897705078125,-0.59442138671875,-2.45477294921875,-0.68817138671875,2.51300048828125,-0.91864013671875
2023-02-28,-8.621978759765625,-5.472564697265625,-4.321197509765625,-1.952056884765625,1.167083740234375,-1.043853759765625
2023-03-01,-6.298614501953125,-4.312286376953125,-0.593536376953125,-1.033966064453125,1.357635498046875,-2.001739501953125
2023-03-02,-1.594757080078125,0.261688232421875,-0.300811767578125,-0.380889892578125,1.105438232421875,-1.686553955078125
2023-03-03,-0.10931396484375,0.98834228515625,1.57135009765625,1.41217041015625,2.88970947265625,0.12799072265625
2023-03-04,2.443267822265625,3.936431884765625,2.206939697265625,3.682525634765625,4.504791259765625,1.135650634765625
2023-03-05,4.192596435546875,4.889862060546875,2.269744873046875,4.273651123046875,6.191619873046875,2.196502685546875
2023-03-06,4.631805419921875,4.289031982421875,2.320281982421875,4.033172607421875,6.422821044921875,1.853485107421875
2023-03-07,1.872528076171875,-0.972198486328125,1.772918701171875,3.858856201171875,5.555145263671875,0.726043701171875
2023-03-08,-4.112701416015625,-6.247467041015625,-6.072662353515625,-4.425201416015625,-2.419342041015625,-4.875396728515625
2023-03-09,-1.918670654296875,2.121368408203125,-0.934295654296875,-2.258514404296875,0.947540283203125,-1.052459716796875
2023-03-10,2.863189697265625,3.692291259765625,1.576080322265625,1.500885009765625,5.046783447265625,0.742095947265625
2023-03-11,-2.442291259765625,-3.806549072265625,-5.058502197265625,-3.701080322265625,-1.564361572265625,-5.167877197265625
2023-03-12,-4.074310302734375,-6.143646240234375,-6.408294677734375,-6.021575927734375,-3.498138427734375,-9.039154052734377
2023-03-13,-9.938934326171877,-6.241668701171875,-5.104949951171875,-4.697723388671875,-2.755340576171875,-6.978973388671875
2023-03-14,-3.605224609375,-2.090576171875,-6.871826171875,-3.996826171875,-1.274169921875,-4.155029296875
2023-03-15,1.295806884765625,2.500885009765625,-0.442474365234375,0.399322509765625,1.867095947265625,-0.150482177734375
2023-03-16,3.933746337890625,4.242340087890625,-0.414886474609375,3.350738525390625,3.042144775390625,1.135894775390625
2023-03-17,2.330535888671875,3.890106201171875,1.135223388671875,0.620574951171875,3.214324951171875,1.901824951171875
2023-03-18,1.4375,4.796875,0.4697265625,1.2333984375,2.111328125,-0.4267578125
2023-03-19,1.224151611328125,3.420440673828125,0.368682861328125,0.659698486328125,2.308135986328125,-0.723114013671875
2023-03-20,1.678741455078125,3.477569580078125,3.335968017578125,3.630889892578125,5.355499267578125,0.764678955078125
2023-03-21,1.373870849609375,2.279144287109375,1.704925537109375,1.476409912109375,1.570159912109375,-1.380035400390625
2023-03-22,2.45611572265625,4.14361572265625,2.48150634765625,1.76177978515625,4.65435791015625,-0.05853271484375
2023-03-23,-2.275604248046875,-3.042205810546875,-4.398651123046875,-2.788299560546875,-0.580291748046875,-4.118377685546875
2023-03-24,-4.058013916015625,-5.775787353515625,-7.617584228515625,-6.508209228515625,-6.788482666015625,-11.251373291015623
2023-03-25,-3.572601318359375,-1.896820068359375,-4.703460693359375,-3.755218505859375,-0.991546630859375,-6.559906005859375
2023-03-26,0.049713134765625,0.952056884765625,1.077056884765625,0.548736572265625,2.122955322265625,-1.421966552734375
2023-03-27,7.34625244140625,5.93707275390625,4.95562744140625,5.85992431640625,6.04937744140625,2.49761962890625
2023-03-28,1.797515869140625,2.462554931640625,0.939117431640625,0.852203369140625,3.983062744140625,-0.003265380859375
2023-03-29,2.927093505859375,1.311859130859375,1.420257568359375,3.063812255859375,0.709320068359375,-1.451812744140625
2023-03-30,-3.51861572265625,-5.41412353515625,-6.64361572265625,-5.72955322265625,-3.43658447265625,-6.62213134765625
2023-03-31,-4.87872314453125,-5.95098876953125,-6.66485595703125,-5.26348876953125,-2.89434814453125,-7.51055908203125
2023-04-01,-4.906768798828125,-6.537628173828125,-5.994659423828125,-4.644073486328125,-1.514190673828125,-4.763214111328125
2023-04-02,-9.078033447265623,-7.841705322265625,-13.722564697265623,-9.222564697265623,-4.837799072265625,-5.404205322265625
2023-04-03,-4.254669189453125,-1.035919189453125,-4.423614501953125,-2.558380126953125,-2.515411376953125,-2.044708251953125
2023-04-04,-5.534088134765625,-3.994049072265625,-8.155181884765625,-8.005767822265625,-4.878814697265625,-7.882720947265625
2023-04-05,0.009552001953125,-0.975799560546875,-1.206268310546875,-0.337127685546875,1.511505126953125,-1.120330810546875
2023-04-06,2.52569580078125,0.65850830078125,-2.13153076171875,0.87530517578125,-0.62664794921875,-1.66668701171875
2023-04-07,3.598114013671875,1.678192138671875,0.468231201171875,2.215301513671875,2.564910888671875,-0.879425048828125
2023-04-08,1.046905517578125,3.356475830078125,1.454132080078125,0.989288330078125,4.454132080078125,0.138702392578125
2023-04-09,6.950347900390625,7.787261962890625,4.470855712890625,3.721832275390625,6.572418212890625,1.001129150390625
2023-04-10,3.478607177734375,2.005950927734375,1.134857177734375,1.528411865234375,2.487396240234375,-0.412994384765625
2023-04-11,-1.072601318359375,0.715484619140625,-1.218109130859375,-1.652679443359375,-0.264984130859375,-3.917327880859375
2023-04-12,5.35430908203125,4.52325439453125,3.19024658203125,4.54962158203125,4.33868408203125,0.28887939453125
2023-04-13,5.756683349609375,4.842620849609375,3.765472412109375,4.893402099609375,4.086761474609375,1.797698974609375
2023-04-14,6.029632568359375,5.394866943359375,2.814788818359375,4.033538818359375,5.599945068359375,1.945648193359375
2023-04-15,6.079559326171875,5.501434326171875,4.077606201171875,5.585418701171875,3.646942138671875,1.169403076171875
2023-04-16,5.560516357421875,2.968719482421875,3.572235107421875,4.228485107421875,2.450164794921875,-0.759796142578125
2023-04-17,3.504119873046875,3.048065185546875,2.883026123046875,3.819549560546875,2.797088623046875,0.066619873046875
2023-04-18,1.921356201171875,1.467254638671875,1.741668701171875,2.238739013671875,2.108856201171875,-0.091339111328125
2023-04-19,4.205352783203125,4.801055908203125,3.227813720703125,2.920196533203125,5.059844970703125,0.680938720703125
2023-04-20,7.277496337890625,6.016754150390625,5.122222900390625,6.439605712890625,6.781402587890625,2.379058837890625
2023-04-21,4.958099365234375,3.814544677734375,4.137786865234375,4.877044677734375,6.752044677734375,1.784271240234375
2023-04-22,4.152191162109375,2.859222412109375,0.194183349609375,2.493011474609375,2.086761474609375,0.489105224609375
2023-04-23,0.285125732421875,-0.825225830078125,-0.620147705078125,-0.227569580078125,0.863250732421875,-3.910186767578125
2023-04-24,5.053955078125,6.779541015625,1.820556640625,3.576416015625,4.238525390625,0.217041015625
2023-04-25,4.129791259765625,4.380767822265625,1.051666259765625,3.755767822265625,2.130767822265625,-0.728607177734375
2023-04-26,3.619873046875,3.855224609375,4.846435546875,3.406982421875,3.616943359375,3.792724609375
2023-04-27,6.267822265625,6.790283203125,6.179931640625,6.260009765625,8.572509765625,5.085205078125
2023-04-28,6.919891357421875,5.717742919921875,5.531219482421875,5.593719482421875,7.965789794921875,2.282196044921875
2023-04-29,8.17510986328125,7.23468017578125,5.43389892578125,7.25128173828125,5.51104736328125,4.21807861328125
2023-04-30,4.556976318359375,4.245452880859375,3.787445068359375,5.209320068359375,5.985687255859375,4.478851318359375
2023-05-01,5.725067138671875,5.638153076171875,5.349090576171875,6.077606201171875,5.601043701171875,0.036590576171875
2023-05-02,9.73004150390625,8.71636962890625,5.22222900390625,6.72711181640625,6.64410400390625,1.03472900390625
2023-05-03,7.62481689453125,7.18341064453125,4.90020751953125,6.68145751953125,7.82305908203125,2.26934814453125
2023-05-04,8.818023681640625,8.691070556640625,8.070953369140625,9.169586181640623,9.913726806640623,3.969390869140625
2023-05-05,9.35784912109375,8.62152099609375,7.46820068359375,8.41839599609375,7.99066162109375,3.54339599609375
2023-05-06,9.549774169921877,8.070281982421875,7.711883544921875,9.138641357421877,9.933563232421877,5.635711669921875
2023-05-07,7.08306884765625,6.50689697265625,6.70025634765625,7.66998291015625,9.11431884765625,4.90728759765625
2023-05-08,5.7247314453125,6.2950439453125,5.2149658203125,5.5108642578125,8.2862548828125,3.0167236328125
2023-05-09,10.2481689453125,8.8243408203125,8.4034423828125,9.0479736328125,10.8751220703125,6.4630126953125
2023-05-10,12.787750244140623,11.873687744140623,9.610992431640623,11.952789306640623,11.143218994140623,8.812164306640625
2023-05-11,11.255096435546877,10.871307373046877,8.575408935546875,10.141815185546877,12.210174560546877,8.935760498046875
2023-05-12,9.6719970703125,8.6290283203125,7.4376220703125,7.5655517578125,8.8565673828125,5.6085205078125
2023-05-13,6.123046875,6.455078125,5.3916015625,5.326171875,7.7578125,4.09375
2023-05-14,8.601165771484375,7.323822021484375,6.337493896484375,7.286712646484375,8.137298583984375,5.824798583984375
2023-05-15,6.53302001953125,7.32208251953125,6.82012939453125,5.80743408203125,7.69415283203125,7.41094970703125
2023-05-16,8.568206787109375,8.914886474609375,8.382659912109375,7.670745849609375,8.937347412109375,9.126800537109377
2023-05-17,9.10614013671875,9.04656982421875,6.36981201171875,6.80926513671875,9.54364013671875,6.01239013671875
2023-05-18,7.08734130859375,7.44281005859375,5.89984130859375,6.98675537109375,8.23773193359375,7.54241943359375
2023-05-19,7.504150390625,7.177978515625,7.659423828125,7.567626953125,8.314697265625,4.891845703125
2023-05-20,8.746551513671875,8.900848388671875,6.082489013671875,8.458465576171875,7.908660888671875,4.916473388671875
2023-05-21,12.31402587890625,11.56597900390625,10.40777587890625,11.30133056640625,10.90386962890625,8.23980712890625
2023-05-22,11.536712646484377,10.778900146484377,9.519134521484377,10.399017333984377,10.814056396484377,7.763275146484375
2023-05-23,10.531585693359377,8.358734130859375,8.638031005859375,9.196624755859377,12.487640380859377,7.600921630859375
2023-05-24,9.887176513671877,8.852996826171875,7.818817138671875,8.374481201171875,10.173309326171877,8.396942138671875
2023-05-25,11.410919189453123,9.455841064453123,7.320098876953125,7.827911376953125,9.865020751953123,8.680450439453125
2023-05-26,12.454925537109377,11.187347412109377,10.091644287109377,11.455902099609377,10.664886474609377,7.772308349609375
2023-05-27,12.467620849609377,11.691253662109377,10.463714599609377,11.522308349609377,11.797698974609377,8.530120849609375
2023-05-28,9.80145263671875,9.78094482421875,7.27899169921875,9.07684326171875,10.34442138671875,9.02899169921875
2023-05-29,11.54754638671875,10.68621826171875,8.98602294921875,9.66571044921875,10.97625732421875,7.56805419921875
2023-05-30,10.5948486328125,10.3223876953125,7.5440673828125,9.9073486328125,11.5391845703125,9.2637939453125
2023-05-31,10.439239501953123,10.525177001953123,8.510528564453125,8.885528564453125,11.002716064453123,7.321075439453125
2023-06-01,10.642333984375,11.500732421875,8.738037109375,10.454833984375,12.021240234375,9.242919921875
2023-06-02,11.4283447265625,11.1207275390625,8.8023681640625,9.4234619140625,11.9176025390625,9.7115478515625
2023-06-03,13.23541259765625,12.67291259765625,11.42095947265625,12.01763916015625,12.55279541015625,10.76080322265625
2023-06-04,12.878631591796877,11.963592529296877,10.378631591796877,11.440155029296877,11.434295654296877,9.616912841796877
2023-06-05,10.883392333984377,9.824798583984377,8.888275146484375,9.991790771484377,12.041595458984377,8.180267333984375
2023-06-06,10.837493896484377,10.883392333984377,10.323822021484377,10.716400146484377,10.868743896484377,6.947845458984375
2023-06-07,13.817413330078123,12.456085205078123,11.512725830078123,12.403350830078123,11.719757080078123,9.891632080078123
2023-06-08,10.987396240234377,8.069427490234375,6.482513427734375,7.312591552734375,9.251068115234377,6.450286865234375
2023-06-09,11.305816650390623,10.515777587890623,8.867340087890625,11.109527587890623,11.949371337890623,9.811676025390623
2023-06-10,10.869781494140623,10.527008056640623,11.919586181640623,10.430328369140623,11.435211181640623,11.093414306640623
2023-06-11,12.756805419921877,11.633758544921877,10.555633544921877,12.308563232421877,12.002899169921877,10.904266357421877
2023-06-12,10.82623291015625,10.20025634765625,8.87701416015625,9.76080322265625,11.72076416015625,8.58892822265625
2023-06-13,11.180419921875,10.076904296875,8.490966796875,10.004638671875,10.299560546875,8.715576171875
2023-06-14,10.67352294921875,10.59735107421875,7.40106201171875,8.64910888671875,9.51043701171875,5.99578857421875
2023-06-15,10.444244384765623,11.019439697265623,9.841705322265623,11.262603759765623,11.630767822265623,8.671783447265625
2023-06-16,15.1798095703125,15.7178955078125,11.9366455078125,13.4776611328125,13.6143798828125,11.5196533203125
2023-06-17,16.065185546875,15.761474609375,14.253662109375,15.414794921875,15.379638671875,13.252685546875
2023-06-18,15.5106201171875,15.3192138671875,13.7381591796875,15.7098388671875,15.8856201171875,12.1356201171875
2023-06-19,16.612640380859375,17.046234130859375,14.397796630859377,14.513031005859377,16.358734130859375,13.607757568359377
2023-06-20,13.958984375,13.3974609375,12.6455078125,13.908203125,14.6640625,11.69140625
2023-06-21,13.254608154296877,11.915740966796877,11.989959716796877,12.569061279296877,14.849334716796877,10.150115966796877
2023-06-22,12.07421875,11.638671875,10.171875,11.9130859375,12.7646484375,8.201171875
2023-06-23,12.557159423828123,12.533721923828123,11.065948486328123,11.856964111328123,13.260284423828123,8.980010986328125
2023-06-24,11.6904296875,9.37890625,11.130859375,12.3017578125,14.8115234375,10.7255859375
2023-06-25,10.12506103515625,10.13677978515625,10.68072509765625,9.53424072265625,13.41412353515625,10.85943603515625
2023-06-26,11.8302001953125,12.4083251953125,10.2061767578125,10.5557861328125,12.9610595703125,9.1387939453125
2023-06-27,12.83489990234375,11.56634521484375,10.51556396484375,11.33782958984375,14.27044677734375,11.13958740234375
2023-06-28,12.4781494140625,12.5250244140625,11.4918212890625,12.4322509765625,12.2310791015625,8.3951416015625
2023-06-29,13.594512939453123,13.083770751953123,12.677520751953123,13.035919189453123,15.204864501953123,12.196075439453123
2023-06-30,14.952972412109377,13.835784912109377,12.466644287109377,13.302581787109377,12.815277099609377,11.103363037109377
2023-07-01,14.788665771484377,14.460540771484377,12.164642333984377,14.178314208984377,14.415618896484377,9.875579833984377
2023-07-02,14.57464599609375,14.38031005859375,13.05999755859375,14.11663818359375,13.51409912109375,10.59906005859375
2023-07-03,12.71697998046875,12.57147216796875,10.98748779296875,12.95428466796875,14.23553466796875,9.21502685546875
2023-07-04,12.064544677734377,12.509857177734377,9.904388427734377,10.685638427734377,12.276458740234377,6.045989990234375
2023-07-05,12.4617919921875,13.8524169921875,12.1942138671875,11.2264404296875,13.1522216796875,7.2889404296875
2023-07-06,14.2349853515625,16.7799072265625,14.4713134765625,15.2672119140625,14.1187744140625,11.9390869140625
2023-07-07,15.328887939453123,15.852325439453123,14.482208251953123,14.927520751953123,17.431427001953125,15.440216064453123
2023-07-08,16.38275146484375,17.58587646484375,15.57122802734375,16.65130615234375,19.67572021484375,18.39935302734375
2023-07-09,16.5009765625,17.9736328125,15.953125,16.408203125,20.609375,18.34375
2023-07-10,17.587371826171875,16.628387451171875,15.501434326171877,17.128387451171875,23.375457763671875,18.403778076171875
2023-07-11,18.614044189453125,17.941192626953125,18.079864501953125,17.792755126953125,18.493927001953125,14.157012939453123
2023-07-12,17.5189208984375,18.7952880859375,17.4788818359375,18.9193115234375,19.8314208984375,18.6585693359375
2023-07-13,20.004302978515625,20.234771728515625,20.963287353515625,19.299224853515625,19.573638916015625,16.768951416015625
2023-07-14,19.158447265625,19.478759765625,18.225830078125,18.483642578125,18.496337890625,14.335205078125
2023-07-15,17.40411376953125,19.44610595703125,16.68341064453125,17.83477783203125,21.96856689453125,19.94122314453125
2023-07-16,17.69244384765625,17.46295166015625,16.10064697265625,17.85943603515625,24.06939697265625,18.34771728515625
2023-07-17,16.93365478515625,18.61529541015625,16.49908447265625,16.83404541015625,20.30865478515625,17.47955322265625
2023-07-18,16.341461181640625,18.847320556640625,16.941070556640625,17.041656494140625,21.411773681640625,15.073883056640623
2023-07-19,16.130584716796875,16.314178466796875,13.684295654296877,15.807342529296877,21.050506591796875,15.153045654296877
2023-07-20,16.428131103515625,18.219146728515625,15.665435791015623,16.948638916015625,18.478912353515625,18.826568603515625
2023-07-21,18.05670166015625,20.68951416015625,18.99810791015625,18.97857666015625,22.22564697265625,18.73052978515625
2023-07-22,10.414154052734377,9.538177490234377,8.084075927734375,9.683685302734377,12.508880615234377,8.266693115234375
2023-07-23,9.58489990234375,9.34271240234375,8.54876708984375,8.75091552734375,10.48626708984375,4.93157958984375
2023-07-24,13.59698486328125,13.55303955078125,11.47100830078125,14.00421142578125,17.35089111328125,12.66534423828125
2023-07-25,16.045135498046875,16.410369873046875,14.393768310546877,15.613494873046877,15.737518310546877,13.353729248046877
2023-07-26,16.404571533203125,16.417266845703125,15.416290283203123,16.171173095703125,17.115509033203125,14.805938720703123
2023-07-27,14.55987548828125,14.27374267578125,13.46026611328125,13.80694580078125,15.46710205078125,11.22003173828125
2023-07-28,14.300323486328123,16.412628173828125,13.551300048828123,15.022003173828123,18.025909423828125,13.132354736328123
2023-07-29,15.462158203125,16.784423828125,14.141845703125,15.366455078125,16.508056640625,14.100830078125
2023-07-30,15.8045654296875,17.3533935546875,14.4852294921875,16.3846435546875,17.4119873046875,16.0018310546875
2023-07-31,16.546844482421875,17.562469482421875,14.491180419921877,16.005828857421875,16.623992919921875,13.133758544921877
2023-08-01,11.78753662109375,12.05999755859375,9.24554443359375,11.44281005859375,12.74163818359375,9.13031005859375
2023-08-02,12.183868408203123,12.922149658203123,10.221954345703123,11.914337158203123,13.682891845703123,10.462188720703123
2023-08-03,10.66064453125,9.53564453125,8.46435546875,10.19970703125,11.78271484375,7.80615234375
2023-08-04,8.062530517578125,8.756866455078125,6.529327392578125,7.180694580078125,9.854522705078123,4.192413330078125
2023-08-05,9.1964111328125,9.7637939453125,9.2491455078125,8.7110595703125,11.0040283203125,5.5841064453125
2023-08-06,11.58209228515625,11.91412353515625,11.33111572265625,11.43756103515625,12.03131103515625,7.88677978515625
2023-08-07,10.991485595703123,11.039337158203123,9.827423095703123,10.677032470703123,12.932891845703123,6.362579345703125
2023-08-08,10.035308837890623,10.641754150390623,9.961090087890623,9.609527587890623,12.179840087890623,6.290191650390625
2023-08-09,11.63720703125,12.17236328125,11.30615234375,11.18603515625,13.04736328125,7.73583984375
2023-08-10,13.347259521484377,13.941986083984377,13.958587646484377,13.453704833984377,14.553314208984377,9.532806396484377
2023-08-11,13.523101806640623,13.627593994140623,13.337554931640623,14.120758056640623,13.944976806640623,9.074859619140623
2023-08-12,13.521484375,13.2685546875,12.6865234375,13.380859375,14.162109375,10.0400390625
2023-08-13,15.081390380859377,14.862640380859377,13.469085693359377,14.252288818359377,16.708343505859375,10.474945068359377
2023-08-14,16.067840576171875,15.717254638671877,15.064910888671877,14.871551513671877,17.219207763671875,11.289520263671877
2023-08-15,15.865814208984377,15.906829833984377,13.594329833984377,15.190032958984377,17.102142333984375,11.762298583984377
2023-08-16,16.28448486328125,16.29425048828125,14.68194580078125,15.65753173828125,17.63214111328125,11.57550048828125
2023-08-17,16.1263427734375,16.1673583984375,14.3509521484375,15.5667724609375,17.8011474609375,11.5589599609375
2023-08-18,16.2861328125,16.6787109375,15.763671875,15.1015625,17.505859375,12.2529296875
2023-08-19,17.290924072265625,17.084869384765625,16.732330322265625,16.185455322265625,18.016510009765625,12.681549072265623
2023-08-20,15.9171142578125,16.2706298828125,15.2208251953125,16.1856689453125,16.5089111328125,11.5968017578125
2023-08-21,14.759735107421877,14.263641357421877,15.286102294921877,15.148406982421877,15.916961669921877,11.111297607421877
2023-08-22,16.5162353515625,17.7691650390625,16.2603759765625,17.6998291015625,17.7115478515625,14.7310791015625
2023-08-23,16.340606689453125,18.421661376953125,15.523223876953123,18.103302001953125,17.157989501953125,15.445098876953123
2023-08-24,16.231475830078125,18.347686767578125,14.600616455078123,16.667022705078125,17.042999267578125,15.880889892578123
2023-08-25,10.555023193359377,11.933929443359377,8.839202880859375,10.827484130859377,11.618499755859377,7.674163818359375
2023-08-26,11.648162841796877,12.375701904296877,10.476287841796877,11.403045654296877,13.571014404296877,8.599334716796875
2023-08-27,12.150909423828123,11.358917236328123,10.029815673828123,11.254425048828123,10.242706298828123,6.914581298828125
2023-08-28,10.710540771484377,12.160736083984377,10.775970458984377,10.297454833984377,11.852142333984377,7.496673583984375
2023-08-29,13.615264892578123,13.322296142578123,14.083038330078123,13.538116455078123,13.464874267578123,9.374053955078123
2023-08-30,14.52288818359375,16.36761474609375,14.06292724609375,15.73187255859375,14.80609130859375,12.46429443359375
2023-08-31,12.892120361328123,11.922393798828123,10.752471923828123,11.962432861328123,13.641143798828123,8.945831298828125
2023-09-01,12.375,12.4775390625,10.3544921875,11.666015625,14.4482421875,9.9287109375
2023-09-02,11.59246826171875,11.71356201171875,10.11785888671875,10.98211669921875,13.76336669921875,8.30535888671875
2023-09-03,11.7421875,11.583984375,11.072265625,12.115234375,14.3359375,8.6796875
2023-09-04,10.3271484375,10.3037109375,10.22265625,10.2548828125,13.0185546875,7.064453125
2023-09-05,10.3746337890625,10.8502197265625,9.6549072265625,9.0933837890625,12.1519775390625,5.8287353515625
2023-09-06,11.48187255859375,11.41644287109375,9.87640380859375,10.46331787109375,11.85687255859375,6.23773193359375
2023-09-07,10.97869873046875,11.02362060546875,11.57537841796875,11.47381591796875,13.63006591796875,9.94061279296875
2023-09-08,12.094085693359377,15.120452880859377,11.218109130859377,13.384124755859377,17.415374755859375,14.640960693359377
2023-09-09,13.5013427734375,14.5560302734375,12.3812255859375,13.6546630859375,16.9818115234375,13.4544677734375
2023-09-10,13.121246337890623,13.573394775390623,11.918121337890623,13.061676025390623,13.233551025390623,10.338043212890623
2023-09-11,13.056854248046877,12.628143310546877,11.183807373046877,12.081268310546877,13.681854248046877,10.502166748046877
2023-09-12,15.298736572265623,15.922760009765623,13.920806884765623,15.498931884765623,14.117095947265623,12.174713134765623
2023-09-13,13.800445556640623,14.791656494140623,13.699859619140623,13.848297119140623,14.210601806640623,11.847320556640623
2023-09-14,13.02593994140625,14.23004150390625,11.82281494140625,13.74371337890625,15.39703369140625,12.74468994140625
2023-09-15,13.83685302734375,15.38275146484375,12.54095458984375,14.90423583984375,17.43353271484375,14.10540771484375
2023-09-16,11.956085205078123,12.014678955078123,10.332061767578123,11.763702392578123,13.120147705078123,10.556671142578123
2023-09-17,10.755462646484377,12.448822021484377,9.782806396484377,10.855072021484377,13.211517333984377,10.420501708984377
2023-09-18,13.709930419921877,15.026336669921877,12.565399169921877,13.769500732421877,14.759735107421877,13.037078857421877
2023-09-19,13.151702880859377,14.843109130859377,11.946624755859377,13.563812255859377,14.414398193359377,10.877288818359377
2023-09-20,13.921234130859377,15.222015380859377,14.662445068359377,14.410491943359377,13.722991943359377,11.748382568359377
2023-09-21,11.742431640625,11.541259765625,9.328369140625,11.424072265625,12.808837890625,8.421142578125
2023-09-22,10.042633056640623,10.220367431640623,9.211578369140623,10.669586181640623,12.288726806640623,7.525054931640625
2023-09-23,9.29248046875,8.76904296875,9.45458984375,9.38525390625,11.01806640625,5.92626953125
2023-09-24,8.899200439453125,8.876739501953125,9.385528564453123,8.996856689453125,9.889434814453123,5.350372314453125
2023-09-25,8.599945068359375,9.902679443359377,7.857757568359375,8.488616943359375,9.799163818359377,4.146820068359375
2023-09-26,9.41827392578125,10.23468017578125,8.50811767578125,8.63409423828125,9.91143798828125,5.40167236328125
2023-09-27,8.475341796875,10.218505859375,7.626708984375,10.683349609375,11.450927734375,8.156982421875
2023-09-28,8.033447265625,7.919189453125,8.218017578125,7.616455078125,9.813720703125,3.762939453125
2023-09-29,7.316070556640625,10.165679931640623,7.099273681640625,8.601226806640625,10.125640869140623,9.172515869140623
2023-09-30,11.80352783203125,9.98516845703125,10.91387939453125,11.86700439453125,11.55352783203125,7.07501220703125
2023-10-01,7.232391357421875,8.567352294921875,9.197235107421877,8.623016357421875,9.217742919921877,6.381805419921875
2023-10-02,9.390533447265623,10.036041259765623,9.352447509765623,10.029205322265623,10.607330322265623,8.721588134765625
2023-10-03,6.710479736328125,7.805206298828125,7.013214111328125,8.139190673828125,7.328643798828125,4.461456298828125
2023-10-04,9.918365478515623,7.766998291015625,7.711334228515625,9.278717041015623,11.958404541015623,7.419342041015625
2023-10-05,6.624664306640625,8.490875244140625,8.069000244140625,7.803375244140625,10.051422119140623,10.072906494140623
2023-10-06,9.888885498046877,11.696502685546877,10.263885498046877,10.668182373046877,10.276580810546877,9.980682373046877
2023-10-07,5.809173583984375,6.801361083984375,5.961517333984375,6.116790771484375,7.958587646484375,6.721282958984375
2023-10-08,8.18170166015625,11.12701416015625,9.00299072265625,10.03619384765625,9.94439697265625,9.18463134765625
2023-10-09,8.937164306640625,9.479156494140623,10.487945556640623,9.250640869140623,10.995758056640623,8.902984619140625
2023-10-10,8.018280029296875,8.884490966796875,7.600311279296875,8.914764404296875,9.905975341796877,6.814178466796875
2023-10-11,6.595245361328125,5.704620361328125,9.852081298828123,11.259307861328123,11.936065673828123,9.014190673828123
2023-10-12,7.124908447265625,7.251861572265625,8.342681884765625,7.889556884765625,11.681549072265623,6.535064697265625
2023-10-13,6.578643798828125,6.714385986328125,6.516143798828125,6.847198486328125,9.869659423828123,7.352081298828125
2023-10-14,9.948333740234377,11.099700927734377,8.096771240234375,9.732513427734377,9.307708740234377,7.167083740234375
2023-10-15,13.037994384765623,12.990142822265623,11.065338134765623,9.451080322265623,11.525299072265623,8.466705322265625
2023-10-16,16.6810302734375,15.2601318359375,11.9378662109375,13.2777099609375,14.2601318359375,10.8489990234375
2023-10-17,12.102874755859377,11.883148193359377,10.520843505859377,12.758148193359377,11.528656005859377,8.782562255859375
2023-10-18,8.2586669921875,9.2069091796875,8.6971435546875,8.9071044921875,12.3739013671875,7.8778076171875
2023-10-19,8.156005859375,8.781982421875,6.061279296875,7.555419921875,7.408935546875,6.719482421875
2023-10-20,14.40789794921875,14.62762451171875,9.62664794921875,11.14520263671875,11.42547607421875,9.46844482421875
2023-10-21,9.86163330078125,10.84405517578125,9.72979736328125,11.03643798828125,10.67706298828125,7.59014892578125
2023-10-22,11.201019287109377,11.555511474609377,9.790863037109377,10.966644287109377,11.069183349609377,8.242034912109375
2023-10-23,7.889007568359375,9.564788818359377,7.626312255859375,9.760101318359377,11.387054443359377,8.047210693359375
2023-10-24,8.251068115234375,7.134857177734375,7.703216552734375,7.946380615234375,9.238372802734377,3.514739990234375
2023-10-25,5.502105712890625,6.083160400390625,4.758941650390625,5.198394775390625,10.471832275390623,7.119293212890625
2023-10-26,5.33306884765625,7.90142822265625,4.59088134765625,5.42095947265625,7.66802978515625,5.09771728515625
2023-10-27,11.584320068359377,12.741546630859377,10.340179443359377,11.633148193359377,10.890960693359377,8.098968505859375
2023-10-28,3.063568115234375,5.114349365234375,2.960052490234375,3.707122802734375,5.702239990234375,3.996185302734375
2023-10-29,8.667266845703125,8.466094970703125,6.816680908203125,7.548126220703125,8.747344970703125,4.732696533203125
2023-10-30,7.502227783203125,9.012969970703123,6.479766845703125,8.623321533203125,8.153594970703125,6.010040283203125
2023-10-31,3.994232177734375,5.463958740234375,3.273529052734375,5.329193115234375,6.040130615234375,2.361419677734375
2023-11-01,8.825469970703125,9.849884033203123,8.859649658203125,9.770782470703123,9.638946533203123,7.640899658203125
2023-11-02,7.804595947265625,7.159088134765625,6.318267822265625,5.832916259765625,8.379791259765625,5.256744384765625
2023-11-03,9.17242431640625,9.79449462890625,7.43316650390625,8.46246337890625,10.16949462890625,5.30718994140625
2023-11-04,3.352813720703125,2.392852783203125,0.785430908203125,2.618438720703125,6.751251220703125,0.343048095703125
2023-11-05,0.148956298828125,2.081573486328125,-0.264129638671875,0.417510986328125,3.102081298828125,-0.216278076171875
2023-11-06,7.67437744140625,7.80816650390625,6.47515869140625,8.23394775390625,7.65191650390625,4.58843994140625
2023-11-07,-0.90234375,-0.2900390625,-0.669921875,-0.5390625,1.7158203125,-3.134765625
2023-11-08,0.8358154296875,0.5213623046875,2.3455810546875,3.4246826171875,4.9422607421875,0.3524169921875
2023-11-09,1.087493896484375,3.022064208984375,1.641204833984375,2.080657958984375,4.158782958984375,2.902923583984375
2023-11-10,6.677734375,6.083984375,7.509765625,8.3935546875,9.2099609375,5.45703125
2023-11-11,-0.760162353515625,1.644134521484375,0.260345458984375,1.124603271484375,2.663665771484375,-3.479888916015625
2023-11-12,0.990570068359375,4.342132568359375,2.080413818359375,0.991546630859375,5.710296630859375,0.313812255859375
2023-11-13,2.433502197265625,1.492095947265625,-0.335052490234375,0.931549072265625,3.016510009765625,-0.440521240234375
2023-11-14,-1.268829345703125,-2.787384033203125,-4.412384033203125,-2.665313720703125,-1.497344970703125,-5.869415283203125
2023-11-15,-1.695159912109375,-2.149261474609375,-2.635589599609375,-2.349456787109375,-0.055511474609375,-4.756683349609375
2023-11-16,2.654296875,2.92578125,2.78515625,3.078125,4.623046875,1.548828125
2023-11-17,1.200958251953125,0.765411376953125,0.355255126953125,1.707794189453125,5.764434814453125,1.125762939453125
2023-11-18,-0.836090087890625,-2.529449462890625,-2.863433837890625,-1.327301025390625,1.368988037109375,-1.742340087890625
2023-11-19,-2.88702392578125,-3.77178955078125,-3.32745361328125,-2.34210205078125,1.96942138671875,-1.61749267578125
2023-11-20,4.89959716796875,3.82733154296875,4.89178466796875,5.68670654296875,6.55584716796875,3.55584716796875
2023-11-21,-7.463836669921875,-7.678680419921875,-10.207977294921877,-7.833953857421875,-6.738250732421875,-11.803680419921877
2023-11-22,-8.869598388671875,-9.429168701171877,-12.419403076171877,-12.229949951171877,-8.069793701171875,-15.217254638671877
2023-11-23,-0.959564208984375,0.384185791015625,-1.267181396484375,-0.770111083984375,0.873443603515625,-1.914642333984375
2023-11-24,-0.158447265625,-0.819580078125,-3.217041015625,-0.887939453125,1.575927734375,-2.599853515625
2023-11-25,-9.918487548828123,-8.480010986328125,-8.910675048828125,-8.416534423828125,-1.198760986328125,-6.897979736328125
2023-11-26,5.331268310546875,5.415252685546875,3.309783935546875,4.776580810546875,4.832244873046875,1.828338623046875
2023-11-27,12.280792236328123,10.537628173828123,6.895050048828125,10.344268798828123,7.527862548828125,5.083526611328125
2023-11-28,-1.32269287109375,-3.23284912109375,-1.42034912109375,-0.20355224609375,3.94683837890625,0.21343994140625
2023-11-29,-5.564727783203125,-6.354766845703125,-6.337188720703125,-5.770782470703125,-2.882110595703125,-7.749298095703125
2023-11-30,-4.293609619140625,-3.851226806640625,-3.534820556640625,-3.676422119140625,-0.732086181640625,-5.371734619140625
2023-12-01,0.481719970703125,1.116485595703125,0.772735595703125,0.897735595703125,2.889923095703125,0.171173095703125
2023-12-02,0.009429931640625,0.378570556640625,0.053375244140625,0.780914306640625,1.647125244140625,-2.329437255859375
2023-12-03,-5.812042236328125,-4.594268798828125,-6.257354736328125,-4.147003173828125,-3.208526611328125,-11.374542236328123
2023-12-04,-7.466217041015625,-5.605865478515625,-6.318756103515625,-5.462310791015625,-5.714263916015625,-13.761138916015623
2023-12-05,-6.948211669921875,-5.560516357421875,-5.313446044921875,-4.652313232421875,-3.133758544921875,-6.045867919921875
2023-12-06,-3.182830810546875,-2.424041748046875,-4.105682373046875,-1.658416748046875,-1.925018310546875,-6.045135498046875
2023-12-07,-1.957366943359375,-1.008148193359375,-3.554046630859375,-1.959320068359375,2.902008056640625,-1.867523193359375
2023-12-08,0.691986083984375,1.989837646484375,2.837493896484375,2.722259521484375,4.693939208984375,2.083587646484375
2023-12-09,9.953765869140623,9.729156494140623,7.038726806640625,8.681304931640625,8.028961181640625,4.184234619140625
2023-12-10,3.557464599609375,2.035003662109375,1.239105224609375,2.529144287109375,3.644378662109375,0.226409912109375
2023-12-11,-0.853179931640625,-2.876617431640625,-4.307281494140625,-2.583648681640625,-0.946929931640625,-6.115875244140625
2023-12-12,-2.025726318359375,-4.289398193359375,-5.717132568359375,-4.372406005859375,-3.462249755859375,-9.618499755859377
2023-12-13,-5.027618408203125,-6.154571533203125,-11.739532470703123,-10.044219970703123,-5.351837158203125,-14.470001220703123
2023-12-14,-1.612518310546875,0.425567626953125,-0.187713623046875,0.166778564453125,0.601348876953125,-4.638885498046875
2023-12-15,-1.411895751953125,0.137908935546875,0.549041748046875,0.109588623046875,5.767791748046875,1.451385498046875
2023-12-16,-2.07135009765625,1.02923583984375,1.37200927734375,-0.07720947265625,-0.05865478515625,-2.81939697265625
2023-12-17,-0.155242919921875,1.571319580078125,0.306671142578125,-0.447235107421875,2.126983642578125,-2.972625732421875
2023-12-18,-0.704925537109375,0.440582275390625,0.607574462890625,0.124176025390625,2.319488525390625,-2.524261474609375
2023-12-19,-2.027069091796875,-1.821014404296875,-6.580780029296875,-3.372772216796875,-0.854217529296875,-4.614959716796875
2023-12-20,-1.302886962890625,-0.881988525390625,-0.798980712890625,-0.689605712890625,1.856292724609375,-0.198394775390625
2023-12-21,-0.975677490234375,2.199127197265625,-0.003021240234375,2.329986572265625,5.177642822265625,4.447174072265625
2023-12-22,-2.083740234375,0.182861328125,-2.290771484375,-0.581787109375,1.652587890625,-1.968505859375
2023-12-23,-2.767608642578125,0.771453857421875,-1.405303955078125,0.940399169921875,2.802703857421875,2.830047607421875
2023-12-24,-2.103118896484375,-0.333587646484375,-0.696868896484375,0.068756103515625,2.218170166015625,1.474029541015625
2023-12-25,-1.73583984375,1.49462890625,-0.70361328125,0.06787109375,5.67431640625,2.57763671875
2023-12-26,1.369842529296875,1.936248779296875,0.628631591796875,0.687225341796875,-1.225860595703125,-2.587188720703125
2023-12-27,-0.920501708984375,1.522857666015625,-0.777923583984375,-0.192962646484375,3.119537353515625,-1.513275146484375
2023-12-28,1.82440185546875,2.26190185546875,2.16619873046875,1.50701904296875,4.44940185546875,1.04705810546875
2023-12-29,0.919097900390625,2.356597900390625,0.662261962890625,1.422027587890625,2.419097900390625,-3.265472412109375
2023-12-30,-0.99005126953125,0.95819091796875,-0.71466064453125,0.51092529296875,1.64471435546875,-1.78692626953125
2023-12-31,-0.948699951171875,0.331573486328125,0.004425048828125,0.221221923828125,2.322784423828125,-0.962371826171875
2024-01-01,7.757415771484375,6.990814208984375,4.175384521484375,5.773040771484375,6.024017333984375,1.681243896484375
2024-01-02,2.200897216796875,4.871795654296875,1.352264404296875,2.906951904296875,3.551483154296875,0.231170654296875
2024-01-03,-1.638336181640625,-2.573883056640625,-2.481109619140625,-0.447906494140625,1.605804443359375,-1.306304931640625
2024-01-04,-5.0323486328125,-6.7061767578125,-7.0733642578125,-5.0997314453125,-3.5782470703125,-6.2130126953125
2024-01-05,-6.470977783203125,-8.217071533203125,-9.759063720703123,-8.042266845703125,-5.251251220703125,-9.492462158203123
2024-01-06,-7.87554931640625,-9.17144775390625,-8.48394775390625,-7.29254150390625,-8.73590087890625,-15.54351806640625
2024-01-07,-4.889251708984375,-4.861907958984375,-4.638275146484375,-4.171478271484375,-3.200775146484375,-4.645111083984375
2024-01-08,-5.65252685546875,-7.17010498046875,-8.73455810546875,-6.58416748046875,-6.81365966796875,-13.42791748046875
2024-01-09,-10.809356689453123,-7.346466064453125,-8.779083251953125,-6.887481689453125,-3.753692626953125,-5.826934814453125
2024-01-10,-6.849456787109375,-4.278167724609375,-4.440277099609375,-4.045745849609375,-0.751800537109375,-6.558441162109375
2024-01-11,-0.428070068359375,-2.296234130859375,0.187164306640625,0.591461181640625,3.307281494140625,0.148101806640625
2024-01-12,-2.582916259765625,-0.639556884765625,-0.494049072265625,0.951263427734375,2.402435302734375,-0.145416259765625
2024-01-13,5.213958740234375,5.822357177734375,3.812591552734375,5.007904052734375,5.528411865234375,1.410247802734375
2024-01-14,3.373199462890625,5.470855712890625,3.204254150390625,5.245269775390625,5.682769775390625,2.735504150390625
2024-01-15,-4.104400634765625,-5.780181884765625,-6.789947509765625,-5.279205322265625,-1.709869384765625,-5.926666259765625
2024-01-16,-4.499664306640625,-5.702789306640625,-7.566070556640625,-5.621734619140625,-4.633453369140625,-7.899078369140625
2024-01-17,-14.036773681640623,-9.823883056640623,-10.375640869140623,-12.520172119140623,-8.115875244140625,-15.809234619140623
2024-01-18,-6.642120361328125,-1.309112548828125,-5.376495361328125,-2.825714111328125,5.083465576171875,1.867645263671875
2024-01-19,-5.68939208984375,-3.36907958984375,-4.40032958984375,-3.39544677734375,-1.68841552734375,-5.90521240234375
2024-01-20,-2.287322998046875,0.328887939453125,-4.933807373046875,-3.585174560546875,1.750762939453125,-1.493377685546875
2024-01-21,-2.1505126953125,-1.6534423828125,-5.7569580078125,-4.0391845703125,-1.5235595703125,-11.8780517578125
2024-01-22,-9.022552490234377,-6.429779052734375,-6.493255615234375,-7.454193115234375,-3.471771240234375,-10.422943115234377
2024-01-23,-4.064666748046875,-3.343963623046875,-6.947479248046875,-8.341033935546875,-5.060760498046875,-10.423065185546877
2024-01-24,-8.769622802734375,-8.395599365234375,-8.379974365234375,-7.980560302734375,-4.795989990234375,-11.231536865234377
2024-01-25,-9.48016357421875,-7.44891357421875,-9.35516357421875,-9.35711669921875,-7.44207763671875,-14.40887451171875
2024-01-26,-5.910186767578125,-3.852569580078125,-3.947296142578125,-4.724639892578125,-4.612335205078125,-10.242218017578123
2024-01-27,-4.778656005859375,-1.482757568359375,-1.543304443359375,-3.544281005859375,-4.168304443359375,-5.533538818359375
2024-01-28,2.338653564453125,1.273223876953125,-0.718963623046875,-0.025604248046875,2.014434814453125,-3.528533935546875
2024-01-29,-5.392730712890625,-6.089019775390625,-8.859527587890625,-6.784332275390625,-4.994293212890625,-13.509918212890623
2024-01-30,-1.106719970703125,-0.279571533203125,-0.070587158203125,-1.592071533203125,-1.311798095703125,-6.317657470703125
2024-01-31,-2.450775146484375,1.368560791015625,-0.397064208984375,-0.642181396484375,5.558990478515625,-1.157806396484375
2024-02-01,-1.782562255859375,1.425445556640625,-0.180999755859375,-0.245452880859375,0.861968994140625,-0.076507568359375
2024-02-02,-1.76971435546875,0.64825439453125,-1.36151123046875,-0.93865966796875,2.93048095703125,0.21759033203125
2024-02-03,-1.075653076171875,-0.727020263671875,-0.487762451171875,0.150909423828125,3.678253173828125,-1.657684326171875
2024-02-04,-0.305145263671875,1.907745361328125,0.272979736328125,1.543487548828125,4.460479736328125,1.263214111328125
2024-02-05,2.880401611328125,3.519073486328125,2.181182861328125,1.745635986328125,3.452667236328125,-1.978973388671875
2024-02-06,4.863006591796875,4.774139404296875,1.639373779296875,4.189178466796875,4.152069091796875,1.064178466796875
2024-02-07,2.629669189453125,2.182403564453125,1.296661376953125,1.599395751953125,3.263458251953125,1.178497314453125
2024-02-08,4.036041259765625,2.699127197265625,1.060455322265625,2.005767822265625,2.007720947265625,-1.412200927734375
2024-02-09,1.059783935546875,-0.161895751953125,-1.907989501953125,-0.346466064453125,1.023651123046875,-3.601348876953125
2024-02-10,-3.460601806640625,-3.855133056640625,-5.555328369140625,-4.186187744140625,-3.604156494140625,-14.699859619140623
2024-02-11,-4.441314697265625,-3.890533447265625,-4.992095947265625,-3.341705322265625,-4.015533447265625,-10.291900634765623
2024-02-12,-1.519989013671875,-0.920379638671875,-1.136199951171875,0.115753173828125,4.210479736328125,-1.902801513671875
2024-02-13,1.812347412109375,1.263519287109375,1.582855224609375,1.354339599609375,-0.208160400390625,-2.300933837890625
2024-02-14,3.410400390625,2.305908203125,0.683837890625,2.428955078125,2.911376953125,-0.002685546875
2024-02-15,-2.016021728515625,-0.502349853515625,-1.555084228515625,-0.587310791015625,2.001556396484375,-1.519927978515625
2024-02-16,-0.522369384765625,-1.283111572265625,-1.549713134765625,0.041107177734375,1.598724365234375,-2.225494384765625
2024-02-17,-3.08782958984375,-1.48529052734375,-3.34075927734375,-2.67083740234375,-0.81048583984375,-4.28021240234375
2024-02-18,1.321136474609375,2.103363037109375,1.000823974609375,2.320159912109375,2.569183349609375,-1.430816650390625
2024-02-19,8.302093505859375,7.472991943359375,4.192718505859375,6.278656005859375,4.332366943359375,1.729827880859375
2024-02-20,4.822723388671875,5.363739013671875,2.892059326171875,3.887176513671875,5.393035888671875,0.867645263671875
2024-02-21,2.12200927734375,2.99310302734375,0.60638427734375,1.95989990234375,3.01947021484375,-0.88092041015625
2024-02-22,3.545623779296875,3.553436279296875,2.402069091796875,2.921600341796875,5.199920654296875,1.945037841796875
2024-02-23,3.539886474609375,3.487152099609375,1.498870849609375,2.202972412109375,2.721527099609375,-0.926910400390625
2024-02-24,3.136138916015625,5.908599853515625,1.883209228515625,3.835357666015625,3.185943603515625,-0.600189208984375
2024-02-25,4.022857666015625,4.556060791015625,2.772857666015625,4.327545166015625,4.669342041015625,0.621490478515625
2024-02-26,1.329315185546875,3.475799560546875,0.013885498046875,3.246307373046875,4.297088623046875,-1.238067626953125
2024-02-27,0.20269775390625,0.88238525390625,-0.80023193359375,0.29840087890625,1.09625244140625,-1.18402099609375
2024-02-28,0.908721923828125,1.603057861328125,1.858917236328125,0.645050048828125,4.161651611328125,-1.724090576171875
2024-02-29,3.566558837890625,4.673004150390625,1.528472900390625,3.783355712890625,1.885894775390625,-0.275238037109375
2024-03-01,4.07171630859375,3.68402099609375,2.09417724609375,2.91644287109375,2.78656005859375,0.13812255859375
2024-03-02,0.158905029296875,0.578826904296875,0.964569091796875,0.168670654296875,2.222381591796875,-3.578399658203125
2024-03-03,2.72210693359375,1.61468505859375,-1.18023681640625,-0.94390869140625,-1.62066650390625,-6.06793212890625
2024-03-04,-2.796417236328125,-2.983917236328125,-1.744659423828125,-2.903839111328125,-0.449737548828125,-5.156768798828125
2024-03-05,0.653961181640625,1.370758056640625,-1.633148193359375,-0.192718505859375,2.817047119140625,-0.490570068359375
2024-03-06,4.741241455078125,4.348663330078125,2.294952392578125,4.530303955078125,4.501007080078125,0.684600830078125
2024-03-07,1.08636474609375,1.68402099609375,0.18792724609375,0.98675537109375,2.55511474609375,-0.74176025390625
2024-03-08,3.4581298828125,2.3731689453125,0.0635986328125,1.4815673828125,0.3575439453125,-3.2371826171875
2024-03-09,-0.154266357421875,0.124053955078125,-1.805633544921875,0.126007080078125,1.712921142578125,-4.438446044921875
2024-03-10,-0.38702392578125,0.83465576171875,-3.34698486328125,-0.08135986328125,-0.99346923828125,-6.28448486328125
2024-03-11,0.220855712890625,1.579254150390625,-1.781097412109375,-0.026214599609375,1.373199462890625,-3.221527099609375
2024-03-12,5.472869873046875,4.790252685546875,2.629119873046875,4.010955810546875,3.350799560546875,-0.894317626953125
2024-03-13,1.387603759765625,2.037994384765625,0.162017822265625,1.746002197265625,1.253814697265625,-2.420989990234375
2024-03-14,1.955810546875,1.265380859375,-0.835205078125,1.720458984375,4.282958984375,0.439208984375
2024-03-15,0.165191650390625,-0.199066162109375,-0.341644287109375,-0.366058349609375,1.844879150390625,-2.701995849609375
2024-03-16,-2.277801513671875,-2.200653076171875,-1.802215576171875,-1.594207763671875,-1.272918701171875,-6.095184326171875
2024-03-17,0.415313720703125,3.003204345703125,-0.572967529296875,0.508087158203125,0.987579345703125,0.063751220703125
2024-03-18,0.102630615234375,-0.395416259765625,-1.013580322265625,-0.371978759765625,0.730560302734375,-3.696197509765625
2024-03-19,2.544281005859375,3.498382568359375,0.407562255859375,0.757171630859375,1.786468505859375,-1.673492431640625
2024-03-20,4.185150146484375,5.266204833984375,2.322845458984375,4.048431396484375,3.424407958984375,0.260345458984375
2024-03-21,-1.509918212890625,-0.424957275390625,-3.206207275390625,-2.719879150390625,0.749847412109375,-3.137847900390625
2024-03-22,4.958282470703125,5.204376220703125,4.025665283203125,4.806915283203125,6.471954345703125,2.581329345703125
2024-03-23,6.269378662109375,6.945159912109375,4.594573974609375,6.179534912109375,6.676605224609375,2.283050537109375
2024-03-24,0.888702392578125,2.624053955078125,-1.642547607421875,0.334014892578125,0.626983642578125,-2.702117919921875
2024-03-25,5.156158447265625,6.549713134765625,3.727447509765625,4.900299072265625,9.957916259765623,4.341705322265625
2024-03-26,4.722259521484375,8.843353271484375,4.383392333984375,5.323822021484375,9.090423583984377,3.569915771484375
2024-03-27,10.352203369140623,11.121734619140623,6.839508056640625,8.234039306640625,9.238922119140623,4.848297119140625
2024-03-28,8.896392822265625,8.723541259765625,5.926666259765625,9.248931884765623,6.564361572265625,5.475494384765625
2024-03-29,1.861297607421875,3.382781982421875,0.355438232421875,1.550750732421875,4.570281982421875,0.185516357421875
2024-03-30,2.385589599609375,4.460784912109375,1.235198974609375,3.414886474609375,7.240081787109375,2.337738037109375
2024-03-31,2.848114013671875,4.694793701171875,1.452606201171875,3.433074951171875,4.574676513671875,4.048309326171875
2024-04-01,4.774200439453125,6.394317626953125,4.209747314453125,4.849395751953125,7.804473876953125,6.582794189453125
2024-04-02,6.144256591796875,8.047576904296875,7.030975341796875,8.135467529296875,9.026092529296877,8.196990966796875
2024-04-03,8.518463134765625,8.424713134765625,9.270416259765623,7.722564697265625,7.451080322265625,3.656158447265625
2024-04-04,5.627288818359375,7.117523193359375,5.238616943359375,6.758148193359375,10.656585693359377,6.931976318359375
2024-04-05,7.865264892578125,8.531280517578125,5.303741455078125,7.103546142578125,9.975616455078123,7.514678955078125
2024-04-06,9.154937744140623,9.988922119140623,8.460601806640625,9.260406494140623,10.538726806640623,4.497711181640625
2024-04-07,8.15155029296875,8.54315185546875,6.09881591796875,7.03924560546875,9.50018310546875,2.72088623046875
2024-04-08,8.508941650390625,7.965972900390625,8.065582275390625,7.281402587890625,9.147613525390623,4.176910400390625
2024-04-09,7.570770263671875,9.581512451171877,7.555145263671875,8.100067138671875,7.366668701171875,5.022918701171875
2024-04-10,8.408660888671875,11.336395263671877,8.403778076171875,9.392059326171877,13.656707763671877,9.475067138671877
2024-04-11,9.634429931640623,12.016265869140623,7.285797119140625,9.217437744140623,8.645172119140625,5.046539306640625
2024-04-12,13.077911376953123,11.911895751953123,8.794708251953125,10.903106689453123,8.864044189453125,6.340606689453125
2024-04-13,1.732696533203125,0.861602783203125,0.611602783203125,2.144805908203125,1.629180908203125,-0.746795654296875
2024-04-14,-1.001800537109375,0.117340087890625,-2.224456787109375,0.652496337890625,0.365386962890625,-3.110198974609375
2024-04-15,2.005462646484375,0.845306396484375,-1.183013916015625,0.666595458984375,2.058197021484375,-1.707427978515625
2024-04-16,4.3365478515625,2.8687744140625,0.7886962890625,3.0777587890625,3.4185791015625,-1.3558349609375
2024-04-17,1.702606201171875,0.823699951171875,-0.649932861328125,0.817840576171875,1.641082763671875,-1.138214111328125
2024-04-18,0.345733642578125,0.132843017578125,-1.440399169921875,-0.562469482421875,1.182647705078125,-3.750946044921875
2024-04-19,4.4075927734375,3.8851318359375,2.4564208984375,4.7572021484375,5.8050537109375,2.2191162109375
2024-04-20,1.83477783203125,1.77911376953125,0.74786376953125,2.34844970703125,1.87969970703125,-1.40838623046875
2024-04-21,0.052215576171875,0.677215576171875,-0.640167236328125,0.933074951171875,2.829559326171875,-2.089385986328125
2024-04-22,0.541748046875,1.688232421875,-1.417236328125,1.826904296875,1.768310546875,-1.078369140625
2024-04-23,3.999969482421875,6.043914794921875,3.789031982421875,4.371063232421875,5.862274169921875,4.264617919921875
2024-04-24,6.419097900390625,7.283355712890625,7.829254150390625,6.415191650390625,6.805816650390625,2.804840087890625
2024-04-25,6.975006103515625,7.791412353515625,8.852935791015625,7.070709228515625,7.322662353515625,2.933013916015625
2024-04-26,6.578399658203125,7.737579345703125,7.185821533203125,6.594024658203125,9.694610595703123,3.667266845703125
2024-04-27,8.025054931640625,8.143218994140625,7.562164306640625,6.470367431640625,9.034820556640623,5.607086181640625
2024-04-28,7.361114501953125,7.715606689453125,6.675567626953125,7.299591064453125,7.861114501953125,4.764434814453125
2024-04-29,7.326568603515625,5.865631103515625,3.901763916015625,5.221099853515625,4.491607666015625,1.056060791015625
2024-04-30,6.314117431640625,6.837554931640625,4.509429931640625,6.818023681640625,6.503570556640625,3.634429931640625
2024-05-01,6.17572021484375,7.31439208984375,4.27239990234375,6.18157958984375,7.96185302734375,5.25872802734375
2024-05-02,7.21600341796875,8.46893310546875,5.99920654296875,6.84686279296875,7.63104248046875,5.98651123046875
2024-05-03,7.050384521484375,8.198822021484375,6.237884521484375,7.372650146484375,8.889251708984375,6.576751708984375
2024-05-04,8.879974365234375,9.444427490234377,7.237396240234375,8.439544677734375,9.058685302734377,5.463958740234375
2024-05-05,8.01531982421875,6.29364013671875,5.80438232421875,6.94207763671875,8.93719482421875,5.07489013671875
2024-05-06,7.4715576171875,6.2078857421875,5.8377685546875,7.2342529296875,8.9842529296875,5.5975341796875
2024-05-07,5.9287109375,6.5830078125,4.8994140625,5.6435546875,5.9814453125,2.54296875
2024-05-08,7.29803466796875,6.63787841796875,4.62518310546875,6.35955810546875,7.39666748046875,3.92010498046875
2024-05-09,6.6724853515625,6.7877197265625,5.4478759765625,6.5142822265625,10.9302978515625,4.7955322265625
2024-05-10,8.88336181640625,9.12359619140625,5.54937744140625,7.10015869140625,7.33746337890625,3.89410400390625
2024-05-11,7.007598876953125,8.089630126953125,5.142364501953125,6.951934814453125,8.231231689453125,5.066192626953125
2024-05-12,10.16607666015625,11.01373291015625,9.91900634765625,10.55084228515625,14.30279541015625,9.51373291015625
2024-05-13,10.1781005859375,10.5911865234375,8.6409912109375,9.7435302734375,12.0638427734375,8.9456787109375
2024-05-14,9.86669921875,10.64794921875,9.63134765625,9.84130859375,12.17724609375,9.91845703125
2024-05-15,12.892974853515623,12.193756103515623,11.540435791015623,12.524810791015623,13.290435791015623,10.517974853515623
2024-05-16,12.568572998046877,12.534393310546877,11.925994873046877,13.263885498046877,15.378143310546877,12.970916748046877
2024-05-17,11.685150146484377,11.984954833984377,11.274993896484377,10.031829833984377,12.445892333984377,9.024993896484377
2024-05-18,7.470794677734375,8.439544677734375,6.248138427734375,7.216888427734375,9.779388427734377,6.391693115234375
2024-05-19,8.981719970703125,10.861602783203123,6.984649658203125,8.993438720703125,8.176055908203125,4.098907470703125
2024-05-20,8.477783203125,10.083251953125,7.252197265625,8.576416015625,8.229736328125,5.033447265625
2024-05-21,10.976226806640623,11.133453369140623,9.898101806640623,11.050445556640623,11.755523681640623,8.193023681640625
2024-05-22,10.36859130859375,9.29827880859375,8.23773193359375,9.25531005859375,8.65081787109375,5.90667724609375
2024-05-23,8.530487060546875,9.079315185546877,8.353729248046875,8.376190185546875,9.804901123046877,6.079315185546875
2024-05-24,8.912078857421875,9.227508544921877,6.556610107421875,9.074188232421877,10.977508544921877,7.294891357421875
2024-05-25,9.568389892578123,9.529327392578123,7.324249267578125,10.146514892578123,8.944366455078125,5.976593017578125
2024-05-26,10.76416015625,10.43505859375,10.15478515625,11.30224609375,10.35009765625,7.56494140625
2024-05-27,11.2635498046875,11.9158935546875,10.9598388671875,10.9158935546875,12.1151123046875,8.2000732421875
2024-05-28,11.5653076171875,11.8983154296875,10.7947998046875,10.7391357421875,14.1297607421875,8.6971435546875
2024-05-29,11.508453369140623,13.945953369140623,10.595367431640623,12.690093994140623,15.886383056640623,10.969390869140623
2024-05-30,11.36749267578125,12.72296142578125,8.91436767578125,10.45538330078125,13.73565673828125,8.12725830078125
2024-05-31,11.228240966796877,11.392303466796877,10.210662841796877,10.788787841796877,9.437225341796877,7.662811279296875
2024-06-01,11.40032958984375,13.23626708984375,9.72357177734375,12.14642333984375,9.66595458984375,7.73236083984375
2024-06-02,13.2833251953125,12.7042236328125,13.4366455078125,12.7491455078125,12.4112548828125,8.0821533203125
2024-06-03,14.8206787109375,15.4661865234375,13.2991943359375,14.5902099609375,14.3450927734375,12.1224365234375
2024-06-04,14.0408935546875,14.7469482421875,12.6678466796875,13.7801513671875,15.6805419921875,13.0360107421875
2024-06-05,15.880523681640623,17.960601806640625,15.652984619140623,15.671539306640623,17.654937744140625,15.592437744140623
2024-06-06,13.80621337890625,14.41851806640625,11.21929931640625,13.27301025390625,15.97515869140625,10.77301025390625
2024-06-07,13.518951416015623,13.650787353515623,11.293365478515623,13.174224853515623,13.131256103515623,11.769927978515623
2024-06-08,12.707244873046877,13.404510498046877,11.661346435546877,13.196502685546877,16.324432373046875,11.077362060546877
2024-06-09,11.744476318359377,12.534515380859377,9.023773193359377,10.994476318359377,13.620452880859377,9.442718505859377
2024-06-10,10.47222900390625,10.35406494140625,9.44781494140625,10.27398681640625,12.05914306640625,7.81890869140625
2024-06-11,10.955322265625,11.319580078125,9.014892578125,12.266845703125,12.670166015625,11.447509765625
2024-06-12,15.24774169921875,15.94989013671875,14.33660888671875,16.32391357421875,15.07977294921875,13.09930419921875
2024-06-13,13.753448486328123,14.362823486328123,12.938018798828123,13.274932861328123,13.249542236328123,9.419464111328123
2024-06-14,15.5684814453125,15.1954345703125,15.8848876953125,15.0274658203125,16.8643798828125,12.3438720703125
2024-06-15,17.348968505859375,19.13217163085937,18.29525756835937,17.104827880859375,16.189788818359375,12.724945068359377
2024-06-16,17.52783203125,17.49853515625,18.52197265625,17.68017578125,18.49560546875,13.39599609375
2024-06-17,18.948486328125,20.779541015625,18.541259765625,19.511962890625,19.359619140625,16.596923828125
2024-06-18,16.077545166015625,18.234771728515625,16.050201416015625,17.343170166015625,20.422271728515625,16.661529541015625
2024-06-19,18.16107177734375,17.98333740234375,16.43157958984375,18.75091552734375,16.68841552734375,14.38470458984375
2024-06-20,15.803558349609377,15.768402099609377,15.303558349609377,15.828948974609377,15.414886474609377,12.539886474609377
2024-06-21,14.777008056640623,15.598297119140623,13.141265869140623,14.715484619140623,15.147125244140623,13.886383056640623
2024-06-22,14.789703369140623,15.801422119140623,13.182281494140623,14.673492431640623,15.218414306640623,13.260406494140623
2024-06-23,13.99505615234375,13.35052490234375,11.79681396484375,12.83294677734375,12.92474365234375,9.06146240234375
2024-06-24,14.196502685546877,14.212127685546877,13.133026123046877,13.640838623046877,14.739471435546877,9.624237060546877
2024-06-25,15.11456298828125,15.24932861328125,14.62139892578125,15.03350830078125,15.24151611328125,12.13702392578125
2024-06-26,16.739166259765625,17.845611572265625,15.366119384765623,16.204010009765625,19.960845947265625,16.619049072265625
2024-06-27,15.099273681640623,17.880523681640625,14.068023681640623,15.902008056640623,16.856109619140625,16.310211181640625
2024-06-28,15.138763427734377,13.502044677734377,12.802825927734377,13.803802490234377,14.306732177734377,10.861419677734377
2024-06-29,11.35821533203125,11.22344970703125,9.60723876953125,11.31329345703125,13.03594970703125,9.74493408203125
2024-06-30,12.35321044921875,12.51141357421875,11.37274169921875,11.75555419921875,12.86785888671875,9.36395263671875
2024-07-01,12.375,11.9033203125,12.375,11.9208984375,12.73046875,8.279296875
2024-07-02,13.97076416015625,15.73248291015625,13.40826416015625,14.93365478515625,16.13873291015625,15.03033447265625
2024-07-03,15.885772705078123,17.333038330078125,15.684600830078123,17.725616455078125,16.914093017578125,16.013702392578125
2024-07-04,17.20391845703125,17.10821533203125,16.55255126953125,17.32208251953125,17.99102783203125,12.85821533203125
2024-07-05,17.439239501953125,18.125762939453125,17.073028564453125,17.136505126953125,18.574981689453125,13.388458251953123
2024-07-06,16.3883056640625,17.1177978515625,17.8511962890625,17.0552978515625,17.7720947265625,12.7105712890625
2024-07-07,17.873321533203125,17.857696533203125,19.024688720703125,17.754180908203125,18.986602783203125,14.903594970703123
2024-07-08,18.44122314453125,19.16973876953125,17.18536376953125,18.58477783203125,19.14239501953125,16.13262939453125
2024-07-09,18.3726806640625,20.9840087890625,16.6295166015625,19.3140869140625,19.4400634765625,17.1295166015625
2024-07-10,18.035186767578125,19.970733642578125,19.454132080078125,20.572296142578125,18.060577392578125,15.710968017578123
2024-07-11,20.016632080078125,20.514678955078125,21.471710205078125,19.385772705078125,19.638702392578125,15.723663330078123
2024-07-12,20.09954833984375,19.91986083984375,18.72259521484375,20.83489990234375,20.49114990234375,17.31927490234375
2024-07-13,19.12020874023437,19.87802124023437,18.39266967773437,19.27548217773437,19.92782592773437,14.813568115234377
2024-07-14,19.257293701171875,19.434051513671875,18.898895263671875,19.349090576171875,18.714324951171875,14.842254638671877
2024-07-15,18.86505126953125,18.99884033203125,17.78594970703125,18.34747314453125,19.00372314453125,13.46075439453125
2024-07-16,16.1572265625,15.607421875,14.0322265625,15.5419921875,16.3857421875,12.3232421875
2024-07-17,16.79376220703125,17.39141845703125,14.74200439453125,16.36798095703125,16.67462158203125,15.01348876953125
2024-07-18,15.923065185546877,15.446502685546877,14.404510498046877,15.684783935546877,16.674041748046875,11.202362060546877
2024-07-19,16.63446044921875,16.39031982421875,15.37176513671875,16.13739013671875,17.66473388671875,12.02899169921875
2024-07-20,14.884521484375,13.759521484375,12.891357421875,13.891357421875,16.249755859375,12.061279296875
2024-07-21,12.59625244140625,12.53570556640625,10.43707275390625,11.55816650390625,13.78765869140625,7.86383056640625
2024-07-22,11.774383544921877,12.179656982421877,10.665008544921877,11.523406982421877,13.153289794921877,7.362274169921875
2024-07-23,14.108612060546877,13.762908935546877,15.006072998046877,14.246307373046877,14.622283935546877,11.505096435546877
2024-07-24,16.336151123046875,17.145721435546875,14.847869873046877,17.096893310546875,18.092987060546875,16.576385498046875
2024-07-25,16.2257080078125,15.5811767578125,14.4298095703125,15.6427001953125,18.1661376953125,12.2012939453125
2024-07-26,11.56622314453125,11.98907470703125,9.91094970703125,10.58770751953125,13.54864501953125,7.55645751953125
2024-07-27,12.109619140625,13.696533203125,13.526611328125,12.698486328125,14.238525390625,9.221923828125
2024-07-28,14.67376708984375,15.81829833984375,14.39544677734375,17.13861083984375,17.31341552734375,14.76556396484375
2024-07-29,16.06427001953125,17.44219970703125,14.84454345703125,16.26934814453125,19.58477783203125,15.74786376953125
2024-07-30,15.258209228515623,14.014068603515623,13.641998291015623,14.847076416015623,15.927154541015623,11.690826416015623
2024-07-31,13.8795166015625,13.7838134765625,13.3892822265625,13.2799072265625,15.7574462890625,9.6148681640625
2024-08-01,15.854736328125,15.037353515625,16.436767578125,15.087158203125,15.752197265625,11.505126953125
2024-08-02,15.256500244140623,15.784820556640623,15.069000244140623,15.025054931640623,16.055328369140625,11.102203369140623
2024-08-03,15.43072509765625,16.04205322265625,16.35455322265625,16.12017822265625,16.92974853515625,12.21588134765625
2024-08-04,15.297119140625,15.948486328125,15.813720703125,15.151611328125,17.746337890625,11.580322265625
2024-08-05,16.706329345703125,17.761993408203125,17.279571533203125,16.999298095703125,16.378204345703125,12.776641845703123
2024-08-06,16.595001220703125,17.379180908203125,15.865509033203123,16.149688720703125,18.225860595703125,11.852813720703123
2024-08-07,15.937225341796877,16.309295654296875,14.992889404296877,15.878631591796877,17.668670654296875,11.510467529296877
2024-08-08,17.315093994140625,17.856109619140625,19.096343994140625,17.845367431640625,18.333648681640625,13.650054931640623
2024-08-09,18.22299194335937,18.63607788085937,19.67123413085937,18.38900756835937,17.844085693359375,14.398773193359377
2024-08-10,17.87939453125,20.24365234375,17.29736328125,18.76806640625,17.95751953125,15.67822265625
2024-08-11,18.22308349609375,19.58831787109375,17.71038818359375,18.81976318359375,19.16644287109375,17.42620849609375
2024-08-12,19.36956787109375,19.60394287109375,19.09222412109375,18.97210693359375,18.78167724609375,15.51702880859375
2024-08-13,17.72772216796875,18.37127685546875,15.84686279296875,18.11541748046875,18.69842529296875,16.10076904296875
2024-08-14,16.349700927734375,16.723724365234375,14.717864990234377,16.579193115234375,17.223724365234375,14.388763427734377
2024-08-15,16.336700439453125,16.383575439453125,14.815216064453123,16.210723876953125,16.036895751953125,12.419708251953123
2024-08-16,14.806732177734377,14.920989990234377,12.687591552734377,14.672943115234377,14.795989990234377,10.234466552734377
2024-08-17,15.405029296875,14.918701171875,13.368896484375,14.582763671875,15.915771484375,10.166748046875
2024-08-18,14.1500244140625,14.2213134765625,13.2789306640625,14.5347900390625,15.3140869140625,10.5123291015625
2024-08-19,14.546783447265623,14.556549072265623,14.412994384765623,14.512603759765623,15.294830322265623,11.519439697265623
2024-08-20,15.608917236328123,16.397979736328125,16.367706298828125,15.681182861328123,16.533721923828125,13.079620361328123
2024-08-21,17.244476318359375,16.931976318359375,17.013031005859375,17.070648193359375,17.227874755859375,13.472991943359377
2024-08-22,17.014190673828125,17.136260986328125,15.295440673828123,17.275909423828125,17.130401611328125,11.374542236328123
2024-08-23,14.33782958984375,14.53021240234375,13.06536865234375,14.20013427734375,14.23529052734375,9.99603271484375
2024-08-24,15.973236083984377,15.478118896484377,14.491790771484377,15.984954833984377,15.947845458984377,10.722259521484377
2024-08-25,15.3028564453125,15.0216064453125,13.5196533203125,14.4298095703125,15.2882080078125,9.7696533203125
2024-08-26,15.477752685546877,16.587127685546875,13.800994873046877,15.060760498046877,15.556854248046877,10.153533935546877
2024-08-27,15.435455322265623,15.915924072265623,14.296783447265623,14.906158447265623,15.979400634765623,10.396392822265623
2024-08-28,15.014495849609377,16.437347412109375,15.429534912109377,14.662933349609377,14.323089599609377,9.994964599609377
2024-08-29,13.2645263671875,14.3436279296875,13.1561279296875,14.6365966796875,15.0955810546875,12.6531982421875
2024-08-30,14.815826416015623,16.124420166015625,14.334381103515623,15.129302978515623,14.580474853515623,11.349029541015623
2024-08-31,14.24163818359375,16.71624755859375,14.65472412109375,16.04534912109375,14.46331787109375,11.26800537109375
2024-09-01,14.839141845703123,16.133087158203125,13.067657470703123,15.562774658203123,14.507110595703123,12.694610595703123
2024-09-02,13.5166015625,13.4638671875,12.9169921875,13.369140625,14.828125,11.7705078125
2024-09-03,14.48956298828125,14.57940673828125,11.93096923828125,14.78253173828125,14.16827392578125,10.64874267578125
2024-09-04,14.034423828125,14.884033203125,13.140869140625,14.237548828125,15.634033203125,13.093994140625
2024-09-05,15.639129638671877,15.567840576171877,14.033660888671877,15.417449951171877,14.769989013671877,12.476043701171877
2024-09-06,11.816986083984377,11.439056396484377,10.227142333984377,11.142181396484377,11.517181396484377,7.454681396484375
2024-09-07,9.66668701171875,10.84344482421875,9.56219482421875,9.71649169921875,15.09149169921875,9.47723388671875
2024-09-08,13.289459228515623,13.998443603515623,12.579498291015623,13.033599853515623,14.104888916015623,10.173248291015623
2024-09-09,10.45123291015625,10.66119384765625,8.49224853515625,10.07232666015625,9.08013916015625,7.30963134765625
2024-09-10,5.012908935546875,3.319549560546875,1.552947998046875,3.213104248046875,3.195526123046875,-1.623809814453125
2024-09-11,5.4207763671875,3.9295654296875,2.5565185546875,3.7811279296875,5.7137451171875,0.6444091796875
2024-09-12,6.440032958984375,5.256439208984375,3.850189208984375,5.720306396484375,6.382415771484375,3.359954833984375
2024-09-13,8.73138427734375,7.95697021484375,7.26361083984375,8.32318115234375,9.78607177734375,6.55267333984375
2024-09-14,10.134552001953123,10.599395751953123,8.627716064453125,10.887481689453123,10.067169189453123,7.222442626953125
2024-09-15,10.179931640625,9.782470703125,8.326416015625,10.150634765625,9.390869140625,7.352783203125
2024-09-16,9.838470458984377,9.842376708984377,8.955657958984375,10.256439208984377,9.839447021484377,7.354095458984375
2024-09-17,6.870208740234375,7.142669677734375,7.467864990234375,7.011810302734375,8.827239990234375,4.157318115234375
2024-09-18,7.86175537109375,6.59808349609375,7.70257568359375,7.48382568359375,12.70550537109375,7.22308349609375
2024-09-19,8.20513916015625,9.31060791015625,7.17779541015625,8.05377197265625,9.54400634765625,6.26666259765625
2024-09-20,11.0968017578125,11.1427001953125,11.2305908203125,11.3858642578125,12.6368408203125,10.2598876953125
2024-09-21,8.61810302734375,8.88958740234375,7.72943115234375,8.10931396484375,9.62005615234375,6.57904052734375
2024-09-22,11.0751953125,12.6337890625,10.333984375,10.47265625,11.2236328125,8.099609375
2024-09-23,10.65887451171875,12.13739013671875,10.25848388671875,10.71942138671875,17.17059326171875,12.60711669921875
2024-09-24,14.206817626953123,13.918731689453123,10.227325439453123,12.025177001953123,12.348419189453123,10.983184814453123
2024-09-25,7.034088134765625,5.277252197265625,4.345611572265625,5.484283447265625,7.994049072265625,2.903228759765625
2024-09-26,1.619415283203125,2.078399658203125,1.475860595703125,2.150665283203125,2.912384033203125,-1.565155029296875
2024-09-27,4.965179443359375,7.274749755859375,4.855804443359375,4.951507568359375,12.829437255859377,6.563812255859375
2024-09-28,10.745086669921877,11.918914794921877,8.636688232421875,9.888641357421877,10.786102294921877,7.080047607421875
2024-09-29,10.522674560546877,9.547088623046877,10.750213623046877,12.106658935546877,13.186737060546877,9.827362060546877
2024-09-30,10.327850341796877,9.255584716796877,10.324920654296877,11.003631591796877,12.750701904296877,9.603240966796877
2024-10-01,9.399688720703123,7.801055908203125,6.810821533203125,8.283477783203125,5.651641845703125,2.126251220703125
2024-10-02,4.58544921875,7.09228515625,2.66650390625,5.37646484375,4.77099609375,0.95166015625
2024-10-03,4.88494873046875,7.15545654296875,4.03143310546875,6.47186279296875,6.20037841796875,7.22381591796875
2024-10-04,8.77069091796875,10.96795654296875,7.18182373046875,8.61932373046875,10.66326904296875,6.67010498046875
2024-10-05,7.982818603515625,9.631256103515623,7.929107666015625,8.399810791015625,11.913482666015623,8.611724853515625
2024-10-06,11.36981201171875,12.80633544921875,10.78289794921875,9.82586669921875,13.12371826171875,8.44110107421875
2024-10-07,10.189605712890623,8.788238525390625,7.968902587890625,9.637847900390623,9.313629150390623,7.732574462890625
2024-10-08,5.130096435546875,4.297088623046875,5.211151123046875,4.854705810546875,7.507049560546875,5.038299560546875
2024-10-09,7.026336669921875,8.213836669921875,8.328094482421875,9.320281982421877,7.778289794921875,5.788055419921875
2024-10-10,5.043853759765625,5.217681884765625,6.668853759765625,6.081939697265625,8.004791259765625,5.996002197265625
2024-10-11,6.0517578125,6.1376953125,6.2763671875,6.806640625,7.6943359375,1.482421875
2024-10-12,2.691131591796875,2.422576904296875,5.375701904296875,3.025115966796875,4.555389404296875,1.027069091796875
2024-10-13,6.14398193359375,6.28460693359375,6.58636474609375,6.01312255859375,9.04925537109375,5.33343505859375
2024-10-14,9.903778076171877,9.547332763671877,9.404754638671877,9.880340576171877,11.658660888671877,8.102020263671875
2024-10-15,5.5189208984375,4.6478271484375,5.6556396484375,4.4974365234375,6.9300537109375,1.3314208984375
2024-10-16,3.109588623046875,3.895721435546875,5.255096435546875,3.829315185546875,6.046112060546875,2.962127685546875
2024-10-17,3.221527099609375,4.382659912109375,5.981292724609375,3.898284912109375,7.190277099609375,5.069183349609375
2024-10-18,5.722869873046875,7.862518310546875,7.841033935546875,7.300994873046875,6.920135498046875,6.462127685546875
2024-10-19,6.762847900390625,7.164215087890625,7.164215087890625,4.786285400390625,6.472808837890625,1.544097900390625
2024-10-20,6.907440185546875,6.546112060546875,7.784393310546875,6.764862060546875,9.593963623046877,6.787322998046875
2024-10-21,6.487884521484375,8.177337646484375,6.698822021484375,7.633392333984375,7.502532958984375,7.330657958984375
2024-10-22,6.917724609375,8.450927734375,7.074951171875,7.689208984375,8.071044921875,6.028076171875
2024-10-23,7.662078857421875,10.276336669921877,7.923797607421875,9.589813232421877,8.987274169921875,8.711883544921875
2024-10-24,7.7861328125,9.013671875,9.3974609375,8.986328125,7.439453125,6.15234375
2024-10-25,9.242645263671877,9.089324951171877,6.616668701171875,7.112762451171875,6.789520263671875,3.874481201171875
2024-10-26,4.7606201171875,4.6444091796875,5.4051513671875,5.8455810546875,5.7996826171875,3.0135498046875
2024-10-27,6.92498779296875,7.67596435546875,4.10760498046875,4.26580810546875,4.83807373046875,-0.63946533203125
2024-10-28,2.685821533203125,5.475860595703125,2.513946533203125,4.714141845703125,7.740509033203125,5.284454345703125
2024-10-29,7.26812744140625,5.78277587890625,4.19390869140625,5.70562744140625,6.52789306640625,1.72222900390625
2024-10-30,-1.70452880859375,-2.10589599609375,-1.79046630859375,-1.71331787109375,1.56890869140625,-2.60589599609375
2024-10-31,-0.150787353515625,2.467376708984375,2.381439208984375,2.261322021484375,1.613861083984375,1.275970458984375
2024-11-01,-0.325469970703125,0.150115966796875,2.632537841796875,0.613006591796875,6.614959716796875,2.292694091796875
2024-11-02,-0.121368408203125,-0.481719970703125,2.454803466796875,0.280975341796875,2.257537841796875,-0.835235595703125
2024-11-03,0.574493408203125,1.720977783203125,3.867462158203125,1.559844970703125,3.584259033203125,1.400665283203125
2024-11-04,-0.411346435546875,0.963653564453125,2.429473876953125,1.499786376953125,1.501739501953125,-1.469940185546875
2024-11-05,-0.387908935546875,-1.649627685546875,-1.902557373046875,-2.429901123046875,0.889434814453125,-3.298065185546875
2024-11-06,-1.93658447265625,-1.74029541015625,-2.62017822265625,-2.57525634765625,0.60638427734375,-3.52740478515625
2024-11-07,-3.1573486328125,-3.0538330078125,-3.0264892578125,-3.2159423828125,-1.8292236328125,-6.5020751953125
2024-11-08,-2.222808837890625,-1.466949462890625,-1.905426025390625,-0.946441650390625,2.215667724609375,-1.089996337890625
2024-11-09,0.916351318359375,1.418304443359375,0.881195068359375,1.986663818359375,5.514984130859375,1.870452880859375
2024-11-10,-3.417877197265625,-1.767486572265625,-1.346588134765625,-1.070220947265625,0.608489990234375,0.264739990234375
2024-11-11,-0.744903564453125,-1.834747314453125,-4.329864501953125,-2.547637939453125,-1.532012939453125,-6.567169189453125
2024-11-12,-3.232025146484375,-1.379486083984375,-1.313079833984375,-2.627532958984375,0.404693603515625,0.645904541015625
2024-11-13,-3.380218505859375,-1.391937255859375,-2.169281005859375,-0.995452880859375,2.644195556640625,-0.408538818359375
2024-11-14,-0.589599609375,1.204345703125,0.110595703125,0.506103515625,2.959228515625,-0.052490234375
2024-11-15,4.234405517578125,6.258819580078125,3.292999267578125,4.918975830078125,5.481475830078125,1.629913330078125
2024-11-16,1.118499755859375,-0.368804931640625,2.935882568359375,5.060882568359375,6.074554443359375,3.697601318359375
2024-11-17,-0.709259033203125,-1.092071533203125,-1.247344970703125,-0.081329345703125,0.597381591796875,-2.865509033203125
2024-11-18,-3.082916259765625,-4.976470947265625,-5.819244384765625,-5.008697509765625,-1.029205322265625,-5.704010009765625
2024-11-19,-11.462982177734377,-8.649505615234375,-9.312591552734377,-8.332122802734375,-4.176849365234375,-15.161224365234377
2024-11-20,-5.9940185546875,-2.5194091796875,-3.1707763671875,-1.4500732421875,1.5694580078125,-1.2088623046875
2024-11-21,-5.646392822265625,-2.248931884765625,-3.313385009765625,-2.533111572265625,-0.943267822265625,-2.926666259765625
2024-11-22,-1.613006591796875,0.570587158203125,0.323516845703125,0.847930908203125,2.526641845703125,0.662384033203125
2024-11-23,-1.808319091796875,1.508087158203125,0.389923095703125,1.576446533203125,4.738555908203125,2.304962158203125
2024-11-24,2.075592041015625,3.478912353515625,3.567779541015625,3.860748291015625,6.182037353515625,2.818756103515625
2024-11-25,-0.692779541015625,-1.631256103515625,-2.797271728515625,-1.424224853515625,0.720306396484375,-1.747467041015625
2024-11-26,-1.393341064453125,-2.769317626953125,-4.209747314453125,-2.449981689453125,-0.604278564453125,-4.926544189453125
2024-11-27,0.202301025390625,-0.554534912109375,-1.754730224609375,-0.363128662109375,1.160308837890625,-1.768402099609375
2024-11-28,-4.655914306640625,-4.014312744140625,-8.343414306640625,-6.788726806640625,-1.700836181640625,-6.654937744140625
2024-11-29,-3.753936767578125,-4.793975830078125,-3.552764892578125,-6.222686767578125,-0.095733642578125,-6.532257080078125
2024-11-30,-0.37335205078125,-1.67315673828125,-2.91729736328125,-1.53643798828125,1.57586669921875,-1.94268798828125
2024-12-01,-0.000396728515625,-1.163482666015625,-2.311920166015625,-1.081451416015625,1.145111083984375,-2.111724853515625
2024-12-02,0.177001953125,-0.388427734375,-1.070068359375,0.084228515625,1.513916015625,-0.939208984375
2024-12-03,1.0498046875,1.841796875,0.3623046875,1.0009765625,2.974609375,0.412109375
2024-12-04,1.598663330078125,1.788116455078125,-0.001922607421875,0.846710205078125,1.946319580078125,-1.076141357421875
2024-12-05,-0.491058349609375,-1.616058349609375,-2.543792724609375,-1.772308349609375,0.440582275390625,-3.153167724609375
2024-12-06,0.417144775390625,-0.488128662109375,-1.526214599609375,-0.431488037109375,0.967926025390625,-2.252777099609375
2024-12-07,0.57904052734375,-0.57623291015625,-2.46978759765625,-0.48541259765625,-0.18853759765625,-5.51861572265625
2024-12-08,-0.536834716796875,-2.270233154296875,-1.972381591796875,-1.287811279296875,-0.496795654296875,-4.685272216796875
2024-12-09,-4.16845703125,-7.90966796875,-9.65185546875,-6.88330078125,-4.74169921875,-8.40771484375
2024-12-10,0.027130126953125,-0.470916748046875,0.575958251953125,0.917755126953125,2.916778564453125,0.546661376953125
2024-12-11,-1.468017578125,-3.093017578125,-4.177001953125,-2.834228515625,-0.397705078125,-5.406494140625
2024-12-12,0.6248779296875,0.1649169921875,-0.4893798828125,-0.7950439453125,0.2664794921875,-3.2989501953125
2024-12-13,-2.838470458984375,-2.916595458984375,-2.730072021484375,-1.447845458984375,-1.610931396484375,-5.255462646484375
2024-12-14,-1.93109130859375,-0.53070068359375,-3.07269287109375,-0.19769287109375,2.56207275390625,-1.51995849609375
2024-12-15,1.149658203125,1.494384765625,0.929931640625,1.636962890625,2.945556640625,-0.925537109375
2024-12-16,-0.524383544921875,-1.995086669921875,-3.092742919921875,-1.492156982421875,0.407257080078125,-2.826141357421875
2024-12-17,-3.104766845703125,-4.180938720703125,-6.086212158203125,-4.428985595703125,-2.820587158203125,-6.798126220703125
2024-12-18,-4.256622314453125,-3.375762939453125,-4.413848876953125,-3.653106689453125,-1.502716064453125,-8.909942626953125
2024-12-19,-2.8001708984375,-4.4671630859375,-5.6126708984375,-4.2747802734375,-2.9564208984375,-7.1849365234375
2024-12-20,-3.601104736328125,-5.170440673828125,-6.680206298828125,-5.240753173828125,-4.169464111328125,-8.576690673828125
2024-12-21,-2.156707763671875,-2.837371826171875,-4.518035888671875,-3.223114013671875,-1.424285888671875,-6.211395263671875
2024-12-22,-4.387542724609375,-5.432464599609375,-6.639495849609375,-5.237152099609375,-3.071136474609375,-5.607269287109375
2024-12-23,-3.27642822265625,-5.45513916015625,-6.26373291015625,-5.57135009765625,-4.24420166015625,-7.82330322265625
2024-12-24,-13.642974853515623,-9.956451416015623,-10.207427978515623,-10.691802978515623,-6.753326416015625,-11.362701416015623
2024-12-25,-9.158721923828123,-6.038604736328125,-5.510284423828125,-6.489776611328125,-6.576690673828125,-7.008331298828125
2024-12-26,-8.379180908203125,-3.414337158203125,-3.744415283203125,-3.985626220703125,-1.685821533203125,-3.698516845703125
2024-12-27,-10.44915771484375,-3.67279052734375,-5.05657958984375,-3.64447021484375,-0.21185302734375,-3.20306396484375
2024-12-28,-10.927825927734377,-4.769622802734375,-6.712005615234375,-4.395599365234375,-1.042083740234375,-4.309661865234375
2024-12-29,-8.306915283203125,-5.470001220703125,-5.867462158203125,-4.625274658203125,-0.204376220703125,-7.741485595703125
2024-12-30,0.492767333984375,-0.563873291015625,0.784759521484375,1.171478271484375,2.418548583984375,-0.906646728515625
2024-12-31,-9.2005615234375,-11.7445068359375,-5.9749755859375,-6.9827880859375,-4.5921630859375,-5.5941162109375
